customer_id,customer_name,email,customer_tier,acquisition_channel,total_orders,total_lifetime_spend,first_order_date,last_order_date,days_since_last_order,active_tenure_days,avg_days_between_orders,cadence_latency_multiplier,churn_probability_score,churn_risk_tier,retention_action
CUST-02161,Amelia Garcia,amelia.garcia194@example.com,Standard,Email Marketing,1,4859.96,2024-09-15 20:39:00,2024-09-15 20:39:00,715,0,60.0,11.92,100.0,Critical Churn Risk (High Value At-Risk),Tier 1: High-Priority VIP Winback ($30 Loyalty Credit + Personal Email)
CUST-01581,David Williams,david.williams681@example.com,Standard,Social Media (Instagram/TikTok),1,4499.97,2025-08-02 19:21:00,2025-08-02 19:21:00,394,0,60.0,6.57,100.0,Critical Churn Risk (High Value At-Risk),Tier 1: High-Priority VIP Winback ($30 Loyalty Credit + Personal Email)
CUST-01884,Jackson Harris,jackson.harris484@example.com,Standard,Social Media (Instagram/TikTok),1,4180.95,2025-01-23 03:26:00,2025-01-23 03:26:00,586,0,60.0,9.77,100.0,Critical Churn Risk (High Value At-Risk),Tier 1: High-Priority VIP Winback ($30 Loyalty Credit + Personal Email)
CUST-02110,Avery Harris,avery.harris95@example.com,Standard,Affiliate Referral,1,3549.95,2025-07-24 14:38:00,2025-07-24 14:38:00,403,0,60.0,6.72,100.0,Critical Churn Risk (High Value At-Risk),Tier 1: High-Priority VIP Winback ($30 Loyalty Credit + Personal Email)
CUST-01736,Oliver Lee,oliver.lee452@example.com,Standard,Social Media (Instagram/TikTok),1,3229.98,2026-02-08 20:55:00,2026-02-08 20:55:00,204,0,60.0,3.4,100.0,Critical Churn Risk (High Value At-Risk),Tier 1: High-Priority VIP Winback ($30 Loyalty Credit + Personal Email)
CUST-01912,Grayson Baker,grayson.baker788@example.com,Standard,Organic Search,1,3021.44,2023-02-25 15:34:00,2023-02-25 15:34:00,1283,0,60.0,21.38,100.0,Critical Churn Risk (High Value At-Risk),Tier 1: High-Priority VIP Winback ($30 Loyalty Credit + Personal Email)
CUST-02300,Carter Wilson,carter.wilson772@example.com,Standard,Email Marketing,1,2839.95,2023-07-21 01:51:00,2023-07-21 01:51:00,1138,0,60.0,18.97,100.0,Critical Churn Risk (High Value At-Risk),Tier 1: High-Priority VIP Winback ($30 Loyalty Credit + Personal Email)
CUST-01701,John Lee,john.lee274@example.com,Standard,Organic Search,1,2344.95,2024-07-28 19:14:00,2024-07-28 19:14:00,764,0,60.0,12.73,100.0,Critical Churn Risk (High Value At-Risk),Tier 1: High-Priority VIP Winback ($30 Loyalty Credit + Personal Email)
CUST-01902,Sebastian Mitchell,sebastian.mitchell224@example.com,Standard,Social Media (Instagram/TikTok),1,2254.98,2025-02-10 19:24:00,2025-02-10 19:24:00,567,0,60.0,9.45,100.0,Critical Churn Risk (High Value At-Risk),Tier 1: High-Priority VIP Winback ($30 Loyalty Credit + Personal Email)
CUST-02138,Jacob Lee,jacob.lee779@example.com,Standard,Paid Search (Google),1,2241.21,2025-07-03 02:52:00,2025-07-03 02:52:00,425,0,60.0,7.08,100.0,Critical Churn Risk (High Value At-Risk),Tier 1: High-Priority VIP Winback ($30 Loyalty Credit + Personal Email)
CUST-01617,Riley Young,riley.young764@example.com,Standard,Affiliate Referral,1,2084.94,2025-12-27 04:11:00,2025-12-27 04:11:00,248,0,60.0,4.13,100.0,Critical Churn Risk (High Value At-Risk),Tier 1: High-Priority VIP Winback ($30 Loyalty Credit + Personal Email)
CUST-02399,Grace Anderson,grace.anderson464@example.com,Standard,Social Media (Instagram/TikTok),1,2004.97,2025-11-11 20:27:00,2025-11-11 20:27:00,293,0,60.0,4.88,100.0,Critical Churn Risk (High Value At-Risk),Tier 1: High-Priority VIP Winback ($30 Loyalty Credit + Personal Email)
CUST-01998,Abigail Nelson,abigail.nelson139@example.com,Standard,Affiliate Referral,1,1984.97,2025-03-26 23:24:00,2025-03-26 23:24:00,523,0,60.0,8.72,100.0,Critical Churn Risk (High Value At-Risk),Tier 1: High-Priority VIP Winback ($30 Loyalty Credit + Personal Email)
CUST-01568,Oliver Gonzalez,oliver.gonzalez162@example.com,Standard,Paid Search (Google),1,1979.96,2025-03-24 16:43:00,2025-03-24 16:43:00,525,0,60.0,8.75,100.0,Critical Churn Risk (High Value At-Risk),Tier 1: High-Priority VIP Winback ($30 Loyalty Credit + Personal Email)
CUST-01573,Charlotte Wilson,charlotte.wilson899@example.com,Standard,Paid Search (Google),1,1884.79,2024-01-04 19:20:00,2024-01-04 19:20:00,970,0,60.0,16.17,100.0,Critical Churn Risk (High Value At-Risk),Tier 1: High-Priority VIP Winback ($30 Loyalty Credit + Personal Email)
CUST-01552,Riley Lopez,riley.lopez428@example.com,Standard,Organic Search,1,1869.16,2025-10-20 06:00:00,2025-10-20 06:00:00,316,0,60.0,5.27,100.0,Critical Churn Risk (High Value At-Risk),Tier 1: High-Priority VIP Winback ($30 Loyalty Credit + Personal Email)
CUST-02087,Mason Thomas,mason.thomas798@example.com,Standard,Paid Search (Google),1,1844.95,2025-02-16 12:03:00,2025-02-16 12:03:00,561,0,60.0,9.35,100.0,Critical Churn Risk (High Value At-Risk),Tier 1: High-Priority VIP Winback ($30 Loyalty Credit + Personal Email)
CUST-01990,David Roberts,david.roberts289@example.com,Standard,Social Media (Instagram/TikTok),1,1799.95,2024-04-25 06:03:00,2024-04-25 06:03:00,859,0,60.0,14.32,100.0,Critical Churn Risk (High Value At-Risk),Tier 1: High-Priority VIP Winback ($30 Loyalty Credit + Personal Email)
CUST-02068,Matthew Anderson,matthew.anderson313@example.com,Standard,Affiliate Referral,1,1742.48,2025-10-04 12:02:00,2025-10-04 12:02:00,331,0,60.0,5.52,100.0,Critical Churn Risk (High Value At-Risk),Tier 1: High-Priority VIP Winback ($30 Loyalty Credit + Personal Email)
CUST-01825,Aria Gonzalez,aria.gonzalez17@example.com,Standard,Organic Search,1,1725.99,2025-03-14 04:11:00,2025-03-14 04:11:00,536,0,60.0,8.93,100.0,Critical Churn Risk (High Value At-Risk),Tier 1: High-Priority VIP Winback ($30 Loyalty Credit + Personal Email)
CUST-01788,Michael Anderson,michael.anderson926@example.com,Standard,Paid Search (Google),1,1714.98,2025-10-22 18:57:00,2025-10-22 18:57:00,313,0,60.0,5.22,100.0,Critical Churn Risk (High Value At-Risk),Tier 1: High-Priority VIP Winback ($30 Loyalty Credit + Personal Email)
CUST-01726,Daniel Mitchell,daniel.mitchell30@example.com,Standard,Social Media (Instagram/TikTok),1,1657.98,2024-08-20 02:37:00,2024-08-20 02:37:00,742,0,60.0,12.37,100.0,Critical Churn Risk (High Value At-Risk),Tier 1: High-Priority VIP Winback ($30 Loyalty Credit + Personal Email)
CUST-02425,Samuel Jones,samuel.jones461@example.com,Standard,Social Media (Instagram/TikTok),1,1629.98,2025-04-25 11:18:00,2025-04-25 11:18:00,494,0,60.0,8.23,100.0,Critical Churn Risk (High Value At-Risk),Tier 1: High-Priority VIP Winback ($30 Loyalty Credit + Personal Email)
CUST-01624,Daniel Nguyen,daniel.nguyen940@example.com,Standard,Affiliate Referral,1,1619.98,2025-12-02 14:37:00,2025-12-02 14:37:00,272,0,60.0,4.53,100.0,Critical Churn Risk (High Value At-Risk),Tier 1: High-Priority VIP Winback ($30 Loyalty Credit + Personal Email)
CUST-02315,Noah Walker,noah.walker965@example.com,Standard,Email Marketing,1,1611.95,2024-02-17 23:58:00,2024-02-17 23:58:00,926,0,60.0,15.43,100.0,Critical Churn Risk (High Value At-Risk),Tier 1: High-Priority VIP Winback ($30 Loyalty Credit + Personal Email)
CUST-01848,James Brown,james.brown800@example.com,Standard,Paid Search (Google),1,1559.97,2025-06-09 08:11:00,2025-06-09 08:11:00,449,0,60.0,7.48,100.0,Critical Churn Risk (High Value At-Risk),Tier 1: High-Priority VIP Winback ($30 Loyalty Credit + Personal Email)
CUST-01870,Riley Adams,riley.adams842@example.com,Standard,Paid Search (Google),1,1556.46,2024-06-03 15:05:00,2024-06-03 15:05:00,819,0,60.0,13.65,100.0,Critical Churn Risk (High Value At-Risk),Tier 1: High-Priority VIP Winback ($30 Loyalty Credit + Personal Email)
CUST-01832,Wyatt Hall,wyatt.hall978@example.com,Standard,Paid Search (Google),1,1506.72,2025-02-10 18:38:00,2025-02-10 18:38:00,567,0,60.0,9.45,100.0,Critical Churn Risk (High Value At-Risk),Tier 1: High-Priority VIP Winback ($30 Loyalty Credit + Personal Email)
CUST-02437,Alexander White,alexander.white55@example.com,Standard,Affiliate Referral,1,1459.98,2024-04-24 16:37:00,2024-04-24 16:37:00,859,0,60.0,14.32,100.0,Critical Churn Risk (High Value At-Risk),Tier 1: High-Priority VIP Winback ($30 Loyalty Credit + Personal Email)
CUST-02125,Jayden Scott,jayden.scott738@example.com,Standard,Affiliate Referral,1,1407.46,2025-01-19 06:45:00,2025-01-19 06:45:00,590,0,60.0,9.83,100.0,Critical Churn Risk (High Value At-Risk),Tier 1: High-Priority VIP Winback ($30 Loyalty Credit + Personal Email)
CUST-01747,Harper Garcia,harper.garcia72@example.com,Standard,Social Media (Instagram/TikTok),1,1354.97,2025-11-17 11:08:00,2025-11-17 11:08:00,288,0,60.0,4.8,100.0,Critical Churn Risk (High Value At-Risk),Tier 1: High-Priority VIP Winback ($30 Loyalty Credit + Personal Email)
CUST-01752,Emma Robinson,emma.robinson403@example.com,Standard,Affiliate Referral,1,1339.96,2025-02-10 19:59:00,2025-02-10 19:59:00,567,0,60.0,9.45,100.0,Critical Churn Risk (High Value At-Risk),Tier 1: High-Priority VIP Winback ($30 Loyalty Credit + Personal Email)
CUST-02053,Penelope Garcia,penelope.garcia918@example.com,Standard,Affiliate Referral,1,1264.99,2024-02-15 14:19:00,2024-02-15 14:19:00,928,0,60.0,15.47,100.0,Critical Churn Risk (High Value At-Risk),Tier 1: High-Priority VIP Winback ($30 Loyalty Credit + Personal Email)
CUST-02257,Emily Rodriguez,emily.rodriguez607@example.com,Standard,Paid Search (Google),1,1244.96,2024-12-29 21:35:00,2024-12-29 21:35:00,610,0,60.0,10.17,100.0,Critical Churn Risk (High Value At-Risk),Tier 1: High-Priority VIP Winback ($30 Loyalty Credit + Personal Email)
CUST-02467,Logan Williams,logan.williams843@example.com,Standard,Email Marketing,1,1226.72,2023-09-27 18:51:00,2023-09-27 18:51:00,1069,0,60.0,17.82,100.0,Critical Churn Risk (High Value At-Risk),Tier 1: High-Priority VIP Winback ($30 Loyalty Credit + Personal Email)
CUST-02024,Jack Lopez,jack.lopez559@example.com,Standard,Organic Search,1,1177.97,2025-08-27 02:03:00,2025-08-27 02:03:00,370,0,60.0,6.17,100.0,Critical Churn Risk (High Value At-Risk),Tier 1: High-Priority VIP Winback ($30 Loyalty Credit + Personal Email)
CUST-01835,Chloe Jones,chloe.jones783@example.com,Standard,Social Media (Instagram/TikTok),1,1168.37,2026-01-29 04:11:00,2026-01-29 04:11:00,215,0,60.0,3.58,100.0,Critical Churn Risk (High Value At-Risk),Tier 1: High-Priority VIP Winback ($30 Loyalty Credit + Personal Email)
CUST-01013,Nora Mitchell,nora.mitchell352@example.com,Silver,Social Media (Instagram/TikTok),1,1149.98,2024-10-13 10:20:00,2024-10-13 10:20:00,688,0,60.0,11.47,100.0,Critical Churn Risk (High Value At-Risk),Tier 1: High-Priority VIP Winback ($30 Loyalty Credit + Personal Email)
CUST-01603,Camila Perez,camila.perez999@example.com,Standard,Paid Search (Google),1,1114.97,2023-10-22 11:41:00,2023-10-22 11:41:00,1045,0,60.0,17.42,100.0,Critical Churn Risk (High Value At-Risk),Tier 1: High-Priority VIP Winback ($30 Loyalty Credit + Personal Email)
CUST-01542,Ethan Baker,ethan.baker617@example.com,Standard,Social Media (Instagram/TikTok),1,1099.99,2024-04-02 03:37:00,2024-04-02 03:37:00,882,0,60.0,14.7,100.0,Critical Churn Risk (High Value At-Risk),Tier 1: High-Priority VIP Winback ($30 Loyalty Credit + Personal Email)
CUST-01593,Hannah King,hannah.king654@example.com,Standard,Organic Search,1,1099.99,2025-09-16 12:51:00,2025-09-16 12:51:00,349,0,60.0,5.82,100.0,Critical Churn Risk (High Value At-Risk),Tier 1: High-Priority VIP Winback ($30 Loyalty Credit + Personal Email)
CUST-01992,Harper Lopez,harper.lopez549@example.com,Standard,Affiliate Referral,1,1099.99,2025-02-28 05:46:00,2025-02-28 05:46:00,550,0,60.0,9.17,100.0,Critical Churn Risk (High Value At-Risk),Tier 1: High-Priority VIP Winback ($30 Loyalty Credit + Personal Email)
CUST-01691,Liam Davis,liam.davis684@example.com,Standard,Organic Search,1,1071.97,2024-10-27 01:20:00,2024-10-27 01:20:00,674,0,60.0,11.23,100.0,Critical Churn Risk (High Value At-Risk),Tier 1: High-Priority VIP Winback ($30 Loyalty Credit + Personal Email)
CUST-02289,Mia Hernandez,mia.hernandez705@example.com,Standard,Affiliate Referral,1,1054.98,2022-11-21 07:30:00,2022-11-21 07:30:00,1380,0,60.0,23.0,100.0,Critical Churn Risk (High Value At-Risk),Tier 1: High-Priority VIP Winback ($30 Loyalty Credit + Personal Email)
CUST-01237,Mia Martin,mia.martin555@example.com,Silver,Affiliate Referral,1,1049.98,2025-03-21 05:50:00,2025-03-21 05:50:00,529,0,60.0,8.82,100.0,Critical Churn Risk (High Value At-Risk),Tier 1: High-Priority VIP Winback ($30 Loyalty Credit + Personal Email)
CUST-01642,Dylan Perez,dylan.perez303@example.com,Standard,Organic Search,1,1044.96,2023-08-12 16:18:00,2023-08-12 16:18:00,1115,0,60.0,18.58,100.0,Critical Churn Risk (High Value At-Risk),Tier 1: High-Priority VIP Winback ($30 Loyalty Credit + Personal Email)
CUST-02440,Abigail Harris,abigail.harris790@example.com,Standard,Organic Search,1,995.97,2023-05-25 06:38:00,2023-05-25 06:38:00,1195,0,60.0,19.92,100.0,Critical Churn Risk (High Value At-Risk),Tier 1: High-Priority VIP Winback ($30 Loyalty Credit + Personal Email)
CUST-02233,Grace Sanchez,grace.sanchez40@example.com,Standard,Social Media (Instagram/TikTok),1,994.47,2025-12-01 04:30:00,2025-12-01 04:30:00,274,0,60.0,4.57,100.0,Critical Churn Risk (High Value At-Risk),Tier 1: High-Priority VIP Winback ($30 Loyalty Credit + Personal Email)
CUST-02003,Victoria Green,victoria.green888@example.com,Standard,Email Marketing,1,989.99,2025-04-10 11:49:00,2025-04-10 11:49:00,509,0,60.0,8.48,100.0,Critical Churn Risk (High Value At-Risk),Tier 1: High-Priority VIP Winback ($30 Loyalty Credit + Personal Email)
CUST-02303,David Sanchez,david.sanchez613@example.com,Standard,Social Media (Instagram/TikTok),1,981.32,2024-01-18 02:27:00,2024-01-18 02:27:00,957,0,60.0,15.95,100.0,Critical Churn Risk (High Value At-Risk),Tier 1: High-Priority VIP Winback ($30 Loyalty Credit + Personal Email)
CUST-01994,Aiden Scott,aiden.scott287@example.com,Standard,Organic Search,1,978.95,2023-11-06 17:39:00,2023-11-06 17:39:00,1029,0,60.0,17.15,100.0,Critical Churn Risk (High Value At-Risk),Tier 1: High-Priority VIP Winback ($30 Loyalty Credit + Personal Email)
CUST-02216,Owen Lee,owen.lee658@example.com,Standard,Paid Search (Google),1,954.47,2025-01-21 07:50:00,2025-01-21 07:50:00,588,0,60.0,9.8,100.0,Critical Churn Risk (High Value At-Risk),Tier 1: High-Priority VIP Winback ($30 Loyalty Credit + Personal Email)
CUST-01660,Camila Thomas,camila.thomas862@example.com,Standard,Email Marketing,1,949.98,2024-09-21 13:01:00,2024-09-21 13:01:00,709,0,60.0,11.82,100.0,Critical Churn Risk (High Value At-Risk),Tier 1: High-Priority VIP Winback ($30 Loyalty Credit + Personal Email)
CUST-02041,Logan Ramirez,logan.ramirez28@example.com,Standard,Organic Search,1,949.98,2024-08-18 08:35:00,2024-08-18 08:35:00,744,0,60.0,12.4,100.0,Critical Churn Risk (High Value At-Risk),Tier 1: High-Priority VIP Winback ($30 Loyalty Credit + Personal Email)
CUST-02037,Sofia Nelson,sofia.nelson850@example.com,Standard,Email Marketing,1,929.79,2024-04-21 12:27:00,2024-04-21 12:27:00,862,0,60.0,14.37,100.0,Critical Churn Risk (High Value At-Risk),Tier 1: High-Priority VIP Winback ($30 Loyalty Credit + Personal Email)
CUST-02338,Isabella Davis,isabella.davis317@example.com,Standard,Paid Search (Google),1,914.98,2025-06-17 12:18:00,2025-06-17 12:18:00,440,0,60.0,7.33,100.0,Critical Churn Risk (High Value At-Risk),Tier 1: High-Priority VIP Winback ($30 Loyalty Credit + Personal Email)
CUST-02183,Liam Martin,liam.martin928@example.com,Standard,Organic Search,1,899.99,2026-01-11 17:56:00,2026-01-11 17:56:00,232,0,60.0,3.87,100.0,Critical Churn Risk (High Value At-Risk),Tier 1: High-Priority VIP Winback ($30 Loyalty Credit + Personal Email)
CUST-01537,Madison Robinson,madison.robinson721@example.com,Standard,Paid Search (Google),1,863.97,2025-09-20 13:48:00,2025-09-20 13:48:00,345,0,60.0,5.75,100.0,Critical Churn Risk (High Value At-Risk),Tier 1: High-Priority VIP Winback ($30 Loyalty Credit + Personal Email)
CUST-02081,Elizabeth Lopez,elizabeth.lopez203@example.com,Standard,Paid Search (Google),1,861.08,2025-04-01 04:55:00,2025-04-01 04:55:00,518,0,60.0,8.63,100.0,Critical Churn Risk (High Value At-Risk),Tier 1: High-Priority VIP Winback ($30 Loyalty Credit + Personal Email)
CUST-02378,Victoria Sanchez,victoria.sanchez643@example.com,Standard,Organic Search,1,832.98,2025-10-19 15:18:00,2025-10-19 15:18:00,316,0,60.0,5.27,100.0,Critical Churn Risk (High Value At-Risk),Tier 1: High-Priority VIP Winback ($30 Loyalty Credit + Personal Email)
CUST-02375,David Johnson,david.johnson239@example.com,Standard,Social Media (Instagram/TikTok),1,809.99,2024-06-19 02:59:00,2024-06-19 02:59:00,804,0,60.0,13.4,100.0,Critical Churn Risk (High Value At-Risk),Tier 1: High-Priority VIP Winback ($30 Loyalty Credit + Personal Email)
CUST-01975,Emily Ramirez,emily.ramirez977@example.com,Standard,Paid Search (Google),1,784.96,2023-12-21 17:21:00,2023-12-21 17:21:00,984,0,60.0,16.4,100.0,Critical Churn Risk (High Value At-Risk),Tier 1: High-Priority VIP Winback ($30 Loyalty Credit + Personal Email)
CUST-02344,Amelia Robinson,amelia.robinson436@example.com,Standard,Paid Search (Google),1,783.03,2024-11-22 15:08:00,2024-11-22 15:08:00,647,0,60.0,10.78,100.0,Critical Churn Risk (High Value At-Risk),Tier 1: High-Priority VIP Winback ($30 Loyalty Credit + Personal Email)
CUST-02274,Grace Ramirez,grace.ramirez227@example.com,Standard,Affiliate Referral,1,773.99,2026-01-27 12:17:00,2026-01-27 12:17:00,216,0,60.0,3.6,100.0,Critical Churn Risk (High Value At-Risk),Tier 1: High-Priority VIP Winback ($30 Loyalty Credit + Personal Email)
CUST-01943,Samuel Martin,samuel.martin524@example.com,Standard,Social Media (Instagram/TikTok),1,769.98,2024-03-18 02:17:00,2024-03-18 02:17:00,897,0,60.0,14.95,100.0,Critical Churn Risk (High Value At-Risk),Tier 1: High-Priority VIP Winback ($30 Loyalty Credit + Personal Email)
CUST-02313,Abigail Garcia,abigail.garcia740@example.com,Standard,Paid Search (Google),1,739.94,2024-05-12 12:49:00,2024-05-12 12:49:00,841,0,60.0,14.02,100.0,Critical Churn Risk (High Value At-Risk),Tier 1: High-Priority VIP Winback ($30 Loyalty Credit + Personal Email)
CUST-01725,Harper Robinson,harper.robinson389@example.com,Standard,Organic Search,1,730.76,2025-01-20 07:10:00,2025-01-20 07:10:00,589,0,60.0,9.82,100.0,Critical Churn Risk (High Value At-Risk),Tier 1: High-Priority VIP Winback ($30 Loyalty Credit + Personal Email)
CUST-01869,Aria Lee,aria.lee669@example.com,Standard,Affiliate Referral,1,728.24,2024-07-04 23:39:00,2024-07-04 23:39:00,788,0,60.0,13.13,100.0,Critical Churn Risk (High Value At-Risk),Tier 1: High-Priority VIP Winback ($30 Loyalty Credit + Personal Email)
CUST-01689,Harper Adams,harper.adams582@example.com,Standard,Affiliate Referral,1,710.95,2024-09-16 21:15:00,2024-09-16 21:15:00,714,0,60.0,11.9,100.0,Critical Churn Risk (High Value At-Risk),Tier 1: High-Priority VIP Winback ($30 Loyalty Credit + Personal Email)
CUST-02476,Scarlett Davis,scarlett.davis743@example.com,Standard,Email Marketing,1,709.98,2024-10-14 01:39:00,2024-10-14 01:39:00,687,0,60.0,11.45,100.0,Critical Churn Risk (High Value At-Risk),Tier 1: High-Priority VIP Winback ($30 Loyalty Credit + Personal Email)
CUST-01557,Jackson Jones,jackson.jones107@example.com,Standard,Organic Search,1,707.26,2025-07-23 06:34:00,2025-07-23 06:34:00,405,0,60.0,6.75,100.0,Critical Churn Risk (High Value At-Risk),Tier 1: High-Priority VIP Winback ($30 Loyalty Credit + Personal Email)
CUST-02483,Owen Anderson,owen.anderson699@example.com,Standard,Email Marketing,1,701.18,2024-12-03 13:36:00,2024-12-03 13:36:00,636,0,60.0,10.6,100.0,Critical Churn Risk (High Value At-Risk),Tier 1: High-Priority VIP Winback ($30 Loyalty Credit + Personal Email)
CUST-02033,Oliver Baker,oliver.baker859@example.com,Standard,Affiliate Referral,1,697.72,2025-12-22 04:38:00,2025-12-22 04:38:00,253,0,60.0,4.22,100.0,Critical Churn Risk (High Value At-Risk),Tier 1: High-Priority VIP Winback ($30 Loyalty Credit + Personal Email)
CUST-02044,Jack Adams,jack.adams62@example.com,Standard,Social Media (Instagram/TikTok),1,694.23,2023-12-11 22:37:00,2023-12-11 22:37:00,994,0,60.0,16.57,100.0,Critical Churn Risk (High Value At-Risk),Tier 1: High-Priority VIP Winback ($30 Loyalty Credit + Personal Email)
CUST-01842,Evelyn Walker,evelyn.walker850@example.com,Standard,Paid Search (Google),1,691.72,2025-03-10 13:35:00,2025-03-10 13:35:00,539,0,60.0,8.98,100.0,Critical Churn Risk (High Value At-Risk),Tier 1: High-Priority VIP Winback ($30 Loyalty Credit + Personal Email)
CUST-02350,William Lopez,william.lopez681@example.com,Standard,Affiliate Referral,1,673.97,2024-12-22 12:06:00,2024-12-22 12:06:00,617,0,60.0,10.28,100.0,Critical Churn Risk (High Value At-Risk),Tier 1: High-Priority VIP Winback ($30 Loyalty Credit + Personal Email)
CUST-01758,Evelyn Williams,evelyn.williams71@example.com,Standard,Affiliate Referral,1,656.98,2024-10-17 10:18:00,2024-10-17 10:18:00,684,0,60.0,11.4,100.0,Critical Churn Risk (High Value At-Risk),Tier 1: High-Priority VIP Winback ($30 Loyalty Credit + Personal Email)
CUST-01733,Camila Torres,camila.torres886@example.com,Standard,Social Media (Instagram/TikTok),1,656.37,2025-09-17 09:46:00,2025-09-17 09:46:00,349,0,60.0,5.82,100.0,Critical Churn Risk (High Value At-Risk),Tier 1: High-Priority VIP Winback ($30 Loyalty Credit + Personal Email)
CUST-01773,Ethan Anderson,ethan.anderson916@example.com,Standard,Social Media (Instagram/TikTok),1,655.46,2024-11-12 21:49:00,2024-11-12 21:49:00,657,0,60.0,10.95,100.0,Critical Churn Risk (High Value At-Risk),Tier 1: High-Priority VIP Winback ($30 Loyalty Credit + Personal Email)
CUST-02263,Mia Jones,mia.jones516@example.com,Standard,Organic Search,1,654.99,2024-05-14 13:22:00,2024-05-14 13:22:00,839,0,60.0,13.98,100.0,Critical Churn Risk (High Value At-Risk),Tier 1: High-Priority VIP Winback ($30 Loyalty Credit + Personal Email)
CUST-01982,Mia Scott,mia.scott271@example.com,Standard,Paid Search (Google),1,649.24,2024-12-05 00:47:00,2024-12-05 00:47:00,635,0,60.0,10.58,100.0,Critical Churn Risk (High Value At-Risk),Tier 1: High-Priority VIP Winback ($30 Loyalty Credit + Personal Email)
CUST-01756,Mason Green,mason.green531@example.com,Standard,Email Marketing,1,645.99,2025-07-17 16:48:00,2025-07-17 16:48:00,410,0,60.0,6.83,100.0,Critical Churn Risk (High Value At-Risk),Tier 1: High-Priority VIP Winback ($30 Loyalty Credit + Personal Email)
CUST-01030,Noah Nelson,noah.nelson375@example.com,Silver,Email Marketing,1,638.96,2024-10-12 08:28:00,2024-10-12 08:28:00,689,0,60.0,11.48,100.0,Critical Churn Risk (High Value At-Risk),Tier 1: High-Priority VIP Winback ($30 Loyalty Credit + Personal Email)
CUST-01980,Ella Rodriguez,ella.rodriguez626@example.com,Standard,Affiliate Referral,1,614.47,2024-07-30 15:06:00,2024-07-30 15:06:00,762,0,60.0,12.7,100.0,Critical Churn Risk (High Value At-Risk),Tier 1: High-Priority VIP Winback ($30 Loyalty Credit + Personal Email)
CUST-02202,Layla Lee,layla.lee539@example.com,Standard,Paid Search (Google),1,609.98,2025-01-06 05:05:00,2025-01-06 05:05:00,603,0,60.0,10.05,100.0,Critical Churn Risk (High Value At-Risk),Tier 1: High-Priority VIP Winback ($30 Loyalty Credit + Personal Email)
CUST-01754,David Nguyen,david.nguyen207@example.com,Standard,Organic Search,1,603.97,2026-01-27 10:28:00,2026-01-27 10:28:00,217,0,60.0,3.62,100.0,Critical Churn Risk (High Value At-Risk),Tier 1: High-Priority VIP Winback ($30 Loyalty Credit + Personal Email)
CUST-01533,Samuel Roberts,samuel.roberts669@example.com,Standard,Social Media (Instagram/TikTok),1,599.99,2025-03-12 18:13:00,2025-03-12 18:13:00,537,0,60.0,8.95,100.0,Critical Churn Risk (High Value At-Risk),Tier 1: High-Priority VIP Winback ($30 Loyalty Credit + Personal Email)
CUST-01751,Elijah Flores,elijah.flores780@example.com,Standard,Affiliate Referral,1,599.99,2025-08-09 03:55:00,2025-08-09 03:55:00,388,0,60.0,6.47,100.0,Critical Churn Risk (High Value At-Risk),Tier 1: High-Priority VIP Winback ($30 Loyalty Credit + Personal Email)
CUST-02279,Amelia Baker,amelia.baker61@example.com,Standard,Organic Search,1,599.98,2026-01-20 16:42:00,2026-01-20 16:42:00,223,0,60.0,3.72,100.0,Critical Churn Risk (High Value At-Risk),Tier 1: High-Priority VIP Winback ($30 Loyalty Credit + Personal Email)
CUST-01806,Jack Roberts,jack.roberts974@example.com,Standard,Paid Search (Google),1,599.97,2025-06-13 06:03:00,2025-06-13 06:03:00,445,0,60.0,7.42,100.0,Critical Churn Risk (High Value At-Risk),Tier 1: High-Priority VIP Winback ($30 Loyalty Credit + Personal Email)
CUST-01750,Isabella Scott,isabella.scott63@example.com,Standard,Email Marketing,1,584.98,2025-05-23 15:12:00,2025-05-23 15:12:00,465,0,60.0,7.75,100.0,Critical Churn Risk (High Value At-Risk),Tier 1: High-Priority VIP Winback ($30 Loyalty Credit + Personal Email)
CUST-02260,Grayson Moore,grayson.moore339@example.com,Standard,Paid Search (Google),1,584.98,2026-01-06 03:44:00,2026-01-06 03:44:00,238,0,60.0,3.97,100.0,Critical Churn Risk (High Value At-Risk),Tier 1: High-Priority VIP Winback ($30 Loyalty Credit + Personal Email)
CUST-02447,Luke Campbell,luke.campbell990@example.com,Standard,Organic Search,1,574.98,2025-03-03 23:49:00,2025-03-03 23:49:00,546,0,60.0,9.1,100.0,Critical Churn Risk (High Value At-Risk),Tier 1: High-Priority VIP Winback ($30 Loyalty Credit + Personal Email)
CUST-01928,Lily Hernandez,lily.hernandez927@example.com,Standard,Email Marketing,1,561.0,2023-09-02 08:08:00,2023-09-02 08:08:00,1095,0,60.0,18.25,100.0,Critical Churn Risk (High Value At-Risk),Tier 1: High-Priority VIP Winback ($30 Loyalty Credit + Personal Email)
CUST-01836,John Lewis,john.lewis178@example.com,Standard,Affiliate Referral,1,556.97,2023-12-04 18:44:00,2023-12-04 18:44:00,1001,0,60.0,16.68,100.0,Critical Churn Risk (High Value At-Risk),Tier 1: High-Priority VIP Winback ($30 Loyalty Credit + Personal Email)
CUST-02118,Mia Walker,mia.walker867@example.com,Standard,Organic Search,1,552.97,2024-03-18 07:52:00,2024-03-18 07:52:00,897,0,60.0,14.95,100.0,Critical Churn Risk (High Value At-Risk),Tier 1: High-Priority VIP Winback ($30 Loyalty Credit + Personal Email)
CUST-02291,Dylan Davis,dylan.davis56@example.com,Standard,Affiliate Referral,1,544.96,2022-07-12 17:41:00,2022-07-12 17:41:00,1511,0,60.0,25.18,100.0,Critical Churn Risk (High Value At-Risk),Tier 1: High-Priority VIP Winback ($30 Loyalty Credit + Personal Email)
CUST-02092,Harper Johnson,harper.johnson854@example.com,Standard,Affiliate Referral,1,542.48,2023-10-29 09:27:00,2023-10-29 09:27:00,1038,0,60.0,17.3,100.0,Critical Churn Risk (High Value At-Risk),Tier 1: High-Priority VIP Winback ($30 Loyalty Credit + Personal Email)
CUST-02493,Madison Thomas,madison.thomas688@example.com,Standard,Paid Search (Google),1,539.68,2023-02-03 13:36:00,2023-02-03 13:36:00,1305,0,60.0,21.75,100.0,Critical Churn Risk (High Value At-Risk),Tier 1: High-Priority VIP Winback ($30 Loyalty Credit + Personal Email)
CUST-02179,Nora Rodriguez,nora.rodriguez659@example.com,Standard,Affiliate Referral,1,538.38,2026-02-13 08:43:00,2026-02-13 08:43:00,200,0,60.0,3.33,100.0,Critical Churn Risk (High Value At-Risk),Tier 1: High-Priority VIP Winback ($30 Loyalty Credit + Personal Email)
CUST-01820,Emily Lee,emily.lee890@example.com,Standard,Paid Search (Google),1,537.98,2025-03-05 05:27:00,2025-03-05 05:27:00,545,0,60.0,9.08,100.0,Critical Churn Risk (High Value At-Risk),Tier 1: High-Priority VIP Winback ($30 Loyalty Credit + Personal Email)
CUST-02322,Evelyn King,evelyn.king462@example.com,Standard,Affiliate Referral,1,537.77,2024-07-20 07:58:00,2024-07-20 07:58:00,773,0,60.0,12.88,100.0,Critical Churn Risk (High Value At-Risk),Tier 1: High-Priority VIP Winback ($30 Loyalty Credit + Personal Email)
CUST-02494,Lily Lee,lily.lee686@example.com,Standard,Email Marketing,1,535.96,2024-09-07 02:03:00,2024-09-07 02:03:00,724,0,60.0,12.07,100.0,Critical Churn Risk (High Value At-Risk),Tier 1: High-Priority VIP Winback ($30 Loyalty Credit + Personal Email)
CUST-02227,Emily Wilson,emily.wilson986@example.com,Standard,Email Marketing,1,534.98,2025-03-21 05:20:00,2025-03-21 05:20:00,529,0,60.0,8.82,100.0,Critical Churn Risk (High Value At-Risk),Tier 1: High-Priority VIP Winback ($30 Loyalty Credit + Personal Email)
CUST-02296,David King,david.king803@example.com,Standard,Email Marketing,1,531.98,2025-10-03 12:07:00,2025-10-03 12:07:00,332,0,60.0,5.53,100.0,Critical Churn Risk (High Value At-Risk),Tier 1: High-Priority VIP Winback ($30 Loyalty Credit + Personal Email)
CUST-01860,Jackson Miller,jackson.miller624@example.com,Standard,Email Marketing,1,531.46,2026-01-25 11:15:00,2026-01-25 11:15:00,219,0,60.0,3.65,100.0,Critical Churn Risk (High Value At-Risk),Tier 1: High-Priority VIP Winback ($30 Loyalty Credit + Personal Email)
CUST-01647,Luke Martinez,luke.martinez798@example.com,Standard,Organic Search,1,527.48,2025-09-27 03:21:00,2025-09-27 03:21:00,339,0,60.0,5.65,100.0,Critical Churn Risk (High Value At-Risk),Tier 1: High-Priority VIP Winback ($30 Loyalty Credit + Personal Email)
CUST-01803,Abigail Sanchez,abigail.sanchez243@example.com,Standard,Email Marketing,1,524.97,2024-01-24 13:10:00,2024-01-24 13:10:00,950,0,60.0,15.83,100.0,Critical Churn Risk (High Value At-Risk),Tier 1: High-Priority VIP Winback ($30 Loyalty Credit + Personal Email)
CUST-00955,Benjamin Jackson,benjamin.jackson622@example.com,Silver,Social Media (Instagram/TikTok),1,518.26,2025-01-24 05:52:00,2025-01-24 05:52:00,585,0,60.0,9.75,100.0,Critical Churn Risk (High Value At-Risk),Tier 1: High-Priority VIP Winback ($30 Loyalty Credit + Personal Email)
CUST-02351,Luna Robinson,luna.robinson742@example.com,Standard,Social Media (Instagram/TikTok),1,509.99,2023-05-15 07:01:00,2023-05-15 07:01:00,1205,0,60.0,20.08,100.0,Critical Churn Risk (High Value At-Risk),Tier 1: High-Priority VIP Winback ($30 Loyalty Credit + Personal Email)
CUST-01905,Aiden Campbell,aiden.campbell451@example.com,Standard,Social Media (Instagram/TikTok),1,509.47,2024-02-10 09:30:00,2024-02-10 09:30:00,934,0,60.0,15.57,100.0,Critical Churn Risk (High Value At-Risk),Tier 1: High-Priority VIP Winback ($30 Loyalty Credit + Personal Email)
CUST-01634,Luna Thompson,luna.thompson797@example.com,Standard,Social Media (Instagram/TikTok),1,503.37,2025-11-03 22:01:00,2025-11-03 22:01:00,301,0,60.0,5.02,100.0,Critical Churn Risk (High Value At-Risk),Tier 1: High-Priority VIP Winback ($30 Loyalty Credit + Personal Email)
CUST-02367,Michael Williams,michael.williams839@example.com,Standard,Social Media (Instagram/TikTok),1,495.15,2024-04-23 23:40:00,2024-04-23 23:40:00,860,0,60.0,14.33,100.0,High Churn Risk (Dormant / Churning),Tier 3: First-to-Second Order Conversion Offer (Free Shipping + Free Gift)
CUST-02411,Joseph Johnson,joseph.johnson941@example.com,Standard,Social Media (Instagram/TikTok),1,490.95,2024-07-24 23:20:00,2024-07-24 23:20:00,768,0,60.0,12.8,100.0,High Churn Risk (Dormant / Churning),Tier 3: First-to-Second Order Conversion Offer (Free Shipping + Free Gift)
CUST-01544,Owen Torres,owen.torres239@example.com,Standard,Affiliate Referral,1,487.98,2025-09-08 04:13:00,2025-09-08 04:13:00,358,0,60.0,5.97,100.0,High Churn Risk (Dormant / Churning),Tier 3: First-to-Second Order Conversion Offer (Free Shipping + Free Gift)
CUST-01749,Matthew Flores,matthew.flores651@example.com,Standard,Organic Search,1,487.96,2022-10-13 07:38:00,2022-10-13 07:38:00,1419,0,60.0,23.65,100.0,High Churn Risk (Dormant / Churning),Tier 3: First-to-Second Order Conversion Offer (Free Shipping + Free Gift)
CUST-02097,Aiden Thompson,aiden.thompson88@example.com,Standard,Organic Search,1,482.94,2025-06-06 18:47:00,2025-06-06 18:47:00,451,0,60.0,7.52,100.0,High Churn Risk (Dormant / Churning),Tier 3: First-to-Second Order Conversion Offer (Free Shipping + Free Gift)
CUST-02386,Zoey Walker,zoey.walker320@example.com,Standard,Organic Search,1,477.48,2025-03-25 12:29:00,2025-03-25 12:29:00,524,0,60.0,8.73,100.0,High Churn Risk (Dormant / Churning),Tier 3: First-to-Second Order Conversion Offer (Free Shipping + Free Gift)
CUST-01989,John Jones,john.jones347@example.com,Standard,Social Media (Instagram/TikTok),1,472.09,2026-02-03 22:52:00,2026-02-03 22:52:00,209,0,60.0,3.48,100.0,High Churn Risk (Dormant / Churning),Tier 3: First-to-Second Order Conversion Offer (Free Shipping + Free Gift)
CUST-02096,Lucas Young,lucas.young183@example.com,Standard,Organic Search,1,463.48,2025-08-23 15:25:00,2025-08-23 15:25:00,373,0,60.0,6.22,100.0,High Churn Risk (Dormant / Churning),Tier 3: First-to-Second Order Conversion Offer (Free Shipping + Free Gift)
CUST-02162,Zoey Gonzalez,zoey.gonzalez421@example.com,Standard,Social Media (Instagram/TikTok),1,459.96,2024-02-28 16:08:00,2024-02-28 16:08:00,915,0,60.0,15.25,100.0,High Churn Risk (Dormant / Churning),Tier 3: First-to-Second Order Conversion Offer (Free Shipping + Free Gift)
CUST-02131,Jacob Moore,jacob.moore121@example.com,Standard,Social Media (Instagram/TikTok),1,454.99,2024-06-22 12:28:00,2024-06-22 12:28:00,800,0,60.0,13.33,100.0,High Churn Risk (Dormant / Churning),Tier 3: First-to-Second Order Conversion Offer (Free Shipping + Free Gift)
CUST-00943,Benjamin Wilson,benjamin.wilson469@example.com,Silver,Email Marketing,1,453.61,2025-03-07 09:18:00,2025-03-07 09:18:00,543,0,60.0,9.05,100.0,High Churn Risk (Dormant / Churning),Tier 3: First-to-Second Order Conversion Offer (Free Shipping + Free Gift)
CUST-01685,Nora Nelson,nora.nelson469@example.com,Standard,Organic Search,1,449.99,2026-01-10 02:48:00,2026-01-10 02:48:00,234,0,60.0,3.9,100.0,High Churn Risk (Dormant / Churning),Tier 3: First-to-Second Order Conversion Offer (Free Shipping + Free Gift)
CUST-01522,Penelope Mitchell,penelope.mitchell771@example.com,Standard,Paid Search (Google),1,449.97,2025-02-20 20:33:00,2025-02-20 20:33:00,557,0,60.0,9.28,100.0,High Churn Risk (Dormant / Churning),Tier 3: First-to-Second Order Conversion Offer (Free Shipping + Free Gift)
CUST-02489,Eleanor King,eleanor.king682@example.com,Standard,Paid Search (Google),1,447.47,2024-10-15 20:01:00,2024-10-15 20:01:00,685,0,60.0,11.42,100.0,High Churn Risk (Dormant / Churning),Tier 3: First-to-Second Order Conversion Offer (Free Shipping + Free Gift)
CUST-01547,Abigail Garcia,abigail.garcia991@example.com,Standard,Affiliate Referral,1,427.49,2024-08-05 11:05:00,2024-08-05 11:05:00,757,0,60.0,12.62,100.0,High Churn Risk (Dormant / Churning),Tier 3: First-to-Second Order Conversion Offer (Free Shipping + Free Gift)
CUST-02180,Elijah Williams,elijah.williams233@example.com,Standard,Email Marketing,1,417.96,2024-10-17 16:30:00,2024-10-17 16:30:00,683,0,60.0,11.38,100.0,High Churn Risk (Dormant / Churning),Tier 3: First-to-Second Order Conversion Offer (Free Shipping + Free Gift)
CUST-01813,Wyatt Harris,wyatt.harris219@example.com,Standard,Affiliate Referral,1,404.99,2025-04-22 22:38:00,2025-04-22 22:38:00,496,0,60.0,8.27,100.0,High Churn Risk (Dormant / Churning),Tier 3: First-to-Second Order Conversion Offer (Free Shipping + Free Gift)
CUST-01877,Victoria Hernandez,victoria.hernandez748@example.com,Standard,Email Marketing,1,400.72,2024-04-28 10:27:00,2024-04-28 10:27:00,856,0,60.0,14.27,100.0,High Churn Risk (Dormant / Churning),Tier 3: First-to-Second Order Conversion Offer (Free Shipping + Free Gift)
CUST-01000,Harper Hall,harper.hall540@example.com,Silver,Organic Search,1,398.48,2025-05-12 05:34:00,2025-05-12 05:34:00,477,0,60.0,7.95,100.0,High Churn Risk (Dormant / Churning),Tier 3: First-to-Second Order Conversion Offer (Free Shipping + Free Gift)
CUST-01739,Nora Lee,nora.lee15@example.com,Standard,Social Media (Instagram/TikTok),1,395.23,2025-10-07 23:54:00,2025-10-07 23:54:00,328,0,60.0,5.47,100.0,High Churn Risk (Dormant / Churning),Tier 3: First-to-Second Order Conversion Offer (Free Shipping + Free Gift)
CUST-01863,Nora Harris,nora.harris533@example.com,Standard,Affiliate Referral,1,394.94,2024-02-04 18:41:00,2024-02-04 18:41:00,939,0,60.0,15.65,100.0,High Churn Risk (Dormant / Churning),Tier 3: First-to-Second Order Conversion Offer (Free Shipping + Free Gift)
CUST-02470,Grayson Lewis,grayson.lewis239@example.com,Standard,Social Media (Instagram/TikTok),1,392.96,2025-08-27 04:09:00,2025-08-27 04:09:00,370,0,60.0,6.17,100.0,High Churn Risk (Dormant / Churning),Tier 3: First-to-Second Order Conversion Offer (Free Shipping + Free Gift)
CUST-02323,Grace Robinson,grace.robinson372@example.com,Standard,Email Marketing,1,389.95,2025-03-28 03:54:00,2025-03-28 03:54:00,522,0,60.0,8.7,100.0,High Churn Risk (Dormant / Churning),Tier 3: First-to-Second Order Conversion Offer (Free Shipping + Free Gift)
CUST-01560,Matthew Sanchez,matthew.sanchez697@example.com,Standard,Affiliate Referral,1,387.48,2023-06-23 11:52:00,2023-06-23 11:52:00,1166,0,60.0,19.43,100.0,High Churn Risk (Dormant / Churning),Tier 3: First-to-Second Order Conversion Offer (Free Shipping + Free Gift)
CUST-02079,Wyatt Martinez,wyatt.martinez466@example.com,Standard,Social Media (Instagram/TikTok),1,379.98,2025-02-28 23:54:00,2025-02-28 23:54:00,549,0,60.0,9.15,100.0,High Churn Risk (Dormant / Churning),Tier 3: First-to-Second Order Conversion Offer (Free Shipping + Free Gift)
CUST-01623,Jacob Walker,jacob.walker362@example.com,Standard,Affiliate Referral,1,379.97,2025-12-16 21:40:00,2025-12-16 21:40:00,258,0,60.0,4.3,100.0,High Churn Risk (Dormant / Churning),Tier 3: First-to-Second Order Conversion Offer (Free Shipping + Free Gift)
CUST-02275,Zoey Allen,zoey.allen351@example.com,Standard,Social Media (Instagram/TikTok),1,379.95,2025-08-21 11:32:00,2025-08-21 11:32:00,376,0,60.0,6.27,100.0,High Churn Risk (Dormant / Churning),Tier 3: First-to-Second Order Conversion Offer (Free Shipping + Free Gift)
CUST-01512,Lucas Martinez,lucas.martinez206@example.com,Standard,Social Media (Instagram/TikTok),1,365.47,2025-12-06 14:44:00,2025-12-06 14:44:00,268,0,60.0,4.47,100.0,High Churn Risk (Dormant / Churning),Tier 3: First-to-Second Order Conversion Offer (Free Shipping + Free Gift)
CUST-02030,Hannah Baker,hannah.baker741@example.com,Standard,Email Marketing,1,365.28,2024-07-20 07:51:00,2024-07-20 07:51:00,773,0,60.0,12.88,100.0,High Churn Risk (Dormant / Churning),Tier 3: First-to-Second Order Conversion Offer (Free Shipping + Free Gift)
CUST-02396,Sophia Lee,sophia.lee368@example.com,Standard,Paid Search (Google),1,364.49,2026-02-17 08:22:00,2026-02-17 08:22:00,196,0,60.0,3.27,100.0,High Churn Risk (Dormant / Churning),Tier 3: First-to-Second Order Conversion Offer (Free Shipping + Free Gift)
CUST-01526,Jack Walker,jack.walker709@example.com,Standard,Paid Search (Google),1,352.96,2024-11-23 09:28:00,2024-11-23 09:28:00,647,0,60.0,10.78,100.0,High Churn Risk (Dormant / Churning),Tier 3: First-to-Second Order Conversion Offer (Free Shipping + Free Gift)
CUST-01613,Jack Johnson,jack.johnson129@example.com,Standard,Email Marketing,1,348.39,2024-07-24 21:41:00,2024-07-24 21:41:00,768,0,60.0,12.8,100.0,High Churn Risk (Dormant / Churning),Tier 3: First-to-Second Order Conversion Offer (Free Shipping + Free Gift)
CUST-01549,Hannah Davis,hannah.davis239@example.com,Standard,Paid Search (Google),1,346.72,2025-02-25 22:20:00,2025-02-25 22:20:00,552,0,60.0,9.2,100.0,High Churn Risk (Dormant / Churning),Tier 3: First-to-Second Order Conversion Offer (Free Shipping + Free Gift)
CUST-02305,Harper Ramirez,harper.ramirez824@example.com,Standard,Social Media (Instagram/TikTok),1,345.95,2025-10-10 15:20:00,2025-10-10 15:20:00,325,0,60.0,5.42,100.0,High Churn Risk (Dormant / Churning),Tier 3: First-to-Second Order Conversion Offer (Free Shipping + Free Gift)
CUST-01909,John Lewis,john.lewis651@example.com,Standard,Paid Search (Google),1,343.67,2023-03-08 08:12:00,2023-03-08 08:12:00,1273,0,60.0,21.22,100.0,High Churn Risk (Dormant / Churning),Tier 3: First-to-Second Order Conversion Offer (Free Shipping + Free Gift)
CUST-01174,Logan Lopez,logan.lopez797@example.com,Silver,Email Marketing,1,342.48,2025-05-04 03:51:00,2025-05-04 03:51:00,485,0,60.0,8.08,100.0,High Churn Risk (Dormant / Churning),Tier 3: First-to-Second Order Conversion Offer (Free Shipping + Free Gift)
CUST-01675,Ella Robinson,ella.robinson494@example.com,Standard,Affiliate Referral,1,335.48,2023-07-06 01:47:00,2023-07-06 01:47:00,1153,0,60.0,19.22,100.0,High Churn Risk (Dormant / Churning),Tier 3: First-to-Second Order Conversion Offer (Free Shipping + Free Gift)
CUST-01891,Zoey Taylor,zoey.taylor799@example.com,Standard,Affiliate Referral,1,334.97,2024-07-17 13:40:00,2024-07-17 13:40:00,775,0,60.0,12.92,100.0,High Churn Risk (Dormant / Churning),Tier 3: First-to-Second Order Conversion Offer (Free Shipping + Free Gift)
CUST-01887,James Smith,james.smith892@example.com,Standard,Email Marketing,1,329.98,2025-02-21 02:11:00,2025-02-21 02:11:00,557,0,60.0,9.28,100.0,High Churn Risk (Dormant / Churning),Tier 3: First-to-Second Order Conversion Offer (Free Shipping + Free Gift)
CUST-01566,Samuel Ramirez,samuel.ramirez924@example.com,Standard,Email Marketing,1,328.69,2024-04-06 07:18:00,2024-04-06 07:18:00,878,0,60.0,14.63,100.0,High Churn Risk (Dormant / Churning),Tier 3: First-to-Second Order Conversion Offer (Free Shipping + Free Gift)
CUST-02137,Emma Thompson,emma.thompson779@example.com,Standard,Affiliate Referral,1,324.97,2025-05-04 13:12:00,2025-05-04 13:12:00,484,0,60.0,8.07,100.0,High Churn Risk (Dormant / Churning),Tier 3: First-to-Second Order Conversion Offer (Free Shipping + Free Gift)
CUST-02115,Sofia Wilson,sofia.wilson857@example.com,Standard,Paid Search (Google),1,321.99,2024-06-24 16:29:00,2024-06-24 16:29:00,798,0,60.0,13.3,100.0,High Churn Risk (Dormant / Churning),Tier 3: First-to-Second Order Conversion Offer (Free Shipping + Free Gift)
CUST-02114,Scarlett Robinson,scarlett.robinson157@example.com,Standard,Email Marketing,1,317.98,2026-01-26 13:23:00,2026-01-26 13:23:00,217,0,60.0,3.62,100.0,High Churn Risk (Dormant / Churning),Tier 3: First-to-Second Order Conversion Offer (Free Shipping + Free Gift)
CUST-02101,Aiden Thompson,aiden.thompson906@example.com,Standard,Email Marketing,1,316.87,2024-08-02 14:55:00,2024-08-02 14:55:00,759,0,60.0,12.65,100.0,High Churn Risk (Dormant / Churning),Tier 3: First-to-Second Order Conversion Offer (Free Shipping + Free Gift)
CUST-01957,Elijah Thompson,elijah.thompson495@example.com,Standard,Organic Search,1,304.99,2023-07-02 04:38:00,2023-07-02 04:38:00,1157,0,60.0,19.28,100.0,High Churn Risk (Dormant / Churning),Tier 3: First-to-Second Order Conversion Offer (Free Shipping + Free Gift)
CUST-00914,Aria White,aria.white147@example.com,Silver,Email Marketing,1,304.48,2024-06-27 03:35:00,2024-06-27 03:35:00,796,0,60.0,13.27,100.0,High Churn Risk (Dormant / Churning),Tier 3: First-to-Second Order Conversion Offer (Free Shipping + Free Gift)
CUST-01716,Aria Ramirez,aria.ramirez225@example.com,Standard,Social Media (Instagram/TikTok),1,302.47,2025-03-31 19:31:00,2025-03-31 19:31:00,518,0,60.0,8.63,100.0,High Churn Risk (Dormant / Churning),Tier 3: First-to-Second Order Conversion Offer (Free Shipping + Free Gift)
CUST-02403,Avery Martin,avery.martin769@example.com,Standard,Organic Search,1,293.57,2025-03-14 10:37:00,2025-03-14 10:37:00,536,0,60.0,8.93,100.0,High Churn Risk (Dormant / Churning),Tier 3: First-to-Second Order Conversion Offer (Free Shipping + Free Gift)
CUST-01682,Joseph Jones,joseph.jones901@example.com,Standard,Email Marketing,1,293.46,2024-12-31 19:07:00,2024-12-31 19:07:00,608,0,60.0,10.13,100.0,High Churn Risk (Dormant / Churning),Tier 3: First-to-Second Order Conversion Offer (Free Shipping + Free Gift)
CUST-02208,Grace Lopez,grace.lopez255@example.com,Standard,Social Media (Instagram/TikTok),1,289.98,2024-11-23 09:47:00,2024-11-23 09:47:00,647,0,60.0,10.78,100.0,High Churn Risk (Dormant / Churning),Tier 3: First-to-Second Order Conversion Offer (Free Shipping + Free Gift)
CUST-01804,Avery King,avery.king611@example.com,Standard,Email Marketing,1,287.99,2025-08-14 08:59:00,2025-08-14 08:59:00,383,0,60.0,6.38,100.0,High Churn Risk (Dormant / Churning),Tier 3: First-to-Second Order Conversion Offer (Free Shipping + Free Gift)
CUST-02278,Aria King,aria.king632@example.com,Standard,Email Marketing,1,286.98,2025-11-10 06:59:00,2025-11-10 06:59:00,295,0,60.0,4.92,100.0,High Churn Risk (Dormant / Churning),Tier 3: First-to-Second Order Conversion Offer (Free Shipping + Free Gift)
CUST-01034,Victoria Thompson,victoria.thompson503@example.com,Silver,Organic Search,1,284.98,2024-04-14 18:40:00,2024-04-14 18:40:00,869,0,60.0,14.48,100.0,High Churn Risk (Dormant / Churning),Tier 3: First-to-Second Order Conversion Offer (Free Shipping + Free Gift)
CUST-02445,David Thomas,david.thomas828@example.com,Standard,Paid Search (Google),1,284.98,2024-07-02 05:21:00,2024-07-02 05:21:00,791,0,60.0,13.18,100.0,High Churn Risk (Dormant / Churning),Tier 3: First-to-Second Order Conversion Offer (Free Shipping + Free Gift)
CUST-01644,Sofia Martinez,sofia.martinez781@example.com,Standard,Email Marketing,1,284.96,2025-11-25 15:55:00,2025-11-25 15:55:00,279,0,60.0,4.65,100.0,High Churn Risk (Dormant / Churning),Tier 3: First-to-Second Order Conversion Offer (Free Shipping + Free Gift)
CUST-02120,Emma Torres,emma.torres861@example.com,Standard,Paid Search (Google),1,284.96,2025-08-22 04:23:00,2025-08-22 04:23:00,375,0,60.0,6.25,100.0,High Churn Risk (Dormant / Churning),Tier 3: First-to-Second Order Conversion Offer (Free Shipping + Free Gift)
CUST-01668,Elijah Martinez,elijah.martinez738@example.com,Standard,Organic Search,1,283.72,2026-02-17 22:24:00,2026-02-17 22:24:00,195,0,60.0,3.25,100.0,High Churn Risk (Dormant / Churning),Tier 3: First-to-Second Order Conversion Offer (Free Shipping + Free Gift)
CUST-01545,Avery Garcia,avery.garcia483@example.com,Standard,Paid Search (Google),1,283.45,2024-07-01 20:05:00,2024-07-01 20:05:00,791,0,60.0,13.18,100.0,High Churn Risk (Dormant / Churning),Tier 3: First-to-Second Order Conversion Offer (Free Shipping + Free Gift)
CUST-01395,Oliver Martinez,oliver.martinez371@example.com,Silver,Paid Search (Google),1,279.99,2025-03-28 01:30:00,2025-03-28 01:30:00,522,0,60.0,8.7,100.0,High Churn Risk (Dormant / Churning),Tier 3: First-to-Second Order Conversion Offer (Free Shipping + Free Gift)
CUST-01502,Dylan Ramirez,dylan.ramirez224@example.com,Standard,Social Media (Instagram/TikTok),1,279.99,2024-08-29 07:24:00,2024-08-29 07:24:00,733,0,60.0,12.22,100.0,High Churn Risk (Dormant / Churning),Tier 3: First-to-Second Order Conversion Offer (Free Shipping + Free Gift)
CUST-02181,Emily Hill,emily.hill396@example.com,Standard,Paid Search (Google),1,279.99,2025-01-31 13:07:00,2025-01-31 13:07:00,577,0,60.0,9.62,100.0,High Churn Risk (Dormant / Churning),Tier 3: First-to-Second Order Conversion Offer (Free Shipping + Free Gift)
CUST-02358,Madison Carter,madison.carter247@example.com,Standard,Organic Search,1,279.99,2024-06-20 13:51:00,2024-06-20 13:51:00,802,0,60.0,13.37,100.0,High Churn Risk (Dormant / Churning),Tier 3: First-to-Second Order Conversion Offer (Free Shipping + Free Gift)
CUST-01881,Jack Allen,jack.allen634@example.com,Standard,Paid Search (Google),1,279.45,2024-11-26 12:14:00,2024-11-26 12:14:00,643,0,60.0,10.72,100.0,High Churn Risk (Dormant / Churning),Tier 3: First-to-Second Order Conversion Offer (Free Shipping + Free Gift)
CUST-00895,James Adams,james.adams747@example.com,Silver,Affiliate Referral,1,278.34,2023-01-28 19:44:00,2023-01-28 19:44:00,1311,0,60.0,21.85,100.0,High Churn Risk (Dormant / Churning),Tier 3: First-to-Second Order Conversion Offer (Free Shipping + Free Gift)
CUST-02326,Chloe Rodriguez,chloe.rodriguez645@example.com,Standard,Social Media (Instagram/TikTok),1,272.98,2025-11-30 13:11:00,2025-11-30 13:11:00,274,0,60.0,4.57,100.0,High Churn Risk (Dormant / Churning),Tier 3: First-to-Second Order Conversion Offer (Free Shipping + Free Gift)
CUST-02254,James Hall,james.hall898@example.com,Standard,Organic Search,1,272.09,2025-08-23 20:24:00,2025-08-23 20:24:00,373,0,60.0,6.22,100.0,High Churn Risk (Dormant / Churning),Tier 3: First-to-Second Order Conversion Offer (Free Shipping + Free Gift)
CUST-01732,Ethan Jones,ethan.jones612@example.com,Standard,Paid Search (Google),1,271.49,2024-02-22 05:11:00,2024-02-22 05:11:00,922,0,60.0,15.37,100.0,High Churn Risk (Dormant / Churning),Tier 3: First-to-Second Order Conversion Offer (Free Shipping + Free Gift)
CUST-02040,Harper Rodriguez,harper.rodriguez420@example.com,Standard,Paid Search (Google),1,271.18,2024-06-15 14:19:00,2024-06-15 14:19:00,807,0,60.0,13.45,100.0,High Churn Risk (Dormant / Churning),Tier 3: First-to-Second Order Conversion Offer (Free Shipping + Free Gift)
CUST-02485,Mason Gonzalez,mason.gonzalez660@example.com,Standard,Paid Search (Google),1,270.46,2026-03-01 02:53:00,2026-03-01 02:53:00,184,0,60.0,3.07,100.0,High Churn Risk (Dormant / Churning),Tier 3: First-to-Second Order Conversion Offer (Free Shipping + Free Gift)
CUST-02479,Madison Hernandez,madison.hernandez529@example.com,Standard,Email Marketing,1,270.0,2024-12-24 14:13:00,2024-12-24 14:13:00,615,0,60.0,10.25,100.0,High Churn Risk (Dormant / Churning),Tier 3: First-to-Second Order Conversion Offer (Free Shipping + Free Gift)
CUST-01223,Sebastian Martinez,sebastian.martinez975@example.com,Silver,Affiliate Referral,1,268.98,2024-04-14 05:37:00,2024-04-14 05:37:00,870,0,60.0,14.5,100.0,High Churn Risk (Dormant / Churning),Tier 3: First-to-Second Order Conversion Offer (Free Shipping + Free Gift)
CUST-02394,Sophia Smith,sophia.smith904@example.com,Standard,Organic Search,1,265.99,2024-07-29 23:04:00,2024-07-29 23:04:00,763,0,60.0,12.72,100.0,High Churn Risk (Dormant / Churning),Tier 3: First-to-Second Order Conversion Offer (Free Shipping + Free Gift)
CUST-01889,Grayson Martin,grayson.martin666@example.com,Standard,Email Marketing,1,265.98,2025-11-13 22:46:00,2025-11-13 22:46:00,291,0,60.0,4.85,100.0,High Churn Risk (Dormant / Churning),Tier 3: First-to-Second Order Conversion Offer (Free Shipping + Free Gift)
CUST-02408,Penelope Young,penelope.young29@example.com,Standard,Email Marketing,1,264.96,2025-09-20 17:27:00,2025-09-20 17:27:00,345,0,60.0,5.75,100.0,High Churn Risk (Dormant / Churning),Tier 3: First-to-Second Order Conversion Offer (Free Shipping + Free Gift)
CUST-01567,Abigail Scott,abigail.scott883@example.com,Standard,Email Marketing,1,262.19,2026-01-24 17:39:00,2026-01-24 17:39:00,219,0,60.0,3.65,100.0,High Churn Risk (Dormant / Churning),Tier 3: First-to-Second Order Conversion Offer (Free Shipping + Free Gift)
CUST-02200,Wyatt Gonzalez,wyatt.gonzalez641@example.com,Standard,Organic Search,1,259.98,2025-12-26 04:33:00,2025-12-26 04:33:00,249,0,60.0,4.15,100.0,High Churn Risk (Dormant / Churning),Tier 3: First-to-Second Order Conversion Offer (Free Shipping + Free Gift)
CUST-01729,Hannah Rivera,hannah.rivera733@example.com,Standard,Organic Search,1,259.97,2025-11-04 04:53:00,2025-11-04 04:53:00,301,0,60.0,5.02,100.0,High Churn Risk (Dormant / Churning),Tier 3: First-to-Second Order Conversion Offer (Free Shipping + Free Gift)
CUST-00848,Harper Roberts,harper.roberts923@example.com,Silver,Affiliate Referral,1,257.99,2025-11-19 08:09:00,2025-11-19 08:09:00,286,0,60.0,4.77,100.0,High Churn Risk (Dormant / Churning),Tier 3: First-to-Second Order Conversion Offer (Free Shipping + Free Gift)
CUST-01406,Victoria Johnson,victoria.johnson421@example.com,Silver,Email Marketing,1,255.99,2024-10-13 01:13:00,2024-10-13 01:13:00,688,0,60.0,11.47,100.0,High Churn Risk (Dormant / Churning),Tier 3: First-to-Second Order Conversion Offer (Free Shipping + Free Gift)
CUST-02026,Grace Mitchell,grace.mitchell454@example.com,Standard,Paid Search (Google),1,252.5,2025-07-19 14:32:00,2025-07-19 14:32:00,408,0,60.0,6.8,100.0,High Churn Risk (Dormant / Churning),Tier 3: First-to-Second Order Conversion Offer (Free Shipping + Free Gift)
CUST-00825,Grayson Davis,grayson.davis918@example.com,Silver,Organic Search,1,249.99,2025-11-02 16:12:00,2025-11-02 16:12:00,302,0,60.0,5.03,100.0,High Churn Risk (Dormant / Churning),Tier 3: First-to-Second Order Conversion Offer (Free Shipping + Free Gift)
CUST-02112,Michael Johnson,michael.johnson381@example.com,Standard,Paid Search (Google),1,249.99,2025-02-08 20:30:00,2025-02-08 20:30:00,569,0,60.0,9.48,100.0,High Churn Risk (Dormant / Churning),Tier 3: First-to-Second Order Conversion Offer (Free Shipping + Free Gift)
CUST-02387,Isabella Johnson,isabella.johnson802@example.com,Standard,Affiliate Referral,1,249.99,2025-03-22 12:27:00,2025-03-22 12:27:00,527,0,60.0,8.78,100.0,High Churn Risk (Dormant / Churning),Tier 3: First-to-Second Order Conversion Offer (Free Shipping + Free Gift)
CUST-01991,Emma Miller,emma.miller396@example.com,Standard,Organic Search,1,249.97,2025-01-03 14:03:00,2025-01-03 14:03:00,605,0,60.0,10.08,100.0,High Churn Risk (Dormant / Churning),Tier 3: First-to-Second Order Conversion Offer (Free Shipping + Free Gift)
CUST-02287,Emily Lopez,emily.lopez350@example.com,Standard,Organic Search,1,249.97,2023-05-28 21:44:00,2023-05-28 21:44:00,1191,0,60.0,19.85,100.0,High Churn Risk (Dormant / Churning),Tier 3: First-to-Second Order Conversion Offer (Free Shipping + Free Gift)
CUST-01917,Henry White,henry.white691@example.com,Standard,Affiliate Referral,1,248.69,2024-07-23 10:04:00,2024-07-23 10:04:00,770,0,60.0,12.83,100.0,High Churn Risk (Dormant / Churning),Tier 3: First-to-Second Order Conversion Offer (Free Shipping + Free Gift)
CUST-02481,Elijah Rivera,elijah.rivera823@example.com,Standard,Paid Search (Google),1,240.51,2024-04-19 14:22:00,2024-04-19 14:22:00,864,0,60.0,14.4,100.0,High Churn Risk (Dormant / Churning),Tier 3: First-to-Second Order Conversion Offer (Free Shipping + Free Gift)
CUST-02468,Aria Torres,aria.torres910@example.com,Standard,Organic Search,1,237.99,2024-12-16 14:23:00,2024-12-16 14:23:00,623,0,60.0,10.38,100.0,High Churn Risk (Dormant / Churning),Tier 3: First-to-Second Order Conversion Offer (Free Shipping + Free Gift)
CUST-01787,Sebastian Nguyen,sebastian.nguyen420@example.com,Standard,Organic Search,1,237.49,2025-11-23 07:32:00,2025-11-23 07:32:00,282,0,60.0,4.7,100.0,High Churn Risk (Dormant / Churning),Tier 3: First-to-Second Order Conversion Offer (Free Shipping + Free Gift)
CUST-01728,Daniel Anderson,daniel.anderson515@example.com,Standard,Social Media (Instagram/TikTok),1,233.45,2023-04-22 11:10:00,2023-04-22 11:10:00,1228,0,60.0,20.47,100.0,High Churn Risk (Dormant / Churning),Tier 3: First-to-Second Order Conversion Offer (Free Shipping + Free Gift)
CUST-02207,Benjamin Torres,benjamin.torres401@example.com,Standard,Email Marketing,1,228.49,2024-09-14 23:40:00,2024-09-14 23:40:00,716,0,60.0,11.93,100.0,High Churn Risk (Dormant / Churning),Tier 3: First-to-Second Order Conversion Offer (Free Shipping + Free Gift)
CUST-02147,Hannah Miller,hannah.miller834@example.com,Standard,Social Media (Instagram/TikTok),1,227.48,2025-01-21 15:42:00,2025-01-21 15:42:00,587,0,60.0,9.78,100.0,High Churn Risk (Dormant / Churning),Tier 3: First-to-Second Order Conversion Offer (Free Shipping + Free Gift)
CUST-02017,Lily Flores,lily.flores878@example.com,Standard,Social Media (Instagram/TikTok),1,224.99,2022-10-20 12:13:00,2022-10-20 12:13:00,1411,0,60.0,23.52,100.0,High Churn Risk (Dormant / Churning),Tier 3: First-to-Second Order Conversion Offer (Free Shipping + Free Gift)
CUST-02223,Sebastian Moore,sebastian.moore503@example.com,Standard,Social Media (Instagram/TikTok),1,224.17,2025-01-22 05:35:00,2025-01-22 05:35:00,587,0,60.0,9.78,100.0,High Churn Risk (Dormant / Churning),Tier 3: First-to-Second Order Conversion Offer (Free Shipping + Free Gift)
CUST-01918,Isabella Thompson,isabella.thompson904@example.com,Standard,Organic Search,1,221.98,2025-02-15 11:16:00,2025-02-15 11:16:00,563,0,60.0,9.38,100.0,High Churn Risk (Dormant / Churning),Tier 3: First-to-Second Order Conversion Offer (Free Shipping + Free Gift)
CUST-02117,Jack White,jack.white65@example.com,Standard,Affiliate Referral,1,219.8,2025-01-19 03:49:00,2025-01-19 03:49:00,590,0,60.0,9.83,100.0,High Churn Risk (Dormant / Churning),Tier 3: First-to-Second Order Conversion Offer (Free Shipping + Free Gift)
CUST-01828,Aiden Adams,aiden.adams912@example.com,Standard,Social Media (Instagram/TikTok),1,219.47,2024-11-30 20:15:00,2024-11-30 20:15:00,639,0,60.0,10.65,100.0,High Churn Risk (Dormant / Churning),Tier 3: First-to-Second Order Conversion Offer (Free Shipping + Free Gift)
CUST-01646,Jayden King,jayden.king823@example.com,Standard,Organic Search,1,218.5,2025-05-27 10:13:00,2025-05-27 10:13:00,462,0,60.0,7.7,100.0,High Churn Risk (Dormant / Churning),Tier 3: First-to-Second Order Conversion Offer (Free Shipping + Free Gift)
CUST-01854,Wyatt Ramirez,wyatt.ramirez133@example.com,Standard,Organic Search,1,216.97,2024-10-14 16:46:00,2024-10-14 16:46:00,686,0,60.0,11.43,100.0,High Churn Risk (Dormant / Churning),Tier 3: First-to-Second Order Conversion Offer (Free Shipping + Free Gift)
CUST-02195,James White,james.white810@example.com,Standard,Social Media (Instagram/TikTok),1,213.97,2026-01-15 23:33:00,2026-01-15 23:33:00,228,0,60.0,3.8,100.0,High Churn Risk (Dormant / Churning),Tier 3: First-to-Second Order Conversion Offer (Free Shipping + Free Gift)
CUST-01595,Abigail Rodriguez,abigail.rodriguez710@example.com,Standard,Affiliate Referral,1,209.28,2024-08-26 07:22:00,2024-08-26 07:22:00,736,0,60.0,12.27,100.0,High Churn Risk (Dormant / Churning),Tier 3: First-to-Second Order Conversion Offer (Free Shipping + Free Gift)
CUST-01857,Aria Adams,aria.adams648@example.com,Standard,Organic Search,1,208.98,2023-04-28 18:51:00,2023-04-28 18:51:00,1221,0,60.0,20.35,100.0,High Churn Risk (Dormant / Churning),Tier 3: First-to-Second Order Conversion Offer (Free Shipping + Free Gift)
CUST-01837,Sophia Robinson,sophia.robinson37@example.com,Standard,Email Marketing,1,206.98,2026-01-12 14:36:00,2026-01-12 14:36:00,231,0,60.0,3.85,100.0,High Churn Risk (Dormant / Churning),Tier 3: First-to-Second Order Conversion Offer (Free Shipping + Free Gift)
CUST-01801,Emma Roberts,emma.roberts316@example.com,Standard,Email Marketing,1,202.81,2024-07-04 05:53:00,2024-07-04 05:53:00,789,0,60.0,13.15,100.0,High Churn Risk (Dormant / Churning),Tier 3: First-to-Second Order Conversion Offer (Free Shipping + Free Gift)
CUST-01810,Riley Ramirez,riley.ramirez712@example.com,Standard,Affiliate Referral,1,201.99,2024-10-18 08:33:00,2024-10-18 08:33:00,683,0,60.0,11.38,100.0,High Churn Risk (Dormant / Churning),Tier 3: First-to-Second Order Conversion Offer (Free Shipping + Free Gift)
CUST-02078,Michael Lewis,michael.lewis235@example.com,Standard,Paid Search (Google),1,201.97,2025-01-12 06:53:00,2025-01-12 06:53:00,597,0,60.0,9.95,100.0,High Churn Risk (Dormant / Churning),Tier 3: First-to-Second Order Conversion Offer (Free Shipping + Free Gift)
CUST-01844,Wyatt Hernandez,wyatt.hernandez89@example.com,Standard,Social Media (Instagram/TikTok),1,201.22,2023-03-13 20:18:00,2023-03-13 20:18:00,1267,0,60.0,21.12,100.0,High Churn Risk (Dormant / Churning),Tier 3: First-to-Second Order Conversion Offer (Free Shipping + Free Gift)
CUST-02418,Benjamin Thomas,benjamin.thomas799@example.com,Standard,Social Media (Instagram/TikTok),1,199.98,2024-04-22 19:03:00,2024-04-22 19:03:00,861,0,60.0,14.35,100.0,High Churn Risk (Dormant / Churning),Tier 3: First-to-Second Order Conversion Offer (Free Shipping + Free Gift)
CUST-01874,William Young,william.young81@example.com,Standard,Paid Search (Google),1,197.79,2025-08-18 23:16:00,2025-08-18 23:16:00,378,0,60.0,6.3,100.0,High Churn Risk (Dormant / Churning),Tier 3: First-to-Second Order Conversion Offer (Free Shipping + Free Gift)
CUST-02224,Scarlett Robinson,scarlett.robinson773@example.com,Standard,Email Marketing,1,194.98,2025-07-09 01:51:00,2025-07-09 01:51:00,419,0,60.0,6.98,100.0,High Churn Risk (Dormant / Churning),Tier 3: First-to-Second Order Conversion Offer (Free Shipping + Free Gift)
CUST-01594,Scarlett Robinson,scarlett.robinson457@example.com,Standard,Social Media (Instagram/TikTok),1,190.53,2025-03-18 02:46:00,2025-03-18 02:46:00,532,0,60.0,8.87,100.0,High Churn Risk (Dormant / Churning),Tier 3: First-to-Second Order Conversion Offer (Free Shipping + Free Gift)
CUST-02340,Harper Ramirez,harper.ramirez159@example.com,Standard,Paid Search (Google),1,188.98,2023-04-12 01:42:00,2023-04-12 01:42:00,1238,0,60.0,20.63,100.0,High Churn Risk (Dormant / Churning),Tier 3: First-to-Second Order Conversion Offer (Free Shipping + Free Gift)
CUST-02136,Eleanor Williams,eleanor.williams59@example.com,Standard,Social Media (Instagram/TikTok),1,187.0,2026-01-28 08:55:00,2026-01-28 08:55:00,216,0,60.0,3.6,100.0,High Churn Risk (Dormant / Churning),Tier 3: First-to-Second Order Conversion Offer (Free Shipping + Free Gift)
CUST-01703,Hannah Allen,hannah.allen780@example.com,Standard,Organic Search,1,184.98,2024-08-15 01:51:00,2024-08-15 01:51:00,747,0,60.0,12.45,100.0,High Churn Risk (Dormant / Churning),Tier 3: First-to-Second Order Conversion Offer (Free Shipping + Free Gift)
CUST-01575,James King,james.king795@example.com,Standard,Email Marketing,1,184.97,2024-02-23 20:57:00,2024-02-23 20:57:00,920,0,60.0,15.33,100.0,High Churn Risk (Dormant / Churning),Tier 3: First-to-Second Order Conversion Offer (Free Shipping + Free Gift)
CUST-01631,Camila Thompson,camila.thompson703@example.com,Standard,Affiliate Referral,1,181.98,2024-10-10 23:38:00,2024-10-10 23:38:00,690,0,60.0,11.5,100.0,High Churn Risk (Dormant / Churning),Tier 3: First-to-Second Order Conversion Offer (Free Shipping + Free Gift)
CUST-02310,Harper Brown,harper.brown510@example.com,Standard,Email Marketing,1,181.73,2025-12-06 10:34:00,2025-12-06 10:34:00,269,0,60.0,4.48,100.0,High Churn Risk (Dormant / Churning),Tier 3: First-to-Second Order Conversion Offer (Free Shipping + Free Gift)
CUST-02218,Noah Davis,noah.davis361@example.com,Standard,Affiliate Referral,1,179.29,2025-11-07 13:42:00,2025-11-07 13:42:00,297,0,60.0,4.95,100.0,High Churn Risk (Dormant / Churning),Tier 3: First-to-Second Order Conversion Offer (Free Shipping + Free Gift)
CUST-01947,Wyatt Martin,wyatt.martin844@example.com,Standard,Organic Search,1,176.59,2023-08-06 08:30:00,2023-08-06 08:30:00,1122,0,60.0,18.7,100.0,High Churn Risk (Dormant / Churning),Tier 3: First-to-Second Order Conversion Offer (Free Shipping + Free Gift)
CUST-02088,Emma Smith,emma.smith990@example.com,Standard,Affiliate Referral,1,174.98,2023-03-05 16:14:00,2023-03-05 16:14:00,1275,0,60.0,21.25,100.0,High Churn Risk (Dormant / Churning),Tier 3: First-to-Second Order Conversion Offer (Free Shipping + Free Gift)
CUST-01846,Ella Lewis,ella.lewis723@example.com,Standard,Affiliate Referral,1,174.88,2026-02-07 04:52:00,2026-02-07 04:52:00,206,0,60.0,3.43,100.0,High Churn Risk (Dormant / Churning),Tier 3: First-to-Second Order Conversion Offer (Free Shipping + Free Gift)
CUST-02352,Matthew Sanchez,matthew.sanchez79@example.com,Standard,Email Marketing,1,174.18,2026-02-03 14:06:00,2026-02-03 14:06:00,209,0,60.0,3.48,100.0,High Churn Risk (Dormant / Churning),Tier 3: First-to-Second Order Conversion Offer (Free Shipping + Free Gift)
CUST-00988,Charlotte Sanchez,charlotte.sanchez699@example.com,Silver,Organic Search,1,171.5,2025-05-17 22:46:00,2025-05-17 22:46:00,471,0,60.0,7.85,100.0,High Churn Risk (Dormant / Churning),Tier 3: First-to-Second Order Conversion Offer (Free Shipping + Free Gift)
CUST-01598,Elijah Robinson,elijah.robinson686@example.com,Standard,Social Media (Instagram/TikTok),1,169.99,2025-10-25 21:14:00,2025-10-25 21:14:00,310,0,60.0,5.17,100.0,High Churn Risk (Dormant / Churning),Tier 3: First-to-Second Order Conversion Offer (Free Shipping + Free Gift)
CUST-02090,Luke Hernandez,luke.hernandez324@example.com,Standard,Paid Search (Google),1,162.49,2025-03-16 12:11:00,2025-03-16 12:11:00,533,0,60.0,8.88,100.0,High Churn Risk (Dormant / Churning),Tier 3: First-to-Second Order Conversion Offer (Free Shipping + Free Gift)
CUST-01841,William Garcia,william.garcia571@example.com,Standard,Email Marketing,1,159.99,2024-09-29 01:59:00,2024-09-29 01:59:00,702,0,60.0,11.7,100.0,High Churn Risk (Dormant / Churning),Tier 3: First-to-Second Order Conversion Offer (Free Shipping + Free Gift)
CUST-02240,Riley Baker,riley.baker784@example.com,Standard,Social Media (Instagram/TikTok),1,159.99,2024-08-18 19:25:00,2024-08-18 19:25:00,743,0,60.0,12.38,100.0,High Churn Risk (Dormant / Churning),Tier 3: First-to-Second Order Conversion Offer (Free Shipping + Free Gift)
CUST-01676,Chloe Davis,chloe.davis626@example.com,Standard,Organic Search,1,159.98,2025-03-05 12:00:00,2025-03-05 12:00:00,545,0,60.0,9.08,100.0,High Churn Risk (Dormant / Churning),Tier 3: First-to-Second Order Conversion Offer (Free Shipping + Free Gift)
CUST-01921,Nora Flores,nora.flores712@example.com,Standard,Affiliate Referral,1,159.98,2025-07-27 13:16:00,2025-07-27 13:16:00,400,0,60.0,6.67,100.0,High Churn Risk (Dormant / Churning),Tier 3: First-to-Second Order Conversion Offer (Free Shipping + Free Gift)
CUST-02086,Lucas Smith,lucas.smith791@example.com,Standard,Organic Search,1,159.98,2026-01-30 14:13:00,2026-01-30 14:13:00,213,0,60.0,3.55,100.0,High Churn Risk (Dormant / Churning),Tier 3: First-to-Second Order Conversion Offer (Free Shipping + Free Gift)
CUST-02460,John Green,john.green470@example.com,Standard,Social Media (Instagram/TikTok),1,158.98,2026-01-07 06:50:00,2026-01-07 06:50:00,237,0,60.0,3.95,100.0,High Churn Risk (Dormant / Churning),Tier 3: First-to-Second Order Conversion Offer (Free Shipping + Free Gift)
CUST-02273,Nora Thompson,nora.thompson281@example.com,Standard,Organic Search,1,158.97,2025-12-12 22:19:00,2025-12-12 22:19:00,262,0,60.0,4.37,100.0,High Churn Risk (Dormant / Churning),Tier 3: First-to-Second Order Conversion Offer (Free Shipping + Free Gift)
CUST-02046,Sofia Lee,sofia.lee926@example.com,Standard,Organic Search,1,156.97,2026-01-05 03:19:00,2026-01-05 03:19:00,239,0,60.0,3.98,100.0,High Churn Risk (Dormant / Churning),Tier 3: First-to-Second Order Conversion Offer (Free Shipping + Free Gift)
CUST-02253,Charlotte Gonzalez,charlotte.gonzalez751@example.com,Standard,Affiliate Referral,1,154.48,2025-10-29 22:18:00,2025-10-29 22:18:00,306,0,60.0,5.1,100.0,High Churn Risk (Dormant / Churning),Tier 3: First-to-Second Order Conversion Offer (Free Shipping + Free Gift)
CUST-02238,William Harris,william.harris300@example.com,Standard,Affiliate Referral,1,152.99,2024-02-06 18:44:00,2024-02-06 18:44:00,937,0,60.0,15.62,100.0,High Churn Risk (Dormant / Churning),Tier 3: First-to-Second Order Conversion Offer (Free Shipping + Free Gift)
CUST-02407,Penelope Martin,penelope.martin857@example.com,Standard,Social Media (Instagram/TikTok),1,151.99,2025-07-11 22:16:00,2025-07-11 22:16:00,416,0,60.0,6.93,100.0,High Churn Risk (Dormant / Churning),Tier 3: First-to-Second Order Conversion Offer (Free Shipping + Free Gift)
CUST-02444,Sebastian Gonzalez,sebastian.gonzalez866@example.com,Standard,Paid Search (Google),1,150.98,2025-09-18 23:04:00,2025-09-18 23:04:00,347,0,60.0,5.78,100.0,High Churn Risk (Dormant / Churning),Tier 3: First-to-Second Order Conversion Offer (Free Shipping + Free Gift)
CUST-01819,William Robinson,william.robinson68@example.com,Standard,Organic Search,1,149.97,2025-06-11 18:09:00,2025-06-11 18:09:00,446,0,60.0,7.43,100.0,High Churn Risk (Dormant / Churning),Tier 3: First-to-Second Order Conversion Offer (Free Shipping + Free Gift)
CUST-02282,Layla Sanchez,layla.sanchez412@example.com,Standard,Social Media (Instagram/TikTok),1,149.24,2025-02-15 08:46:00,2025-02-15 08:46:00,563,0,60.0,9.38,100.0,High Churn Risk (Dormant / Churning),Tier 3: First-to-Second Order Conversion Offer (Free Shipping + Free Gift)
CUST-01886,Evelyn Rivera,evelyn.rivera490@example.com,Standard,Paid Search (Google),1,147.9,2023-10-21 06:58:00,2023-10-21 06:58:00,1046,0,60.0,17.43,100.0,High Churn Risk (Dormant / Churning),Tier 3: First-to-Second Order Conversion Offer (Free Shipping + Free Gift)
CUST-01876,Michael Thomas,michael.thomas529@example.com,Standard,Email Marketing,1,147.13,2025-01-05 18:28:00,2025-01-05 18:28:00,603,0,60.0,10.05,100.0,High Churn Risk (Dormant / Churning),Tier 3: First-to-Second Order Conversion Offer (Free Shipping + Free Gift)
CUST-01605,Zoey Wright,zoey.wright28@example.com,Standard,Organic Search,1,146.98,2026-02-15 12:03:00,2026-02-15 12:03:00,197,0,60.0,3.28,100.0,High Churn Risk (Dormant / Churning),Tier 3: First-to-Second Order Conversion Offer (Free Shipping + Free Gift)
CUST-01307,Camila Miller,camila.miller45@example.com,Silver,Affiliate Referral,1,144.49,2025-01-24 03:54:00,2025-01-24 03:54:00,585,0,60.0,9.75,100.0,High Churn Risk (Dormant / Churning),Tier 3: First-to-Second Order Conversion Offer (Free Shipping + Free Gift)
CUST-01523,Logan Miller,logan.miller189@example.com,Standard,Email Marketing,1,142.47,2025-04-28 15:30:00,2025-04-28 15:30:00,490,0,60.0,8.17,100.0,High Churn Risk (Dormant / Churning),Tier 3: First-to-Second Order Conversion Offer (Free Shipping + Free Gift)
CUST-01888,Layla Clark,layla.clark972@example.com,Standard,Email Marketing,1,141.96,2024-07-11 18:46:00,2024-07-11 18:46:00,781,0,60.0,13.02,100.0,High Churn Risk (Dormant / Churning),Tier 3: First-to-Second Order Conversion Offer (Free Shipping + Free Gift)
CUST-01971,Elizabeth Hill,elizabeth.hill721@example.com,Standard,Affiliate Referral,1,141.59,2025-03-12 11:01:00,2025-03-12 11:01:00,538,0,60.0,8.97,100.0,High Churn Risk (Dormant / Churning),Tier 3: First-to-Second Order Conversion Offer (Free Shipping + Free Gift)
CUST-01181,Michael Brown,michael.brown199@example.com,Silver,Social Media (Instagram/TikTok),1,139.98,2026-02-20 23:01:00,2026-02-20 23:01:00,192,0,60.0,3.2,100.0,High Churn Risk (Dormant / Churning),Tier 3: First-to-Second Order Conversion Offer (Free Shipping + Free Gift)
CUST-02201,Jack Rodriguez,jack.rodriguez971@example.com,Standard,Paid Search (Google),1,139.09,2025-06-12 13:30:00,2025-06-12 13:30:00,445,0,60.0,7.42,100.0,High Churn Risk (Dormant / Churning),Tier 3: First-to-Second Order Conversion Offer (Free Shipping + Free Gift)
CUST-02028,Riley Mitchell,riley.mitchell349@example.com,Standard,Paid Search (Google),1,137.48,2023-05-01 06:00:00,2023-05-01 06:00:00,1219,0,60.0,20.32,100.0,High Churn Risk (Dormant / Churning),Tier 3: First-to-Second Order Conversion Offer (Free Shipping + Free Gift)
CUST-02405,Henry Hall,henry.hall460@example.com,Standard,Organic Search,1,135.99,2024-12-22 01:36:00,2024-12-22 01:36:00,618,0,60.0,10.3,100.0,High Churn Risk (Dormant / Churning),Tier 3: First-to-Second Order Conversion Offer (Free Shipping + Free Gift)
CUST-02051,Mason Perez,mason.perez379@example.com,Standard,Affiliate Referral,1,135.0,2024-09-27 04:18:00,2024-09-27 04:18:00,704,0,60.0,11.73,100.0,High Churn Risk (Dormant / Churning),Tier 3: First-to-Second Order Conversion Offer (Free Shipping + Free Gift)
CUST-02388,Owen Baker,owen.baker710@example.com,Standard,Affiliate Referral,1,134.99,2026-01-18 20:38:00,2026-01-18 20:38:00,225,0,60.0,3.75,100.0,High Churn Risk (Dormant / Churning),Tier 3: First-to-Second Order Conversion Offer (Free Shipping + Free Gift)
CUST-02495,Mason Roberts,mason.roberts913@example.com,Standard,Affiliate Referral,1,134.99,2025-10-07 13:35:00,2025-10-07 13:35:00,328,0,60.0,5.47,100.0,High Churn Risk (Dormant / Churning),Tier 3: First-to-Second Order Conversion Offer (Free Shipping + Free Gift)
CUST-01693,Luke Garcia,luke.garcia836@example.com,Standard,Social Media (Instagram/TikTok),1,134.98,2026-01-13 16:38:00,2026-01-13 16:38:00,230,0,60.0,3.83,100.0,High Churn Risk (Dormant / Churning),Tier 3: First-to-Second Order Conversion Offer (Free Shipping + Free Gift)
CUST-01710,Jack Scott,jack.scott472@example.com,Standard,Email Marketing,1,134.98,2023-03-26 03:47:00,2023-03-26 03:47:00,1255,0,60.0,20.92,100.0,High Churn Risk (Dormant / Churning),Tier 3: First-to-Second Order Conversion Offer (Free Shipping + Free Gift)
CUST-01949,Wyatt Sanchez,wyatt.sanchez83@example.com,Standard,Social Media (Instagram/TikTok),1,133.39,2024-07-25 13:47:00,2024-07-25 13:47:00,767,0,60.0,12.78,100.0,High Churn Risk (Dormant / Churning),Tier 3: First-to-Second Order Conversion Offer (Free Shipping + Free Gift)
CUST-01079,Grayson Gonzalez,grayson.gonzalez111@example.com,Silver,Email Marketing,1,132.98,2025-09-02 14:49:00,2025-09-02 14:49:00,363,0,60.0,6.05,100.0,High Churn Risk (Dormant / Churning),Tier 3: First-to-Second Order Conversion Offer (Free Shipping + Free Gift)
CUST-02349,Michael Thompson,michael.thompson934@example.com,Standard,Email Marketing,1,130.97,2026-02-14 04:46:00,2026-02-14 04:46:00,199,0,60.0,3.32,100.0,High Churn Risk (Dormant / Churning),Tier 3: First-to-Second Order Conversion Offer (Free Shipping + Free Gift)
CUST-01730,Mila Green,mila.green415@example.com,Standard,Affiliate Referral,1,129.99,2024-08-30 12:28:00,2024-08-30 12:28:00,731,0,60.0,12.18,100.0,High Churn Risk (Dormant / Churning),Tier 3: First-to-Second Order Conversion Offer (Free Shipping + Free Gift)
CUST-01962,Aria Green,aria.green678@example.com,Standard,Organic Search,1,129.99,2024-10-30 21:25:00,2024-10-30 21:25:00,670,0,60.0,11.17,100.0,High Churn Risk (Dormant / Churning),Tier 3: First-to-Second Order Conversion Offer (Free Shipping + Free Gift)
CUST-02077,Amelia Campbell,amelia.campbell773@example.com,Standard,Social Media (Instagram/TikTok),1,129.99,2025-11-07 10:10:00,2025-11-07 10:10:00,298,0,60.0,4.97,100.0,High Churn Risk (Dormant / Churning),Tier 3: First-to-Second Order Conversion Offer (Free Shipping + Free Gift)
CUST-02082,Aiden Johnson,aiden.johnson327@example.com,Standard,Email Marketing,1,129.99,2023-11-07 03:51:00,2023-11-07 03:51:00,1029,0,60.0,17.15,100.0,High Churn Risk (Dormant / Churning),Tier 3: First-to-Second Order Conversion Offer (Free Shipping + Free Gift)
CUST-01755,William Nguyen,william.nguyen818@example.com,Standard,Affiliate Referral,1,129.98,2024-04-22 19:23:00,2024-04-22 19:23:00,861,0,60.0,14.35,100.0,High Churn Risk (Dormant / Churning),Tier 3: First-to-Second Order Conversion Offer (Free Shipping + Free Gift)
CUST-02441,Daniel Torres,daniel.torres525@example.com,Standard,Affiliate Referral,1,129.98,2025-12-22 11:40:00,2025-12-22 11:40:00,253,0,60.0,4.22,100.0,High Churn Risk (Dormant / Churning),Tier 3: First-to-Second Order Conversion Offer (Free Shipping + Free Gift)
CUST-02331,Eleanor Hall,eleanor.hall349@example.com,Standard,Organic Search,1,129.97,2025-06-13 01:51:00,2025-06-13 01:51:00,445,0,60.0,7.42,100.0,High Churn Risk (Dormant / Churning),Tier 3: First-to-Second Order Conversion Offer (Free Shipping + Free Gift)
CUST-02491,Grace Wright,grace.wright502@example.com,Standard,Paid Search (Google),1,127.97,2023-08-18 01:41:00,2023-08-18 01:41:00,1110,0,60.0,18.5,100.0,High Churn Risk (Dormant / Churning),Tier 3: First-to-Second Order Conversion Offer (Free Shipping + Free Gift)
CUST-01807,Luke Lewis,luke.lewis883@example.com,Standard,Social Media (Instagram/TikTok),1,125.48,2023-02-17 19:24:00,2023-02-17 19:24:00,1291,0,60.0,21.52,100.0,High Churn Risk (Dormant / Churning),Tier 3: First-to-Second Order Conversion Offer (Free Shipping + Free Gift)
CUST-02165,Dylan Martinez,dylan.martinez665@example.com,Standard,Affiliate Referral,1,124.98,2025-02-07 04:08:00,2025-02-07 04:08:00,571,0,60.0,9.52,100.0,High Churn Risk (Dormant / Churning),Tier 3: First-to-Second Order Conversion Offer (Free Shipping + Free Gift)
CUST-02212,Logan Jackson,logan.jackson278@example.com,Standard,Organic Search,1,124.83,2023-12-30 13:39:00,2023-12-30 13:39:00,975,0,60.0,16.25,100.0,High Churn Risk (Dormant / Churning),Tier 3: First-to-Second Order Conversion Offer (Free Shipping + Free Gift)
CUST-01901,Amelia Green,amelia.green596@example.com,Standard,Paid Search (Google),1,124.24,2025-02-10 08:03:00,2025-02-10 08:03:00,568,0,60.0,9.47,100.0,High Churn Risk (Dormant / Churning),Tier 3: First-to-Second Order Conversion Offer (Free Shipping + Free Gift)
CUST-01996,Joseph Mitchell,joseph.mitchell704@example.com,Standard,Affiliate Referral,1,123.98,2025-07-04 07:35:00,2025-07-04 07:35:00,424,0,60.0,7.07,100.0,High Churn Risk (Dormant / Churning),Tier 3: First-to-Second Order Conversion Offer (Free Shipping + Free Gift)
CUST-01589,Mila Young,mila.young466@example.com,Standard,Social Media (Instagram/TikTok),1,123.96,2025-04-11 18:07:00,2025-04-11 18:07:00,507,0,60.0,8.45,100.0,High Churn Risk (Dormant / Churning),Tier 3: First-to-Second Order Conversion Offer (Free Shipping + Free Gift)
CUST-01353,Henry Mitchell,henry.mitchell432@example.com,Silver,Email Marketing,1,121.98,2025-03-21 03:29:00,2025-03-21 03:29:00,529,0,60.0,8.82,100.0,High Churn Risk (Dormant / Churning),Tier 3: First-to-Second Order Conversion Offer (Free Shipping + Free Gift)
CUST-01936,Charlotte Davis,charlotte.davis101@example.com,Standard,Paid Search (Google),1,121.5,2026-02-10 11:26:00,2026-02-10 11:26:00,203,0,60.0,3.38,100.0,High Churn Risk (Dormant / Churning),Tier 3: First-to-Second Order Conversion Offer (Free Shipping + Free Gift)
CUST-02156,Camila Baker,camila.baker53@example.com,Standard,Organic Search,1,120.96,2026-01-15 15:32:00,2026-01-15 15:32:00,228,0,60.0,3.8,100.0,High Churn Risk (Dormant / Churning),Tier 3: First-to-Second Order Conversion Offer (Free Shipping + Free Gift)
CUST-01915,Sebastian Young,sebastian.young494@example.com,Standard,Affiliate Referral,1,119.99,2024-05-07 02:31:00,2024-05-07 02:31:00,847,0,60.0,14.12,100.0,High Churn Risk (Dormant / Churning),Tier 3: First-to-Second Order Conversion Offer (Free Shipping + Free Gift)
CUST-01217,Charlotte Perez,charlotte.perez488@example.com,Silver,Affiliate Referral,1,118.98,2025-02-05 20:00:00,2025-02-05 20:00:00,572,0,60.0,9.53,100.0,High Churn Risk (Dormant / Churning),Tier 3: First-to-Second Order Conversion Offer (Free Shipping + Free Gift)
CUST-01942,Jayden Martinez,jayden.martinez625@example.com,Standard,Organic Search,1,118.49,2025-03-12 08:14:00,2025-03-12 08:14:00,538,0,60.0,8.97,100.0,High Churn Risk (Dormant / Churning),Tier 3: First-to-Second Order Conversion Offer (Free Shipping + Free Gift)
CUST-01516,Grayson Johnson,grayson.johnson66@example.com,Standard,Social Media (Instagram/TikTok),1,118.47,2025-12-25 10:52:00,2025-12-25 10:52:00,250,0,60.0,4.17,100.0,High Churn Risk (Dormant / Churning),Tier 3: First-to-Second Order Conversion Offer (Free Shipping + Free Gift)
CUST-01633,Avery Davis,avery.davis585@example.com,Standard,Social Media (Instagram/TikTok),1,117.97,2025-03-04 23:50:00,2025-03-04 23:50:00,545,0,60.0,9.08,100.0,High Churn Risk (Dormant / Churning),Tier 3: First-to-Second Order Conversion Offer (Free Shipping + Free Gift)
CUST-02496,John Baker,john.baker250@example.com,Standard,Social Media (Instagram/TikTok),1,116.99,2024-03-01 03:36:00,2024-03-01 03:36:00,914,0,60.0,15.23,100.0,High Churn Risk (Dormant / Churning),Tier 3: First-to-Second Order Conversion Offer (Free Shipping + Free Gift)
CUST-01240,Zoey Ramirez,zoey.ramirez590@example.com,Silver,Affiliate Referral,1,115.0,2024-05-02 17:57:00,2024-05-02 17:57:00,851,0,60.0,14.18,100.0,High Churn Risk (Dormant / Churning),Tier 3: First-to-Second Order Conversion Offer (Free Shipping + Free Gift)
CUST-01822,Penelope Wilson,penelope.wilson143@example.com,Standard,Social Media (Instagram/TikTok),1,115.0,2025-02-27 19:20:00,2025-02-27 19:20:00,550,0,60.0,9.17,100.0,High Churn Risk (Dormant / Churning),Tier 3: First-to-Second Order Conversion Offer (Free Shipping + Free Gift)
CUST-01584,Owen Garcia,owen.garcia418@example.com,Standard,Paid Search (Google),1,114.97,2024-08-27 23:10:00,2024-08-27 23:10:00,734,0,60.0,12.23,100.0,High Churn Risk (Dormant / Churning),Tier 3: First-to-Second Order Conversion Offer (Free Shipping + Free Gift)
CUST-01046,Liam Martinez,liam.martinez60@example.com,Silver,Paid Search (Google),1,114.75,2025-06-17 05:13:00,2025-06-17 05:13:00,441,0,60.0,7.35,100.0,High Churn Risk (Dormant / Churning),Tier 3: First-to-Second Order Conversion Offer (Free Shipping + Free Gift)
CUST-02424,Ella Clark,ella.clark69@example.com,Standard,Social Media (Instagram/TikTok),1,114.75,2024-03-11 14:08:00,2024-03-11 14:08:00,903,0,60.0,15.05,100.0,High Churn Risk (Dormant / Churning),Tier 3: First-to-Second Order Conversion Offer (Free Shipping + Free Gift)
CUST-01005,Chloe White,chloe.white884@example.com,Silver,Email Marketing,1,112.98,2025-01-18 10:44:00,2025-01-18 10:44:00,591,0,60.0,9.85,100.0,High Churn Risk (Dormant / Churning),Tier 3: First-to-Second Order Conversion Offer (Free Shipping + Free Gift)
CUST-01960,Matthew Hall,matthew.hall620@example.com,Standard,Email Marketing,1,112.74,2026-02-24 08:08:00,2026-02-24 08:08:00,189,0,60.0,3.15,100.0,High Churn Risk (Dormant / Churning),Tier 3: First-to-Second Order Conversion Offer (Free Shipping + Free Gift)
CUST-02225,Layla Gonzalez,layla.gonzalez266@example.com,Standard,Social Media (Instagram/TikTok),1,111.98,2026-01-15 01:44:00,2026-01-15 01:44:00,229,0,60.0,3.82,100.0,High Churn Risk (Dormant / Churning),Tier 3: First-to-Second Order Conversion Offer (Free Shipping + Free Gift)
CUST-02311,Grace Nelson,grace.nelson864@example.com,Standard,Social Media (Instagram/TikTok),1,110.79,2024-10-20 12:52:00,2024-10-20 12:52:00,680,0,60.0,11.33,100.0,High Churn Risk (Dormant / Churning),Tier 3: First-to-Second Order Conversion Offer (Free Shipping + Free Gift)
CUST-01555,Emma Walker,emma.walker146@example.com,Standard,Email Marketing,1,110.49,2024-10-05 14:15:00,2024-10-05 14:15:00,695,0,60.0,11.58,100.0,High Churn Risk (Dormant / Churning),Tier 3: First-to-Second Order Conversion Offer (Free Shipping + Free Gift)
CUST-01009,Emma Lopez,emma.lopez441@example.com,Silver,Affiliate Referral,1,109.98,2025-08-13 08:46:00,2025-08-13 08:46:00,384,0,60.0,6.4,100.0,High Churn Risk (Dormant / Churning),Tier 3: First-to-Second Order Conversion Offer (Free Shipping + Free Gift)
CUST-01933,Charlotte Hall,charlotte.hall350@example.com,Standard,Affiliate Referral,1,109.98,2024-04-26 23:15:00,2024-04-26 23:15:00,857,0,60.0,14.28,100.0,High Churn Risk (Dormant / Churning),Tier 3: First-to-Second Order Conversion Offer (Free Shipping + Free Gift)
CUST-02372,Luke Ramirez,luke.ramirez650@example.com,Standard,Affiliate Referral,1,109.98,2025-11-06 02:50:00,2025-11-06 02:50:00,299,0,60.0,4.98,100.0,High Churn Risk (Dormant / Churning),Tier 3: First-to-Second Order Conversion Offer (Free Shipping + Free Gift)
CUST-01829,Wyatt Flores,wyatt.flores853@example.com,Standard,Email Marketing,1,107.99,2023-07-05 09:41:00,2023-07-05 09:41:00,1154,0,60.0,19.23,100.0,High Churn Risk (Dormant / Churning),Tier 3: First-to-Second Order Conversion Offer (Free Shipping + Free Gift)
CUST-02294,Grayson Mitchell,grayson.mitchell369@example.com,Standard,Email Marketing,1,107.98,2024-06-05 17:30:00,2024-06-05 17:30:00,817,0,60.0,13.62,100.0,High Churn Risk (Dormant / Churning),Tier 3: First-to-Second Order Conversion Offer (Free Shipping + Free Gift)
CUST-01599,Grace Taylor,grace.taylor609@example.com,Standard,Organic Search,1,107.97,2025-12-31 20:59:00,2025-12-31 20:59:00,243,0,60.0,4.05,100.0,High Churn Risk (Dormant / Churning),Tier 3: First-to-Second Order Conversion Offer (Free Shipping + Free Gift)
CUST-02054,Harper Williams,harper.williams610@example.com,Standard,Paid Search (Google),1,107.34,2026-02-03 23:08:00,2026-02-03 23:08:00,209,0,60.0,3.48,100.0,High Churn Risk (Dormant / Churning),Tier 3: First-to-Second Order Conversion Offer (Free Shipping + Free Gift)
CUST-02319,Riley Scott,riley.scott214@example.com,Standard,Organic Search,1,105.48,2025-07-05 11:48:00,2025-07-05 11:48:00,423,0,60.0,7.05,100.0,High Churn Risk (Dormant / Churning),Tier 3: First-to-Second Order Conversion Offer (Free Shipping + Free Gift)
CUST-01966,Penelope Walker,penelope.walker670@example.com,Standard,Social Media (Instagram/TikTok),1,103.48,2025-01-20 08:10:00,2025-01-20 08:10:00,589,0,60.0,9.82,100.0,High Churn Risk (Dormant / Churning),Tier 3: First-to-Second Order Conversion Offer (Free Shipping + Free Gift)
CUST-02320,Matthew Torres,matthew.torres959@example.com,Standard,Affiliate Referral,1,103.48,2025-10-28 18:37:00,2025-10-28 18:37:00,307,0,60.0,5.12,100.0,High Churn Risk (Dormant / Churning),Tier 3: First-to-Second Order Conversion Offer (Free Shipping + Free Gift)
CUST-00945,Elizabeth Flores,elizabeth.flores685@example.com,Silver,Paid Search (Google),1,102.98,2025-02-03 00:03:00,2025-02-03 00:03:00,575,0,60.0,9.58,100.0,High Churn Risk (Dormant / Churning),Tier 3: First-to-Second Order Conversion Offer (Free Shipping + Free Gift)
CUST-02064,Emily Lewis,emily.lewis778@example.com,Standard,Affiliate Referral,1,100.0,2025-02-09 16:37:00,2025-02-09 16:37:00,568,0,60.0,9.47,100.0,High Churn Risk (Dormant / Churning),Tier 3: First-to-Second Order Conversion Offer (Free Shipping + Free Gift)
CUST-01678,Abigail Davis,abigail.davis390@example.com,Standard,Social Media (Instagram/TikTok),1,99.98,2026-01-26 20:33:00,2026-01-26 20:33:00,217,0,60.0,3.62,100.0,High Churn Risk (Dormant / Churning),Tier 3: First-to-Second Order Conversion Offer (Free Shipping + Free Gift)
CUST-01798,Noah Wright,noah.wright215@example.com,Standard,Social Media (Instagram/TikTok),1,99.98,2024-12-11 08:41:00,2024-12-11 08:41:00,629,0,60.0,10.48,100.0,High Churn Risk (Dormant / Churning),Tier 3: First-to-Second Order Conversion Offer (Free Shipping + Free Gift)
CUST-02487,Michael Rivera,michael.rivera192@example.com,Standard,Social Media (Instagram/TikTok),1,99.98,2025-02-16 08:10:00,2025-02-16 08:10:00,562,0,60.0,9.37,100.0,High Churn Risk (Dormant / Churning),Tier 3: First-to-Second Order Conversion Offer (Free Shipping + Free Gift)
CUST-02333,Hannah Rodriguez,hannah.rodriguez238@example.com,Standard,Paid Search (Google),1,99.57,2026-02-19 14:25:00,2026-02-19 14:25:00,193,0,60.0,3.22,100.0,High Churn Risk (Dormant / Churning),Tier 3: First-to-Second Order Conversion Offer (Free Shipping + Free Gift)
CUST-02269,Layla Gonzalez,layla.gonzalez80@example.com,Standard,Paid Search (Google),1,98.99,2025-02-20 06:10:00,2025-02-20 06:10:00,558,0,60.0,9.3,100.0,High Churn Risk (Dormant / Churning),Tier 3: First-to-Second Order Conversion Offer (Free Shipping + Free Gift)
CUST-01630,Henry Wilson,henry.wilson580@example.com,Standard,Social Media (Instagram/TikTok),1,98.59,2022-07-25 04:37:00,2022-07-25 04:37:00,1499,0,60.0,24.98,100.0,High Churn Risk (Dormant / Churning),Tier 3: First-to-Second Order Conversion Offer (Free Shipping + Free Gift)
CUST-02169,Logan Jones,logan.jones290@example.com,Standard,Social Media (Instagram/TikTok),1,97.48,2023-03-31 07:35:00,2023-03-31 07:35:00,1250,0,60.0,20.83,100.0,High Churn Risk (Dormant / Churning),Tier 3: First-to-Second Order Conversion Offer (Free Shipping + Free Gift)
CUST-02327,Oliver Carter,oliver.carter875@example.com,Standard,Email Marketing,1,97.28,2024-09-23 18:23:00,2024-09-23 18:23:00,707,0,60.0,11.78,100.0,High Churn Risk (Dormant / Churning),Tier 3: First-to-Second Order Conversion Offer (Free Shipping + Free Gift)
CUST-02452,Samuel Davis,samuel.davis93@example.com,Standard,Affiliate Referral,1,94.98,2025-07-05 19:57:00,2025-07-05 19:57:00,422,0,60.0,7.03,100.0,High Churn Risk (Dormant / Churning),Tier 3: First-to-Second Order Conversion Offer (Free Shipping + Free Gift)
CUST-02059,Carter Lewis,carter.lewis654@example.com,Standard,Email Marketing,1,94.97,2024-04-02 17:53:00,2024-04-02 17:53:00,881,0,60.0,14.68,100.0,High Churn Risk (Dormant / Churning),Tier 3: First-to-Second Order Conversion Offer (Free Shipping + Free Gift)
CUST-01772,Carter Williams,carter.williams40@example.com,Standard,Social Media (Instagram/TikTok),1,92.13,2024-06-12 22:34:00,2024-06-12 22:34:00,810,0,60.0,13.5,100.0,High Churn Risk (Dormant / Churning),Tier 3: First-to-Second Order Conversion Offer (Free Shipping + Free Gift)
CUST-01326,Liam Walker,liam.walker938@example.com,Silver,Paid Search (Google),1,90.68,2024-12-13 20:17:00,2024-12-13 20:17:00,626,0,60.0,10.43,100.0,High Churn Risk (Dormant / Churning),Tier 3: First-to-Second Order Conversion Offer (Free Shipping + Free Gift)
CUST-01871,David Perez,david.perez258@example.com,Standard,Organic Search,1,89.99,2026-01-20 23:05:00,2026-01-20 23:05:00,223,0,60.0,3.72,100.0,High Churn Risk (Dormant / Churning),Tier 3: First-to-Second Order Conversion Offer (Free Shipping + Free Gift)
CUST-02480,Mia Rivera,mia.rivera714@example.com,Standard,Email Marketing,1,89.99,2023-06-29 14:41:00,2023-06-29 14:41:00,1159,0,60.0,19.32,100.0,High Churn Risk (Dormant / Churning),Tier 3: First-to-Second Order Conversion Offer (Free Shipping + Free Gift)
CUST-02276,Chloe Miller,chloe.miller60@example.com,Standard,Email Marketing,1,87.58,2025-09-23 16:52:00,2025-09-23 16:52:00,342,0,60.0,5.7,100.0,High Churn Risk (Dormant / Churning),Tier 3: First-to-Second Order Conversion Offer (Free Shipping + Free Gift)
CUST-02206,Emma Green,emma.green798@example.com,Standard,Organic Search,1,85.89,2024-10-25 21:10:00,2024-10-25 21:10:00,675,0,60.0,11.25,100.0,High Churn Risk (Dormant / Churning),Tier 3: First-to-Second Order Conversion Offer (Free Shipping + Free Gift)
CUST-02144,Luna Lewis,luna.lewis814@example.com,Standard,Social Media (Instagram/TikTok),1,84.98,2026-01-28 00:20:00,2026-01-28 00:20:00,216,0,60.0,3.6,100.0,High Churn Risk (Dormant / Churning),Tier 3: First-to-Second Order Conversion Offer (Free Shipping + Free Gift)
CUST-01899,Jack Hernandez,jack.hernandez859@example.com,Standard,Social Media (Instagram/TikTok),1,84.96,2024-06-24 04:58:00,2024-06-24 04:58:00,799,0,60.0,13.32,100.0,High Churn Risk (Dormant / Churning),Tier 3: First-to-Second Order Conversion Offer (Free Shipping + Free Gift)
CUST-02013,Chloe Davis,chloe.davis356@example.com,Standard,Affiliate Referral,1,84.0,2024-12-25 16:49:00,2024-12-25 16:49:00,614,0,60.0,10.23,100.0,High Churn Risk (Dormant / Churning),Tier 3: First-to-Second Order Conversion Offer (Free Shipping + Free Gift)
CUST-01610,Olivia Wilson,olivia.wilson502@example.com,Standard,Paid Search (Google),1,83.38,2024-01-22 20:14:00,2024-01-22 20:14:00,952,0,60.0,15.87,100.0,High Churn Risk (Dormant / Churning),Tier 3: First-to-Second Order Conversion Offer (Free Shipping + Free Gift)
CUST-01914,Sophia Miller,sophia.miller226@example.com,Standard,Email Marketing,1,82.99,2023-10-14 08:23:00,2023-10-14 08:23:00,1053,0,60.0,17.55,100.0,High Churn Risk (Dormant / Churning),Tier 3: First-to-Second Order Conversion Offer (Free Shipping + Free Gift)
CUST-02459,Amelia Campbell,amelia.campbell56@example.com,Standard,Email Marketing,1,82.47,2025-06-11 11:40:00,2025-06-11 11:40:00,447,0,60.0,7.45,100.0,High Churn Risk (Dormant / Churning),Tier 3: First-to-Second Order Conversion Offer (Free Shipping + Free Gift)
CUST-01997,Layla Walker,layla.walker616@example.com,Standard,Organic Search,1,81.48,2023-11-15 01:36:00,2023-11-15 01:36:00,1021,0,60.0,17.02,100.0,High Churn Risk (Dormant / Churning),Tier 3: First-to-Second Order Conversion Offer (Free Shipping + Free Gift)
CUST-02221,Abigail Wilson,abigail.wilson897@example.com,Standard,Paid Search (Google),1,81.47,2025-05-01 08:29:00,2025-05-01 08:29:00,488,0,60.0,8.13,100.0,High Churn Risk (Dormant / Churning),Tier 3: First-to-Second Order Conversion Offer (Free Shipping + Free Gift)
CUST-01047,Amelia Jackson,amelia.jackson285@example.com,Silver,Organic Search,1,79.99,2025-03-09 16:41:00,2025-03-09 16:41:00,540,0,60.0,9.0,100.0,High Churn Risk (Dormant / Churning),Tier 3: First-to-Second Order Conversion Offer (Free Shipping + Free Gift)
CUST-01632,Noah Jones,noah.jones355@example.com,Standard,Affiliate Referral,1,79.99,2023-08-26 08:41:00,2023-08-26 08:41:00,1102,0,60.0,18.37,100.0,High Churn Risk (Dormant / Churning),Tier 3: First-to-Second Order Conversion Offer (Free Shipping + Free Gift)
CUST-01713,Joseph Green,joseph.green227@example.com,Standard,Social Media (Instagram/TikTok),1,79.99,2025-11-27 18:29:00,2025-11-27 18:29:00,277,0,60.0,4.62,100.0,High Churn Risk (Dormant / Churning),Tier 3: First-to-Second Order Conversion Offer (Free Shipping + Free Gift)
CUST-01830,Sofia Lopez,sofia.lopez931@example.com,Standard,Email Marketing,1,79.99,2025-11-14 05:48:00,2025-11-14 05:48:00,291,0,60.0,4.85,100.0,High Churn Risk (Dormant / Churning),Tier 3: First-to-Second Order Conversion Offer (Free Shipping + Free Gift)
CUST-01878,Ethan Hill,ethan.hill264@example.com,Standard,Affiliate Referral,1,79.99,2025-08-01 00:56:00,2025-08-01 00:56:00,396,0,60.0,6.6,100.0,High Churn Risk (Dormant / Churning),Tier 3: First-to-Second Order Conversion Offer (Free Shipping + Free Gift)
CUST-02248,Joseph Sanchez,joseph.sanchez91@example.com,Standard,Email Marketing,1,79.99,2024-07-01 16:11:00,2024-07-01 16:11:00,791,0,60.0,13.18,100.0,High Churn Risk (Dormant / Churning),Tier 3: First-to-Second Order Conversion Offer (Free Shipping + Free Gift)
CUST-02456,Olivia Hall,olivia.hall180@example.com,Standard,Affiliate Referral,1,79.99,2023-05-21 11:33:00,2023-05-21 11:33:00,1199,0,60.0,19.98,100.0,High Churn Risk (Dormant / Churning),Tier 3: First-to-Second Order Conversion Offer (Free Shipping + Free Gift)
CUST-01517,Matthew Jones,matthew.jones932@example.com,Standard,Organic Search,1,79.98,2025-07-31 07:38:00,2025-07-31 07:38:00,397,0,60.0,6.62,100.0,High Churn Risk (Dormant / Churning),Tier 3: First-to-Second Order Conversion Offer (Free Shipping + Free Gift)
CUST-01597,Sophia Allen,sophia.allen120@example.com,Standard,Email Marketing,1,79.98,2026-01-24 23:09:00,2026-01-24 23:09:00,219,0,60.0,3.65,100.0,High Churn Risk (Dormant / Churning),Tier 3: First-to-Second Order Conversion Offer (Free Shipping + Free Gift)
CUST-02211,Amelia Davis,amelia.davis480@example.com,Standard,Organic Search,1,79.59,2024-10-03 02:43:00,2024-10-03 02:43:00,698,0,60.0,11.63,100.0,High Churn Risk (Dormant / Churning),Tier 3: First-to-Second Order Conversion Offer (Free Shipping + Free Gift)
CUST-01986,Alexander Clark,alexander.clark851@example.com,Standard,Email Marketing,1,78.79,2025-01-26 23:51:00,2025-01-26 23:51:00,582,0,60.0,9.7,100.0,High Churn Risk (Dormant / Churning),Tier 3: First-to-Second Order Conversion Offer (Free Shipping + Free Gift)
CUST-02328,James Robinson,james.robinson836@example.com,Standard,Email Marketing,1,76.97,2025-11-05 06:34:00,2025-11-05 06:34:00,300,0,60.0,5.0,100.0,High Churn Risk (Dormant / Churning),Tier 3: First-to-Second Order Conversion Offer (Free Shipping + Free Gift)
CUST-01504,Riley Sanchez,riley.sanchez267@example.com,Standard,Email Marketing,1,76.49,2026-02-18 12:30:00,2026-02-18 12:30:00,194,0,60.0,3.23,100.0,High Churn Risk (Dormant / Churning),Tier 3: First-to-Second Order Conversion Offer (Free Shipping + Free Gift)
CUST-01622,Nora Hall,nora.hall456@example.com,Standard,Social Media (Instagram/TikTok),1,76.49,2025-03-02 15:42:00,2025-03-02 15:42:00,547,0,60.0,9.12,100.0,High Churn Risk (Dormant / Churning),Tier 3: First-to-Second Order Conversion Offer (Free Shipping + Free Gift)
CUST-02288,Dylan Ramirez,dylan.ramirez352@example.com,Standard,Social Media (Instagram/TikTok),1,76.49,2023-12-12 06:59:00,2023-12-12 06:59:00,994,0,60.0,16.57,100.0,High Churn Risk (Dormant / Churning),Tier 3: First-to-Second Order Conversion Offer (Free Shipping + Free Gift)
CUST-01683,Victoria Torres,victoria.torres473@example.com,Standard,Email Marketing,1,75.98,2026-01-25 08:56:00,2026-01-25 08:56:00,219,0,60.0,3.65,100.0,High Churn Risk (Dormant / Churning),Tier 3: First-to-Second Order Conversion Offer (Free Shipping + Free Gift)
CUST-02236,Emma Lee,emma.lee714@example.com,Standard,Paid Search (Google),1,75.6,2024-08-05 02:25:00,2024-08-05 02:25:00,757,0,60.0,12.62,100.0,High Churn Risk (Dormant / Churning),Tier 3: First-to-Second Order Conversion Offer (Free Shipping + Free Gift)
CUST-01941,Samuel Martinez,samuel.martinez845@example.com,Standard,Email Marketing,1,74.98,2024-03-03 13:22:00,2024-03-03 13:22:00,911,0,60.0,15.18,100.0,High Churn Risk (Dormant / Churning),Tier 3: First-to-Second Order Conversion Offer (Free Shipping + Free Gift)
CUST-01561,Sophia Nguyen,sophia.nguyen193@example.com,Standard,Affiliate Referral,1,74.97,2023-07-11 23:43:00,2023-07-11 23:43:00,1147,0,60.0,19.12,100.0,High Churn Risk (Dormant / Churning),Tier 3: First-to-Second Order Conversion Offer (Free Shipping + Free Gift)
CUST-02132,David Johnson,david.johnson255@example.com,Standard,Affiliate Referral,1,74.59,2024-12-04 18:51:00,2024-12-04 18:51:00,635,0,60.0,10.58,100.0,High Churn Risk (Dormant / Churning),Tier 3: First-to-Second Order Conversion Offer (Free Shipping + Free Gift)
CUST-02392,Jacob Perez,jacob.perez457@example.com,Standard,Paid Search (Google),1,72.99,2026-02-08 15:43:00,2026-02-08 15:43:00,204,0,60.0,3.4,100.0,High Churn Risk (Dormant / Churning),Tier 3: First-to-Second Order Conversion Offer (Free Shipping + Free Gift)
CUST-02415,Lily Ramirez,lily.ramirez596@example.com,Standard,Affiliate Referral,1,72.99,2025-10-25 16:40:00,2025-10-25 16:40:00,310,0,60.0,5.17,100.0,High Churn Risk (Dormant / Churning),Tier 3: First-to-Second Order Conversion Offer (Free Shipping + Free Gift)
CUST-02230,Grace White,grace.white929@example.com,Standard,Email Marketing,1,72.98,2023-02-05 12:06:00,2023-02-05 12:06:00,1303,0,60.0,21.72,100.0,High Churn Risk (Dormant / Churning),Tier 3: First-to-Second Order Conversion Offer (Free Shipping + Free Gift)
CUST-02368,John Torres,john.torres569@example.com,Standard,Social Media (Instagram/TikTok),1,72.19,2024-08-08 08:31:00,2024-08-08 08:31:00,754,0,60.0,12.57,100.0,High Churn Risk (Dormant / Churning),Tier 3: First-to-Second Order Conversion Offer (Free Shipping + Free Gift)
CUST-02314,Zoey Nguyen,zoey.nguyen950@example.com,Standard,Paid Search (Google),1,71.97,2025-02-15 13:31:00,2025-02-15 13:31:00,562,0,60.0,9.37,100.0,High Churn Risk (Dormant / Churning),Tier 3: First-to-Second Order Conversion Offer (Free Shipping + Free Gift)
CUST-01711,Scarlett Adams,scarlett.adams181@example.com,Standard,Email Marketing,1,70.29,2023-01-23 12:13:00,2023-01-23 12:13:00,1316,0,60.0,21.93,100.0,High Churn Risk (Dormant / Churning),Tier 3: First-to-Second Order Conversion Offer (Free Shipping + Free Gift)
CUST-01768,Avery Robinson,avery.robinson648@example.com,Standard,Email Marketing,1,69.98,2025-04-24 23:17:00,2025-04-24 23:17:00,494,0,60.0,8.23,100.0,High Churn Risk (Dormant / Churning),Tier 3: First-to-Second Order Conversion Offer (Free Shipping + Free Gift)
CUST-02283,Hannah Wilson,hannah.wilson185@example.com,Standard,Social Media (Instagram/TikTok),1,68.99,2025-07-23 18:33:00,2025-07-23 18:33:00,404,0,60.0,6.73,100.0,High Churn Risk (Dormant / Churning),Tier 3: First-to-Second Order Conversion Offer (Free Shipping + Free Gift)
CUST-00928,Carter Harris,carter.harris490@example.com,Silver,Organic Search,1,66.49,2024-09-23 05:17:00,2024-09-23 05:17:00,708,0,60.0,11.8,100.0,High Churn Risk (Dormant / Churning),Tier 3: First-to-Second Order Conversion Offer (Free Shipping + Free Gift)
CUST-01641,Luke Clark,luke.clark797@example.com,Standard,Paid Search (Google),1,65.9,2024-11-04 16:28:00,2024-11-04 16:28:00,665,0,60.0,11.08,100.0,High Churn Risk (Dormant / Churning),Tier 3: First-to-Second Order Conversion Offer (Free Shipping + Free Gift)
CUST-01677,Harper White,harper.white595@example.com,Standard,Affiliate Referral,1,64.99,2022-11-29 23:51:00,2022-11-29 23:51:00,1371,0,60.0,22.85,100.0,High Churn Risk (Dormant / Churning),Tier 3: First-to-Second Order Conversion Offer (Free Shipping + Free Gift)
CUST-02295,Jackson White,jackson.white479@example.com,Standard,Social Media (Instagram/TikTok),1,64.0,2025-03-08 10:19:00,2025-03-08 10:19:00,542,0,60.0,9.03,100.0,High Churn Risk (Dormant / Churning),Tier 3: First-to-Second Order Conversion Offer (Free Shipping + Free Gift)
CUST-01521,Harper Roberts,harper.roberts836@example.com,Standard,Affiliate Referral,1,63.03,2024-11-08 07:34:00,2024-11-08 07:34:00,662,0,60.0,11.03,100.0,High Churn Risk (Dormant / Churning),Tier 3: First-to-Second Order Conversion Offer (Free Shipping + Free Gift)
CUST-02398,Mia Jones,mia.jones266@example.com,Standard,Email Marketing,1,62.99,2024-11-09 02:50:00,2024-11-09 02:50:00,661,0,60.0,11.02,100.0,High Churn Risk (Dormant / Churning),Tier 3: First-to-Second Order Conversion Offer (Free Shipping + Free Gift)
CUST-01507,Zoey Torres,zoey.torres754@example.com,Standard,Affiliate Referral,1,61.74,2024-11-16 23:22:00,2024-11-16 23:22:00,653,0,60.0,10.88,100.0,High Churn Risk (Dormant / Churning),Tier 3: First-to-Second Order Conversion Offer (Free Shipping + Free Gift)
CUST-01944,Eleanor Green,eleanor.green858@example.com,Standard,Social Media (Instagram/TikTok),1,61.74,2026-02-04 21:02:00,2026-02-04 21:02:00,208,0,60.0,3.47,100.0,High Churn Risk (Dormant / Churning),Tier 3: First-to-Second Order Conversion Offer (Free Shipping + Free Gift)
CUST-01823,Zoey Rivera,zoey.rivera690@example.com,Standard,Affiliate Referral,1,61.73,2025-03-08 02:26:00,2025-03-08 02:26:00,542,0,60.0,9.03,100.0,High Churn Risk (Dormant / Churning),Tier 3: First-to-Second Order Conversion Offer (Free Shipping + Free Gift)
CUST-01856,Emma Harris,emma.harris227@example.com,Standard,Organic Search,1,61.48,2025-07-26 12:20:00,2025-07-26 12:20:00,401,0,60.0,6.68,100.0,High Churn Risk (Dormant / Churning),Tier 3: First-to-Second Order Conversion Offer (Free Shipping + Free Gift)
CUST-02231,Emily Williams,emily.williams991@example.com,Standard,Affiliate Referral,1,60.52,2024-04-04 11:46:00,2024-04-04 11:46:00,880,0,60.0,14.67,100.0,High Churn Risk (Dormant / Churning),Tier 3: First-to-Second Order Conversion Offer (Free Shipping + Free Gift)
CUST-02061,Emily Hill,emily.hill290@example.com,Standard,Social Media (Instagram/TikTok),1,59.98,2023-04-14 01:47:00,2023-04-14 01:47:00,1236,0,60.0,20.6,100.0,High Churn Risk (Dormant / Churning),Tier 3: First-to-Second Order Conversion Offer (Free Shipping + Free Gift)
CUST-02158,Amelia Jackson,amelia.jackson394@example.com,Standard,Email Marketing,1,59.98,2026-01-26 23:34:00,2026-01-26 23:34:00,217,0,60.0,3.62,100.0,High Churn Risk (Dormant / Churning),Tier 3: First-to-Second Order Conversion Offer (Free Shipping + Free Gift)
CUST-02023,Daniel Walker,daniel.walker414@example.com,Standard,Social Media (Instagram/TikTok),1,59.49,2026-01-03 09:53:00,2026-01-03 09:53:00,241,0,60.0,4.02,100.0,High Churn Risk (Dormant / Churning),Tier 3: First-to-Second Order Conversion Offer (Free Shipping + Free Gift)
CUST-01934,William Adams,william.adams361@example.com,Standard,Affiliate Referral,1,58.3,2024-10-04 11:48:00,2024-10-04 11:48:00,697,0,60.0,11.62,100.0,High Churn Risk (Dormant / Churning),Tier 3: First-to-Second Order Conversion Offer (Free Shipping + Free Gift)
CUST-01720,James Hill,james.hill497@example.com,Standard,Paid Search (Google),1,58.0,2024-11-25 19:53:00,2024-11-25 19:53:00,644,0,60.0,10.73,100.0,High Churn Risk (Dormant / Churning),Tier 3: First-to-Second Order Conversion Offer (Free Shipping + Free Gift)
CUST-01935,Zoey Anderson,zoey.anderson238@example.com,Standard,Social Media (Instagram/TikTok),1,58.0,2024-09-08 05:13:00,2024-09-08 05:13:00,723,0,60.0,12.05,100.0,High Churn Risk (Dormant / Churning),Tier 3: First-to-Second Order Conversion Offer (Free Shipping + Free Gift)
CUST-02497,Ella Clark,ella.clark72@example.com,Standard,Social Media (Instagram/TikTok),1,58.0,2025-03-19 17:52:00,2025-03-19 17:52:00,530,0,60.0,8.83,100.0,High Churn Risk (Dormant / Churning),Tier 3: First-to-Second Order Conversion Offer (Free Shipping + Free Gift)
CUST-02222,Olivia Lee,olivia.lee151@example.com,Standard,Paid Search (Google),1,57.6,2025-06-15 08:17:00,2025-06-15 08:17:00,443,0,60.0,7.38,100.0,High Churn Risk (Dormant / Churning),Tier 3: First-to-Second Order Conversion Offer (Free Shipping + Free Gift)
CUST-02047,James Brown,james.brown686@example.com,Standard,Paid Search (Google),1,56.99,2025-01-29 08:54:00,2025-01-29 08:54:00,580,0,60.0,9.67,100.0,High Churn Risk (Dormant / Churning),Tier 3: First-to-Second Order Conversion Offer (Free Shipping + Free Gift)
CUST-01746,Luke Carter,luke.carter107@example.com,Standard,Affiliate Referral,1,55.24,2025-06-21 16:27:00,2025-06-21 16:27:00,436,0,60.0,7.27,100.0,High Churn Risk (Dormant / Churning),Tier 3: First-to-Second Order Conversion Offer (Free Shipping + Free Gift)
CUST-02499,Layla Taylor,layla.taylor944@example.com,Standard,Email Marketing,1,55.1,2025-08-19 06:44:00,2025-08-19 06:44:00,378,0,60.0,6.3,100.0,High Churn Risk (Dormant / Churning),Tier 3: First-to-Second Order Conversion Offer (Free Shipping + Free Gift)
CUST-02002,Aiden Moore,aiden.moore985@example.com,Standard,Paid Search (Google),1,54.99,2025-10-29 02:33:00,2025-10-29 02:33:00,307,0,60.0,5.12,100.0,High Churn Risk (Dormant / Churning),Tier 3: First-to-Second Order Conversion Offer (Free Shipping + Free Gift)
CUST-01735,Jackson Baker,jackson.baker583@example.com,Standard,Email Marketing,1,54.98,2025-06-13 09:56:00,2025-06-13 09:56:00,445,0,60.0,7.42,100.0,High Churn Risk (Dormant / Churning),Tier 3: First-to-Second Order Conversion Offer (Free Shipping + Free Gift)
CUST-01951,Mason Lee,mason.lee780@example.com,Standard,Organic Search,1,54.98,2025-09-25 23:01:00,2025-09-25 23:01:00,340,0,60.0,5.67,100.0,High Churn Risk (Dormant / Churning),Tier 3: First-to-Second Order Conversion Offer (Free Shipping + Free Gift)
CUST-02435,Madison Hill,madison.hill817@example.com,Standard,Email Marketing,1,54.98,2024-04-25 18:15:00,2024-04-25 18:15:00,858,0,60.0,14.3,100.0,High Churn Risk (Dormant / Churning),Tier 3: First-to-Second Order Conversion Offer (Free Shipping + Free Gift)
CUST-01959,Sofia Williams,sofia.williams131@example.com,Standard,Email Marketing,1,52.24,2024-10-01 04:43:00,2024-10-01 04:43:00,700,0,60.0,11.67,100.0,High Churn Risk (Dormant / Churning),Tier 3: First-to-Second Order Conversion Offer (Free Shipping + Free Gift)
CUST-02251,Daniel Brown,daniel.brown855@example.com,Standard,Organic Search,1,52.2,2023-12-18 20:35:00,2023-12-18 20:35:00,987,0,60.0,16.45,100.0,High Churn Risk (Dormant / Churning),Tier 3: First-to-Second Order Conversion Offer (Free Shipping + Free Gift)
CUST-01700,Isabella Martin,isabella.martin409@example.com,Standard,Paid Search (Google),1,51.73,2024-05-03 07:12:00,2024-05-03 07:12:00,851,0,60.0,14.18,100.0,High Churn Risk (Dormant / Churning),Tier 3: First-to-Second Order Conversion Offer (Free Shipping + Free Gift)
CUST-02334,Matthew Green,matthew.green328@example.com,Standard,Email Marketing,1,50.69,2024-02-03 22:34:00,2024-02-03 22:34:00,940,0,60.0,15.67,100.0,High Churn Risk (Dormant / Churning),Tier 3: First-to-Second Order Conversion Offer (Free Shipping + Free Gift)
CUST-02237,Lily Torres,lily.torres824@example.com,Standard,Affiliate Referral,1,50.39,2024-03-05 17:18:00,2024-03-05 17:18:00,909,0,60.0,15.15,100.0,High Churn Risk (Dormant / Churning),Tier 3: First-to-Second Order Conversion Offer (Free Shipping + Free Gift)
CUST-01637,Amelia Scott,amelia.scott52@example.com,Standard,Paid Search (Google),1,49.99,2023-03-31 09:44:00,2023-03-31 09:44:00,1250,0,60.0,20.83,100.0,High Churn Risk (Dormant / Churning),Tier 3: First-to-Second Order Conversion Offer (Free Shipping + Free Gift)
CUST-02475,Jack Campbell,jack.campbell465@example.com,Standard,Email Marketing,1,49.99,2026-02-26 15:28:00,2026-02-26 15:28:00,186,0,60.0,3.1,100.0,High Churn Risk (Dormant / Churning),Tier 3: First-to-Second Order Conversion Offer (Free Shipping + Free Gift)
CUST-01536,Camila Allen,camila.allen77@example.com,Standard,Affiliate Referral,1,49.98,2025-08-30 21:10:00,2025-08-30 21:10:00,366,0,60.0,6.1,100.0,High Churn Risk (Dormant / Churning),Tier 3: First-to-Second Order Conversion Offer (Free Shipping + Free Gift)
CUST-02419,Wyatt Williams,wyatt.williams640@example.com,Standard,Social Media (Instagram/TikTok),1,49.98,2024-11-21 15:00:00,2024-11-21 15:00:00,648,0,60.0,10.8,100.0,High Churn Risk (Dormant / Churning),Tier 3: First-to-Second Order Conversion Offer (Free Shipping + Free Gift)
CUST-01640,Carter Perez,carter.perez848@example.com,Standard,Paid Search (Google),1,49.89,2024-06-23 09:09:00,2024-06-23 09:09:00,800,0,60.0,13.33,100.0,High Churn Risk (Dormant / Churning),Tier 3: First-to-Second Order Conversion Offer (Free Shipping + Free Gift)
CUST-01564,Lucas Lee,lucas.lee55@example.com,Standard,Social Media (Instagram/TikTok),1,48.23,2025-08-21 09:06:00,2025-08-21 09:06:00,376,0,60.0,6.27,100.0,High Churn Risk (Dormant / Churning),Tier 3: First-to-Second Order Conversion Offer (Free Shipping + Free Gift)
CUST-02005,Charlotte Hernandez,charlotte.hernandez599@example.com,Standard,Social Media (Instagram/TikTok),1,48.23,2023-10-19 01:35:00,2023-10-19 01:35:00,1048,0,60.0,17.47,100.0,High Churn Risk (Dormant / Churning),Tier 3: First-to-Second Order Conversion Offer (Free Shipping + Free Gift)
CUST-01446,Mila Miller,mila.miller43@example.com,Silver,Affiliate Referral,1,48.0,2026-03-03 00:46:00,2026-03-03 00:46:00,182,0,60.0,3.03,100.0,High Churn Risk (Dormant / Churning),Tier 3: First-to-Second Order Conversion Offer (Free Shipping + Free Gift)
CUST-01849,Chloe Thomas,chloe.thomas214@example.com,Standard,Email Marketing,1,48.0,2024-04-23 12:33:00,2024-04-23 12:33:00,860,0,60.0,14.33,100.0,High Churn Risk (Dormant / Churning),Tier 3: First-to-Second Order Conversion Offer (Free Shipping + Free Gift)
CUST-02430,Camila Taylor,camila.taylor26@example.com,Standard,Affiliate Referral,1,48.0,2025-03-25 23:34:00,2025-03-25 23:34:00,524,0,60.0,8.73,100.0,High Churn Risk (Dormant / Churning),Tier 3: First-to-Second Order Conversion Offer (Free Shipping + Free Gift)
CUST-02001,Elizabeth Lewis,elizabeth.lewis372@example.com,Standard,Affiliate Referral,1,47.99,2025-01-21 23:45:00,2025-01-21 23:45:00,587,0,60.0,9.78,100.0,High Churn Risk (Dormant / Churning),Tier 3: First-to-Second Order Conversion Offer (Free Shipping + Free Gift)
CUST-02004,Samuel Garcia,samuel.garcia659@example.com,Standard,Paid Search (Google),1,47.98,2024-10-10 14:27:00,2024-10-10 14:27:00,690,0,60.0,11.5,100.0,High Churn Risk (Dormant / Churning),Tier 3: First-to-Second Order Conversion Offer (Free Shipping + Free Gift)
CUST-01554,Chloe Nguyen,chloe.nguyen710@example.com,Standard,Organic Search,1,47.49,2025-10-04 16:17:00,2025-10-04 16:17:00,331,0,60.0,5.52,100.0,High Churn Risk (Dormant / Churning),Tier 3: First-to-Second Order Conversion Offer (Free Shipping + Free Gift)
CUST-01904,William Roberts,william.roberts723@example.com,Standard,Email Marketing,1,47.49,2025-08-09 15:36:00,2025-08-09 15:36:00,387,0,60.0,6.45,100.0,High Churn Risk (Dormant / Churning),Tier 3: First-to-Second Order Conversion Offer (Free Shipping + Free Gift)
CUST-01661,Lucas Campbell,lucas.campbell71@example.com,Standard,Social Media (Instagram/TikTok),1,47.48,2024-11-29 21:29:00,2024-11-29 21:29:00,640,0,60.0,10.67,100.0,High Churn Risk (Dormant / Churning),Tier 3: First-to-Second Order Conversion Offer (Free Shipping + Free Gift)
CUST-02070,Scarlett Williams,scarlett.williams664@example.com,Standard,Paid Search (Google),1,46.99,2024-09-24 08:19:00,2024-09-24 08:19:00,707,0,60.0,11.78,100.0,High Churn Risk (Dormant / Churning),Tier 3: First-to-Second Order Conversion Offer (Free Shipping + Free Gift)
CUST-02108,David Rodriguez,david.rodriguez831@example.com,Standard,Email Marketing,1,46.74,2025-03-21 22:50:00,2025-03-21 22:50:00,528,0,60.0,8.8,100.0,High Churn Risk (Dormant / Churning),Tier 3: First-to-Second Order Conversion Offer (Free Shipping + Free Gift)
CUST-01920,Harper King,harper.king296@example.com,Standard,Social Media (Instagram/TikTok),1,45.98,2024-06-25 03:29:00,2024-06-25 03:29:00,798,0,60.0,13.3,100.0,High Churn Risk (Dormant / Churning),Tier 3: First-to-Second Order Conversion Offer (Free Shipping + Free Gift)
CUST-02421,Harper Martin,harper.martin592@example.com,Standard,Social Media (Instagram/TikTok),1,45.69,2024-11-09 03:03:00,2024-11-09 03:03:00,661,0,60.0,11.02,100.0,High Churn Risk (Dormant / Churning),Tier 3: First-to-Second Order Conversion Offer (Free Shipping + Free Gift)
CUST-01890,Noah Davis,noah.davis404@example.com,Standard,Paid Search (Google),1,44.98,2024-02-11 09:37:00,2024-02-11 09:37:00,933,0,60.0,15.55,100.0,High Churn Risk (Dormant / Churning),Tier 3: First-to-Second Order Conversion Offer (Free Shipping + Free Gift)
CUST-02471,Amelia Anderson,amelia.anderson692@example.com,Standard,Organic Search,1,44.98,2023-08-03 23:48:00,2023-08-03 23:48:00,1124,0,60.0,18.73,100.0,High Churn Risk (Dormant / Churning),Tier 3: First-to-Second Order Conversion Offer (Free Shipping + Free Gift)
CUST-02472,Michael Scott,michael.scott868@example.com,Standard,Organic Search,1,44.98,2023-12-06 03:23:00,2023-12-06 03:23:00,1000,0,60.0,16.67,100.0,High Churn Risk (Dormant / Churning),Tier 3: First-to-Second Order Conversion Offer (Free Shipping + Free Gift)
CUST-01449,Michael Nguyen,michael.nguyen932@example.com,Silver,Social Media (Instagram/TikTok),1,43.48,2025-01-29 10:48:00,2025-01-29 10:48:00,580,0,60.0,9.67,100.0,High Churn Risk (Dormant / Churning),Tier 3: First-to-Second Order Conversion Offer (Free Shipping + Free Gift)
CUST-01556,Ella Rivera,ella.rivera402@example.com,Standard,Affiliate Referral,1,42.98,2024-11-08 23:21:00,2024-11-08 23:21:00,661,0,60.0,11.02,100.0,High Churn Risk (Dormant / Churning),Tier 3: First-to-Second Order Conversion Offer (Free Shipping + Free Gift)
CUST-01588,Mason Thompson,mason.thompson691@example.com,Standard,Affiliate Referral,1,42.49,2025-08-09 18:35:00,2025-08-09 18:35:00,387,0,60.0,6.45,100.0,High Churn Risk (Dormant / Churning),Tier 3: First-to-Second Order Conversion Offer (Free Shipping + Free Gift)
CUST-01590,Jack Garcia,jack.garcia784@example.com,Standard,Affiliate Referral,1,42.49,2025-02-25 17:56:00,2025-02-25 17:56:00,552,0,60.0,9.2,100.0,High Churn Risk (Dormant / Churning),Tier 3: First-to-Second Order Conversion Offer (Free Shipping + Free Gift)
CUST-02193,Owen Davis,owen.davis210@example.com,Standard,Organic Search,1,42.0,2025-05-21 11:36:00,2025-05-21 11:36:00,468,0,60.0,7.8,100.0,High Churn Risk (Dormant / Churning),Tier 3: First-to-Second Order Conversion Offer (Free Shipping + Free Gift)
CUST-02492,Lucas Carter,lucas.carter792@example.com,Standard,Email Marketing,1,42.0,2024-11-02 03:03:00,2024-11-02 03:03:00,668,0,60.0,11.13,100.0,High Churn Risk (Dormant / Churning),Tier 3: First-to-Second Order Conversion Offer (Free Shipping + Free Gift)
CUST-02397,Scarlett Rodriguez,scarlett.rodriguez630@example.com,Standard,Organic Search,1,39.99,2025-09-21 05:21:00,2025-09-21 05:21:00,345,0,60.0,5.75,100.0,High Churn Risk (Dormant / Churning),Tier 3: First-to-Second Order Conversion Offer (Free Shipping + Free Gift)
CUST-02448,Grace Scott,grace.scott527@example.com,Standard,Email Marketing,1,39.99,2024-07-26 01:36:00,2024-07-26 01:36:00,767,0,60.0,12.78,100.0,High Churn Risk (Dormant / Churning),Tier 3: First-to-Second Order Conversion Offer (Free Shipping + Free Gift)
CUST-02286,Victoria Hall,victoria.hall254@example.com,Standard,Organic Search,1,38.79,2024-08-05 03:46:00,2024-08-05 03:46:00,757,0,60.0,12.62,100.0,High Churn Risk (Dormant / Churning),Tier 3: First-to-Second Order Conversion Offer (Free Shipping + Free Gift)
CUST-02168,Jack Moore,jack.moore268@example.com,Standard,Organic Search,1,38.48,2023-12-05 00:20:00,2023-12-05 00:20:00,1001,0,60.0,16.68,100.0,High Churn Risk (Dormant / Churning),Tier 3: First-to-Second Order Conversion Offer (Free Shipping + Free Gift)
CUST-01600,Lucas Mitchell,lucas.mitchell687@example.com,Standard,Paid Search (Google),1,38.0,2025-02-01 23:53:00,2025-02-01 23:53:00,576,0,60.0,9.6,100.0,High Churn Risk (Dormant / Churning),Tier 3: First-to-Second Order Conversion Offer (Free Shipping + Free Gift)
CUST-01674,Mason Rivera,mason.rivera535@example.com,Standard,Organic Search,1,38.0,2025-08-25 00:00:00,2025-08-25 00:00:00,372,0,60.0,6.2,100.0,High Churn Risk (Dormant / Churning),Tier 3: First-to-Second Order Conversion Offer (Free Shipping + Free Gift)
CUST-01380,Michael Carter,michael.carter772@example.com,Silver,Social Media (Instagram/TikTok),1,37.98,2025-02-16 16:14:00,2025-02-16 16:14:00,561,0,60.0,9.35,100.0,High Churn Risk (Dormant / Churning),Tier 3: First-to-Second Order Conversion Offer (Free Shipping + Free Gift)
CUST-01872,Sofia Baker,sofia.baker722@example.com,Standard,Affiliate Referral,1,37.98,2025-05-09 05:08:00,2025-05-09 05:08:00,480,0,60.0,8.0,100.0,High Churn Risk (Dormant / Churning),Tier 3: First-to-Second Order Conversion Offer (Free Shipping + Free Gift)
CUST-01723,Olivia Nelson,olivia.nelson465@example.com,Standard,Social Media (Instagram/TikTok),1,37.19,2025-01-29 13:11:00,2025-01-29 13:11:00,579,0,60.0,9.65,100.0,High Churn Risk (Dormant / Churning),Tier 3: First-to-Second Order Conversion Offer (Free Shipping + Free Gift)
CUST-02284,Aiden Rivera,aiden.rivera620@example.com,Standard,Organic Search,1,37.09,2022-07-29 13:45:00,2022-07-29 13:45:00,1494,0,60.0,24.9,100.0,High Churn Risk (Dormant / Churning),Tier 3: First-to-Second Order Conversion Offer (Free Shipping + Free Gift)
CUST-01826,Layla Hill,layla.hill836@example.com,Standard,Social Media (Instagram/TikTok),1,36.1,2025-09-25 01:53:00,2025-09-25 01:53:00,341,0,60.0,5.68,100.0,High Churn Risk (Dormant / Churning),Tier 3: First-to-Second Order Conversion Offer (Free Shipping + Free Gift)
CUST-02245,Lily Jackson,lily.jackson144@example.com,Standard,Organic Search,1,35.99,2024-11-16 02:06:00,2024-11-16 02:06:00,654,0,60.0,10.9,100.0,High Churn Risk (Dormant / Churning),Tier 3: First-to-Second Order Conversion Offer (Free Shipping + Free Gift)
CUST-02381,Michael Scott,michael.scott846@example.com,Standard,Organic Search,1,35.7,2024-05-16 04:21:00,2024-05-16 04:21:00,838,0,60.0,13.97,100.0,High Churn Risk (Dormant / Churning),Tier 3: First-to-Second Order Conversion Offer (Free Shipping + Free Gift)
CUST-02012,Grace Brown,grace.brown442@example.com,Standard,Paid Search (Google),1,35.48,2024-08-19 22:51:00,2024-08-19 22:51:00,742,0,60.0,12.37,100.0,High Churn Risk (Dormant / Churning),Tier 3: First-to-Second Order Conversion Offer (Free Shipping + Free Gift)
CUST-01658,Aiden Wilson,aiden.wilson105@example.com,Standard,Social Media (Instagram/TikTok),1,35.39,2025-10-27 18:53:00,2025-10-27 18:53:00,308,0,60.0,5.13,100.0,High Churn Risk (Dormant / Churning),Tier 3: First-to-Second Order Conversion Offer (Free Shipping + Free Gift)
CUST-02277,Jacob Jackson,jacob.jackson203@example.com,Standard,Affiliate Referral,1,34.99,2024-12-29 04:33:00,2024-12-29 04:33:00,611,0,60.0,10.18,100.0,High Churn Risk (Dormant / Churning),Tier 3: First-to-Second Order Conversion Offer (Free Shipping + Free Gift)
CUST-02280,Daniel Davis,daniel.davis64@example.com,Standard,Social Media (Instagram/TikTok),1,34.2,2026-02-22 07:56:00,2026-02-22 07:56:00,191,0,60.0,3.18,100.0,High Churn Risk (Dormant / Churning),Tier 3: First-to-Second Order Conversion Offer (Free Shipping + Free Gift)
CUST-02406,Liam Young,liam.young866@example.com,Standard,Social Media (Instagram/TikTok),1,34.2,2025-01-12 14:21:00,2025-01-12 14:21:00,596,0,60.0,9.93,100.0,High Churn Risk (Dormant / Churning),Tier 3: First-to-Second Order Conversion Offer (Free Shipping + Free Gift)
CUST-02410,Zoey Wright,zoey.wright63@example.com,Standard,Organic Search,1,34.2,2025-12-04 14:36:00,2025-12-04 14:36:00,270,0,60.0,4.5,100.0,High Churn Risk (Dormant / Churning),Tier 3: First-to-Second Order Conversion Offer (Free Shipping + Free Gift)
CUST-02235,Chloe White,chloe.white158@example.com,Standard,Organic Search,1,32.0,2024-05-30 18:51:00,2024-05-30 18:51:00,823,0,60.0,13.72,100.0,High Churn Risk (Dormant / Churning),Tier 3: First-to-Second Order Conversion Offer (Free Shipping + Free Gift)
CUST-02228,Nora Ramirez,nora.ramirez620@example.com,Standard,Social Media (Instagram/TikTok),1,31.49,2024-10-03 03:40:00,2024-10-03 03:40:00,698,0,60.0,11.63,100.0,High Churn Risk (Dormant / Churning),Tier 3: First-to-Second Order Conversion Offer (Free Shipping + Free Gift)
CUST-01748,William Rodriguez,william.rodriguez73@example.com,Standard,Organic Search,1,30.4,2025-01-07 17:01:00,2025-01-07 17:01:00,601,0,60.0,10.02,100.0,High Churn Risk (Dormant / Churning),Tier 3: First-to-Second Order Conversion Offer (Free Shipping + Free Gift)
CUST-02353,Owen Walker,owen.walker630@example.com,Standard,Affiliate Referral,1,29.74,2025-12-03 03:40:00,2025-12-03 03:40:00,272,0,60.0,4.53,100.0,High Churn Risk (Dormant / Churning),Tier 3: First-to-Second Order Conversion Offer (Free Shipping + Free Gift)
CUST-01815,Nora Green,nora.green926@example.com,Standard,Paid Search (Google),1,29.53,2025-06-14 16:11:00,2025-06-14 16:11:00,443,0,60.0,7.38,100.0,High Churn Risk (Dormant / Churning),Tier 3: First-to-Second Order Conversion Offer (Free Shipping + Free Gift)
CUST-02341,Logan Mitchell,logan.mitchell683@example.com,Standard,Affiliate Referral,1,28.03,2023-05-25 23:49:00,2023-05-25 23:49:00,1194,0,60.0,19.9,100.0,High Churn Risk (Dormant / Churning),Tier 3: First-to-Second Order Conversion Offer (Free Shipping + Free Gift)
CUST-02379,Dylan Taylor,dylan.taylor678@example.com,Standard,Social Media (Instagram/TikTok),1,27.98,2024-03-22 07:18:00,2024-03-22 07:18:00,893,0,60.0,14.88,100.0,High Churn Risk (Dormant / Churning),Tier 3: First-to-Second Order Conversion Offer (Free Shipping + Free Gift)
CUST-02457,Penelope Ramirez,penelope.ramirez372@example.com,Standard,Affiliate Referral,1,27.98,2024-11-23 23:16:00,2024-11-23 23:16:00,646,0,60.0,10.77,100.0,High Churn Risk (Dormant / Churning),Tier 3: First-to-Second Order Conversion Offer (Free Shipping + Free Gift)
CUST-01908,Mila Brown,mila.brown777@example.com,Standard,Social Media (Instagram/TikTok),1,27.48,2023-07-11 07:14:00,2023-07-11 07:14:00,1148,0,60.0,19.13,100.0,High Churn Risk (Dormant / Churning),Tier 3: First-to-Second Order Conversion Offer (Free Shipping + Free Gift)
CUST-01741,Mia Thomas,mia.thomas211@example.com,Standard,Social Media (Instagram/TikTok),1,27.2,2024-11-03 15:45:00,2024-11-03 15:45:00,666,0,60.0,11.1,100.0,High Churn Risk (Dormant / Churning),Tier 3: First-to-Second Order Conversion Offer (Free Shipping + Free Gift)
CUST-02239,Ella Miller,ella.miller584@example.com,Standard,Organic Search,1,27.2,2025-12-07 16:46:00,2025-12-07 16:46:00,267,0,60.0,4.45,100.0,High Churn Risk (Dormant / Churning),Tier 3: First-to-Second Order Conversion Offer (Free Shipping + Free Gift)
CUST-01023,Nora Clark,nora.clark181@example.com,Silver,Paid Search (Google),1,26.83,2025-07-18 19:21:00,2025-07-18 19:21:00,409,0,60.0,6.82,100.0,High Churn Risk (Dormant / Churning),Tier 3: First-to-Second Order Conversion Offer (Free Shipping + Free Gift)
CUST-01535,David Rivera,david.rivera442@example.com,Standard,Paid Search (Google),1,26.0,2023-02-07 06:40:00,2023-02-07 06:40:00,1302,0,60.0,21.7,100.0,High Churn Risk (Dormant / Churning),Tier 3: First-to-Second Order Conversion Offer (Free Shipping + Free Gift)
CUST-01659,Luna Carter,luna.carter660@example.com,Standard,Organic Search,1,26.0,2023-03-29 22:05:00,2023-03-29 22:05:00,1251,0,60.0,20.85,100.0,High Churn Risk (Dormant / Churning),Tier 3: First-to-Second Order Conversion Offer (Free Shipping + Free Gift)
CUST-02151,Camila Walker,camila.walker272@example.com,Standard,Paid Search (Google),1,26.0,2025-09-08 02:10:00,2025-09-08 02:10:00,358,0,60.0,5.97,100.0,High Churn Risk (Dormant / Churning),Tier 3: First-to-Second Order Conversion Offer (Free Shipping + Free Gift)
CUST-01525,Chloe Hall,chloe.hall981@example.com,Standard,Affiliate Referral,1,25.49,2024-10-03 05:53:00,2024-10-03 05:53:00,698,0,60.0,11.63,100.0,High Churn Risk (Dormant / Churning),Tier 3: First-to-Second Order Conversion Offer (Free Shipping + Free Gift)
CUST-01767,Hannah Anderson,hannah.anderson952@example.com,Standard,Paid Search (Google),1,25.49,2026-03-03 01:23:00,2026-03-03 01:23:00,182,0,60.0,3.03,100.0,High Churn Risk (Dormant / Churning),Tier 3: First-to-Second Order Conversion Offer (Free Shipping + Free Gift)
CUST-01794,Samuel Moore,samuel.moore401@example.com,Standard,Email Marketing,1,24.99,2025-01-24 17:23:00,2025-01-24 17:23:00,584,0,60.0,9.73,100.0,High Churn Risk (Dormant / Churning),Tier 3: First-to-Second Order Conversion Offer (Free Shipping + Free Gift)
CUST-02339,Henry Wright,henry.wright276@example.com,Standard,Email Marketing,1,23.98,2026-02-07 09:10:00,2026-02-07 09:10:00,206,0,60.0,3.43,100.0,High Churn Risk (Dormant / Churning),Tier 3: First-to-Second Order Conversion Offer (Free Shipping + Free Gift)
CUST-02166,Noah Hill,noah.hill802@example.com,Standard,Social Media (Instagram/TikTok),1,23.4,2024-12-03 00:36:00,2024-12-03 00:36:00,637,0,60.0,10.62,100.0,High Churn Risk (Dormant / Churning),Tier 3: First-to-Second Order Conversion Offer (Free Shipping + Free Gift)
CUST-02458,Henry Rivera,henry.rivera310@example.com,Standard,Social Media (Instagram/TikTok),1,23.4,2026-02-05 02:16:00,2026-02-05 02:16:00,208,0,60.0,3.47,100.0,High Churn Risk (Dormant / Churning),Tier 3: First-to-Second Order Conversion Offer (Free Shipping + Free Gift)
CUST-01791,Benjamin Jackson,benjamin.jackson465@example.com,Standard,Paid Search (Google),1,23.03,2026-01-03 13:31:00,2026-01-03 13:31:00,240,0,60.0,4.0,100.0,High Churn Risk (Dormant / Churning),Tier 3: First-to-Second Order Conversion Offer (Free Shipping + Free Gift)
CUST-01663,Nora Martin,nora.martin596@example.com,Standard,Email Marketing,1,22.99,2024-07-04 07:30:00,2024-07-04 07:30:00,789,0,60.0,13.15,100.0,High Churn Risk (Dormant / Churning),Tier 3: First-to-Second Order Conversion Offer (Free Shipping + Free Gift)
CUST-02126,Victoria Rivera,victoria.rivera242@example.com,Standard,Social Media (Instagram/TikTok),1,22.99,2023-05-04 04:38:00,2023-05-04 04:38:00,1216,0,60.0,20.27,100.0,High Churn Risk (Dormant / Churning),Tier 3: First-to-Second Order Conversion Offer (Free Shipping + Free Gift)
CUST-01865,Henry Mitchell,henry.mitchell448@example.com,Standard,Affiliate Referral,1,22.1,2025-01-18 07:31:00,2025-01-18 07:31:00,591,0,60.0,9.85,100.0,High Churn Risk (Dormant / Churning),Tier 3: First-to-Second Order Conversion Offer (Free Shipping + Free Gift)
CUST-01580,Jayden Green,jayden.green988@example.com,Standard,Organic Search,1,19.99,2025-10-28 05:34:00,2025-10-28 05:34:00,308,0,60.0,5.13,100.0,High Churn Risk (Dormant / Churning),Tier 3: First-to-Second Order Conversion Offer (Free Shipping + Free Gift)
CUST-01940,Daniel Miller,daniel.miller414@example.com,Standard,Email Marketing,1,19.99,2025-06-21 02:25:00,2025-06-21 02:25:00,437,0,60.0,7.28,100.0,High Churn Risk (Dormant / Churning),Tier 3: First-to-Second Order Conversion Offer (Free Shipping + Free Gift)
CUST-02453,Logan Torres,logan.torres516@example.com,Standard,Paid Search (Google),1,19.54,2023-09-09 19:02:00,2023-09-09 19:02:00,1087,0,60.0,18.12,100.0,High Churn Risk (Dormant / Churning),Tier 3: First-to-Second Order Conversion Offer (Free Shipping + Free Gift)
CUST-01688,Emily Rivera,emily.rivera35@example.com,Standard,Social Media (Instagram/TikTok),1,18.99,2026-01-14 01:58:00,2026-01-14 01:58:00,230,0,60.0,3.83,100.0,High Churn Risk (Dormant / Churning),Tier 3: First-to-Second Order Conversion Offer (Free Shipping + Free Gift)
CUST-02075,Isabella Green,isabella.green845@example.com,Standard,Paid Search (Google),1,18.99,2025-12-15 19:50:00,2025-12-15 19:50:00,259,0,60.0,4.32,100.0,High Churn Risk (Dormant / Churning),Tier 3: First-to-Second Order Conversion Offer (Free Shipping + Free Gift)
CUST-01645,Avery Rodriguez,avery.rodriguez831@example.com,Standard,Email Marketing,1,17.99,2024-11-01 10:57:00,2024-11-01 10:57:00,669,0,60.0,11.15,100.0,High Churn Risk (Dormant / Churning),Tier 3: First-to-Second Order Conversion Offer (Free Shipping + Free Gift)
CUST-02155,Chloe Garcia,chloe.garcia708@example.com,Standard,Email Marketing,1,17.99,2025-10-18 19:52:00,2025-10-18 19:52:00,317,0,60.0,5.28,100.0,High Churn Risk (Dormant / Churning),Tier 3: First-to-Second Order Conversion Offer (Free Shipping + Free Gift)
CUST-01769,David Mitchell,david.mitchell394@example.com,Standard,Paid Search (Google),1,17.09,2024-11-13 19:33:00,2024-11-13 19:33:00,656,0,60.0,10.93,100.0,High Churn Risk (Dormant / Churning),Tier 3: First-to-Second Order Conversion Offer (Free Shipping + Free Gift)
CUST-00157,Benjamin Thomas,benjamin.thomas131@example.com,Platinum,Affiliate Referral,23,14346.05,2024-10-01 14:18:00,2025-03-30 13:42:00,519,180,8.2,63.29,90.0,Critical Churn Risk (High Value At-Risk),Tier 1: High-Priority VIP Winback ($30 Loyalty Credit + Personal Email)
CUST-00155,Lucas Jones,lucas.jones420@example.com,Platinum,Affiliate Referral,20,12155.49,2022-11-11 11:24:00,2025-01-24 03:48:00,585,805,42.4,13.8,90.0,Critical Churn Risk (High Value At-Risk),Tier 1: High-Priority VIP Winback ($30 Loyalty Credit + Personal Email)
CUST-00101,Amelia Roberts,amelia.roberts445@example.com,Platinum,Affiliate Referral,19,10918.21,2023-07-12 23:13:00,2025-03-05 09:14:00,545,601,33.4,16.32,90.0,Critical Churn Risk (High Value At-Risk),Tier 1: High-Priority VIP Winback ($30 Loyalty Credit + Personal Email)
CUST-00063,Ella Allen,ella.allen281@example.com,Platinum,Organic Search,21,10063.36,2024-05-30 10:12:00,2025-03-20 03:14:00,530,294,14.7,36.05,90.0,Critical Churn Risk (High Value At-Risk),Tier 1: High-Priority VIP Winback ($30 Loyalty Credit + Personal Email)
CUST-00209,Lily Green,lily.green270@example.com,Platinum,Organic Search,22,9976.19,2023-12-16 20:57:00,2025-04-01 03:41:00,518,471,22.4,23.12,90.0,Critical Churn Risk (High Value At-Risk),Tier 1: High-Priority VIP Winback ($30 Loyalty Credit + Personal Email)
CUST-00079,Owen Williams,owen.williams889@example.com,Platinum,Paid Search (Google),25,9047.64,2023-09-11 07:21:00,2025-03-08 07:12:00,542,544,22.7,23.88,90.0,Critical Churn Risk (High Value At-Risk),Tier 1: High-Priority VIP Winback ($30 Loyalty Credit + Personal Email)
CUST-00249,Layla Ramirez,layla.ramirez712@example.com,Platinum,Email Marketing,22,8801.37,2025-03-02 03:14:00,2025-04-01 06:27:00,518,30,1.4,370.0,90.0,Critical Churn Risk (High Value At-Risk),Tier 1: High-Priority VIP Winback ($30 Loyalty Credit + Personal Email)
CUST-00047,Elizabeth Moore,elizabeth.moore483@example.com,Platinum,Email Marketing,14,8443.23,2022-11-15 06:19:00,2025-02-21 14:48:00,556,829,63.8,8.71,90.0,Critical Churn Risk (High Value At-Risk),Tier 1: High-Priority VIP Winback ($30 Loyalty Credit + Personal Email)
CUST-00248,Matthew Robinson,matthew.robinson668@example.com,Platinum,Email Marketing,23,8105.04,2022-10-06 21:38:00,2025-02-01 22:21:00,576,849,38.6,14.92,90.0,Critical Churn Risk (High Value At-Risk),Tier 1: High-Priority VIP Winback ($30 Loyalty Credit + Personal Email)
CUST-00072,Emma Davis,emma.davis87@example.com,Platinum,Affiliate Referral,23,7911.01,2023-04-13 22:58:00,2025-03-20 02:07:00,530,706,32.1,16.51,90.0,Critical Churn Risk (High Value At-Risk),Tier 1: High-Priority VIP Winback ($30 Loyalty Credit + Personal Email)
CUST-00194,Avery Roberts,avery.roberts430@example.com,Platinum,Email Marketing,13,7802.69,2024-05-31 10:04:00,2025-02-06 19:20:00,571,251,20.9,27.32,90.0,Critical Churn Risk (High Value At-Risk),Tier 1: High-Priority VIP Winback ($30 Loyalty Credit + Personal Email)
CUST-00894,Samuel Johnson,samuel.johnson408@example.com,Silver,Affiliate Referral,5,7667.51,2023-04-20 16:06:00,2025-02-12 05:14:00,566,664,166.0,3.41,90.0,Critical Churn Risk (High Value At-Risk),Tier 1: High-Priority VIP Winback ($30 Loyalty Credit + Personal Email)
CUST-00649,Abigail Lopez,abigail.lopez963@example.com,Gold,Affiliate Referral,7,7374.86,2023-05-02 06:57:00,2025-07-09 02:18:00,419,799,133.2,3.15,90.0,Critical Churn Risk (High Value At-Risk),Tier 1: High-Priority VIP Winback ($30 Loyalty Credit + Personal Email)
CUST-00228,Daniel Adams,daniel.adams74@example.com,Platinum,Social Media (Instagram/TikTok),16,7237.27,2025-01-09 08:57:00,2025-03-29 19:56:00,520,79,5.3,98.11,90.0,Critical Churn Risk (High Value At-Risk),Tier 1: High-Priority VIP Winback ($30 Loyalty Credit + Personal Email)
CUST-00069,Grayson Taylor,grayson.taylor937@example.com,Platinum,Organic Search,19,7209.74,2022-10-06 21:11:00,2025-03-31 14:38:00,518,907,50.4,10.28,90.0,Critical Churn Risk (High Value At-Risk),Tier 1: High-Priority VIP Winback ($30 Loyalty Credit + Personal Email)
CUST-00034,Camila King,camila.king903@example.com,Platinum,Paid Search (Google),19,6966.77,2024-10-15 09:57:00,2025-04-01 18:44:00,517,168,9.3,55.59,90.0,Critical Churn Risk (High Value At-Risk),Tier 1: High-Priority VIP Winback ($30 Loyalty Credit + Personal Email)
CUST-00158,Daniel Roberts,daniel.roberts545@example.com,Platinum,Email Marketing,22,6782.29,2024-12-19 12:18:00,2025-03-31 07:59:00,519,102,4.9,105.92,90.0,Critical Churn Risk (High Value At-Risk),Tier 1: High-Priority VIP Winback ($30 Loyalty Credit + Personal Email)
CUST-00048,Elijah Brown,elijah.brown677@example.com,Platinum,Organic Search,17,6694.89,2022-08-04 03:56:00,2025-12-10 10:14:00,265,1224,76.5,3.46,90.0,Critical Churn Risk (High Value At-Risk),Tier 1: High-Priority VIP Winback ($30 Loyalty Credit + Personal Email)
CUST-00027,Zoey Hernandez,zoey.hernandez474@example.com,Platinum,Affiliate Referral,15,6645.45,2023-12-04 02:19:00,2025-03-10 23:37:00,539,463,33.1,16.28,90.0,Critical Churn Risk (High Value At-Risk),Tier 1: High-Priority VIP Winback ($30 Loyalty Credit + Personal Email)
CUST-00091,Mason Gonzalez,mason.gonzalez440@example.com,Platinum,Paid Search (Google),19,6622.75,2024-07-16 01:43:00,2025-03-15 08:41:00,535,242,13.4,39.93,90.0,Critical Churn Risk (High Value At-Risk),Tier 1: High-Priority VIP Winback ($30 Loyalty Credit + Personal Email)
CUST-00136,Madison Thomas,madison.thomas860@example.com,Platinum,Email Marketing,21,6485.54,2024-02-09 14:48:00,2025-02-05 20:39:00,572,362,18.1,31.6,90.0,Critical Churn Risk (High Value At-Risk),Tier 1: High-Priority VIP Winback ($30 Loyalty Credit + Personal Email)
CUST-00245,Riley King,riley.king126@example.com,Platinum,Email Marketing,14,6442.62,2022-10-23 09:19:00,2025-03-17 11:47:00,533,876,67.4,7.91,90.0,Critical Churn Risk (High Value At-Risk),Tier 1: High-Priority VIP Winback ($30 Loyalty Credit + Personal Email)
CUST-00572,Jayden Davis,jayden.davis278@example.com,Gold,Affiliate Referral,8,6441.61,2025-03-02 22:19:00,2025-03-27 00:12:00,523,24,3.4,153.82,90.0,Critical Churn Risk (High Value At-Risk),Tier 1: High-Priority VIP Winback ($30 Loyalty Credit + Personal Email)
CUST-00244,Madison Johnson,madison.johnson188@example.com,Platinum,Paid Search (Google),21,6292.72,2022-11-07 19:54:00,2025-03-27 21:22:00,522,871,43.6,11.97,90.0,Critical Churn Risk (High Value At-Risk),Tier 1: High-Priority VIP Winback ($30 Loyalty Credit + Personal Email)
CUST-00111,Lily Clark,lily.clark73@example.com,Platinum,Email Marketing,12,6280.28,2024-10-12 07:45:00,2025-03-12 06:15:00,538,151,13.7,39.27,90.0,Critical Churn Risk (High Value At-Risk),Tier 1: High-Priority VIP Winback ($30 Loyalty Credit + Personal Email)
CUST-00243,Emma Thompson,emma.thompson818@example.com,Platinum,Affiliate Referral,18,5869.26,2023-11-04 05:23:00,2025-02-28 21:44:00,549,483,28.4,19.33,90.0,Critical Churn Risk (High Value At-Risk),Tier 1: High-Priority VIP Winback ($30 Loyalty Credit + Personal Email)
CUST-00229,John Davis,john.davis153@example.com,Platinum,Social Media (Instagram/TikTok),10,5867.76,2022-09-05 05:37:00,2025-03-09 00:50:00,541,916,101.8,5.31,90.0,Critical Churn Risk (High Value At-Risk),Tier 1: High-Priority VIP Winback ($30 Loyalty Credit + Personal Email)
CUST-00181,Hannah Green,hannah.green462@example.com,Platinum,Paid Search (Google),15,5750.42,2022-12-04 09:57:00,2025-01-17 19:43:00,591,775,55.4,10.67,90.0,Critical Churn Risk (High Value At-Risk),Tier 1: High-Priority VIP Winback ($30 Loyalty Credit + Personal Email)
CUST-00407,Evelyn Lee,evelyn.lee963@example.com,Gold,Paid Search (Google),4,5683.91,2024-07-26 16:15:00,2025-01-30 10:49:00,579,188,62.7,9.23,90.0,Critical Churn Risk (High Value At-Risk),Tier 1: High-Priority VIP Winback ($30 Loyalty Credit + Personal Email)
CUST-00056,William Baker,william.baker892@example.com,Platinum,Organic Search,19,5649.23,2024-09-05 11:43:00,2025-03-11 02:48:00,539,187,10.4,51.83,90.0,Critical Churn Risk (High Value At-Risk),Tier 1: High-Priority VIP Winback ($30 Loyalty Credit + Personal Email)
CUST-00143,Nora Johnson,nora.johnson105@example.com,Platinum,Email Marketing,13,5639.96,2023-11-08 15:16:00,2025-01-04 23:42:00,604,423,35.2,17.16,90.0,Critical Churn Risk (High Value At-Risk),Tier 1: High-Priority VIP Winback ($30 Loyalty Credit + Personal Email)
CUST-00592,Joseph Rivera,joseph.rivera634@example.com,Gold,Paid Search (Google),8,5596.47,2024-11-25 20:46:00,2025-03-30 20:01:00,519,125,17.9,28.99,90.0,Critical Churn Risk (High Value At-Risk),Tier 1: High-Priority VIP Winback ($30 Loyalty Credit + Personal Email)
CUST-00175,Charlotte Walker,charlotte.walker366@example.com,Platinum,Social Media (Instagram/TikTok),22,5554.25,2024-05-03 14:07:00,2025-02-25 21:30:00,552,298,14.2,38.87,90.0,Critical Churn Risk (High Value At-Risk),Tier 1: High-Priority VIP Winback ($30 Loyalty Credit + Personal Email)
CUST-00536,Emma Jackson,emma.jackson433@example.com,Gold,Affiliate Referral,5,5432.51,2024-04-03 20:52:00,2025-03-27 08:48:00,523,357,89.2,5.86,90.0,Critical Churn Risk (High Value At-Risk),Tier 1: High-Priority VIP Winback ($30 Loyalty Credit + Personal Email)
CUST-00055,Isabella Allen,isabella.allen92@example.com,Platinum,Organic Search,13,5409.36,2023-06-29 04:47:00,2025-01-26 12:59:00,582,577,48.1,12.1,90.0,Critical Churn Risk (High Value At-Risk),Tier 1: High-Priority VIP Winback ($30 Loyalty Credit + Personal Email)
CUST-00468,Joseph Davis,joseph.davis192@example.com,Gold,Affiliate Referral,8,5327.53,2024-09-10 03:55:00,2025-04-01 07:31:00,518,203,29.0,17.86,90.0,Critical Churn Risk (High Value At-Risk),Tier 1: High-Priority VIP Winback ($30 Loyalty Credit + Personal Email)
CUST-00189,William Moore,william.moore801@example.com,Platinum,Social Media (Instagram/TikTok),15,5282.14,2024-10-10 07:45:00,2025-03-23 18:28:00,526,164,11.7,44.96,90.0,Critical Churn Risk (High Value At-Risk),Tier 1: High-Priority VIP Winback ($30 Loyalty Credit + Personal Email)
CUST-00827,Daniel Nelson,daniel.nelson904@example.com,Silver,Affiliate Referral,5,5216.44,2025-06-10 05:49:00,2026-02-20 06:23:00,193,255,63.8,3.03,90.0,Critical Churn Risk (High Value At-Risk),Tier 1: High-Priority VIP Winback ($30 Loyalty Credit + Personal Email)
CUST-00318,Chloe Baker,chloe.baker979@example.com,Gold,Email Marketing,4,5173.18,2024-11-25 06:05:00,2025-02-04 14:25:00,573,71,23.7,24.18,90.0,Critical Churn Risk (High Value At-Risk),Tier 1: High-Priority VIP Winback ($30 Loyalty Credit + Personal Email)
CUST-00174,Luke Moore,luke.moore195@example.com,Platinum,Email Marketing,20,5155.01,2024-11-17 00:02:00,2025-03-27 14:03:00,522,131,6.9,75.65,90.0,Critical Churn Risk (High Value At-Risk),Tier 1: High-Priority VIP Winback ($30 Loyalty Credit + Personal Email)
CUST-00793,Joseph Martin,joseph.martin142@example.com,Silver,Affiliate Referral,2,5125.41,2025-09-06 04:53:00,2025-10-24 22:24:00,311,49,49.0,6.35,90.0,Critical Churn Risk (High Value At-Risk),Tier 1: High-Priority VIP Winback ($30 Loyalty Credit + Personal Email)
CUST-00119,Oliver Taylor,oliver.taylor398@example.com,Platinum,Email Marketing,16,5073.35,2024-01-04 06:51:00,2025-03-23 05:21:00,527,444,29.6,17.8,90.0,Critical Churn Risk (High Value At-Risk),Tier 1: High-Priority VIP Winback ($30 Loyalty Credit + Personal Email)
CUST-00169,Layla Moore,layla.moore522@example.com,Platinum,Email Marketing,11,5052.24,2025-03-08 14:09:00,2025-03-25 20:19:00,524,17,1.7,308.24,90.0,Critical Churn Risk (High Value At-Risk),Tier 1: High-Priority VIP Winback ($30 Loyalty Credit + Personal Email)
CUST-00127,Olivia Martin,olivia.martin599@example.com,Platinum,Email Marketing,22,4913.83,2024-07-15 02:49:00,2025-03-19 02:33:00,531,247,11.8,45.0,90.0,Critical Churn Risk (High Value At-Risk),Tier 1: High-Priority VIP Winback ($30 Loyalty Credit + Personal Email)
CUST-01974,Noah Garcia,noah.garcia137@example.com,Standard,Social Media (Instagram/TikTok),2,4852.41,2024-03-30 10:14:00,2024-05-12 19:29:00,841,43,43.0,19.56,90.0,Critical Churn Risk (High Value At-Risk),Tier 1: High-Priority VIP Winback ($30 Loyalty Credit + Personal Email)
CUST-01477,Grayson Allen,grayson.allen277@example.com,Silver,Affiliate Referral,2,4674.95,2025-09-23 11:08:00,2025-10-03 10:05:00,333,10,10.0,33.3,90.0,Critical Churn Risk (High Value At-Risk),Tier 1: High-Priority VIP Winback ($30 Loyalty Credit + Personal Email)
CUST-00708,Victoria Campbell,victoria.campbell715@example.com,Gold,Paid Search (Google),6,4672.34,2023-06-25 10:25:00,2024-09-27 23:57:00,703,461,92.2,7.62,90.0,Critical Churn Risk (High Value At-Risk),Tier 1: High-Priority VIP Winback ($30 Loyalty Credit + Personal Email)
CUST-00050,Layla Brown,layla.brown178@example.com,Platinum,Email Marketing,13,4591.03,2022-07-27 19:27:00,2024-09-02 04:27:00,729,767,63.9,11.41,90.0,Critical Churn Risk (High Value At-Risk),Tier 1: High-Priority VIP Winback ($30 Loyalty Credit + Personal Email)
CUST-00120,Madison Perez,madison.perez789@example.com,Platinum,Email Marketing,13,4571.23,2024-02-17 13:59:00,2025-03-13 08:48:00,537,390,32.5,16.52,90.0,Critical Churn Risk (High Value At-Risk),Tier 1: High-Priority VIP Winback ($30 Loyalty Credit + Personal Email)
CUST-00720,Emily Harris,emily.harris174@example.com,Gold,Affiliate Referral,9,4510.52,2023-02-23 08:43:00,2025-03-26 14:48:00,523,762,95.2,5.49,90.0,Critical Churn Risk (High Value At-Risk),Tier 1: High-Priority VIP Winback ($30 Loyalty Credit + Personal Email)
CUST-01435,Sebastian Baker,sebastian.baker724@example.com,Silver,Organic Search,4,4496.48,2024-07-25 13:44:00,2025-03-16 17:09:00,533,234,78.0,6.83,90.0,Critical Churn Risk (High Value At-Risk),Tier 1: High-Priority VIP Winback ($30 Loyalty Credit + Personal Email)
CUST-00090,Victoria Nelson,victoria.nelson428@example.com,Platinum,Social Media (Instagram/TikTok),12,4480.81,2024-09-16 17:08:00,2025-02-16 14:28:00,561,153,13.9,40.36,90.0,Critical Churn Risk (High Value At-Risk),Tier 1: High-Priority VIP Winback ($30 Loyalty Credit + Personal Email)
CUST-00615,Jack Hall,jack.hall145@example.com,Gold,Paid Search (Google),10,4331.32,2023-02-02 16:37:00,2025-03-14 17:47:00,535,771,85.7,6.24,90.0,Critical Churn Risk (High Value At-Risk),Tier 1: High-Priority VIP Winback ($30 Loyalty Credit + Personal Email)
CUST-01208,Penelope Lopez,penelope.lopez619@example.com,Silver,Social Media (Instagram/TikTok),4,4283.81,2024-03-17 01:40:00,2025-02-04 19:08:00,573,325,108.3,5.29,90.0,Critical Churn Risk (High Value At-Risk),Tier 1: High-Priority VIP Winback ($30 Loyalty Credit + Personal Email)
CUST-02049,Elizabeth Taylor,elizabeth.taylor981@example.com,Standard,Social Media (Instagram/TikTok),2,4224.95,2025-03-27 09:39:00,2025-04-12 08:07:00,507,16,16.0,31.69,90.0,Critical Churn Risk (High Value At-Risk),Tier 1: High-Priority VIP Winback ($30 Loyalty Credit + Personal Email)
CUST-00666,Samuel Lewis,samuel.lewis288@example.com,Gold,Paid Search (Google),8,4137.87,2023-01-07 14:55:00,2024-12-20 13:16:00,619,713,101.9,6.07,90.0,Critical Churn Risk (High Value At-Risk),Tier 1: High-Priority VIP Winback ($30 Loyalty Credit + Personal Email)
CUST-00731,Nora Williams,nora.williams279@example.com,Gold,Social Media (Instagram/TikTok),9,4041.55,2025-01-19 15:44:00,2025-03-29 05:26:00,521,69,8.6,60.58,90.0,Critical Churn Risk (High Value At-Risk),Tier 1: High-Priority VIP Winback ($30 Loyalty Credit + Personal Email)
CUST-00148,Jacob Wilson,jacob.wilson766@example.com,Platinum,Affiliate Referral,15,4021.56,2024-01-22 13:34:00,2025-03-24 13:53:00,525,427,30.5,17.21,90.0,Critical Churn Risk (High Value At-Risk),Tier 1: High-Priority VIP Winback ($30 Loyalty Credit + Personal Email)
CUST-00350,Chloe King,chloe.king283@example.com,Gold,Email Marketing,7,3983.58,2023-01-01 04:42:00,2025-04-01 07:38:00,518,821,136.8,3.79,90.0,Critical Churn Risk (High Value At-Risk),Tier 1: High-Priority VIP Winback ($30 Loyalty Credit + Personal Email)
CUST-00184,Victoria Scott,victoria.scott24@example.com,Platinum,Organic Search,12,3930.17,2024-10-08 11:02:00,2026-01-11 04:21:00,233,460,41.8,5.57,90.0,Critical Churn Risk (High Value At-Risk),Tier 1: High-Priority VIP Winback ($30 Loyalty Credit + Personal Email)
CUST-00744,Elijah Miller,elijah.miller586@example.com,Gold,Social Media (Instagram/TikTok),4,3889.41,2025-05-05 23:35:00,2025-08-22 17:57:00,374,109,36.3,10.3,90.0,Critical Churn Risk (High Value At-Risk),Tier 1: High-Priority VIP Winback ($30 Loyalty Credit + Personal Email)
CUST-00022,Carter Anderson,carter.anderson151@example.com,Platinum,Organic Search,10,3822.99,2025-03-10 09:49:00,2025-03-28 21:46:00,521,18,2.0,260.5,90.0,Critical Churn Risk (High Value At-Risk),Tier 1: High-Priority VIP Winback ($30 Loyalty Credit + Personal Email)
CUST-00170,Benjamin Hill,benjamin.hill50@example.com,Platinum,Affiliate Referral,17,3813.68,2024-04-09 11:23:00,2025-03-14 05:38:00,536,339,21.2,25.28,90.0,Critical Churn Risk (High Value At-Risk),Tier 1: High-Priority VIP Winback ($30 Loyalty Credit + Personal Email)
CUST-00445,Elizabeth Rodriguez,elizabeth.rodriguez498@example.com,Gold,Organic Search,6,3797.05,2023-10-23 14:08:00,2025-03-19 01:59:00,531,512,102.4,5.19,90.0,Critical Churn Risk (High Value At-Risk),Tier 1: High-Priority VIP Winback ($30 Loyalty Credit + Personal Email)
CUST-00154,Luna Lopez,luna.lopez998@example.com,Platinum,Email Marketing,13,3793.09,2023-11-08 03:07:00,2025-11-28 03:13:00,277,751,62.6,4.42,90.0,Critical Churn Risk (High Value At-Risk),Tier 1: High-Priority VIP Winback ($30 Loyalty Credit + Personal Email)
CUST-00149,Aiden Miller,aiden.miller862@example.com,Platinum,Paid Search (Google),10,3729.31,2024-06-14 06:53:00,2025-12-10 00:06:00,265,544,60.4,4.39,90.0,Critical Churn Risk (High Value At-Risk),Tier 1: High-Priority VIP Winback ($30 Loyalty Credit + Personal Email)
CUST-00463,Sophia Ramirez,sophia.ramirez362@example.com,Gold,Affiliate Referral,8,3671.01,2022-12-17 02:41:00,2024-11-07 10:35:00,663,691,98.7,6.72,90.0,Critical Churn Risk (High Value At-Risk),Tier 1: High-Priority VIP Winback ($30 Loyalty Credit + Personal Email)
CUST-01028,Penelope Martin,penelope.martin244@example.com,Silver,Email Marketing,4,3622.61,2024-01-05 05:12:00,2025-03-06 09:08:00,544,426,142.0,3.83,90.0,Critical Churn Risk (High Value At-Risk),Tier 1: High-Priority VIP Winback ($30 Loyalty Credit + Personal Email)
CUST-00938,Eleanor Walker,eleanor.walker225@example.com,Silver,Email Marketing,5,3573.24,2023-08-29 04:13:00,2025-04-06 23:04:00,512,587,146.8,3.49,90.0,Critical Churn Risk (High Value At-Risk),Tier 1: High-Priority VIP Winback ($30 Loyalty Credit + Personal Email)
CUST-00334,Liam Green,liam.green537@example.com,Gold,Paid Search (Google),6,3566.75,2024-05-03 19:53:00,2025-01-26 04:17:00,583,267,53.4,10.92,90.0,Critical Churn Risk (High Value At-Risk),Tier 1: High-Priority VIP Winback ($30 Loyalty Credit + Personal Email)
CUST-01244,Amelia Baker,amelia.baker843@example.com,Silver,Social Media (Instagram/TikTok),4,3473.45,2024-08-22 22:19:00,2025-04-01 12:45:00,517,222,74.0,6.99,90.0,Critical Churn Risk (High Value At-Risk),Tier 1: High-Priority VIP Winback ($30 Loyalty Credit + Personal Email)
CUST-00414,Owen Martinez,owen.martinez851@example.com,Gold,Organic Search,8,3449.87,2024-03-03 10:26:00,2025-02-22 07:57:00,556,356,50.9,10.92,90.0,Critical Churn Risk (High Value At-Risk),Tier 1: High-Priority VIP Winback ($30 Loyalty Credit + Personal Email)
CUST-00029,Mila Martinez,mila.martinez392@example.com,Platinum,Affiliate Referral,9,3401.54,2023-06-22 05:42:00,2025-01-31 21:40:00,577,590,73.8,7.82,90.0,Critical Churn Risk (High Value At-Risk),Tier 1: High-Priority VIP Winback ($30 Loyalty Credit + Personal Email)
CUST-00864,Michael Carter,michael.carter564@example.com,Silver,Email Marketing,3,3389.94,2024-09-09 05:09:00,2025-01-14 02:41:00,595,127,63.5,9.37,90.0,Critical Churn Risk (High Value At-Risk),Tier 1: High-Priority VIP Winback ($30 Loyalty Credit + Personal Email)
CUST-00752,Jacob Lewis,jacob.lewis226@example.com,Silver,Email Marketing,5,3362.38,2024-09-19 18:01:00,2025-03-25 21:19:00,524,187,46.8,11.2,90.0,Critical Churn Risk (High Value At-Risk),Tier 1: High-Priority VIP Winback ($30 Loyalty Credit + Personal Email)
CUST-00447,Matthew Nguyen,matthew.nguyen750@example.com,Gold,Social Media (Instagram/TikTok),6,3312.65,2022-11-13 13:15:00,2025-01-30 16:51:00,578,809,161.8,3.57,90.0,Critical Churn Risk (High Value At-Risk),Tier 1: High-Priority VIP Winback ($30 Loyalty Credit + Personal Email)
CUST-00760,Joseph Thompson,joseph.thompson177@example.com,Silver,Organic Search,4,3305.92,2023-12-05 08:42:00,2025-02-09 23:15:00,568,433,144.3,3.94,90.0,Critical Churn Risk (High Value At-Risk),Tier 1: High-Priority VIP Winback ($30 Loyalty Credit + Personal Email)
CUST-01697,Emily Jackson,emily.jackson157@example.com,Standard,Organic Search,2,3291.23,2024-04-06 16:01:00,2024-05-12 20:46:00,841,36,36.0,23.36,90.0,Critical Churn Risk (High Value At-Risk),Tier 1: High-Priority VIP Winback ($30 Loyalty Credit + Personal Email)
CUST-00493,Henry Scott,henry.scott339@example.com,Gold,Email Marketing,10,3265.86,2024-02-14 15:41:00,2025-03-19 07:13:00,531,399,44.3,11.99,90.0,Critical Churn Risk (High Value At-Risk),Tier 1: High-Priority VIP Winback ($30 Loyalty Credit + Personal Email)
CUST-01327,Mason Smith,mason.smith186@example.com,Silver,Social Media (Instagram/TikTok),5,3181.84,2023-05-30 11:39:00,2025-03-21 13:48:00,528,661,165.2,3.2,90.0,Critical Churn Risk (High Value At-Risk),Tier 1: High-Priority VIP Winback ($30 Loyalty Credit + Personal Email)
CUST-00333,Jayden Jones,jayden.jones123@example.com,Gold,Affiliate Referral,9,3127.4,2025-03-20 07:55:00,2025-03-29 23:58:00,520,10,1.2,433.33,90.0,Critical Churn Risk (High Value At-Risk),Tier 1: High-Priority VIP Winback ($30 Loyalty Credit + Personal Email)
CUST-00310,Liam White,liam.white326@example.com,Gold,Social Media (Instagram/TikTok),8,3120.27,2023-09-09 15:42:00,2025-04-01 07:17:00,518,570,81.4,6.36,90.0,Critical Churn Risk (High Value At-Risk),Tier 1: High-Priority VIP Winback ($30 Loyalty Credit + Personal Email)
CUST-00704,Elijah Perez,elijah.perez319@example.com,Gold,Paid Search (Google),7,3094.16,2024-03-21 08:32:00,2025-08-05 19:24:00,391,502,83.7,4.67,90.0,Critical Churn Risk (High Value At-Risk),Tier 1: High-Priority VIP Winback ($30 Loyalty Credit + Personal Email)
CUST-01321,Hannah Wright,hannah.wright998@example.com,Silver,Organic Search,4,3042.97,2025-08-14 20:36:00,2025-12-16 06:09:00,259,123,41.0,6.32,90.0,Critical Churn Risk (High Value At-Risk),Tier 1: High-Priority VIP Winback ($30 Loyalty Credit + Personal Email)
CUST-00628,Mia King,mia.king920@example.com,Gold,Social Media (Instagram/TikTok),9,2991.84,2024-06-23 03:22:00,2025-03-31 19:55:00,518,282,35.2,14.72,90.0,Critical Churn Risk (High Value At-Risk),Tier 1: High-Priority VIP Winback ($30 Loyalty Credit + Personal Email)
CUST-00241,James Moore,james.moore889@example.com,Platinum,Affiliate Referral,12,2968.45,2023-04-07 21:43:00,2025-03-08 04:44:00,542,700,63.6,8.52,90.0,Critical Churn Risk (High Value At-Risk),Tier 1: High-Priority VIP Winback ($30 Loyalty Credit + Personal Email)
CUST-01192,Jack Hill,jack.hill878@example.com,Silver,Affiliate Referral,4,2961.4,2024-03-25 21:42:00,2024-10-16 06:53:00,685,204,68.0,10.07,90.0,Critical Churn Risk (High Value At-Risk),Tier 1: High-Priority VIP Winback ($30 Loyalty Credit + Personal Email)
CUST-00387,Matthew Robinson,matthew.robinson84@example.com,Gold,Paid Search (Google),9,2960.61,2023-03-11 16:28:00,2025-03-18 20:04:00,531,738,92.2,5.76,90.0,Critical Churn Risk (High Value At-Risk),Tier 1: High-Priority VIP Winback ($30 Loyalty Credit + Personal Email)
CUST-00437,Elizabeth Mitchell,elizabeth.mitchell995@example.com,Gold,Organic Search,9,2959.79,2024-03-09 16:11:00,2025-03-25 08:53:00,525,381,47.6,11.03,90.0,Critical Churn Risk (High Value At-Risk),Tier 1: High-Priority VIP Winback ($30 Loyalty Credit + Personal Email)
CUST-00086,Lucas Harris,lucas.harris931@example.com,Platinum,Social Media (Instagram/TikTok),10,2916.13,2023-09-04 13:43:00,2024-10-18 08:53:00,683,410,45.6,14.98,90.0,Critical Churn Risk (High Value At-Risk),Tier 1: High-Priority VIP Winback ($30 Loyalty Credit + Personal Email)
CUST-00580,Emily Young,emily.young305@example.com,Gold,Social Media (Instagram/TikTok),9,2881.88,2023-06-22 15:46:00,2025-02-14 10:43:00,564,603,75.4,7.48,90.0,Critical Churn Risk (High Value At-Risk),Tier 1: High-Priority VIP Winback ($30 Loyalty Credit + Personal Email)
CUST-00095,Dylan Mitchell,dylan.mitchell183@example.com,Platinum,Social Media (Instagram/TikTok),14,2874.07,2022-12-22 12:21:00,2024-12-09 00:53:00,631,718,55.2,11.43,90.0,Critical Churn Risk (High Value At-Risk),Tier 1: High-Priority VIP Winback ($30 Loyalty Credit + Personal Email)
CUST-00698,Victoria Lopez,victoria.lopez512@example.com,Gold,Organic Search,9,2853.21,2023-11-30 20:06:00,2025-11-27 17:46:00,277,728,91.0,3.04,90.0,Critical Churn Risk (High Value At-Risk),Tier 1: High-Priority VIP Winback ($30 Loyalty Credit + Personal Email)
CUST-00728,Scarlett Garcia,scarlett.garcia494@example.com,Gold,Social Media (Instagram/TikTok),6,2841.25,2023-02-08 05:27:00,2025-02-07 09:08:00,571,730,146.0,3.91,90.0,Critical Churn Risk (High Value At-Risk),Tier 1: High-Priority VIP Winback ($30 Loyalty Credit + Personal Email)
CUST-00724,Camila Nelson,camila.nelson298@example.com,Gold,Organic Search,9,2832.53,2023-12-09 00:34:00,2025-11-29 00:24:00,276,721,90.1,3.06,90.0,Critical Churn Risk (High Value At-Risk),Tier 1: High-Priority VIP Winback ($30 Loyalty Credit + Personal Email)
CUST-00294,Isabella Thompson,isabella.thompson529@example.com,Gold,Email Marketing,7,2785.4,2024-02-29 18:21:00,2025-03-27 01:22:00,523,391,65.2,8.02,90.0,Critical Churn Risk (High Value At-Risk),Tier 1: High-Priority VIP Winback ($30 Loyalty Credit + Personal Email)
CUST-00395,Lily Young,lily.young910@example.com,Gold,Organic Search,7,2765.58,2025-03-16 10:01:00,2025-03-24 11:03:00,526,8,1.3,404.62,90.0,Critical Churn Risk (High Value At-Risk),Tier 1: High-Priority VIP Winback ($30 Loyalty Credit + Personal Email)
CUST-00371,Chloe Robinson,chloe.robinson832@example.com,Gold,Affiliate Referral,6,2727.5,2023-07-11 12:30:00,2025-02-11 09:56:00,567,581,116.2,4.88,90.0,Critical Churn Risk (High Value At-Risk),Tier 1: High-Priority VIP Winback ($30 Loyalty Credit + Personal Email)
CUST-01553,Scarlett Taylor,scarlett.taylor251@example.com,Standard,Paid Search (Google),3,2711.91,2024-12-25 06:46:00,2025-03-05 18:43:00,544,70,35.0,15.54,90.0,Critical Churn Risk (High Value At-Risk),Tier 1: High-Priority VIP Winback ($30 Loyalty Credit + Personal Email)
CUST-00266,Olivia Lopez,olivia.lopez289@example.com,Gold,Social Media (Instagram/TikTok),6,2711.86,2024-04-25 04:25:00,2025-01-19 04:08:00,590,269,53.8,10.97,90.0,Critical Churn Risk (High Value At-Risk),Tier 1: High-Priority VIP Winback ($30 Loyalty Credit + Personal Email)
CUST-00252,Madison Harris,madison.harris621@example.com,Gold,Email Marketing,5,2705.83,2024-04-22 03:03:00,2025-02-04 10:49:00,574,288,72.0,7.97,90.0,Critical Churn Risk (High Value At-Risk),Tier 1: High-Priority VIP Winback ($30 Loyalty Credit + Personal Email)
CUST-00283,Scarlett Davis,scarlett.davis424@example.com,Gold,Paid Search (Google),7,2674.33,2024-05-01 23:32:00,2025-03-01 07:34:00,549,303,50.5,10.87,90.0,Critical Churn Risk (High Value At-Risk),Tier 1: High-Priority VIP Winback ($30 Loyalty Credit + Personal Email)
CUST-01695,Zoey Lopez,zoey.lopez434@example.com,Standard,Social Media (Instagram/TikTok),3,2672.9,2025-06-07 22:06:00,2025-10-26 10:12:00,310,141,70.5,4.4,90.0,Critical Churn Risk (High Value At-Risk),Tier 1: High-Priority VIP Winback ($30 Loyalty Credit + Personal Email)
CUST-00362,Samuel Adams,samuel.adams295@example.com,Gold,Organic Search,8,2670.17,2023-04-12 20:08:00,2024-11-19 19:20:00,650,587,83.9,7.75,90.0,Critical Churn Risk (High Value At-Risk),Tier 1: High-Priority VIP Winback ($30 Loyalty Credit + Personal Email)
CUST-01396,Alexander Rivera,alexander.rivera558@example.com,Silver,Paid Search (Google),5,2613.87,2023-08-18 05:13:00,2024-12-21 19:17:00,618,492,123.0,5.02,90.0,Critical Churn Risk (High Value At-Risk),Tier 1: High-Priority VIP Winback ($30 Loyalty Credit + Personal Email)
CUST-00221,Mila Rodriguez,mila.rodriguez815@example.com,Platinum,Affiliate Referral,12,2600.45,2024-07-29 17:45:00,2025-03-18 16:58:00,531,232,21.1,25.17,90.0,Critical Churn Risk (High Value At-Risk),Tier 1: High-Priority VIP Winback ($30 Loyalty Credit + Personal Email)
CUST-00625,Michael King,michael.king631@example.com,Gold,Email Marketing,6,2600.09,2023-08-08 08:53:00,2025-01-14 16:24:00,594,525,105.0,5.66,90.0,Critical Churn Risk (High Value At-Risk),Tier 1: High-Priority VIP Winback ($30 Loyalty Credit + Personal Email)
CUST-00431,Oliver Miller,oliver.miller433@example.com,Gold,Organic Search,2,2569.97,2025-03-25 01:04:00,2025-04-01 07:00:00,518,7,7.0,74.0,90.0,Critical Churn Risk (High Value At-Risk),Tier 1: High-Priority VIP Winback ($30 Loyalty Credit + Personal Email)
CUST-00391,Amelia Lee,amelia.lee257@example.com,Gold,Social Media (Instagram/TikTok),8,2557.9,2023-05-04 20:26:00,2024-06-11 09:19:00,812,404,57.7,14.07,90.0,Critical Churn Risk (High Value At-Risk),Tier 1: High-Priority VIP Winback ($30 Loyalty Credit + Personal Email)
CUST-00534,John Miller,john.miller36@example.com,Gold,Affiliate Referral,6,2534.37,2024-06-26 11:11:00,2025-03-22 08:25:00,528,269,53.8,9.81,90.0,Critical Churn Risk (High Value At-Risk),Tier 1: High-Priority VIP Winback ($30 Loyalty Credit + Personal Email)
CUST-00672,Sophia Wilson,sophia.wilson865@example.com,Gold,Paid Search (Google),7,2528.07,2024-04-18 05:30:00,2025-01-31 08:03:00,578,288,48.0,12.04,90.0,Critical Churn Risk (High Value At-Risk),Tier 1: High-Priority VIP Winback ($30 Loyalty Credit + Personal Email)
CUST-01311,Eleanor Ramirez,eleanor.ramirez423@example.com,Silver,Affiliate Referral,3,2524.62,2023-01-01 08:44:00,2024-04-24 06:46:00,860,479,239.5,3.59,90.0,Critical Churn Risk (High Value At-Risk),Tier 1: High-Priority VIP Winback ($30 Loyalty Credit + Personal Email)
CUST-00452,Jayden Mitchell,jayden.mitchell630@example.com,Gold,Affiliate Referral,7,2520.13,2024-10-10 00:02:00,2025-03-30 21:11:00,519,172,28.7,18.08,90.0,Critical Churn Risk (High Value At-Risk),Tier 1: High-Priority VIP Winback ($30 Loyalty Credit + Personal Email)
CUST-01189,David King,david.king433@example.com,Silver,Paid Search (Google),2,2509.96,2025-08-05 17:17:00,2025-08-18 04:06:00,379,12,12.0,31.58,90.0,Critical Churn Risk (High Value At-Risk),Tier 1: High-Priority VIP Winback ($30 Loyalty Credit + Personal Email)
CUST-00469,Mason Campbell,mason.campbell238@example.com,Gold,Organic Search,9,2505.08,2023-02-20 11:59:00,2024-10-17 18:37:00,683,605,75.6,9.03,90.0,Critical Churn Risk (High Value At-Risk),Tier 1: High-Priority VIP Winback ($30 Loyalty Credit + Personal Email)
CUST-00301,Alexander White,alexander.white391@example.com,Gold,Email Marketing,3,2487.29,2024-10-17 10:23:00,2025-01-11 00:12:00,598,86,43.0,13.91,90.0,Critical Churn Risk (High Value At-Risk),Tier 1: High-Priority VIP Winback ($30 Loyalty Credit + Personal Email)
CUST-00261,Oliver Jackson,oliver.jackson624@example.com,Gold,Organic Search,6,2445.61,2024-08-11 05:47:00,2025-03-14 20:41:00,535,216,43.2,12.38,90.0,Critical Churn Risk (High Value At-Risk),Tier 1: High-Priority VIP Winback ($30 Loyalty Credit + Personal Email)
CUST-00842,Grace Green,grace.green997@example.com,Silver,Affiliate Referral,4,2436.91,2024-05-08 07:02:00,2025-04-30 02:47:00,489,357,119.0,4.11,90.0,Critical Churn Risk (High Value At-Risk),Tier 1: High-Priority VIP Winback ($30 Loyalty Credit + Personal Email)
CUST-01113,Layla Taylor,layla.taylor97@example.com,Silver,Email Marketing,4,2375.26,2025-03-27 16:46:00,2025-03-30 13:13:00,519,3,1.0,519.0,90.0,Critical Churn Risk (High Value At-Risk),Tier 1: High-Priority VIP Winback ($30 Loyalty Credit + Personal Email)
CUST-01385,Jacob Robinson,jacob.robinson99@example.com,Silver,Paid Search (Google),3,2356.93,2024-10-05 04:10:00,2025-01-30 23:42:00,578,118,59.0,9.8,90.0,Critical Churn Risk (High Value At-Risk),Tier 1: High-Priority VIP Winback ($30 Loyalty Credit + Personal Email)
CUST-02130,Owen Hernandez,owen.hernandez65@example.com,Standard,Email Marketing,2,2351.44,2024-10-05 07:01:00,2024-11-08 22:11:00,661,35,35.0,18.89,90.0,Critical Churn Risk (High Value At-Risk),Tier 1: High-Priority VIP Winback ($30 Loyalty Credit + Personal Email)
CUST-00490,Ella Walker,ella.walker223@example.com,Gold,Social Media (Instagram/TikTok),8,2340.78,2024-04-25 04:49:00,2025-03-01 06:11:00,549,310,44.3,12.39,90.0,Critical Churn Risk (High Value At-Risk),Tier 1: High-Priority VIP Winback ($30 Loyalty Credit + Personal Email)
CUST-00609,Matthew Hernandez,matthew.hernandez905@example.com,Gold,Social Media (Instagram/TikTok),6,2330.8,2024-03-19 17:50:00,2025-04-01 12:49:00,517,378,75.6,6.84,90.0,Critical Churn Risk (High Value At-Risk),Tier 1: High-Priority VIP Winback ($30 Loyalty Credit + Personal Email)
CUST-00732,Daniel Moore,daniel.moore587@example.com,Gold,Organic Search,8,2323.36,2023-08-22 21:13:00,2025-03-23 06:10:00,527,578,82.6,6.38,90.0,Critical Churn Risk (High Value At-Risk),Tier 1: High-Priority VIP Winback ($30 Loyalty Credit + Personal Email)
CUST-00509,John Smith,john.smith27@example.com,Gold,Affiliate Referral,5,2311.48,2024-08-28 19:28:00,2025-08-12 14:41:00,384,349,87.2,4.4,90.0,Critical Churn Risk (High Value At-Risk),Tier 1: High-Priority VIP Winback ($30 Loyalty Credit + Personal Email)
CUST-00307,Mason Hill,mason.hill735@example.com,Gold,Affiliate Referral,4,2282.33,2024-04-17 18:58:00,2025-03-09 06:20:00,541,325,108.3,5.0,90.0,Critical Churn Risk (High Value At-Risk),Tier 1: High-Priority VIP Winback ($30 Loyalty Credit + Personal Email)
CUST-00599,Grayson Martinez,grayson.martinez601@example.com,Gold,Email Marketing,8,2279.35,2024-03-22 19:27:00,2025-02-07 11:44:00,571,322,46.0,12.41,90.0,Critical Churn Risk (High Value At-Risk),Tier 1: High-Priority VIP Winback ($30 Loyalty Credit + Personal Email)
CUST-01285,Avery Harris,avery.harris709@example.com,Silver,Email Marketing,4,2263.55,2024-10-02 12:21:00,2025-02-08 11:33:00,570,129,43.0,13.26,90.0,Critical Churn Risk (High Value At-Risk),Tier 1: High-Priority VIP Winback ($30 Loyalty Credit + Personal Email)
CUST-00892,Jackson Scott,jackson.scott82@example.com,Silver,Social Media (Instagram/TikTok),4,2254.1,2023-09-24 06:31:00,2024-12-09 16:30:00,630,442,147.3,4.28,90.0,Critical Churn Risk (High Value At-Risk),Tier 1: High-Priority VIP Winback ($30 Loyalty Credit + Personal Email)
CUST-00377,Isabella Davis,isabella.davis540@example.com,Gold,Paid Search (Google),6,2242.05,2024-03-09 12:36:00,2025-01-09 17:20:00,599,306,61.2,9.79,90.0,Critical Churn Risk (High Value At-Risk),Tier 1: High-Priority VIP Winback ($30 Loyalty Credit + Personal Email)
CUST-00961,John Scott,john.scott812@example.com,Silver,Paid Search (Google),5,2230.96,2025-02-20 03:57:00,2025-03-21 11:37:00,529,29,7.2,73.47,90.0,Critical Churn Risk (High Value At-Risk),Tier 1: High-Priority VIP Winback ($30 Loyalty Credit + Personal Email)
CUST-01134,Jayden Scott,jayden.scott958@example.com,Silver,Organic Search,5,2211.63,2023-10-21 01:10:00,2024-07-25 03:32:00,768,278,69.5,11.05,90.0,Critical Churn Risk (High Value At-Risk),Tier 1: High-Priority VIP Winback ($30 Loyalty Credit + Personal Email)
CUST-00568,Elizabeth Green,elizabeth.green683@example.com,Gold,Organic Search,7,2190.67,2024-08-22 13:29:00,2025-03-29 17:28:00,520,219,36.5,14.25,90.0,Critical Churn Risk (High Value At-Risk),Tier 1: High-Priority VIP Winback ($30 Loyalty Credit + Personal Email)
CUST-02371,Grace Thompson,grace.thompson643@example.com,Standard,Organic Search,2,2167.48,2024-04-04 17:41:00,2024-06-25 09:11:00,798,82,82.0,9.73,90.0,Critical Churn Risk (High Value At-Risk),Tier 1: High-Priority VIP Winback ($30 Loyalty Credit + Personal Email)
CUST-00471,Owen Anderson,owen.anderson263@example.com,Gold,Paid Search (Google),7,2157.28,2024-07-18 22:38:00,2025-01-23 10:20:00,586,188,31.3,18.72,90.0,Critical Churn Risk (High Value At-Risk),Tier 1: High-Priority VIP Winback ($30 Loyalty Credit + Personal Email)
CUST-00973,Avery Flores,avery.flores183@example.com,Silver,Social Media (Instagram/TikTok),4,2129.26,2023-06-10 22:43:00,2024-08-27 11:27:00,735,444,148.0,4.97,90.0,Critical Churn Risk (High Value At-Risk),Tier 1: High-Priority VIP Winback ($30 Loyalty Credit + Personal Email)
CUST-00622,Penelope Thompson,penelope.thompson996@example.com,Gold,Paid Search (Google),6,2117.92,2025-07-19 12:49:00,2026-02-13 21:48:00,199,209,41.8,4.76,90.0,Critical Churn Risk (High Value At-Risk),Tier 1: High-Priority VIP Winback ($30 Loyalty Credit + Personal Email)
CUST-00335,Scarlett Ramirez,scarlett.ramirez11@example.com,Gold,Paid Search (Google),4,2073.27,2024-06-04 23:27:00,2024-10-09 23:46:00,691,127,42.3,16.34,90.0,Critical Churn Risk (High Value At-Risk),Tier 1: High-Priority VIP Winback ($30 Loyalty Credit + Personal Email)
CUST-01325,Avery Jones,avery.jones47@example.com,Silver,Email Marketing,3,2039.05,2023-10-15 15:32:00,2024-05-15 05:44:00,839,213,106.5,7.88,90.0,Critical Churn Risk (High Value At-Risk),Tier 1: High-Priority VIP Winback ($30 Loyalty Credit + Personal Email)
CUST-00711,Amelia Young,amelia.young154@example.com,Gold,Paid Search (Google),8,2035.97,2022-12-11 00:10:00,2025-07-01 07:46:00,427,933,133.3,3.2,90.0,Critical Churn Risk (High Value At-Risk),Tier 1: High-Priority VIP Winback ($30 Loyalty Credit + Personal Email)
CUST-00736,Henry Walker,henry.walker316@example.com,Gold,Organic Search,8,2031.17,2024-09-14 06:55:00,2025-03-17 09:09:00,533,184,26.3,20.27,90.0,Critical Churn Risk (High Value At-Risk),Tier 1: High-Priority VIP Winback ($30 Loyalty Credit + Personal Email)
CUST-01193,Grace Rodriguez,grace.rodriguez639@example.com,Silver,Affiliate Referral,3,2025.75,2025-03-18 05:48:00,2025-03-28 02:56:00,522,10,5.0,104.4,90.0,Critical Churn Risk (High Value At-Risk),Tier 1: High-Priority VIP Winback ($30 Loyalty Credit + Personal Email)
CUST-02129,Mia Hall,mia.hall489@example.com,Standard,Email Marketing,2,2000.42,2024-04-21 07:48:00,2024-11-04 21:21:00,665,198,198.0,3.36,90.0,Critical Churn Risk (High Value At-Risk),Tier 1: High-Priority VIP Winback ($30 Loyalty Credit + Personal Email)
CUST-00765,Daniel Taylor,daniel.taylor632@example.com,Silver,Social Media (Instagram/TikTok),2,1988.95,2024-06-28 01:49:00,2024-09-13 00:23:00,718,77,77.0,9.32,90.0,Critical Churn Risk (High Value At-Risk),Tier 1: High-Priority VIP Winback ($30 Loyalty Credit + Personal Email)
CUST-00372,Charlotte Jones,charlotte.jones326@example.com,Gold,Affiliate Referral,5,1973.07,2025-03-02 22:17:00,2025-03-26 16:39:00,523,24,6.0,87.17,90.0,Critical Churn Risk (High Value At-Risk),Tier 1: High-Priority VIP Winback ($30 Loyalty Credit + Personal Email)
CUST-00876,Matthew Young,matthew.young818@example.com,Silver,Social Media (Instagram/TikTok),3,1965.75,2025-07-21 14:39:00,2025-11-06 12:58:00,298,108,54.0,5.52,90.0,Critical Churn Risk (High Value At-Risk),Tier 1: High-Priority VIP Winback ($30 Loyalty Credit + Personal Email)
CUST-01149,Abigail Roberts,abigail.roberts202@example.com,Silver,Paid Search (Google),2,1957.43,2025-01-31 05:54:00,2025-02-18 13:31:00,559,18,18.0,31.06,90.0,Critical Churn Risk (High Value At-Risk),Tier 1: High-Priority VIP Winback ($30 Loyalty Credit + Personal Email)
CUST-00690,Penelope Moore,penelope.moore194@example.com,Gold,Affiliate Referral,8,1943.6,2024-08-23 12:09:00,2025-03-18 15:04:00,531,207,29.6,17.94,90.0,Critical Churn Risk (High Value At-Risk),Tier 1: High-Priority VIP Winback ($30 Loyalty Credit + Personal Email)
CUST-01503,Matthew Ramirez,matthew.ramirez689@example.com,Standard,Paid Search (Google),2,1932.93,2024-05-17 20:29:00,2024-08-25 20:49:00,736,100,100.0,7.36,90.0,Critical Churn Risk (High Value At-Risk),Tier 1: High-Priority VIP Winback ($30 Loyalty Credit + Personal Email)
CUST-01604,Elizabeth Garcia,elizabeth.garcia774@example.com,Standard,Organic Search,2,1928.96,2024-07-19 15:47:00,2024-12-23 23:37:00,616,157,157.0,3.92,90.0,Critical Churn Risk (High Value At-Risk),Tier 1: High-Priority VIP Winback ($30 Loyalty Credit + Personal Email)
CUST-00394,Samuel Gonzalez,samuel.gonzalez791@example.com,Gold,Affiliate Referral,5,1921.95,2025-03-18 04:38:00,2025-03-26 23:41:00,523,9,2.2,237.73,90.0,Critical Churn Risk (High Value At-Risk),Tier 1: High-Priority VIP Winback ($30 Loyalty Credit + Personal Email)
CUST-00978,Joseph Thompson,joseph.thompson996@example.com,Silver,Paid Search (Google),2,1911.68,2024-10-30 04:21:00,2025-02-12 02:55:00,566,105,105.0,5.39,90.0,Critical Churn Risk (High Value At-Risk),Tier 1: High-Priority VIP Winback ($30 Loyalty Credit + Personal Email)
CUST-00723,Oliver Miller,oliver.miller349@example.com,Gold,Email Marketing,6,1875.34,2024-01-22 22:06:00,2025-03-14 21:41:00,535,417,83.4,6.41,90.0,Critical Churn Risk (High Value At-Risk),Tier 1: High-Priority VIP Winback ($30 Loyalty Credit + Personal Email)
CUST-00850,Zoey Nguyen,zoey.nguyen504@example.com,Silver,Affiliate Referral,3,1870.47,2023-08-16 16:24:00,2024-10-03 20:41:00,697,414,207.0,3.37,90.0,Critical Churn Risk (High Value At-Risk),Tier 1: High-Priority VIP Winback ($30 Loyalty Credit + Personal Email)
CUST-00922,Evelyn Robinson,evelyn.robinson523@example.com,Silver,Email Marketing,3,1864.96,2024-03-29 02:01:00,2025-01-31 23:49:00,577,309,154.5,3.73,90.0,Critical Churn Risk (High Value At-Risk),Tier 1: High-Priority VIP Winback ($30 Loyalty Credit + Personal Email)
CUST-01393,Luke Robinson,luke.robinson321@example.com,Silver,Social Media (Instagram/TikTok),2,1859.16,2023-07-29 11:54:00,2023-11-23 10:38:00,1013,117,117.0,8.66,90.0,Critical Churn Risk (High Value At-Risk),Tier 1: High-Priority VIP Winback ($30 Loyalty Credit + Personal Email)
CUST-01165,Logan Robinson,logan.robinson859@example.com,Silver,Organic Search,3,1854.94,2025-02-15 15:27:00,2025-03-30 02:17:00,520,42,21.0,24.76,90.0,Critical Churn Risk (High Value At-Risk),Tier 1: High-Priority VIP Winback ($30 Loyalty Credit + Personal Email)
CUST-02355,Joseph Nguyen,joseph.nguyen642@example.com,Standard,Organic Search,3,1849.18,2024-10-20 06:53:00,2025-02-10 20:47:00,567,114,57.0,9.95,90.0,Critical Churn Risk (High Value At-Risk),Tier 1: High-Priority VIP Winback ($30 Loyalty Credit + Personal Email)
CUST-01831,Penelope Nelson,penelope.nelson197@example.com,Standard,Organic Search,2,1839.96,2025-12-18 06:19:00,2026-01-18 00:49:00,226,31,31.0,7.29,90.0,Critical Churn Risk (High Value At-Risk),Tier 1: High-Priority VIP Winback ($30 Loyalty Credit + Personal Email)
CUST-01348,Jayden Williams,jayden.williams116@example.com,Silver,Affiliate Referral,2,1817.89,2022-11-11 19:01:00,2023-03-08 13:23:00,1272,117,117.0,10.87,90.0,Critical Churn Risk (High Value At-Risk),Tier 1: High-Priority VIP Winback ($30 Loyalty Credit + Personal Email)
CUST-01468,Avery Ramirez,avery.ramirez752@example.com,Silver,Affiliate Referral,3,1806.46,2024-01-20 21:49:00,2024-04-22 08:12:00,862,92,46.0,18.74,90.0,Critical Churn Risk (High Value At-Risk),Tier 1: High-Priority VIP Winback ($30 Loyalty Credit + Personal Email)
CUST-00670,Victoria Robinson,victoria.robinson281@example.com,Gold,Organic Search,3,1797.77,2023-04-09 08:59:00,2024-04-02 09:17:00,882,359,179.5,4.91,90.0,Critical Churn Risk (High Value At-Risk),Tier 1: High-Priority VIP Winback ($30 Loyalty Credit + Personal Email)
CUST-00438,Emma Martin,emma.martin591@example.com,Gold,Social Media (Instagram/TikTok),5,1794.7,2023-01-21 23:50:00,2024-09-13 14:32:00,717,601,150.2,4.77,90.0,Critical Churn Risk (High Value At-Risk),Tier 1: High-Priority VIP Winback ($30 Loyalty Credit + Personal Email)
CUST-01250,Zoey Rivera,zoey.rivera947@example.com,Silver,Affiliate Referral,5,1789.03,2024-01-19 23:58:00,2025-03-05 06:18:00,545,410,102.5,5.32,90.0,Critical Churn Risk (High Value At-Risk),Tier 1: High-Priority VIP Winback ($30 Loyalty Credit + Personal Email)
CUST-02027,Lucas Gonzalez,lucas.gonzalez301@example.com,Standard,Email Marketing,3,1786.17,2023-10-31 18:57:00,2024-08-14 08:08:00,748,288,144.0,5.19,90.0,Critical Churn Risk (High Value At-Risk),Tier 1: High-Priority VIP Winback ($30 Loyalty Credit + Personal Email)
CUST-01442,Ethan Rivera,ethan.rivera321@example.com,Silver,Paid Search (Google),3,1780.47,2023-10-05 16:41:00,2024-09-28 18:02:00,702,359,179.5,3.91,90.0,Critical Churn Risk (High Value At-Risk),Tier 1: High-Priority VIP Winback ($30 Loyalty Credit + Personal Email)
CUST-02060,William Walker,william.walker439@example.com,Standard,Organic Search,2,1772.81,2025-03-29 03:45:00,2025-03-31 09:26:00,519,2,2.0,259.5,90.0,Critical Churn Risk (High Value At-Risk),Tier 1: High-Priority VIP Winback ($30 Loyalty Credit + Personal Email)
CUST-02187,Alexander Wright,alexander.wright456@example.com,Standard,Email Marketing,2,1772.14,2024-06-02 23:58:00,2024-11-08 23:20:00,661,159,159.0,4.16,90.0,Critical Churn Risk (High Value At-Risk),Tier 1: High-Priority VIP Winback ($30 Loyalty Credit + Personal Email)
CUST-00499,Scarlett Martinez,scarlett.martinez210@example.com,Gold,Email Marketing,4,1769.64,2024-02-22 07:56:00,2024-12-22 05:21:00,618,304,101.3,6.1,90.0,Critical Churn Risk (High Value At-Risk),Tier 1: High-Priority VIP Winback ($30 Loyalty Credit + Personal Email)
CUST-01415,Aiden Hernandez,aiden.hernandez835@example.com,Silver,Email Marketing,5,1768.08,2025-01-10 06:38:00,2025-03-22 09:21:00,528,71,17.8,29.66,90.0,Critical Churn Risk (High Value At-Risk),Tier 1: High-Priority VIP Winback ($30 Loyalty Credit + Personal Email)
CUST-00321,Oliver Adams,oliver.adams502@example.com,Gold,Affiliate Referral,7,1760.58,2024-09-15 18:46:00,2025-02-08 18:11:00,569,146,24.3,23.42,90.0,Critical Churn Risk (High Value At-Risk),Tier 1: High-Priority VIP Winback ($30 Loyalty Credit + Personal Email)
CUST-02299,Grace Young,grace.young41@example.com,Standard,Email Marketing,2,1747.99,2026-01-08 15:20:00,2026-01-22 14:30:00,221,14,14.0,15.79,90.0,Critical Churn Risk (High Value At-Risk),Tier 1: High-Priority VIP Winback ($30 Loyalty Credit + Personal Email)
CUST-01404,Logan Torres,logan.torres756@example.com,Silver,Organic Search,2,1746.99,2024-08-25 02:59:00,2025-02-18 21:22:00,559,178,178.0,3.14,90.0,Critical Churn Risk (High Value At-Risk),Tier 1: High-Priority VIP Winback ($30 Loyalty Credit + Personal Email)
CUST-01286,Camila Martinez,camila.martinez553@example.com,Silver,Organic Search,4,1726.29,2025-06-14 09:17:00,2025-12-19 01:47:00,256,188,62.7,4.08,90.0,Critical Churn Risk (High Value At-Risk),Tier 1: High-Priority VIP Winback ($30 Loyalty Credit + Personal Email)
CUST-00495,Carter Allen,carter.allen913@example.com,Gold,Organic Search,5,1717.3,2025-01-11 03:53:00,2025-03-17 20:24:00,532,66,16.5,32.24,90.0,Critical Churn Risk (High Value At-Risk),Tier 1: High-Priority VIP Winback ($30 Loyalty Credit + Personal Email)
CUST-02167,Zoey Walker,zoey.walker228@example.com,Standard,Organic Search,2,1695.78,2024-04-02 18:42:00,2024-08-13 17:09:00,748,133,133.0,5.62,90.0,Critical Churn Risk (High Value At-Risk),Tier 1: High-Priority VIP Winback ($30 Loyalty Credit + Personal Email)
CUST-01141,Avery Clark,avery.clark256@example.com,Silver,Email Marketing,3,1662.64,2023-10-18 17:57:00,2024-04-20 18:31:00,863,185,92.5,9.33,90.0,Critical Churn Risk (High Value At-Risk),Tier 1: High-Priority VIP Winback ($30 Loyalty Credit + Personal Email)
CUST-00535,Charlotte Hill,charlotte.hill622@example.com,Gold,Email Marketing,8,1649.76,2024-04-16 19:35:00,2025-03-19 14:54:00,530,337,48.1,11.02,90.0,Critical Churn Risk (High Value At-Risk),Tier 1: High-Priority VIP Winback ($30 Loyalty Credit + Personal Email)
CUST-00360,Abigail Baker,abigail.baker470@example.com,Gold,Email Marketing,8,1647.59,2024-07-09 10:08:00,2025-03-29 16:40:00,520,263,37.6,13.83,90.0,Critical Churn Risk (High Value At-Risk),Tier 1: High-Priority VIP Winback ($30 Loyalty Credit + Personal Email)
CUST-00374,Mason Lee,mason.lee667@example.com,Gold,Email Marketing,7,1641.19,2024-12-12 12:16:00,2025-03-31 00:08:00,519,108,18.0,28.83,90.0,Critical Churn Risk (High Value At-Risk),Tier 1: High-Priority VIP Winback ($30 Loyalty Credit + Personal Email)
CUST-00939,Liam Thomas,liam.thomas54@example.com,Silver,Affiliate Referral,3,1639.37,2025-10-25 09:29:00,2025-12-26 02:42:00,249,62,31.0,8.03,90.0,Critical Churn Risk (High Value At-Risk),Tier 1: High-Priority VIP Winback ($30 Loyalty Credit + Personal Email)
CUST-00353,Victoria Lewis,victoria.lewis627@example.com,Gold,Paid Search (Google),4,1632.29,2024-11-21 11:50:00,2025-02-02 05:00:00,576,73,24.3,23.7,90.0,Critical Churn Risk (High Value At-Risk),Tier 1: High-Priority VIP Winback ($30 Loyalty Credit + Personal Email)
CUST-00326,Henry Harris,henry.harris93@example.com,Gold,Organic Search,4,1620.73,2024-02-04 03:13:00,2025-01-25 20:27:00,583,357,119.0,4.9,90.0,Critical Churn Risk (High Value At-Risk),Tier 1: High-Priority VIP Winback ($30 Loyalty Credit + Personal Email)
CUST-02385,Amelia Williams,amelia.williams518@example.com,Standard,Social Media (Instagram/TikTok),2,1611.54,2025-01-03 11:31:00,2025-01-28 19:51:00,580,25,25.0,23.2,90.0,Critical Churn Risk (High Value At-Risk),Tier 1: High-Priority VIP Winback ($30 Loyalty Credit + Personal Email)
CUST-00112,Liam Carter,liam.carter599@example.com,Platinum,Organic Search,11,1607.6,2025-02-16 21:25:00,2025-03-29 15:51:00,520,41,4.1,126.83,90.0,Critical Churn Risk (High Value At-Risk),Tier 1: High-Priority VIP Winback ($30 Loyalty Credit + Personal Email)
CUST-01847,Amelia Harris,amelia.harris716@example.com,Standard,Organic Search,2,1606.93,2025-03-19 01:19:00,2025-07-25 11:24:00,403,128,128.0,3.15,90.0,Critical Churn Risk (High Value At-Risk),Tier 1: High-Priority VIP Winback ($30 Loyalty Credit + Personal Email)
CUST-02148,Charlotte Young,charlotte.young106@example.com,Standard,Paid Search (Google),3,1600.93,2024-03-07 22:24:00,2024-08-31 16:12:00,730,177,88.5,8.25,90.0,Critical Churn Risk (High Value At-Risk),Tier 1: High-Priority VIP Winback ($30 Loyalty Credit + Personal Email)
CUST-00339,Chloe Taylor,chloe.taylor775@example.com,Gold,Organic Search,4,1598.64,2024-06-01 18:21:00,2025-02-13 15:41:00,564,257,85.7,6.58,90.0,Critical Churn Risk (High Value At-Risk),Tier 1: High-Priority VIP Winback ($30 Loyalty Credit + Personal Email)
CUST-00792,Liam Baker,liam.baker14@example.com,Silver,Paid Search (Google),4,1595.84,2024-08-28 12:45:00,2025-07-01 13:37:00,426,307,102.3,4.16,90.0,Critical Churn Risk (High Value At-Risk),Tier 1: High-Priority VIP Winback ($30 Loyalty Credit + Personal Email)
CUST-00494,Lily Wright,lily.wright674@example.com,Gold,Social Media (Instagram/TikTok),6,1594.68,2024-06-30 21:56:00,2025-02-17 01:47:00,561,231,46.2,12.14,90.0,Critical Churn Risk (High Value At-Risk),Tier 1: High-Priority VIP Winback ($30 Loyalty Credit + Personal Email)
CUST-00513,Sebastian Sanchez,sebastian.sanchez90@example.com,Gold,Email Marketing,5,1588.94,2024-11-18 15:43:00,2025-03-07 05:20:00,543,109,27.2,19.96,90.0,Critical Churn Risk (High Value At-Risk),Tier 1: High-Priority VIP Winback ($30 Loyalty Credit + Personal Email)
CUST-01041,Owen Anderson,owen.anderson279@example.com,Silver,Paid Search (Google),5,1587.17,2024-12-27 09:23:00,2025-03-07 23:05:00,542,71,17.8,30.45,90.0,Critical Churn Risk (High Value At-Risk),Tier 1: High-Priority VIP Winback ($30 Loyalty Credit + Personal Email)
CUST-01170,Harper Garcia,harper.garcia126@example.com,Silver,Social Media (Instagram/TikTok),4,1585.4,2025-01-22 08:49:00,2025-02-25 23:02:00,552,35,11.7,47.18,90.0,Critical Churn Risk (High Value At-Risk),Tier 1: High-Priority VIP Winback ($30 Loyalty Credit + Personal Email)
CUST-00680,Mason Garcia,mason.garcia936@example.com,Gold,Organic Search,6,1575.12,2024-05-06 05:11:00,2025-03-29 19:03:00,520,328,65.6,7.93,90.0,Critical Churn Risk (High Value At-Risk),Tier 1: High-Priority VIP Winback ($30 Loyalty Credit + Personal Email)
CUST-00637,William Martin,william.martin725@example.com,Gold,Organic Search,9,1575.07,2023-11-04 22:40:00,2025-03-03 08:29:00,547,484,60.5,9.04,90.0,Critical Churn Risk (High Value At-Risk),Tier 1: High-Priority VIP Winback ($30 Loyalty Credit + Personal Email)
CUST-00618,Evelyn Adams,evelyn.adams703@example.com,Gold,Affiliate Referral,5,1555.99,2023-07-03 13:38:00,2024-10-20 16:00:00,680,475,118.8,5.72,90.0,Critical Churn Risk (High Value At-Risk),Tier 1: High-Priority VIP Winback ($30 Loyalty Credit + Personal Email)
CUST-00506,William Rivera,william.rivera164@example.com,Gold,Affiliate Referral,7,1544.91,2023-08-31 09:18:00,2024-11-12 19:22:00,657,439,73.2,8.98,90.0,Critical Churn Risk (High Value At-Risk),Tier 1: High-Priority VIP Winback ($30 Loyalty Credit + Personal Email)
CUST-01780,Samuel Hill,samuel.hill449@example.com,Standard,Organic Search,2,1541.46,2024-03-20 07:17:00,2024-08-30 08:09:00,732,163,163.0,4.49,90.0,Critical Churn Risk (High Value At-Risk),Tier 1: High-Priority VIP Winback ($30 Loyalty Credit + Personal Email)
CUST-01432,Scarlett Jackson,scarlett.jackson552@example.com,Silver,Affiliate Referral,5,1531.89,2023-07-06 19:56:00,2024-10-24 17:54:00,676,476,119.0,5.68,90.0,Critical Churn Risk (High Value At-Risk),Tier 1: High-Priority VIP Winback ($30 Loyalty Credit + Personal Email)
CUST-00254,Ella Ramirez,ella.ramirez472@example.com,Gold,Social Media (Instagram/TikTok),7,1529.01,2024-09-30 08:28:00,2025-03-25 07:09:00,525,176,29.3,17.92,90.0,Critical Churn Risk (High Value At-Risk),Tier 1: High-Priority VIP Winback ($30 Loyalty Credit + Personal Email)
CUST-01096,Aiden Hill,aiden.hill26@example.com,Silver,Social Media (Instagram/TikTok),4,1511.65,2023-05-08 02:12:00,2024-10-18 02:06:00,683,529,176.3,3.87,90.0,Critical Churn Risk (High Value At-Risk),Tier 1: High-Priority VIP Winback ($30 Loyalty Credit + Personal Email)
CUST-00009,Sophia Campbell,sophia.campbell480@example.com,Platinum,Email Marketing,8,1507.11,2023-08-11 16:09:00,2025-01-10 04:38:00,599,518,74.0,8.09,90.0,Critical Churn Risk (High Value At-Risk),Tier 1: High-Priority VIP Winback ($30 Loyalty Credit + Personal Email)
CUST-00858,Madison Rivera,madison.rivera128@example.com,Silver,Affiliate Referral,3,1505.95,2024-06-28 10:49:00,2025-03-28 05:56:00,522,273,136.5,3.82,90.0,Critical Churn Risk (High Value At-Risk),Tier 1: High-Priority VIP Winback ($30 Loyalty Credit + Personal Email)
CUST-00422,Matthew Anderson,matthew.anderson974@example.com,Gold,Paid Search (Google),6,1503.46,2024-02-02 11:29:00,2025-03-07 16:48:00,542,399,79.8,6.79,90.0,Critical Churn Risk (High Value At-Risk),Tier 1: High-Priority VIP Winback ($30 Loyalty Credit + Personal Email)
CUST-02182,Jacob Baker,jacob.baker600@example.com,Standard,Social Media (Instagram/TikTok),3,1499.82,2024-10-25 19:26:00,2025-02-18 14:04:00,559,116,58.0,9.64,90.0,Critical Churn Risk (High Value At-Risk),Tier 1: High-Priority VIP Winback ($30 Loyalty Credit + Personal Email)
CUST-00328,Logan Rodriguez,logan.rodriguez49@example.com,Gold,Paid Search (Google),7,1499.38,2025-01-23 20:08:00,2025-03-26 07:51:00,524,61,10.2,51.37,90.0,Critical Churn Risk (High Value At-Risk),Tier 1: High-Priority VIP Winback ($30 Loyalty Credit + Personal Email)
CUST-01460,Madison Young,madison.young128@example.com,Silver,Email Marketing,3,1494.14,2024-09-17 17:59:00,2025-01-28 11:38:00,581,133,66.5,8.74,90.0,Critical Churn Risk (High Value At-Risk),Tier 1: High-Priority VIP Winback ($30 Loyalty Credit + Personal Email)
CUST-00754,Victoria Rivera,victoria.rivera528@example.com,Silver,Affiliate Referral,2,1487.7,2023-03-10 02:34:00,2023-09-21 12:04:00,1075,195,195.0,5.51,90.0,Critical Churn Risk (High Value At-Risk),Tier 1: High-Priority VIP Winback ($30 Loyalty Credit + Personal Email)
CUST-01310,David Sanchez,david.sanchez598@example.com,Silver,Email Marketing,3,1460.72,2026-01-27 06:20:00,2026-02-25 16:52:00,187,29,14.5,12.9,90.0,Critical Churn Risk (High Value At-Risk),Tier 1: High-Priority VIP Winback ($30 Loyalty Credit + Personal Email)
CUST-00604,Jack Wilson,jack.wilson516@example.com,Gold,Social Media (Instagram/TikTok),9,1454.41,2024-07-04 18:31:00,2025-11-27 20:00:00,277,511,63.9,4.33,90.0,Critical Churn Risk (High Value At-Risk),Tier 1: High-Priority VIP Winback ($30 Loyalty Credit + Personal Email)
CUST-00868,Oliver Smith,oliver.smith771@example.com,Silver,Affiliate Referral,5,1437.43,2023-08-10 18:27:00,2025-01-21 21:23:00,587,530,132.5,4.43,90.0,Critical Churn Risk (High Value At-Risk),Tier 1: High-Priority VIP Winback ($30 Loyalty Credit + Personal Email)
CUST-01312,Daniel Smith,daniel.smith403@example.com,Silver,Organic Search,5,1435.02,2025-02-25 13:36:00,2025-03-30 23:30:00,519,33,8.2,63.29,90.0,Critical Churn Risk (High Value At-Risk),Tier 1: High-Priority VIP Winback ($30 Loyalty Credit + Personal Email)
CUST-01923,Liam Green,liam.green378@example.com,Standard,Social Media (Instagram/TikTok),3,1432.92,2023-08-14 02:55:00,2024-05-22 06:09:00,832,282,141.0,5.9,90.0,Critical Churn Risk (High Value At-Risk),Tier 1: High-Priority VIP Winback ($30 Loyalty Credit + Personal Email)
CUST-00713,Nora Smith,nora.smith281@example.com,Gold,Organic Search,8,1392.96,2023-12-25 12:41:00,2025-03-26 19:57:00,523,457,65.3,8.01,90.0,Critical Churn Risk (High Value At-Risk),Tier 1: High-Priority VIP Winback ($30 Loyalty Credit + Personal Email)
CUST-00343,Elizabeth Rodriguez,elizabeth.rodriguez74@example.com,Gold,Organic Search,5,1383.7,2025-04-14 23:08:00,2025-12-10 19:58:00,264,240,60.0,4.4,90.0,Critical Churn Risk (High Value At-Risk),Tier 1: High-Priority VIP Winback ($30 Loyalty Credit + Personal Email)
CUST-01162,Penelope King,penelope.king793@example.com,Silver,Paid Search (Google),3,1360.15,2022-10-01 17:42:00,2024-04-13 05:33:00,871,559,279.5,3.12,90.0,Critical Churn Risk (High Value At-Risk),Tier 1: High-Priority VIP Winback ($30 Loyalty Credit + Personal Email)
CUST-00401,Carter Scott,carter.scott305@example.com,Gold,Affiliate Referral,3,1358.66,2024-09-18 00:40:00,2024-12-19 19:25:00,620,93,46.5,13.33,90.0,Critical Churn Risk (High Value At-Risk),Tier 1: High-Priority VIP Winback ($30 Loyalty Credit + Personal Email)
CUST-01795,Avery Taylor,avery.taylor670@example.com,Standard,Organic Search,3,1352.03,2025-11-05 14:12:00,2025-12-31 13:21:00,243,56,28.0,8.68,90.0,Critical Churn Risk (High Value At-Risk),Tier 1: High-Priority VIP Winback ($30 Loyalty Credit + Personal Email)
CUST-02042,Oliver Harris,oliver.harris427@example.com,Standard,Paid Search (Google),3,1351.38,2024-03-17 17:25:00,2025-02-28 22:46:00,549,348,174.0,3.16,90.0,Critical Churn Risk (High Value At-Risk),Tier 1: High-Priority VIP Winback ($30 Loyalty Credit + Personal Email)
CUST-02376,Penelope Rivera,penelope.rivera376@example.com,Standard,Social Media (Instagram/TikTok),2,1347.5,2024-05-01 08:19:00,2024-08-25 04:03:00,737,116,116.0,6.35,90.0,Critical Churn Risk (High Value At-Risk),Tier 1: High-Priority VIP Winback ($30 Loyalty Credit + Personal Email)
CUST-00648,Emma Thomas,emma.thomas57@example.com,Gold,Email Marketing,5,1343.39,2024-08-17 18:31:00,2025-02-24 10:35:00,554,191,47.8,11.59,90.0,Critical Churn Risk (High Value At-Risk),Tier 1: High-Priority VIP Winback ($30 Loyalty Credit + Personal Email)
CUST-01793,Nora Robinson,nora.robinson452@example.com,Standard,Email Marketing,2,1331.96,2024-07-28 18:30:00,2024-11-27 12:26:00,642,122,122.0,5.26,90.0,Critical Churn Risk (High Value At-Risk),Tier 1: High-Priority VIP Winback ($30 Loyalty Credit + Personal Email)
CUST-00691,Daniel Johnson,daniel.johnson927@example.com,Gold,Organic Search,4,1312.44,2024-01-21 20:31:00,2024-06-20 13:39:00,802,151,50.3,15.94,90.0,Critical Churn Risk (High Value At-Risk),Tier 1: High-Priority VIP Winback ($30 Loyalty Credit + Personal Email)
CUST-01230,Charlotte Hall,charlotte.hall489@example.com,Silver,Social Media (Instagram/TikTok),4,1311.94,2024-12-28 06:53:00,2025-02-20 03:07:00,558,54,18.0,31.0,90.0,Critical Churn Risk (High Value At-Risk),Tier 1: High-Priority VIP Winback ($30 Loyalty Credit + Personal Email)
CUST-00554,Riley Wright,riley.wright47@example.com,Gold,Affiliate Referral,7,1306.0,2024-06-25 03:06:00,2025-03-13 11:16:00,537,261,43.5,12.34,90.0,Critical Churn Risk (High Value At-Risk),Tier 1: High-Priority VIP Winback ($30 Loyalty Credit + Personal Email)
CUST-01352,Avery Roberts,avery.roberts122@example.com,Silver,Organic Search,2,1290.95,2024-07-15 22:21:00,2025-01-10 23:44:00,598,179,179.0,3.34,90.0,Critical Churn Risk (High Value At-Risk),Tier 1: High-Priority VIP Winback ($30 Loyalty Credit + Personal Email)
CUST-02356,Sophia Johnson,sophia.johnson882@example.com,Standard,Paid Search (Google),2,1281.63,2025-01-01 08:57:00,2025-03-04 18:32:00,545,62,62.0,8.79,90.0,Critical Churn Risk (High Value At-Risk),Tier 1: High-Priority VIP Winback ($30 Loyalty Credit + Personal Email)
CUST-01179,Dylan Robinson,dylan.robinson429@example.com,Silver,Affiliate Referral,2,1276.16,2024-05-28 06:25:00,2024-09-09 23:59:00,721,105,105.0,6.87,90.0,Critical Churn Risk (High Value At-Risk),Tier 1: High-Priority VIP Winback ($30 Loyalty Credit + Personal Email)
CUST-01138,Penelope Johnson,penelope.johnson976@example.com,Silver,Paid Search (Google),3,1270.36,2024-08-21 10:22:00,2025-04-22 13:19:00,496,244,122.0,4.07,90.0,Critical Churn Risk (High Value At-Risk),Tier 1: High-Priority VIP Winback ($30 Loyalty Credit + Personal Email)
CUST-00571,Amelia Wright,amelia.wright201@example.com,Gold,Paid Search (Google),6,1257.18,2024-04-18 04:41:00,2025-01-15 14:02:00,593,272,54.4,10.9,90.0,Critical Churn Risk (High Value At-Risk),Tier 1: High-Priority VIP Winback ($30 Loyalty Credit + Personal Email)
CUST-00821,Emily Davis,emily.davis145@example.com,Silver,Paid Search (Google),4,1255.94,2023-12-09 04:36:00,2024-10-27 18:18:00,673,324,108.0,6.23,90.0,Critical Churn Risk (High Value At-Risk),Tier 1: High-Priority VIP Winback ($30 Loyalty Credit + Personal Email)
CUST-00602,Madison Nguyen,madison.nguyen12@example.com,Gold,Email Marketing,6,1247.49,2023-02-19 17:10:00,2024-12-09 03:19:00,631,658,131.6,4.79,90.0,Critical Churn Risk (High Value At-Risk),Tier 1: High-Priority VIP Winback ($30 Loyalty Credit + Personal Email)
CUST-00308,Owen Adams,owen.adams820@example.com,Gold,Affiliate Referral,3,1240.68,2024-08-06 15:03:00,2025-01-01 17:57:00,607,148,74.0,8.2,90.0,Critical Churn Risk (High Value At-Risk),Tier 1: High-Priority VIP Winback ($30 Loyalty Credit + Personal Email)
CUST-00783,Owen King,owen.king315@example.com,Silver,Paid Search (Google),3,1216.0,2024-03-30 00:32:00,2024-12-12 07:43:00,628,257,128.5,4.89,90.0,Critical Churn Risk (High Value At-Risk),Tier 1: High-Priority VIP Winback ($30 Loyalty Credit + Personal Email)
CUST-01173,David Torres,david.torres902@example.com,Silver,Paid Search (Google),2,1213.97,2023-11-14 17:59:00,2023-12-15 13:08:00,990,31,31.0,31.94,90.0,Critical Churn Risk (High Value At-Risk),Tier 1: High-Priority VIP Winback ($30 Loyalty Credit + Personal Email)
CUST-02243,Emily Hill,emily.hill344@example.com,Standard,Paid Search (Google),2,1211.05,2025-06-18 12:31:00,2025-06-22 19:03:00,435,4,4.0,108.75,90.0,Critical Churn Risk (High Value At-Risk),Tier 1: High-Priority VIP Winback ($30 Loyalty Credit + Personal Email)
CUST-01932,Harper Nelson,harper.nelson149@example.com,Standard,Email Marketing,2,1205.21,2025-12-30 20:55:00,2026-02-06 20:36:00,206,38,38.0,5.42,90.0,Critical Churn Risk (High Value At-Risk),Tier 1: High-Priority VIP Winback ($30 Loyalty Credit + Personal Email)
CUST-01361,Avery Garcia,avery.garcia431@example.com,Silver,Email Marketing,3,1198.26,2025-08-21 05:40:00,2025-12-15 14:33:00,259,116,58.0,4.47,90.0,Critical Churn Risk (High Value At-Risk),Tier 1: High-Priority VIP Winback ($30 Loyalty Credit + Personal Email)
CUST-02057,Abigail Williams,abigail.williams140@example.com,Standard,Affiliate Referral,2,1194.17,2024-11-06 00:14:00,2025-01-14 22:51:00,594,70,70.0,8.49,90.0,Critical Churn Risk (High Value At-Risk),Tier 1: High-Priority VIP Winback ($30 Loyalty Credit + Personal Email)
CUST-01368,John Wilson,john.wilson145@example.com,Silver,Paid Search (Google),3,1194.04,2024-03-28 21:29:00,2025-01-30 12:39:00,578,308,154.0,3.75,90.0,Critical Churn Risk (High Value At-Risk),Tier 1: High-Priority VIP Winback ($30 Loyalty Credit + Personal Email)
CUST-01524,John Taylor,john.taylor893@example.com,Standard,Email Marketing,2,1181.35,2023-07-06 13:45:00,2024-02-08 17:52:00,935,217,217.0,4.31,90.0,Critical Churn Risk (High Value At-Risk),Tier 1: High-Priority VIP Winback ($30 Loyalty Credit + Personal Email)
CUST-00376,Elizabeth Roberts,elizabeth.roberts999@example.com,Gold,Affiliate Referral,6,1166.35,2024-12-22 11:02:00,2025-11-30 00:01:00,275,343,68.6,4.01,90.0,Critical Churn Risk (High Value At-Risk),Tier 1: High-Priority VIP Winback ($30 Loyalty Credit + Personal Email)
CUST-00263,Joseph Scott,joseph.scott386@example.com,Gold,Affiliate Referral,7,1164.2,2023-12-23 01:52:00,2025-07-19 12:56:00,408,574,95.7,4.26,90.0,Critical Churn Risk (High Value At-Risk),Tier 1: High-Priority VIP Winback ($30 Loyalty Credit + Personal Email)
CUST-00693,Alexander Miller,alexander.miller263@example.com,Gold,Social Media (Instagram/TikTok),4,1163.96,2024-01-24 02:23:00,2025-02-03 09:39:00,575,376,125.3,4.59,90.0,Critical Churn Risk (High Value At-Risk),Tier 1: High-Priority VIP Winback ($30 Loyalty Credit + Personal Email)
CUST-00798,Liam Anderson,liam.anderson239@example.com,Silver,Paid Search (Google),4,1152.65,2023-08-03 05:19:00,2024-09-06 04:21:00,725,400,133.3,5.44,90.0,Critical Churn Risk (High Value At-Risk),Tier 1: High-Priority VIP Winback ($30 Loyalty Credit + Personal Email)
CUST-01092,Grace Lee,grace.lee573@example.com,Silver,Email Marketing,2,1151.96,2024-12-19 14:49:00,2025-01-27 03:15:00,582,39,39.0,14.92,90.0,Critical Churn Risk (High Value At-Risk),Tier 1: High-Priority VIP Winback ($30 Loyalty Credit + Personal Email)
CUST-00782,Mia Walker,mia.walker920@example.com,Silver,Organic Search,5,1137.91,2025-03-21 13:52:00,2025-04-01 09:10:00,518,11,2.8,185.0,90.0,Critical Churn Risk (High Value At-Risk),Tier 1: High-Priority VIP Winback ($30 Loyalty Credit + Personal Email)
CUST-01057,Harper Taylor,harper.taylor502@example.com,Silver,Paid Search (Google),4,1130.41,2024-11-10 04:17:00,2025-02-04 20:42:00,573,87,29.0,19.76,90.0,Critical Churn Risk (High Value At-Risk),Tier 1: High-Priority VIP Winback ($30 Loyalty Credit + Personal Email)
CUST-00794,Victoria Hernandez,victoria.hernandez76@example.com,Silver,Social Media (Instagram/TikTok),5,1128.86,2022-09-26 03:45:00,2024-08-10 01:35:00,752,684,171.0,4.4,90.0,Critical Churn Risk (High Value At-Risk),Tier 1: High-Priority VIP Winback ($30 Loyalty Credit + Personal Email)
CUST-02139,Elijah Perez,elijah.perez427@example.com,Standard,Organic Search,2,1114.57,2025-06-18 12:21:00,2025-08-20 11:42:00,377,63,63.0,5.98,90.0,Critical Churn Risk (High Value At-Risk),Tier 1: High-Priority VIP Winback ($30 Loyalty Credit + Personal Email)
CUST-00685,Sofia Adams,sofia.adams312@example.com,Gold,Affiliate Referral,5,1108.4,2024-09-28 05:50:00,2025-03-29 12:24:00,520,182,45.5,11.43,90.0,Critical Churn Risk (High Value At-Risk),Tier 1: High-Priority VIP Winback ($30 Loyalty Credit + Personal Email)
CUST-00669,Harper Wright,harper.wright376@example.com,Gold,Email Marketing,6,1102.97,2023-08-20 00:55:00,2025-02-07 21:59:00,570,538,107.6,5.3,90.0,Critical Churn Risk (High Value At-Risk),Tier 1: High-Priority VIP Winback ($30 Loyalty Credit + Personal Email)
CUST-00676,Elijah Robinson,elijah.robinson114@example.com,Gold,Organic Search,5,1097.79,2023-09-13 17:58:00,2024-10-15 21:34:00,685,398,99.5,6.88,90.0,Critical Churn Risk (High Value At-Risk),Tier 1: High-Priority VIP Winback ($30 Loyalty Credit + Personal Email)
CUST-02463,Chloe Baker,chloe.baker674@example.com,Standard,Social Media (Instagram/TikTok),3,1079.23,2024-08-01 17:49:00,2025-01-08 06:51:00,601,160,80.0,7.51,90.0,Critical Churn Risk (High Value At-Risk),Tier 1: High-Priority VIP Winback ($30 Loyalty Credit + Personal Email)
CUST-00446,Camila Harris,camila.harris251@example.com,Gold,Social Media (Instagram/TikTok),5,1059.92,2024-04-07 23:28:00,2025-03-22 18:15:00,527,349,87.2,6.04,90.0,Critical Churn Risk (High Value At-Risk),Tier 1: High-Priority VIP Winback ($30 Loyalty Credit + Personal Email)
CUST-00322,Amelia Rivera,amelia.rivera876@example.com,Gold,Social Media (Instagram/TikTok),7,1059.45,2023-03-03 22:05:00,2025-06-27 11:02:00,431,847,141.2,3.05,90.0,Critical Churn Risk (High Value At-Risk),Tier 1: High-Priority VIP Winback ($30 Loyalty Credit + Personal Email)
CUST-00665,Camila Lee,camila.lee958@example.com,Gold,Social Media (Instagram/TikTok),7,1054.41,2024-09-03 09:46:00,2025-03-15 23:05:00,534,194,32.3,16.53,90.0,Critical Churn Risk (High Value At-Risk),Tier 1: High-Priority VIP Winback ($30 Loyalty Credit + Personal Email)
CUST-01036,Matthew Smith,matthew.smith10@example.com,Silver,Social Media (Instagram/TikTok),4,1048.58,2023-06-18 10:21:00,2024-12-18 17:59:00,621,549,183.0,3.39,90.0,Critical Churn Risk (High Value At-Risk),Tier 1: High-Priority VIP Winback ($30 Loyalty Credit + Personal Email)
CUST-00406,David Walker,david.walker541@example.com,Gold,Affiliate Referral,5,1042.74,2023-04-24 12:17:00,2024-09-23 12:02:00,707,518,129.5,5.46,90.0,Critical Churn Risk (High Value At-Risk),Tier 1: High-Priority VIP Winback ($30 Loyalty Credit + Personal Email)
CUST-01195,Scarlett Gonzalez,scarlett.gonzalez11@example.com,Silver,Email Marketing,2,1039.98,2024-07-12 02:31:00,2024-07-21 02:11:00,772,9,9.0,85.78,90.0,Critical Churn Risk (High Value At-Risk),Tier 1: High-Priority VIP Winback ($30 Loyalty Credit + Personal Email)
CUST-00790,Penelope Smith,penelope.smith48@example.com,Silver,Social Media (Instagram/TikTok),3,1038.94,2023-09-05 18:01:00,2024-11-01 13:55:00,668,423,211.5,3.16,90.0,Critical Churn Risk (High Value At-Risk),Tier 1: High-Priority VIP Winback ($30 Loyalty Credit + Personal Email)
CUST-01031,Lily Wright,lily.wright967@example.com,Silver,Email Marketing,3,1038.93,2025-08-16 08:14:00,2025-10-24 03:34:00,312,69,34.5,9.04,90.0,Critical Churn Risk (High Value At-Risk),Tier 1: High-Priority VIP Winback ($30 Loyalty Credit + Personal Email)
CUST-01271,Riley Thompson,riley.thompson993@example.com,Silver,Social Media (Instagram/TikTok),5,1032.64,2024-04-16 18:48:00,2025-03-05 22:15:00,544,323,80.8,6.73,90.0,Critical Churn Risk (High Value At-Risk),Tier 1: High-Priority VIP Winback ($30 Loyalty Credit + Personal Email)
CUST-01879,Nora Green,nora.green216@example.com,Standard,Organic Search,2,1017.96,2025-02-16 04:07:00,2025-02-21 11:52:00,557,5,5.0,111.4,90.0,Critical Churn Risk (High Value At-Risk),Tier 1: High-Priority VIP Winback ($30 Loyalty Credit + Personal Email)
CUST-00743,Riley Davis,riley.davis434@example.com,Gold,Affiliate Referral,5,1009.11,2023-05-12 01:18:00,2025-03-11 23:09:00,538,670,167.5,3.21,90.0,Critical Churn Risk (High Value At-Risk),Tier 1: High-Priority VIP Winback ($30 Loyalty Credit + Personal Email)
CUST-01427,Eleanor Torres,eleanor.torres456@example.com,Silver,Email Marketing,3,1003.15,2023-12-02 03:27:00,2024-03-18 16:15:00,896,108,54.0,16.59,90.0,Critical Churn Risk (High Value At-Risk),Tier 1: High-Priority VIP Winback ($30 Loyalty Credit + Personal Email)
CUST-02500,Daniel Perez,daniel.perez661@example.com,Standard,Social Media (Instagram/TikTok),2,976.98,2024-01-05 14:38:00,2024-02-20 07:11:00,924,46,46.0,20.09,90.0,Critical Churn Risk (High Value At-Risk),Tier 1: High-Priority VIP Winback ($30 Loyalty Credit + Personal Email)
CUST-01783,Grayson Wilson,grayson.wilson754@example.com,Standard,Affiliate Referral,2,975.97,2025-10-11 02:17:00,2025-11-12 01:05:00,293,32,32.0,9.16,90.0,Critical Churn Risk (High Value At-Risk),Tier 1: High-Priority VIP Winback ($30 Loyalty Credit + Personal Email)
CUST-00450,Victoria Hall,victoria.hall130@example.com,Gold,Social Media (Instagram/TikTok),8,975.64,2024-02-02 12:27:00,2025-03-04 04:51:00,546,396,56.6,9.65,90.0,Critical Churn Risk (High Value At-Risk),Tier 1: High-Priority VIP Winback ($30 Loyalty Credit + Personal Email)
CUST-00779,Daniel Thompson,daniel.thompson238@example.com,Silver,Email Marketing,3,970.15,2024-03-10 16:43:00,2025-02-04 20:03:00,573,331,165.5,3.46,90.0,Critical Churn Risk (High Value At-Risk),Tier 1: High-Priority VIP Winback ($30 Loyalty Credit + Personal Email)
CUST-01234,Lucas Thompson,lucas.thompson500@example.com,Silver,Social Media (Instagram/TikTok),4,963.74,2024-03-24 08:02:00,2025-03-06 20:35:00,543,348,116.0,4.68,90.0,Critical Churn Risk (High Value At-Risk),Tier 1: High-Priority VIP Winback ($30 Loyalty Credit + Personal Email)
CUST-02390,Zoey Hall,zoey.hall447@example.com,Standard,Organic Search,2,947.51,2023-07-15 07:20:00,2023-11-08 03:42:00,1028,116,116.0,8.86,90.0,Critical Churn Risk (High Value At-Risk),Tier 1: High-Priority VIP Winback ($30 Loyalty Credit + Personal Email)
CUST-00583,Hannah Clark,hannah.clark711@example.com,Gold,Email Marketing,4,937.92,2024-11-06 01:33:00,2025-02-06 04:11:00,572,92,30.7,18.63,90.0,Critical Churn Risk (High Value At-Risk),Tier 1: High-Priority VIP Winback ($30 Loyalty Credit + Personal Email)
CUST-01083,Isabella White,isabella.white581@example.com,Silver,Social Media (Instagram/TikTok),3,932.64,2024-12-27 13:42:00,2025-03-20 18:53:00,529,83,41.5,12.75,90.0,Critical Churn Risk (High Value At-Risk),Tier 1: High-Priority VIP Winback ($30 Loyalty Credit + Personal Email)
CUST-00496,Dylan Carter,dylan.carter869@example.com,Gold,Social Media (Instagram/TikTok),5,930.71,2023-12-27 10:26:00,2024-10-06 12:52:00,694,284,71.0,9.77,90.0,Critical Churn Risk (High Value At-Risk),Tier 1: High-Priority VIP Winback ($30 Loyalty Credit + Personal Email)
CUST-01007,Elijah Campbell,elijah.campbell286@example.com,Silver,Affiliate Referral,4,928.83,2024-10-29 10:09:00,2025-05-29 16:49:00,459,212,70.7,6.49,90.0,Critical Churn Risk (High Value At-Risk),Tier 1: High-Priority VIP Winback ($30 Loyalty Credit + Personal Email)
CUST-00657,Sofia Martinez,sofia.martinez16@example.com,Gold,Paid Search (Google),5,918.4,2024-06-14 16:40:00,2025-08-10 05:58:00,387,422,105.5,3.67,90.0,Critical Churn Risk (High Value At-Risk),Tier 1: High-Priority VIP Winback ($30 Loyalty Credit + Personal Email)
CUST-01111,Charlotte Anderson,charlotte.anderson452@example.com,Silver,Paid Search (Google),2,917.46,2024-12-02 02:49:00,2025-01-08 22:46:00,600,38,38.0,15.79,90.0,Critical Churn Risk (High Value At-Risk),Tier 1: High-Priority VIP Winback ($30 Loyalty Credit + Personal Email)
CUST-00710,Noah Lopez,noah.lopez626@example.com,Gold,Paid Search (Google),3,914.96,2025-12-13 19:49:00,2026-03-03 21:56:00,181,80,40.0,4.53,90.0,Critical Churn Risk (High Value At-Risk),Tier 1: High-Priority VIP Winback ($30 Loyalty Credit + Personal Email)
CUST-00839,Oliver Anderson,oliver.anderson874@example.com,Silver,Affiliate Referral,4,907.94,2024-12-13 12:42:00,2025-03-18 20:27:00,531,95,31.7,16.75,90.0,Critical Churn Risk (High Value At-Risk),Tier 1: High-Priority VIP Winback ($30 Loyalty Credit + Personal Email)
CUST-01296,Noah Johnson,noah.johnson644@example.com,Silver,Affiliate Referral,5,900.01,2023-05-10 03:49:00,2025-02-11 06:26:00,567,643,160.8,3.53,90.0,Critical Churn Risk (High Value At-Risk),Tier 1: High-Priority VIP Winback ($30 Loyalty Credit + Personal Email)
CUST-00497,Samuel Clark,samuel.clark56@example.com,Gold,Paid Search (Google),8,889.79,2024-02-25 19:53:00,2025-04-06 14:01:00,512,406,58.0,8.83,90.0,Critical Churn Risk (High Value At-Risk),Tier 1: High-Priority VIP Winback ($30 Loyalty Credit + Personal Email)
CUST-01129,Sebastian Brown,sebastian.brown486@example.com,Silver,Organic Search,2,880.95,2024-02-02 05:28:00,2024-05-04 14:34:00,849,92,92.0,9.23,90.0,Critical Churn Risk (High Value At-Risk),Tier 1: High-Priority VIP Winback ($30 Loyalty Credit + Personal Email)
CUST-00279,Mason Harris,mason.harris555@example.com,Gold,Affiliate Referral,4,879.89,2023-09-29 08:57:00,2024-12-17 22:38:00,622,446,148.7,4.18,90.0,Critical Churn Risk (High Value At-Risk),Tier 1: High-Priority VIP Winback ($30 Loyalty Credit + Personal Email)
CUST-02373,Benjamin Rodriguez,benjamin.rodriguez811@example.com,Standard,Organic Search,3,832.56,2024-03-15 00:04:00,2024-06-26 17:59:00,796,104,52.0,15.31,90.0,Critical Churn Risk (High Value At-Risk),Tier 1: High-Priority VIP Winback ($30 Loyalty Credit + Personal Email)
CUST-00621,Luke Wilson,luke.wilson98@example.com,Gold,Organic Search,5,820.97,2023-05-10 20:47:00,2024-12-22 14:05:00,617,592,148.0,4.17,90.0,Critical Churn Risk (High Value At-Risk),Tier 1: High-Priority VIP Winback ($30 Loyalty Credit + Personal Email)
CUST-02119,Logan White,logan.white154@example.com,Standard,Organic Search,2,819.95,2024-05-10 22:40:00,2024-12-07 09:35:00,633,210,210.0,3.01,90.0,Critical Churn Risk (High Value At-Risk),Tier 1: High-Priority VIP Winback ($30 Loyalty Credit + Personal Email)
CUST-00789,Zoey Green,zoey.green449@example.com,Silver,Email Marketing,2,811.88,2025-12-18 18:13:00,2026-02-20 14:16:00,192,64,64.0,3.0,90.0,Critical Churn Risk (High Value At-Risk),Tier 1: High-Priority VIP Winback ($30 Loyalty Credit + Personal Email)
CUST-01462,John Jackson,john.jackson885@example.com,Silver,Organic Search,4,805.48,2023-09-13 14:42:00,2024-12-27 12:42:00,612,471,157.0,3.9,90.0,Critical Churn Risk (High Value At-Risk),Tier 1: High-Priority VIP Winback ($30 Loyalty Credit + Personal Email)
CUST-00719,Liam Lee,liam.lee277@example.com,Gold,Social Media (Instagram/TikTok),7,801.68,2022-11-23 20:38:00,2024-05-08 09:47:00,846,532,88.7,9.54,90.0,Critical Churn Risk (High Value At-Risk),Tier 1: High-Priority VIP Winback ($30 Loyalty Credit + Personal Email)
CUST-01022,Sebastian Lewis,sebastian.lewis809@example.com,Silver,Affiliate Referral,4,799.91,2024-10-17 23:19:00,2025-02-18 23:34:00,559,124,41.3,13.54,90.0,Critical Churn Risk (High Value At-Risk),Tier 1: High-Priority VIP Winback ($30 Loyalty Credit + Personal Email)
CUST-01341,Elizabeth Rivera,elizabeth.rivera521@example.com,Silver,Social Media (Instagram/TikTok),4,788.95,2024-03-16 16:26:00,2025-03-05 08:36:00,545,354,118.0,4.62,90.0,Critical Churn Risk (High Value At-Risk),Tier 1: High-Priority VIP Winback ($30 Loyalty Credit + Personal Email)
CUST-00355,Zoey Moore,zoey.moore664@example.com,Gold,Organic Search,4,770.42,2022-10-19 19:01:00,2024-06-09 13:27:00,813,599,199.7,4.07,90.0,Critical Churn Risk (High Value At-Risk),Tier 1: High-Priority VIP Winback ($30 Loyalty Credit + Personal Email)
CUST-00647,Lucas Anderson,lucas.anderson768@example.com,Gold,Organic Search,4,764.86,2023-08-27 00:21:00,2024-07-13 15:09:00,779,322,107.3,7.26,90.0,Critical Churn Risk (High Value At-Risk),Tier 1: High-Priority VIP Winback ($30 Loyalty Credit + Personal Email)
CUST-01198,Emma Green,emma.green216@example.com,Silver,Social Media (Instagram/TikTok),4,742.09,2025-09-14 08:03:00,2025-11-28 23:35:00,276,76,25.3,10.91,90.0,Critical Churn Risk (High Value At-Risk),Tier 1: High-Priority VIP Winback ($30 Loyalty Credit + Personal Email)
CUST-00946,Luna Robinson,luna.robinson620@example.com,Silver,Paid Search (Google),4,723.43,2023-07-23 18:57:00,2024-07-13 19:10:00,779,356,118.7,6.56,90.0,Critical Churn Risk (High Value At-Risk),Tier 1: High-Priority VIP Winback ($30 Loyalty Credit + Personal Email)
CUST-01205,Liam Wilson,liam.wilson601@example.com,Silver,Social Media (Instagram/TikTok),3,719.93,2024-10-10 01:12:00,2025-02-04 13:22:00,573,118,59.0,9.71,90.0,Critical Churn Risk (High Value At-Risk),Tier 1: High-Priority VIP Winback ($30 Loyalty Credit + Personal Email)
CUST-02039,Jacob Nguyen,jacob.nguyen654@example.com,Standard,Paid Search (Google),3,711.21,2024-07-28 00:48:00,2024-10-24 11:42:00,677,88,44.0,15.39,90.0,Critical Churn Risk (High Value At-Risk),Tier 1: High-Priority VIP Winback ($30 Loyalty Credit + Personal Email)
CUST-00992,Michael Anderson,michael.anderson217@example.com,Silver,Affiliate Referral,2,689.07,2025-03-15 14:02:00,2025-06-20 12:54:00,437,97,97.0,4.51,90.0,Critical Churn Risk (High Value At-Risk),Tier 1: High-Priority VIP Winback ($30 Loyalty Credit + Personal Email)
CUST-00354,Luke Thompson,luke.thompson467@example.com,Gold,Affiliate Referral,5,671.91,2024-05-29 00:26:00,2025-04-01 17:38:00,517,308,77.0,6.71,90.0,Critical Churn Risk (High Value At-Risk),Tier 1: High-Priority VIP Winback ($30 Loyalty Credit + Personal Email)
CUST-00567,Jack Robinson,jack.robinson247@example.com,Gold,Paid Search (Google),7,671.8,2024-09-20 17:14:00,2025-03-11 17:33:00,538,172,28.7,18.75,90.0,Critical Churn Risk (High Value At-Risk),Tier 1: High-Priority VIP Winback ($30 Loyalty Credit + Personal Email)
CUST-00697,Logan Torres,logan.torres981@example.com,Gold,Affiliate Referral,4,669.42,2025-06-30 05:28:00,2026-01-23 23:49:00,220,208,69.3,3.17,90.0,Critical Churn Risk (High Value At-Risk),Tier 1: High-Priority VIP Winback ($30 Loyalty Credit + Personal Email)
CUST-02009,Jack Hall,jack.hall557@example.com,Standard,Paid Search (Google),2,667.47,2025-03-07 17:52:00,2025-03-31 17:56:00,518,24,24.0,21.58,90.0,Critical Churn Risk (High Value At-Risk),Tier 1: High-Priority VIP Winback ($30 Loyalty Credit + Personal Email)
CUST-01906,Elizabeth Rivera,elizabeth.rivera147@example.com,Standard,Paid Search (Google),2,666.07,2025-04-21 06:42:00,2025-06-10 06:44:00,448,50,50.0,8.96,90.0,Critical Churn Risk (High Value At-Risk),Tier 1: High-Priority VIP Winback ($30 Loyalty Credit + Personal Email)
CUST-02438,Olivia Miller,olivia.miller633@example.com,Standard,Affiliate Referral,2,659.97,2025-02-12 04:27:00,2025-06-19 01:32:00,439,127,127.0,3.46,90.0,Critical Churn Risk (High Value At-Risk),Tier 1: High-Priority VIP Winback ($30 Loyalty Credit + Personal Email)
CUST-00822,Amelia Clark,amelia.clark943@example.com,Silver,Affiliate Referral,4,659.42,2025-02-26 18:58:00,2025-03-10 04:36:00,540,11,3.7,145.95,90.0,Critical Churn Risk (High Value At-Risk),Tier 1: High-Priority VIP Winback ($30 Loyalty Credit + Personal Email)
CUST-00650,Riley Anderson,riley.anderson339@example.com,Gold,Social Media (Instagram/TikTok),6,654.93,2024-10-27 13:04:00,2025-03-26 08:05:00,524,150,30.0,17.47,90.0,Critical Churn Risk (High Value At-Risk),Tier 1: High-Priority VIP Winback ($30 Loyalty Credit + Personal Email)
CUST-01781,Jacob Wright,jacob.wright311@example.com,Standard,Social Media (Instagram/TikTok),2,639.08,2023-09-10 18:12:00,2024-04-24 23:41:00,859,227,227.0,3.78,90.0,Critical Churn Risk (High Value At-Risk),Tier 1: High-Priority VIP Winback ($30 Loyalty Credit + Personal Email)
CUST-00920,Camila Wright,camila.wright925@example.com,Silver,Paid Search (Google),4,632.95,2025-01-28 05:27:00,2025-03-22 04:06:00,528,53,17.7,29.83,90.0,Critical Churn Risk (High Value At-Risk),Tier 1: High-Priority VIP Winback ($30 Loyalty Credit + Personal Email)
CUST-01445,Mia Johnson,mia.johnson803@example.com,Silver,Organic Search,4,627.94,2024-11-12 12:30:00,2025-02-15 05:12:00,563,95,31.7,17.76,90.0,Critical Churn Risk (High Value At-Risk),Tier 1: High-Priority VIP Winback ($30 Loyalty Credit + Personal Email)
CUST-01520,Jackson Young,jackson.young915@example.com,Standard,Affiliate Referral,2,614.96,2024-09-10 09:12:00,2024-11-13 09:56:00,657,64,64.0,10.27,90.0,Critical Churn Risk (High Value At-Risk),Tier 1: High-Priority VIP Winback ($30 Loyalty Credit + Personal Email)
CUST-00907,Lily Adams,lily.adams572@example.com,Silver,Organic Search,3,612.66,2024-03-03 23:30:00,2024-06-23 05:38:00,800,111,55.5,14.41,90.0,Critical Churn Risk (High Value At-Risk),Tier 1: High-Priority VIP Winback ($30 Loyalty Credit + Personal Email)
CUST-02474,Grayson Johnson,grayson.johnson388@example.com,Standard,Affiliate Referral,2,595.98,2024-02-18 22:12:00,2024-04-16 08:03:00,868,57,57.0,15.23,90.0,Critical Churn Risk (High Value At-Risk),Tier 1: High-Priority VIP Winback ($30 Loyalty Credit + Personal Email)
CUST-01266,Lucas Nguyen,lucas.nguyen503@example.com,Silver,Paid Search (Google),2,594.94,2024-02-26 01:29:00,2024-08-15 09:31:00,747,171,171.0,4.37,90.0,Critical Churn Risk (High Value At-Risk),Tier 1: High-Priority VIP Winback ($30 Loyalty Credit + Personal Email)
CUST-01043,John Gonzalez,john.gonzalez883@example.com,Silver,Paid Search (Google),3,589.44,2023-06-27 00:57:00,2023-12-15 14:04:00,990,172,86.0,11.51,90.0,Critical Churn Risk (High Value At-Risk),Tier 1: High-Priority VIP Winback ($30 Loyalty Credit + Personal Email)
CUST-00796,Luna Ramirez,luna.ramirez919@example.com,Silver,Social Media (Instagram/TikTok),3,578.75,2025-01-15 05:04:00,2025-09-03 23:21:00,362,232,116.0,3.12,90.0,Critical Churn Risk (High Value At-Risk),Tier 1: High-Priority VIP Winback ($30 Loyalty Credit + Personal Email)
CUST-01797,Aria Anderson,aria.anderson110@example.com,Standard,Social Media (Instagram/TikTok),2,574.06,2023-05-22 22:39:00,2023-12-24 07:55:00,982,215,215.0,4.57,90.0,Critical Churn Risk (High Value At-Risk),Tier 1: High-Priority VIP Winback ($30 Loyalty Credit + Personal Email)
CUST-00270,Jayden Perez,jayden.perez171@example.com,Gold,Social Media (Instagram/TikTok),5,558.42,2024-06-21 15:09:00,2025-03-11 19:19:00,538,263,65.8,8.18,90.0,Critical Churn Risk (High Value At-Risk),Tier 1: High-Priority VIP Winback ($30 Loyalty Credit + Personal Email)
CUST-01375,Michael Baker,michael.baker92@example.com,Silver,Organic Search,3,542.06,2024-04-22 16:10:00,2024-11-30 17:43:00,639,222,111.0,5.76,90.0,Critical Churn Risk (High Value At-Risk),Tier 1: High-Priority VIP Winback ($30 Loyalty Credit + Personal Email)
CUST-01119,Victoria Hernandez,victoria.hernandez368@example.com,Silver,Affiliate Referral,4,538.94,2025-01-26 11:02:00,2025-03-19 00:55:00,531,52,17.3,30.69,90.0,Critical Churn Risk (High Value At-Risk),Tier 1: High-Priority VIP Winback ($30 Loyalty Credit + Personal Email)
CUST-02071,Sebastian Brown,sebastian.brown667@example.com,Standard,Affiliate Referral,2,529.88,2024-07-31 10:55:00,2024-12-03 21:51:00,636,125,125.0,5.09,90.0,Critical Churn Risk (High Value At-Risk),Tier 1: High-Priority VIP Winback ($30 Loyalty Credit + Personal Email)
CUST-00596,Elijah Rodriguez,elijah.rodriguez995@example.com,Gold,Organic Search,6,527.63,2024-12-17 20:06:00,2025-03-22 19:33:00,527,95,19.0,27.74,90.0,Critical Churn Risk (High Value At-Risk),Tier 1: High-Priority VIP Winback ($30 Loyalty Credit + Personal Email)
CUST-00958,Samuel Clark,samuel.clark380@example.com,Silver,Email Marketing,3,517.55,2023-10-17 12:21:00,2024-09-02 19:12:00,728,321,160.5,4.54,90.0,Critical Churn Risk (High Value At-Risk),Tier 1: High-Priority VIP Winback ($30 Loyalty Credit + Personal Email)
CUST-00518,Elijah King,elijah.king951@example.com,Gold,Paid Search (Google),5,516.98,2023-11-07 03:00:00,2025-03-14 10:07:00,536,493,123.2,4.35,90.0,Critical Churn Risk (High Value At-Risk),Tier 1: High-Priority VIP Winback ($30 Loyalty Credit + Personal Email)
CUST-01453,Emma King,emma.king232@example.com,Silver,Social Media (Instagram/TikTok),4,514.12,2024-02-08 10:36:00,2025-03-04 06:52:00,546,390,130.0,4.2,90.0,Critical Churn Risk (High Value At-Risk),Tier 1: High-Priority VIP Winback ($30 Loyalty Credit + Personal Email)
CUST-00785,Logan Lee,logan.lee893@example.com,Silver,Organic Search,3,511.65,2024-08-13 01:27:00,2024-09-12 03:20:00,719,30,15.0,47.93,90.0,Critical Churn Risk (High Value At-Risk),Tier 1: High-Priority VIP Winback ($30 Loyalty Credit + Personal Email)
CUST-01183,Matthew Perez,matthew.perez952@example.com,Silver,Organic Search,3,504.19,2022-11-17 19:08:00,2024-03-09 11:01:00,906,478,239.0,3.79,90.0,Critical Churn Risk (High Value At-Risk),Tier 1: High-Priority VIP Winback ($30 Loyalty Credit + Personal Email)
CUST-02025,Luke Nelson,luke.nelson869@example.com,Standard,Paid Search (Google),2,502.46,2025-05-26 20:12:00,2025-07-19 12:56:00,408,54,54.0,7.56,90.0,Critical Churn Risk (High Value At-Risk),Tier 1: High-Priority VIP Winback ($30 Loyalty Credit + Personal Email)
CUST-00947,Owen Harris,owen.harris145@example.com,Silver,Paid Search (Google),2,500.98,2025-02-09 08:31:00,2025-04-05 14:29:00,513,55,55.0,9.33,90.0,Critical Churn Risk (High Value At-Risk),Tier 1: High-Priority VIP Winback ($30 Loyalty Credit + Personal Email)
CUST-01744,Jackson Thomas,jackson.thomas120@example.com,Standard,Social Media (Instagram/TikTok),2,499.95,2024-04-27 06:32:00,2024-10-17 01:28:00,684,173,173.0,3.95,90.0,High Churn Risk (Dormant / Churning),Tier 2: Targeted Re-engagement Campaign (20% Promo Code)
CUST-00912,Abigail Torres,abigail.torres590@example.com,Silver,Email Marketing,4,497.93,2024-05-21 15:59:00,2025-03-04 12:54:00,545,287,95.7,5.69,90.0,High Churn Risk (Dormant / Churning),Tier 2: Targeted Re-engagement Campaign (20% Promo Code)
CUST-01248,Penelope Flores,penelope.flores601@example.com,Silver,Paid Search (Google),4,487.37,2023-10-26 08:17:00,2024-12-05 09:34:00,635,406,135.3,4.69,90.0,High Churn Risk (Dormant / Churning),Tier 2: Targeted Re-engagement Campaign (20% Promo Code)
CUST-00275,Grayson King,grayson.king693@example.com,Gold,Paid Search (Google),3,486.07,2022-10-26 07:45:00,2023-12-26 19:34:00,979,426,213.0,4.6,90.0,High Churn Risk (Dormant / Churning),Tier 2: Targeted Re-engagement Campaign (20% Promo Code)
CUST-01606,Emma Hernandez,emma.hernandez681@example.com,Standard,Email Marketing,2,480.96,2025-01-30 15:46:00,2025-04-16 05:05:00,503,76,76.0,6.62,90.0,High Churn Risk (Dormant / Churning),Tier 2: Targeted Re-engagement Campaign (20% Promo Code)
CUST-01373,Mia Harris,mia.harris924@example.com,Silver,Affiliate Referral,3,477.87,2024-10-08 21:46:00,2025-06-06 12:46:00,451,241,120.5,3.74,90.0,High Churn Risk (Dormant / Churning),Tier 2: Targeted Re-engagement Campaign (20% Promo Code)
CUST-01243,Elijah Lewis,elijah.lewis190@example.com,Silver,Organic Search,2,471.15,2025-02-18 14:52:00,2025-03-14 20:14:00,535,24,24.0,22.29,90.0,High Churn Risk (Dormant / Churning),Tier 2: Targeted Re-engagement Campaign (20% Promo Code)
CUST-01106,Zoey Clark,zoey.clark962@example.com,Silver,Paid Search (Google),5,465.4,2023-07-31 05:30:00,2025-02-28 11:04:00,550,578,144.5,3.81,90.0,High Churn Risk (Dormant / Churning),Tier 2: Targeted Re-engagement Campaign (20% Promo Code)
CUST-01412,Chloe Harris,chloe.harris391@example.com,Silver,Social Media (Instagram/TikTok),2,464.97,2025-02-26 00:42:00,2025-04-01 23:48:00,517,35,35.0,14.77,90.0,High Churn Risk (Dormant / Churning),Tier 2: Targeted Re-engagement Campaign (20% Promo Code)
CUST-02431,Sophia Hill,sophia.hill250@example.com,Standard,Organic Search,2,462.57,2025-01-20 03:11:00,2025-02-16 03:13:00,562,27,27.0,20.81,90.0,High Churn Risk (Dormant / Churning),Tier 2: Targeted Re-engagement Campaign (20% Promo Code)
CUST-02429,Samuel Williams,samuel.williams576@example.com,Standard,Organic Search,2,451.16,2023-11-21 08:51:00,2024-02-25 05:02:00,919,96,96.0,9.57,90.0,High Churn Risk (Dormant / Churning),Tier 2: Targeted Re-engagement Campaign (20% Promo Code)
CUST-01421,Grayson Williams,grayson.williams852@example.com,Silver,Affiliate Referral,2,447.47,2024-06-11 08:17:00,2024-06-17 20:55:00,805,7,7.0,115.0,90.0,High Churn Risk (Dormant / Churning),Tier 2: Targeted Re-engagement Campaign (20% Promo Code)
CUST-00898,Charlotte Jackson,charlotte.jackson793@example.com,Silver,Email Marketing,2,436.71,2024-10-29 21:36:00,2025-03-02 01:51:00,548,123,123.0,4.46,90.0,High Churn Risk (Dormant / Churning),Tier 2: Targeted Re-engagement Campaign (20% Promo Code)
CUST-01488,Elijah Ramirez,elijah.ramirez363@example.com,Silver,Social Media (Instagram/TikTok),2,436.46,2024-12-06 16:29:00,2025-03-20 22:17:00,529,104,104.0,5.09,90.0,High Churn Risk (Dormant / Churning),Tier 2: Targeted Re-engagement Campaign (20% Promo Code)
CUST-02281,Henry Jones,henry.jones554@example.com,Standard,Paid Search (Google),2,435.0,2024-09-04 20:13:00,2024-11-17 04:02:00,653,73,73.0,8.95,90.0,High Churn Risk (Dormant / Churning),Tier 2: Targeted Re-engagement Campaign (20% Promo Code)
CUST-01420,Evelyn Gonzalez,evelyn.gonzalez200@example.com,Silver,Social Media (Instagram/TikTok),3,426.26,2024-09-22 09:04:00,2025-01-22 16:30:00,586,122,61.0,9.61,90.0,High Churn Risk (Dormant / Churning),Tier 2: Targeted Re-engagement Campaign (20% Promo Code)
CUST-02312,Evelyn Thompson,evelyn.thompson909@example.com,Standard,Affiliate Referral,2,425.95,2025-03-26 15:31:00,2025-04-01 08:44:00,518,6,6.0,86.33,90.0,High Churn Risk (Dormant / Churning),Tier 2: Targeted Re-engagement Campaign (20% Promo Code)
CUST-02462,Benjamin Martinez,benjamin.martinez927@example.com,Standard,Affiliate Referral,2,422.96,2025-12-15 19:31:00,2026-01-01 05:37:00,243,16,16.0,15.19,90.0,High Churn Risk (Dormant / Churning),Tier 2: Targeted Re-engagement Campaign (20% Promo Code)
CUST-01489,Isabella Nelson,isabella.nelson260@example.com,Silver,Social Media (Instagram/TikTok),3,420.1,2024-01-20 09:10:00,2025-01-08 06:05:00,601,354,177.0,3.4,90.0,High Churn Risk (Dormant / Churning),Tier 2: Targeted Re-engagement Campaign (20% Promo Code)
CUST-00963,Joseph Roberts,joseph.roberts732@example.com,Silver,Organic Search,4,417.98,2023-09-01 18:56:00,2024-07-30 02:32:00,763,332,110.7,6.89,90.0,High Churn Risk (Dormant / Churning),Tier 2: Targeted Re-engagement Campaign (20% Promo Code)
CUST-01403,David Adams,david.adams732@example.com,Silver,Social Media (Instagram/TikTok),2,416.97,2025-10-05 17:11:00,2025-10-24 16:56:00,311,19,19.0,16.37,90.0,High Churn Risk (Dormant / Churning),Tier 2: Targeted Re-engagement Campaign (20% Promo Code)
CUST-01313,Grace Perez,grace.perez708@example.com,Silver,Organic Search,3,416.95,2024-11-10 06:39:00,2025-01-28 05:40:00,581,79,39.5,14.71,90.0,High Churn Risk (Dormant / Churning),Tier 2: Targeted Re-engagement Campaign (20% Promo Code)
CUST-01479,Nora Lee,nora.lee883@example.com,Silver,Email Marketing,4,414.93,2024-12-03 15:00:00,2025-01-09 07:37:00,600,37,12.3,48.78,90.0,High Churn Risk (Dormant / Churning),Tier 2: Targeted Re-engagement Campaign (20% Promo Code)
CUST-01764,William Perez,william.perez203@example.com,Standard,Email Marketing,2,409.98,2025-07-11 18:16:00,2025-08-02 16:41:00,394,22,22.0,17.91,90.0,High Churn Risk (Dormant / Churning),Tier 2: Targeted Re-engagement Campaign (20% Promo Code)
CUST-02434,Mia Adams,mia.adams446@example.com,Standard,Organic Search,2,409.78,2023-11-13 22:06:00,2024-06-26 06:09:00,797,225,225.0,3.54,90.0,High Churn Risk (Dormant / Churning),Tier 2: Targeted Re-engagement Campaign (20% Promo Code)
CUST-00994,Hannah Flores,hannah.flores16@example.com,Silver,Organic Search,2,404.2,2025-08-06 17:42:00,2025-08-15 07:20:00,382,9,9.0,42.44,90.0,High Churn Risk (Dormant / Churning),Tier 2: Targeted Re-engagement Campaign (20% Promo Code)
CUST-01669,Charlotte Brown,charlotte.brown445@example.com,Standard,Paid Search (Google),2,403.98,2025-02-05 17:46:00,2025-04-30 15:20:00,488,84,84.0,5.81,90.0,High Churn Risk (Dormant / Churning),Tier 2: Targeted Re-engagement Campaign (20% Promo Code)
CUST-01859,Amelia Rivera,amelia.rivera559@example.com,Standard,Paid Search (Google),2,402.97,2025-08-19 21:18:00,2025-10-20 10:20:00,316,62,62.0,5.1,90.0,High Churn Risk (Dormant / Churning),Tier 2: Targeted Re-engagement Campaign (20% Promo Code)
CUST-01873,Owen King,owen.king339@example.com,Standard,Organic Search,2,401.97,2025-08-22 02:46:00,2025-10-19 19:02:00,316,59,59.0,5.36,90.0,High Churn Risk (Dormant / Churning),Tier 2: Targeted Re-engagement Campaign (20% Promo Code)
CUST-01016,Ethan Roberts,ethan.roberts301@example.com,Silver,Affiliate Referral,2,399.96,2024-04-07 04:17:00,2024-04-16 03:37:00,868,9,9.0,96.44,90.0,High Churn Risk (Dormant / Churning),Tier 2: Targeted Re-engagement Campaign (20% Promo Code)
CUST-01424,Harper Adams,harper.adams691@example.com,Silver,Paid Search (Google),2,399.88,2024-11-19 21:15:00,2025-03-28 20:15:00,521,129,129.0,4.04,90.0,High Churn Risk (Dormant / Churning),Tier 2: Targeted Re-engagement Campaign (20% Promo Code)
CUST-01090,Amelia Hernandez,amelia.hernandez821@example.com,Silver,Email Marketing,3,395.37,2025-10-07 04:35:00,2026-01-27 00:55:00,217,112,56.0,3.88,90.0,High Churn Risk (Dormant / Churning),Tier 2: Targeted Re-engagement Campaign (20% Promo Code)
CUST-01075,Penelope Gonzalez,penelope.gonzalez546@example.com,Silver,Affiliate Referral,2,391.18,2025-03-24 11:13:00,2025-03-26 07:11:00,524,2,2.0,262.0,90.0,High Churn Risk (Dormant / Churning),Tier 2: Targeted Re-engagement Campaign (20% Promo Code)
CUST-00797,Grayson Thompson,grayson.thompson778@example.com,Silver,Email Marketing,3,390.46,2023-07-02 05:29:00,2024-05-22 02:23:00,832,325,162.5,5.12,90.0,High Churn Risk (Dormant / Churning),Tier 2: Targeted Re-engagement Campaign (20% Promo Code)
CUST-01144,Evelyn Martin,evelyn.martin715@example.com,Silver,Paid Search (Google),2,389.44,2025-05-21 14:44:00,2025-05-30 22:02:00,458,9,9.0,50.89,90.0,High Churn Risk (Dormant / Churning),Tier 2: Targeted Re-engagement Campaign (20% Promo Code)
CUST-00843,Chloe Hall,chloe.hall118@example.com,Silver,Email Marketing,3,384.86,2023-10-17 01:25:00,2024-05-16 19:10:00,837,213,106.5,7.86,90.0,High Churn Risk (Dormant / Churning),Tier 2: Targeted Re-engagement Campaign (20% Promo Code)
CUST-01927,Noah Rodriguez,noah.rodriguez519@example.com,Standard,Social Media (Instagram/TikTok),2,384.64,2024-01-20 02:32:00,2024-02-09 07:59:00,935,20,20.0,46.75,90.0,High Churn Risk (Dormant / Churning),Tier 2: Targeted Re-engagement Campaign (20% Promo Code)
CUST-00348,Sebastian Davis,sebastian.davis828@example.com,Gold,Email Marketing,4,383.92,2025-02-09 00:00:00,2025-03-29 00:05:00,521,48,16.0,32.56,90.0,High Churn Risk (Dormant / Churning),Tier 2: Targeted Re-engagement Campaign (20% Promo Code)
CUST-00913,Emily Smith,emily.smith330@example.com,Silver,Email Marketing,2,379.97,2024-12-20 23:26:00,2025-02-26 12:00:00,552,68,68.0,8.12,90.0,High Churn Risk (Dormant / Churning),Tier 2: Targeted Re-engagement Campaign (20% Promo Code)
CUST-01587,Harper Martin,harper.martin512@example.com,Standard,Social Media (Instagram/TikTok),2,370.8,2024-12-21 13:47:00,2025-02-14 07:32:00,564,55,55.0,10.25,90.0,High Churn Risk (Dormant / Churning),Tier 2: Targeted Re-engagement Campaign (20% Promo Code)
CUST-01214,Madison Martinez,madison.martinez797@example.com,Silver,Affiliate Referral,4,366.96,2023-01-07 18:41:00,2023-10-16 14:27:00,1050,282,94.0,11.17,90.0,High Churn Risk (Dormant / Churning),Tier 2: Targeted Re-engagement Campaign (20% Promo Code)
CUST-02122,Dylan Clark,dylan.clark749@example.com,Standard,Organic Search,3,366.64,2025-06-24 00:00:00,2025-10-20 04:09:00,316,118,59.0,5.36,90.0,High Churn Risk (Dormant / Churning),Tier 2: Targeted Re-engagement Campaign (20% Promo Code)
CUST-01336,Owen Roberts,owen.roberts171@example.com,Silver,Organic Search,3,366.48,2025-03-01 02:57:00,2025-03-30 23:30:00,519,30,15.0,34.6,90.0,High Churn Risk (Dormant / Churning),Tier 2: Targeted Re-engagement Campaign (20% Promo Code)
CUST-00942,Layla Hill,layla.hill587@example.com,Silver,Social Media (Instagram/TikTok),5,356.99,2022-11-26 14:03:00,2024-07-26 21:33:00,766,608,152.0,5.04,90.0,High Churn Risk (Dormant / Churning),Tier 2: Targeted Re-engagement Campaign (20% Promo Code)
CUST-01508,Mila White,mila.white483@example.com,Standard,Paid Search (Google),3,345.94,2023-11-05 05:06:00,2024-09-13 14:53:00,717,313,156.5,4.58,90.0,High Churn Risk (Dormant / Churning),Tier 2: Targeted Re-engagement Campaign (20% Promo Code)
CUST-01355,Zoey Martinez,zoey.martinez231@example.com,Silver,Paid Search (Google),2,343.98,2024-12-26 20:22:00,2025-02-07 22:57:00,570,43,43.0,13.26,90.0,High Churn Risk (Dormant / Churning),Tier 2: Targeted Re-engagement Campaign (20% Promo Code)
CUST-01350,Lucas Jones,lucas.jones926@example.com,Silver,Affiliate Referral,2,340.98,2025-05-19 14:31:00,2025-07-30 09:28:00,398,72,72.0,5.53,90.0,High Churn Risk (Dormant / Churning),Tier 2: Targeted Re-engagement Campaign (20% Promo Code)
CUST-02377,Mia Wright,mia.wright599@example.com,Standard,Affiliate Referral,2,340.97,2025-08-09 07:19:00,2025-08-29 19:02:00,367,20,20.0,18.35,90.0,High Churn Risk (Dormant / Churning),Tier 2: Targeted Re-engagement Campaign (20% Promo Code)
CUST-01176,Elizabeth Davis,elizabeth.davis930@example.com,Silver,Organic Search,3,340.96,2024-04-26 17:45:00,2025-01-07 14:48:00,601,256,128.0,4.7,90.0,High Churn Risk (Dormant / Churning),Tier 2: Targeted Re-engagement Campaign (20% Promo Code)
CUST-01203,Jayden Wright,jayden.wright927@example.com,Silver,Email Marketing,2,337.97,2025-01-10 09:31:00,2025-02-23 21:56:00,554,45,45.0,12.31,90.0,High Churn Risk (Dormant / Churning),Tier 2: Targeted Re-engagement Campaign (20% Promo Code)
CUST-01667,Madison King,madison.king606@example.com,Standard,Email Marketing,2,331.97,2024-07-18 18:44:00,2024-12-26 23:21:00,613,161,161.0,3.81,90.0,High Churn Risk (Dormant / Churning),Tier 2: Targeted Re-engagement Campaign (20% Promo Code)
CUST-01222,Amelia Wilson,amelia.wilson565@example.com,Silver,Social Media (Instagram/TikTok),3,331.2,2025-09-21 05:43:00,2025-11-13 16:26:00,291,53,26.5,10.98,90.0,High Churn Risk (Dormant / Churning),Tier 2: Targeted Re-engagement Campaign (20% Promo Code)
CUST-00776,Matthew Hernandez,matthew.hernandez870@example.com,Silver,Paid Search (Google),2,327.34,2025-07-25 12:34:00,2025-09-10 21:04:00,355,47,47.0,7.55,90.0,High Churn Risk (Dormant / Churning),Tier 2: Targeted Re-engagement Campaign (20% Promo Code)
CUST-02091,Sofia Brown,sofia.brown566@example.com,Standard,Affiliate Referral,2,325.94,2024-05-14 00:26:00,2024-06-10 05:44:00,813,27,27.0,30.11,90.0,High Churn Risk (Dormant / Churning),Tier 2: Targeted Re-engagement Campaign (20% Promo Code)
CUST-02036,Elizabeth Thomas,elizabeth.thomas297@example.com,Standard,Social Media (Instagram/TikTok),2,324.96,2025-01-01 02:07:00,2025-06-01 08:47:00,457,151,151.0,3.03,90.0,High Churn Risk (Dormant / Churning),Tier 2: Targeted Re-engagement Campaign (20% Promo Code)
CUST-01408,Daniel Roberts,daniel.roberts294@example.com,Silver,Organic Search,2,320.94,2024-07-10 20:55:00,2024-08-25 02:02:00,737,45,45.0,16.38,90.0,High Churn Risk (Dormant / Churning),Tier 2: Targeted Re-engagement Campaign (20% Promo Code)
CUST-00879,Layla Garcia,layla.garcia367@example.com,Silver,Social Media (Instagram/TikTok),3,314.69,2024-10-04 03:06:00,2024-12-20 05:03:00,620,77,38.5,16.1,90.0,High Churn Risk (Dormant / Churning),Tier 2: Targeted Re-engagement Campaign (20% Promo Code)
CUST-01020,Benjamin Hernandez,benjamin.hernandez361@example.com,Silver,Social Media (Instagram/TikTok),3,309.1,2024-03-26 09:50:00,2024-12-20 21:10:00,619,269,134.5,4.6,90.0,High Churn Risk (Dormant / Churning),Tier 2: Targeted Re-engagement Campaign (20% Promo Code)
CUST-01357,Sebastian Gonzalez,sebastian.gonzalez353@example.com,Silver,Affiliate Referral,3,308.44,2023-04-21 10:51:00,2023-12-25 13:40:00,980,248,124.0,7.9,90.0,High Churn Risk (Dormant / Churning),Tier 2: Targeted Re-engagement Campaign (20% Promo Code)
CUST-01778,Zoey Rivera,zoey.rivera76@example.com,Standard,Paid Search (Google),3,299.25,2023-12-19 17:28:00,2024-12-12 23:19:00,627,359,179.5,3.49,90.0,High Churn Risk (Dormant / Churning),Tier 2: Targeted Re-engagement Campaign (20% Promo Code)
CUST-02363,Evelyn Green,evelyn.green597@example.com,Standard,Paid Search (Google),2,292.97,2023-07-15 03:04:00,2023-12-06 09:17:00,1000,144,144.0,6.94,90.0,High Churn Risk (Dormant / Churning),Tier 2: Targeted Re-engagement Campaign (20% Promo Code)
CUST-01045,Sebastian Hall,sebastian.hall647@example.com,Silver,Social Media (Instagram/TikTok),2,285.98,2025-03-09 20:33:00,2025-05-18 09:31:00,471,70,70.0,6.73,90.0,High Churn Risk (Dormant / Churning),Tier 2: Targeted Re-engagement Campaign (20% Promo Code)
CUST-00525,Oliver Miller,oliver.miller457@example.com,Gold,Social Media (Instagram/TikTok),2,284.97,2022-12-13 00:12:00,2023-05-22 13:37:00,1197,161,161.0,7.43,90.0,High Churn Risk (Dormant / Churning),Tier 2: Targeted Re-engagement Campaign (20% Promo Code)
CUST-00814,Jayden Jackson,jayden.jackson280@example.com,Silver,Organic Search,3,284.93,2022-12-24 11:58:00,2023-11-20 06:03:00,1016,331,165.5,6.14,90.0,High Churn Risk (Dormant / Churning),Tier 2: Targeted Re-engagement Campaign (20% Promo Code)
CUST-01686,John Harris,john.harris248@example.com,Standard,Affiliate Referral,2,278.46,2024-10-25 04:15:00,2024-11-28 11:00:00,642,34,34.0,18.88,90.0,High Churn Risk (Dormant / Churning),Tier 2: Targeted Re-engagement Campaign (20% Promo Code)
CUST-02473,Sophia Wright,sophia.wright560@example.com,Standard,Organic Search,2,271.16,2023-10-13 13:02:00,2024-05-25 04:38:00,829,225,225.0,3.68,90.0,High Churn Risk (Dormant / Churning),Tier 2: Targeted Re-engagement Campaign (20% Promo Code)
CUST-00857,Mason Rivera,mason.rivera675@example.com,Silver,Affiliate Referral,3,271.02,2025-08-15 09:34:00,2025-11-18 07:57:00,287,95,47.5,6.04,90.0,High Churn Risk (Dormant / Churning),Tier 2: Targeted Re-engagement Campaign (20% Promo Code)
CUST-01094,Ella Harris,ella.harris794@example.com,Silver,Social Media (Instagram/TikTok),2,268.02,2024-03-22 04:06:00,2024-06-23 03:08:00,800,93,93.0,8.6,90.0,High Churn Risk (Dormant / Churning),Tier 2: Targeted Re-engagement Campaign (20% Promo Code)
CUST-01709,Michael Martinez,michael.martinez392@example.com,Standard,Paid Search (Google),2,263.71,2023-05-20 15:43:00,2023-12-19 23:42:00,986,213,213.0,4.63,90.0,High Churn Risk (Dormant / Churning),Tier 2: Targeted Re-engagement Campaign (20% Promo Code)
CUST-00764,Dylan Rodriguez,dylan.rodriguez672@example.com,Silver,Organic Search,3,262.37,2025-11-10 08:08:00,2025-12-03 09:45:00,272,23,11.5,23.65,90.0,High Churn Risk (Dormant / Churning),Tier 2: Targeted Re-engagement Campaign (20% Promo Code)
CUST-02244,Liam Jackson,liam.jackson28@example.com,Standard,Organic Search,2,255.79,2025-09-10 10:21:00,2025-10-29 19:18:00,306,49,49.0,6.24,90.0,High Churn Risk (Dormant / Churning),Tier 2: Targeted Re-engagement Campaign (20% Promo Code)
CUST-00890,Mia Mitchell,mia.mitchell712@example.com,Silver,Email Marketing,2,249.97,2023-10-25 01:22:00,2024-01-17 08:49:00,958,84,84.0,11.4,90.0,High Churn Risk (Dormant / Churning),Tier 2: Targeted Re-engagement Campaign (20% Promo Code)
CUST-02220,Jacob Hill,jacob.hill40@example.com,Standard,Affiliate Referral,2,249.39,2023-09-06 09:31:00,2024-02-20 01:54:00,924,167,167.0,5.53,90.0,High Churn Risk (Dormant / Churning),Tier 2: Targeted Re-engagement Campaign (20% Promo Code)
CUST-02330,David Hill,david.hill109@example.com,Standard,Affiliate Referral,2,248.22,2024-01-26 18:20:00,2024-06-30 18:58:00,792,156,156.0,5.08,90.0,High Churn Risk (Dormant / Churning),Tier 2: Targeted Re-engagement Campaign (20% Promo Code)
CUST-00593,Evelyn Wilson,evelyn.wilson843@example.com,Gold,Affiliate Referral,3,244.57,2022-11-24 05:56:00,2023-03-05 08:50:00,1276,101,50.5,25.27,90.0,High Churn Risk (Dormant / Churning),Tier 2: Targeted Re-engagement Campaign (20% Promo Code)
CUST-01513,Lily Young,lily.young583@example.com,Standard,Organic Search,2,233.21,2024-11-17 20:28:00,2025-03-20 04:34:00,530,122,122.0,4.34,90.0,High Churn Risk (Dormant / Churning),Tier 2: Targeted Re-engagement Campaign (20% Promo Code)
CUST-02065,Penelope Sanchez,penelope.sanchez631@example.com,Standard,Paid Search (Google),2,231.97,2024-06-01 05:05:00,2024-08-13 07:35:00,749,73,73.0,10.26,90.0,High Churn Risk (Dormant / Churning),Tier 2: Targeted Re-engagement Campaign (20% Promo Code)
CUST-00464,Isabella Jones,isabella.jones966@example.com,Gold,Social Media (Instagram/TikTok),3,231.96,2023-01-30 19:38:00,2024-06-28 01:11:00,795,514,257.0,3.09,90.0,High Churn Risk (Dormant / Churning),Tier 2: Targeted Re-engagement Campaign (20% Promo Code)
CUST-00808,Mila Hill,mila.hill214@example.com,Silver,Affiliate Referral,2,225.38,2024-11-21 23:08:00,2025-01-20 01:53:00,589,59,59.0,9.98,90.0,High Churn Risk (Dormant / Churning),Tier 2: Targeted Re-engagement Campaign (20% Promo Code)
CUST-02469,Joseph Jackson,joseph.jackson179@example.com,Standard,Social Media (Instagram/TikTok),3,223.18,2024-02-22 14:36:00,2024-10-15 20:11:00,685,236,118.0,5.81,90.0,High Churn Risk (Dormant / Churning),Tier 2: Targeted Re-engagement Campaign (20% Promo Code)
CUST-01370,Jayden Torres,jayden.torres775@example.com,Silver,Email Marketing,2,219.27,2023-07-25 12:20:00,2024-02-24 19:14:00,919,214,214.0,4.29,90.0,High Churn Risk (Dormant / Churning),Tier 2: Targeted Re-engagement Campaign (20% Promo Code)
CUST-01417,Matthew Walker,matthew.walker898@example.com,Silver,Organic Search,3,216.55,2024-06-26 09:43:00,2025-03-19 15:24:00,530,266,133.0,3.98,90.0,High Churn Risk (Dormant / Churning),Tier 2: Targeted Re-engagement Campaign (20% Promo Code)
CUST-02432,Luke Davis,luke.davis533@example.com,Standard,Paid Search (Google),2,211.98,2024-03-05 16:32:00,2024-03-17 20:31:00,897,12,12.0,74.75,90.0,High Churn Risk (Dormant / Churning),Tier 2: Targeted Re-engagement Campaign (20% Promo Code)
CUST-01410,Jacob Young,jacob.young335@example.com,Silver,Affiliate Referral,3,205.88,2025-11-02 18:42:00,2026-02-20 12:40:00,192,110,55.0,3.49,90.0,High Churn Risk (Dormant / Churning),Tier 2: Targeted Re-engagement Campaign (20% Promo Code)
CUST-01945,Owen Brown,owen.brown839@example.com,Standard,Paid Search (Google),2,204.97,2023-08-01 00:43:00,2024-04-28 18:30:00,855,272,272.0,3.14,90.0,High Churn Risk (Dormant / Churning),Tier 2: Targeted Re-engagement Campaign (20% Promo Code)
CUST-01493,Riley Moore,riley.moore30@example.com,Silver,Affiliate Referral,3,202.47,2025-05-22 00:49:00,2025-10-30 01:20:00,306,161,80.5,3.8,90.0,High Churn Risk (Dormant / Churning),Tier 2: Targeted Re-engagement Campaign (20% Promo Code)
CUST-01277,Jackson Smith,jackson.smith769@example.com,Silver,Paid Search (Google),3,195.72,2025-10-27 12:43:00,2026-02-23 03:49:00,190,119,59.5,3.19,90.0,High Churn Risk (Dormant / Churning),Tier 2: Targeted Re-engagement Campaign (20% Promo Code)
CUST-01038,Eleanor Martin,eleanor.martin19@example.com,Silver,Social Media (Instagram/TikTok),2,192.78,2025-07-09 12:18:00,2025-10-11 10:00:00,325,94,94.0,3.46,90.0,High Churn Risk (Dormant / Churning),Tier 2: Targeted Re-engagement Campaign (20% Promo Code)
CUST-01414,Ella Campbell,ella.campbell919@example.com,Silver,Email Marketing,4,188.96,2024-12-25 12:52:00,2025-10-19 09:34:00,317,298,99.3,3.19,90.0,High Churn Risk (Dormant / Churning),Tier 2: Targeted Re-engagement Campaign (20% Promo Code)
CUST-01457,Ella Allen,ella.allen243@example.com,Silver,Social Media (Instagram/TikTok),2,187.12,2024-09-13 20:44:00,2024-10-24 05:13:00,677,40,40.0,16.92,90.0,High Churn Risk (Dormant / Churning),Tier 2: Targeted Re-engagement Campaign (20% Promo Code)
CUST-01078,Mason Lopez,mason.lopez904@example.com,Silver,Organic Search,2,186.45,2025-07-13 03:57:00,2025-10-13 15:29:00,322,92,92.0,3.5,90.0,High Churn Risk (Dormant / Churning),Tier 2: Targeted Re-engagement Campaign (20% Promo Code)
CUST-02020,Grace Smith,grace.smith113@example.com,Standard,Paid Search (Google),2,183.49,2025-03-18 16:29:00,2025-03-23 23:29:00,526,5,5.0,105.2,90.0,High Churn Risk (Dormant / Churning),Tier 2: Targeted Re-engagement Campaign (20% Promo Code)
CUST-02196,Sebastian Nelson,sebastian.nelson280@example.com,Standard,Paid Search (Google),3,183.37,2024-11-12 17:44:00,2025-01-30 18:50:00,578,79,39.5,14.63,90.0,High Churn Risk (Dormant / Churning),Tier 2: Targeted Re-engagement Campaign (20% Promo Code)
CUST-01903,James Hernandez,james.hernandez845@example.com,Standard,Organic Search,3,179.36,2023-03-16 14:49:00,2024-05-08 06:51:00,846,419,209.5,4.04,90.0,High Churn Risk (Dormant / Churning),Tier 2: Targeted Re-engagement Campaign (20% Promo Code)
CUST-01821,Lucas Rodriguez,lucas.rodriguez559@example.com,Standard,Organic Search,3,171.44,2025-02-11 15:44:00,2025-03-06 08:09:00,544,23,11.5,47.3,90.0,High Churn Risk (Dormant / Churning),Tier 2: Targeted Re-engagement Campaign (20% Promo Code)
CUST-02307,Lily Baker,lily.baker163@example.com,Standard,Affiliate Referral,2,170.96,2024-07-07 12:51:00,2024-10-03 19:45:00,697,88,88.0,7.92,90.0,High Churn Risk (Dormant / Churning),Tier 2: Targeted Re-engagement Campaign (20% Promo Code)
CUST-01563,Samuel Rivera,samuel.rivera553@example.com,Standard,Social Media (Instagram/TikTok),2,170.95,2023-04-09 11:11:00,2023-10-14 18:17:00,1052,188,188.0,5.6,90.0,High Churn Risk (Dormant / Churning),Tier 2: Targeted Re-engagement Campaign (20% Promo Code)
CUST-01215,Mason Wilson,mason.wilson751@example.com,Silver,Email Marketing,2,165.26,2025-01-24 19:21:00,2025-03-09 19:03:00,540,44,44.0,12.27,90.0,High Churn Risk (Dormant / Churning),Tier 2: Targeted Re-engagement Campaign (20% Promo Code)
CUST-01494,Liam Lee,liam.lee396@example.com,Silver,Social Media (Instagram/TikTok),2,164.97,2024-09-18 16:19:00,2025-03-14 15:44:00,535,177,177.0,3.02,90.0,High Churn Risk (Dormant / Churning),Tier 2: Targeted Re-engagement Campaign (20% Promo Code)
CUST-02428,Noah Lopez,noah.lopez710@example.com,Standard,Affiliate Referral,2,163.98,2024-12-22 09:51:00,2025-03-23 12:41:00,526,91,91.0,5.78,90.0,High Churn Risk (Dormant / Churning),Tier 2: Targeted Re-engagement Campaign (20% Promo Code)
CUST-01976,Matthew Williams,matthew.williams978@example.com,Standard,Affiliate Referral,2,161.49,2024-08-17 21:10:00,2024-10-11 13:29:00,689,55,55.0,12.53,90.0,High Churn Risk (Dormant / Churning),Tier 2: Targeted Re-engagement Campaign (20% Promo Code)
CUST-00816,Jack Mitchell,jack.mitchell128@example.com,Silver,Organic Search,2,158.01,2023-08-12 12:49:00,2023-09-25 03:03:00,1072,44,44.0,24.36,90.0,High Churn Risk (Dormant / Churning),Tier 2: Targeted Re-engagement Campaign (20% Promo Code)
CUST-00832,Henry Perez,henry.perez294@example.com,Silver,Paid Search (Google),2,156.99,2025-07-21 13:03:00,2025-07-31 04:24:00,397,10,10.0,39.7,90.0,High Churn Risk (Dormant / Churning),Tier 2: Targeted Re-engagement Campaign (20% Promo Code)
CUST-01506,Hannah Wilson,hannah.wilson686@example.com,Standard,Social Media (Instagram/TikTok),2,152.96,2025-02-13 02:06:00,2025-03-30 15:59:00,519,46,46.0,11.28,90.0,High Churn Risk (Dormant / Churning),Tier 2: Targeted Re-engagement Campaign (20% Promo Code)
CUST-01690,Oliver Torres,oliver.torres544@example.com,Standard,Affiliate Referral,2,148.98,2025-02-11 07:20:00,2025-02-21 13:51:00,556,10,10.0,55.6,90.0,High Churn Risk (Dormant / Churning),Tier 2: Targeted Re-engagement Campaign (20% Promo Code)
CUST-01211,Matthew Lopez,matthew.lopez124@example.com,Silver,Paid Search (Google),3,147.96,2023-10-30 06:56:00,2024-10-11 03:56:00,690,347,173.5,3.98,90.0,High Churn Risk (Dormant / Churning),Tier 2: Targeted Re-engagement Campaign (20% Promo Code)
CUST-01782,Sofia Brown,sofia.brown654@example.com,Standard,Paid Search (Google),2,141.09,2025-09-22 05:19:00,2025-10-10 19:50:00,325,19,19.0,17.11,90.0,High Churn Risk (Dormant / Churning),Tier 2: Targeted Re-engagement Campaign (20% Promo Code)
CUST-02083,Jacob Jones,jacob.jones156@example.com,Standard,Paid Search (Google),2,133.22,2024-10-26 03:39:00,2025-02-26 01:43:00,552,123,123.0,4.49,90.0,High Churn Risk (Dormant / Churning),Tier 2: Targeted Re-engagement Campaign (20% Promo Code)
CUST-01718,Sebastian Thomas,sebastian.thomas688@example.com,Standard,Paid Search (Google),2,114.96,2024-11-20 12:37:00,2025-01-28 23:45:00,580,69,69.0,8.41,90.0,High Churn Risk (Dormant / Churning),Tier 2: Targeted Re-engagement Campaign (20% Promo Code)
CUST-01251,Emma Flores,emma.flores532@example.com,Silver,Social Media (Instagram/TikTok),2,102.96,2024-07-14 16:39:00,2024-12-29 18:07:00,610,168,168.0,3.63,90.0,High Churn Risk (Dormant / Churning),Tier 2: Targeted Re-engagement Campaign (20% Promo Code)
CUST-01738,Sophia Campbell,sophia.campbell239@example.com,Standard,Email Marketing,2,101.99,2024-07-04 05:43:00,2024-09-01 09:21:00,730,59,59.0,12.37,90.0,High Churn Risk (Dormant / Churning),Tier 2: Targeted Re-engagement Campaign (20% Promo Code)
CUST-02209,Jacob Wright,jacob.wright870@example.com,Standard,Social Media (Instagram/TikTok),2,101.67,2024-10-13 13:51:00,2025-01-05 05:41:00,604,84,84.0,7.19,90.0,High Churn Risk (Dormant / Churning),Tier 2: Targeted Re-engagement Campaign (20% Promo Code)
CUST-01490,Benjamin Hall,benjamin.hall77@example.com,Silver,Organic Search,2,100.99,2025-03-17 09:21:00,2025-05-19 19:18:00,469,63,63.0,7.44,90.0,High Churn Risk (Dormant / Churning),Tier 2: Targeted Re-engagement Campaign (20% Promo Code)
CUST-00277,Ella Roberts,ella.roberts150@example.com,Gold,Social Media (Instagram/TikTok),2,95.72,2024-02-05 11:56:00,2024-05-23 05:15:00,831,108,108.0,7.69,90.0,High Churn Risk (Dormant / Churning),Tier 2: Targeted Re-engagement Campaign (20% Promo Code)
CUST-01258,Evelyn Smith,evelyn.smith83@example.com,Silver,Paid Search (Google),2,91.98,2024-07-29 06:23:00,2024-10-17 07:07:00,684,80,80.0,8.55,90.0,High Churn Risk (Dormant / Churning),Tier 2: Targeted Re-engagement Campaign (20% Promo Code)
CUST-01338,Aiden Clark,aiden.clark720@example.com,Silver,Paid Search (Google),2,91.19,2025-09-30 04:57:00,2025-11-26 23:41:00,278,58,58.0,4.79,90.0,High Churn Risk (Dormant / Churning),Tier 2: Targeted Re-engagement Campaign (20% Promo Code)
CUST-01950,Jacob Hall,jacob.hall886@example.com,Standard,Organic Search,2,85.68,2024-10-25 18:00:00,2025-01-06 14:37:00,602,73,73.0,8.25,90.0,High Churn Risk (Dormant / Churning),Tier 2: Targeted Re-engagement Campaign (20% Promo Code)
CUST-02133,Amelia Jones,amelia.jones226@example.com,Standard,Social Media (Instagram/TikTok),2,81.06,2023-01-08 10:12:00,2023-02-05 16:15:00,1303,28,28.0,46.54,90.0,High Churn Risk (Dormant / Churning),Tier 2: Targeted Re-engagement Campaign (20% Promo Code)
CUST-01071,Alexander Jones,alexander.jones553@example.com,Silver,Social Media (Instagram/TikTok),2,78.19,2024-12-30 23:48:00,2025-05-19 00:35:00,470,139,139.0,3.38,90.0,High Churn Risk (Dormant / Churning),Tier 2: Targeted Re-engagement Campaign (20% Promo Code)
CUST-01163,Scarlett Lewis,scarlett.lewis417@example.com,Silver,Email Marketing,2,64.47,2024-12-26 21:12:00,2025-03-25 19:38:00,524,89,89.0,5.89,90.0,High Churn Risk (Dormant / Churning),Tier 2: Targeted Re-engagement Campaign (20% Promo Code)
CUST-01774,Sofia Lopez,sofia.lopez210@example.com,Standard,Social Media (Instagram/TikTok),2,59.73,2023-10-15 03:21:00,2024-06-16 20:00:00,806,246,246.0,3.28,90.0,High Churn Risk (Dormant / Churning),Tier 2: Targeted Re-engagement Campaign (20% Promo Code)
CUST-00085,Amelia Hill,amelia.hill454@example.com,Platinum,Email Marketing,16,6060.75,2024-04-02 04:12:00,2026-03-16 13:04:00,168,713,47.5,3.54,80.0,Critical Churn Risk (High Value At-Risk),Tier 1: High-Priority VIP Winback ($30 Loyalty Credit + Personal Email)
CUST-00875,Madison Hill,madison.hill62@example.com,Silver,Affiliate Referral,4,5178.12,2025-12-22 06:12:00,2026-03-28 02:02:00,157,96,32.0,4.91,80.0,Critical Churn Risk (High Value At-Risk),Tier 1: High-Priority VIP Winback ($30 Loyalty Credit + Personal Email)
CUST-00721,Charlotte Perez,charlotte.perez618@example.com,Gold,Organic Search,9,5077.88,2025-04-24 17:17:00,2026-03-16 07:32:00,169,326,40.8,4.14,80.0,Critical Churn Risk (High Value At-Risk),Tier 1: High-Priority VIP Winback ($30 Loyalty Credit + Personal Email)
CUST-00220,Charlotte Jackson,charlotte.jackson344@example.com,Platinum,Paid Search (Google),13,4688.89,2024-11-04 10:36:00,2026-04-12 21:13:00,141,524,43.7,3.23,80.0,Critical Churn Risk (High Value At-Risk),Tier 1: High-Priority VIP Winback ($30 Loyalty Credit + Personal Email)
CUST-00996,Aria Young,aria.young197@example.com,Silver,Social Media (Instagram/TikTok),4,3631.32,2025-12-23 07:46:00,2026-04-09 10:08:00,145,107,35.7,4.06,80.0,Critical Churn Risk (High Value At-Risk),Tier 1: High-Priority VIP Winback ($30 Loyalty Credit + Personal Email)
CUST-01999,Sebastian Brown,sebastian.brown950@example.com,Standard,Social Media (Instagram/TikTok),2,3498.65,2026-03-18 07:46:00,2026-04-22 15:01:00,131,35,35.0,3.74,80.0,Critical Churn Risk (High Value At-Risk),Tier 1: High-Priority VIP Winback ($30 Loyalty Credit + Personal Email)
CUST-01469,Sebastian Carter,sebastian.carter818@example.com,Silver,Email Marketing,4,3268.6,2026-02-23 02:33:00,2026-04-11 22:47:00,142,48,16.0,8.88,80.0,Critical Churn Risk (High Value At-Risk),Tier 1: High-Priority VIP Winback ($30 Loyalty Credit + Personal Email)
CUST-00855,Matthew Hall,matthew.hall570@example.com,Silver,Affiliate Referral,2,3209.97,2026-03-10 06:58:00,2026-04-08 17:09:00,145,29,29.0,5.0,80.0,Critical Churn Risk (High Value At-Risk),Tier 1: High-Priority VIP Winback ($30 Loyalty Credit + Personal Email)
CUST-00820,Sebastian Harris,sebastian.harris716@example.com,Silver,Email Marketing,4,2604.18,2026-01-24 12:42:00,2026-03-28 17:18:00,156,63,21.0,7.43,80.0,Critical Churn Risk (High Value At-Risk),Tier 1: High-Priority VIP Winback ($30 Loyalty Credit + Personal Email)
CUST-00373,John Roberts,john.roberts429@example.com,Gold,Organic Search,5,2197.57,2025-08-26 23:43:00,2026-03-19 11:54:00,166,205,51.2,3.24,80.0,Critical Churn Risk (High Value At-Risk),Tier 1: High-Priority VIP Winback ($30 Loyalty Credit + Personal Email)
CUST-01300,Lily Nelson,lily.nelson968@example.com,Silver,Email Marketing,3,1962.44,2026-02-02 18:39:00,2026-04-25 20:16:00,128,82,41.0,3.12,80.0,Critical Churn Risk (High Value At-Risk),Tier 1: High-Priority VIP Winback ($30 Loyalty Credit + Personal Email)
CUST-00784,Evelyn Gonzalez,evelyn.gonzalez360@example.com,Silver,Email Marketing,3,1632.46,2025-12-24 16:23:00,2026-03-23 16:58:00,161,89,44.5,3.62,80.0,Critical Churn Risk (High Value At-Risk),Tier 1: High-Priority VIP Winback ($30 Loyalty Credit + Personal Email)
CUST-01995,Emily Lee,emily.lee979@example.com,Standard,Paid Search (Google),2,1265.53,2026-02-25 07:48:00,2026-03-31 15:03:00,153,34,34.0,4.5,80.0,Critical Churn Risk (High Value At-Risk),Tier 1: High-Priority VIP Winback ($30 Loyalty Credit + Personal Email)
CUST-00906,Lucas Lopez,lucas.lopez697@example.com,Silver,Organic Search,2,1249.95,2026-03-27 08:59:00,2026-04-09 00:42:00,145,13,13.0,11.15,80.0,Critical Churn Risk (High Value At-Risk),Tier 1: High-Priority VIP Winback ($30 Loyalty Credit + Personal Email)
CUST-00043,Elijah Nelson,elijah.nelson451@example.com,Platinum,Email Marketing,11,1182.33,2024-12-25 10:59:00,2026-04-11 15:13:00,142,472,47.2,3.01,80.0,Critical Churn Risk (High Value At-Risk),Tier 1: High-Priority VIP Winback ($30 Loyalty Credit + Personal Email)
CUST-01197,John Williams,john.williams351@example.com,Silver,Paid Search (Google),3,1022.35,2026-04-03 19:37:00,2026-04-25 20:59:00,128,22,11.0,11.64,80.0,Critical Churn Risk (High Value At-Risk),Tier 1: High-Priority VIP Winback ($30 Loyalty Credit + Personal Email)
CUST-00458,Lucas Baker,lucas.baker220@example.com,Gold,Email Marketing,4,907.07,2026-01-11 08:06:00,2026-05-01 23:36:00,122,111,37.0,3.3,80.0,Critical Churn Risk (High Value At-Risk),Tier 1: High-Priority VIP Winback ($30 Loyalty Credit + Personal Email)
CUST-01196,Harper Mitchell,harper.mitchell878@example.com,Silver,Email Marketing,5,892.73,2026-01-02 07:27:00,2026-05-02 19:55:00,121,121,30.2,4.01,80.0,Critical Churn Risk (High Value At-Risk),Tier 1: High-Priority VIP Winback ($30 Loyalty Credit + Personal Email)
CUST-01273,Camila Brown,camila.brown654@example.com,Silver,Paid Search (Google),4,857.78,2025-10-17 18:56:00,2026-03-12 22:32:00,172,146,48.7,3.53,80.0,Critical Churn Risk (High Value At-Risk),Tier 1: High-Priority VIP Winback ($30 Loyalty Credit + Personal Email)
CUST-02194,Joseph Robinson,joseph.robinson432@example.com,Standard,Email Marketing,2,694.05,2026-03-27 00:04:00,2026-04-18 02:38:00,136,22,22.0,6.18,80.0,Critical Churn Risk (High Value At-Risk),Tier 1: High-Priority VIP Winback ($30 Loyalty Credit + Personal Email)
CUST-00811,David Thomas,david.thomas12@example.com,Silver,Organic Search,3,594.92,2026-03-10 08:16:00,2026-04-28 09:19:00,126,49,24.5,5.14,80.0,Critical Churn Risk (High Value At-Risk),Tier 1: High-Priority VIP Winback ($30 Loyalty Credit + Personal Email)
CUST-02154,Luke White,luke.white534@example.com,Standard,Social Media (Instagram/TikTok),2,493.46,2026-01-21 11:45:00,2026-03-11 23:00:00,173,49,49.0,3.53,80.0,High Churn Risk (Dormant / Churning),Tier 2: Targeted Re-engagement Campaign (20% Promo Code)
CUST-01698,Abigail Martin,abigail.martin985@example.com,Standard,Paid Search (Google),2,424.34,2026-04-04 08:01:00,2026-04-07 00:27:00,147,3,3.0,49.0,80.0,High Churn Risk (Dormant / Churning),Tier 2: Targeted Re-engagement Campaign (20% Promo Code)
CUST-01143,Michael Adams,michael.adams151@example.com,Silver,Paid Search (Google),4,386.96,2025-09-29 11:45:00,2026-03-16 12:23:00,168,168,56.0,3.0,80.0,High Churn Risk (Dormant / Churning),Tier 2: Targeted Re-engagement Campaign (20% Promo Code)
CUST-01734,Jacob Baker,jacob.baker33@example.com,Standard,Affiliate Referral,2,311.37,2026-03-21 14:34:00,2026-03-25 16:51:00,159,4,4.0,39.75,80.0,High Churn Risk (Dormant / Churning),Tier 2: Targeted Re-engagement Campaign (20% Promo Code)
CUST-01169,Charlotte Taylor,charlotte.taylor341@example.com,Silver,Paid Search (Google),2,264.69,2026-04-07 08:54:00,2026-04-13 03:14:00,141,6,6.0,23.5,80.0,High Churn Risk (Dormant / Churning),Tier 2: Targeted Re-engagement Campaign (20% Promo Code)
CUST-01418,Owen Garcia,owen.garcia16@example.com,Silver,Social Media (Instagram/TikTok),2,168.47,2026-02-17 04:38:00,2026-04-02 10:41:00,152,44,44.0,3.45,80.0,High Churn Risk (Dormant / Churning),Tier 2: Targeted Re-engagement Campaign (20% Promo Code)
CUST-01109,Abigail Lee,abigail.lee524@example.com,Silver,Paid Search (Google),3,7435.33,2024-05-03 02:04:00,2025-05-10 16:45:00,478,373,186.5,2.56,75.0,Critical Churn Risk (High Value At-Risk),Tier 1: High-Priority VIP Winback ($30 Loyalty Credit + Personal Email)
CUST-00017,Daniel Baker,daniel.baker342@example.com,Platinum,Paid Search (Google),17,6890.12,2022-10-10 10:54:00,2026-02-21 11:36:00,192,1230,76.9,2.5,75.0,Critical Churn Risk (High Value At-Risk),Tier 1: High-Priority VIP Winback ($30 Loyalty Credit + Personal Email)
CUST-00290,Abigail Carter,abigail.carter787@example.com,Gold,Paid Search (Google),4,4604.22,2024-04-16 15:33:00,2025-07-22 12:27:00,405,462,154.0,2.63,75.0,Critical Churn Risk (High Value At-Risk),Tier 1: High-Priority VIP Winback ($30 Loyalty Credit + Personal Email)
CUST-00351,Benjamin Ramirez,benjamin.ramirez626@example.com,Gold,Affiliate Referral,9,4579.94,2023-10-24 19:34:00,2026-01-02 17:46:00,241,801,100.1,2.41,75.0,Critical Churn Risk (High Value At-Risk),Tier 1: High-Priority VIP Winback ($30 Loyalty Credit + Personal Email)
CUST-00236,Isabella Sanchez,isabella.sanchez292@example.com,Platinum,Email Marketing,13,4363.77,2023-05-03 18:19:00,2026-03-03 20:23:00,181,1035,86.2,2.1,75.0,Critical Churn Risk (High Value At-Risk),Tier 1: High-Priority VIP Winback ($30 Loyalty Credit + Personal Email)
CUST-00408,Wyatt Flores,wyatt.flores767@example.com,Gold,Affiliate Referral,8,3956.93,2024-02-27 05:52:00,2026-01-12 17:49:00,231,685,97.9,2.36,75.0,Critical Churn Risk (High Value At-Risk),Tier 1: High-Priority VIP Winback ($30 Loyalty Credit + Personal Email)
CUST-00092,Matthew Sanchez,matthew.sanchez571@example.com,Platinum,Social Media (Instagram/TikTok),11,3835.17,2022-09-06 12:26:00,2025-12-23 20:10:00,251,1204,120.4,2.08,75.0,Critical Churn Risk (High Value At-Risk),Tier 1: High-Priority VIP Winback ($30 Loyalty Credit + Personal Email)
CUST-00531,Penelope Lee,penelope.lee379@example.com,Gold,Organic Search,8,3795.73,2023-09-04 11:28:00,2025-11-20 19:31:00,284,808,115.4,2.46,75.0,Critical Churn Risk (High Value At-Risk),Tier 1: High-Priority VIP Winback ($30 Loyalty Credit + Personal Email)
CUST-00459,Charlotte Allen,charlotte.allen466@example.com,Gold,Email Marketing,5,3481.87,2022-12-12 13:49:00,2025-03-19 16:41:00,530,828,207.0,2.56,75.0,Critical Churn Risk (High Value At-Risk),Tier 1: High-Priority VIP Winback ($30 Loyalty Credit + Personal Email)
CUST-01290,Sebastian Moore,sebastian.moore831@example.com,Silver,Affiliate Referral,3,3417.93,2023-11-28 04:03:00,2025-02-10 14:08:00,567,440,220.0,2.58,75.0,Critical Churn Risk (High Value At-Risk),Tier 1: High-Priority VIP Winback ($30 Loyalty Credit + Personal Email)
CUST-01168,Ethan Robinson,ethan.robinson614@example.com,Silver,Email Marketing,2,3316.96,2023-11-30 15:26:00,2024-08-27 20:05:00,734,271,271.0,2.71,75.0,Critical Churn Risk (High Value At-Risk),Tier 1: High-Priority VIP Winback ($30 Loyalty Credit + Personal Email)
CUST-01306,Zoey Wilson,zoey.wilson638@example.com,Silver,Email Marketing,4,3267.93,2023-07-03 09:18:00,2025-02-26 21:43:00,551,605,201.7,2.73,75.0,Critical Churn Risk (High Value At-Risk),Tier 1: High-Priority VIP Winback ($30 Loyalty Credit + Personal Email)
CUST-01269,Victoria Flores,victoria.flores64@example.com,Silver,Organic Search,3,3252.32,2025-06-26 12:59:00,2026-01-26 23:08:00,217,214,107.0,2.03,75.0,Critical Churn Risk (High Value At-Risk),Tier 1: High-Priority VIP Winback ($30 Loyalty Credit + Personal Email)
CUST-00714,Joseph Taylor,joseph.taylor815@example.com,Gold,Organic Search,8,3186.1,2022-06-11 17:20:00,2025-09-19 16:47:00,346,1196,170.9,2.02,75.0,Critical Churn Risk (High Value At-Risk),Tier 1: High-Priority VIP Winback ($30 Loyalty Credit + Personal Email)
CUST-01896,Jackson Thomas,jackson.thomas626@example.com,Standard,Paid Search (Google),1,2889.98,2026-03-16 15:47:00,2026-03-16 15:47:00,168,0,60.0,2.8,75.0,Critical Churn Risk (High Value At-Risk),Tier 1: High-Priority VIP Winback ($30 Loyalty Credit + Personal Email)
CUST-00476,Avery Wright,avery.wright232@example.com,Gold,Paid Search (Google),9,2821.77,2022-12-11 03:39:00,2025-12-03 00:30:00,272,1088,136.0,2.0,75.0,Critical Churn Risk (High Value At-Risk),Tier 1: High-Priority VIP Winback ($30 Loyalty Credit + Personal Email)
CUST-01362,Ella Nguyen,ella.nguyen494@example.com,Silver,Social Media (Instagram/TikTok),5,2728.62,2025-01-07 19:59:00,2025-12-29 08:46:00,246,356,89.0,2.76,75.0,Critical Churn Risk (High Value At-Risk),Tier 1: High-Priority VIP Winback ($30 Loyalty Credit + Personal Email)
CUST-00924,Emily Carter,emily.carter536@example.com,Silver,Paid Search (Google),5,2679.52,2024-12-04 00:20:00,2025-12-09 03:11:00,266,370,92.5,2.88,75.0,Critical Churn Risk (High Value At-Risk),Tier 1: High-Priority VIP Winback ($30 Loyalty Credit + Personal Email)
CUST-00997,Wyatt Anderson,wyatt.anderson778@example.com,Silver,Organic Search,2,2657.92,2025-05-27 09:08:00,2025-10-25 10:51:00,311,151,151.0,2.06,75.0,Critical Churn Risk (High Value At-Risk),Tier 1: High-Priority VIP Winback ($30 Loyalty Credit + Personal Email)
CUST-01527,Carter Walker,carter.walker742@example.com,Standard,Organic Search,1,2437.45,2026-05-02 00:25:00,2026-05-02 00:25:00,122,0,60.0,2.03,75.0,Critical Churn Risk (High Value At-Risk),Tier 1: High-Priority VIP Winback ($30 Loyalty Credit + Personal Email)
CUST-01497,Emily Flores,emily.flores316@example.com,Silver,Paid Search (Google),3,2146.77,2025-01-22 17:45:00,2025-11-08 03:48:00,297,289,144.5,2.06,75.0,Critical Churn Risk (High Value At-Risk),Tier 1: High-Priority VIP Winback ($30 Loyalty Credit + Personal Email)
CUST-02297,Lucas Moore,lucas.moore712@example.com,Standard,Organic Search,1,2079.97,2026-04-07 01:37:00,2026-04-07 01:37:00,147,0,60.0,2.45,75.0,Critical Churn Risk (High Value At-Risk),Tier 1: High-Priority VIP Winback ($30 Loyalty Credit + Personal Email)
CUST-01596,Jack Jackson,jack.jackson592@example.com,Standard,Organic Search,3,2041.22,2025-07-12 19:12:00,2026-02-02 10:37:00,211,205,102.5,2.06,75.0,Critical Churn Risk (High Value At-Risk),Tier 1: High-Priority VIP Winback ($30 Loyalty Credit + Personal Email)
CUST-00522,Mia Martin,mia.martin176@example.com,Gold,Affiliate Referral,6,1982.58,2023-10-24 06:26:00,2025-08-21 08:14:00,376,667,133.4,2.82,75.0,Critical Churn Risk (High Value At-Risk),Tier 1: High-Priority VIP Winback ($30 Loyalty Credit + Personal Email)
CUST-00584,Grayson Hernandez,grayson.hernandez94@example.com,Gold,Paid Search (Google),6,1894.12,2023-04-01 12:48:00,2025-09-05 22:05:00,360,888,177.6,2.03,75.0,Critical Churn Risk (High Value At-Risk),Tier 1: High-Priority VIP Winback ($30 Loyalty Credit + Personal Email)
CUST-02021,Benjamin King,benjamin.king536@example.com,Standard,Organic Search,2,1847.98,2025-05-17 07:34:00,2025-10-03 16:26:00,332,139,139.0,2.39,75.0,Critical Churn Risk (High Value At-Risk),Tier 1: High-Priority VIP Winback ($30 Loyalty Credit + Personal Email)
CUST-02402,Grayson Moore,grayson.moore90@example.com,Standard,Affiliate Referral,3,1842.33,2023-05-29 13:51:00,2024-09-24 07:19:00,707,484,242.0,2.92,75.0,Critical Churn Risk (High Value At-Risk),Tier 1: High-Priority VIP Winback ($30 Loyalty Credit + Personal Email)
CUST-01485,Grace Roberts,grace.roberts301@example.com,Silver,Organic Search,4,1838.65,2022-11-03 04:16:00,2025-02-06 18:44:00,571,827,275.7,2.07,75.0,Critical Churn Risk (High Value At-Risk),Tier 1: High-Priority VIP Winback ($30 Loyalty Credit + Personal Email)
CUST-02089,Luna Rivera,luna.rivera97@example.com,Standard,Email Marketing,3,1826.93,2024-08-28 03:07:00,2025-08-26 09:51:00,371,363,181.5,2.04,75.0,Critical Churn Risk (High Value At-Risk),Tier 1: High-Priority VIP Winback ($30 Loyalty Credit + Personal Email)
CUST-00651,Sebastian Jones,sebastian.jones595@example.com,Gold,Affiliate Referral,3,1776.96,2023-03-31 23:08:00,2024-11-23 23:32:00,646,603,301.5,2.14,75.0,Critical Churn Risk (High Value At-Risk),Tier 1: High-Priority VIP Winback ($30 Loyalty Credit + Personal Email)
CUST-01287,Aiden Lewis,aiden.lewis401@example.com,Silver,Affiliate Referral,5,1755.08,2024-06-05 19:57:00,2025-10-29 15:21:00,306,511,127.8,2.39,75.0,Critical Churn Risk (High Value At-Risk),Tier 1: High-Priority VIP Winback ($30 Loyalty Credit + Personal Email)
CUST-01400,Nora Wright,nora.wright176@example.com,Silver,Organic Search,3,1728.42,2024-04-30 11:56:00,2025-05-06 19:31:00,482,371,185.5,2.6,75.0,Critical Churn Risk (High Value At-Risk),Tier 1: High-Priority VIP Winback ($30 Loyalty Credit + Personal Email)
CUST-00532,Victoria Lewis,victoria.lewis378@example.com,Gold,Organic Search,4,1716.92,2024-01-05 08:45:00,2025-05-23 17:45:00,465,504,168.0,2.77,75.0,Critical Churn Risk (High Value At-Risk),Tier 1: High-Priority VIP Winback ($30 Loyalty Credit + Personal Email)
CUST-00597,Aria Adams,aria.adams139@example.com,Gold,Paid Search (Google),5,1625.7,2023-03-30 11:45:00,2025-03-23 07:11:00,527,724,181.0,2.91,75.0,Critical Churn Risk (High Value At-Risk),Tier 1: High-Priority VIP Winback ($30 Loyalty Credit + Personal Email)
CUST-01376,Carter Brown,carter.brown123@example.com,Silver,Email Marketing,5,1613.19,2024-10-08 18:36:00,2025-12-27 23:43:00,247,445,111.2,2.22,75.0,Critical Churn Risk (High Value At-Risk),Tier 1: High-Priority VIP Winback ($30 Loyalty Credit + Personal Email)
CUST-00856,Ella Gonzalez,ella.gonzalez224@example.com,Silver,Social Media (Instagram/TikTok),3,1590.45,2024-03-17 12:05:00,2025-04-05 09:33:00,514,384,192.0,2.68,75.0,Critical Churn Risk (High Value At-Risk),Tier 1: High-Priority VIP Winback ($30 Loyalty Credit + Personal Email)
CUST-00845,Jackson Flores,jackson.flores210@example.com,Silver,Email Marketing,5,1583.41,2024-05-31 20:34:00,2025-10-22 09:12:00,314,509,127.2,2.47,75.0,Critical Churn Risk (High Value At-Risk),Tier 1: High-Priority VIP Winback ($30 Loyalty Credit + Personal Email)
CUST-00345,Samuel Martin,samuel.martin537@example.com,Gold,Email Marketing,4,1570.06,2025-08-16 02:44:00,2026-02-22 23:03:00,190,191,63.7,2.98,75.0,Critical Churn Risk (High Value At-Risk),Tier 1: High-Priority VIP Winback ($30 Loyalty Credit + Personal Email)
CUST-00607,Jayden Johnson,jayden.johnson137@example.com,Gold,Email Marketing,3,1549.92,2024-01-10 14:36:00,2025-03-22 12:45:00,527,437,218.5,2.41,75.0,Critical Churn Risk (High Value At-Risk),Tier 1: High-Priority VIP Winback ($30 Loyalty Credit + Personal Email)
CUST-01359,Riley Hernandez,riley.hernandez788@example.com,Silver,Social Media (Instagram/TikTok),3,1509.03,2023-11-02 10:29:00,2024-12-28 04:40:00,612,422,211.0,2.9,75.0,Critical Churn Risk (High Value At-Risk),Tier 1: High-Priority VIP Winback ($30 Loyalty Credit + Personal Email)
CUST-01562,Hannah Perez,hannah.perez908@example.com,Standard,Organic Search,2,1505.18,2023-11-29 02:44:00,2024-08-08 10:13:00,754,253,253.0,2.98,75.0,Critical Churn Risk (High Value At-Risk),Tier 1: High-Priority VIP Winback ($30 Loyalty Credit + Personal Email)
CUST-00491,Emma Wilson,emma.wilson969@example.com,Gold,Email Marketing,7,1452.05,2023-07-19 18:09:00,2025-09-10 13:17:00,355,784,130.7,2.72,75.0,Critical Churn Risk (High Value At-Risk),Tier 1: High-Priority VIP Winback ($30 Loyalty Credit + Personal Email)
CUST-01259,Grayson Nelson,grayson.nelson457@example.com,Silver,Paid Search (Google),2,1349.16,2024-01-17 04:37:00,2024-10-12 05:04:00,689,269,269.0,2.56,75.0,Critical Churn Risk (High Value At-Risk),Tier 1: High-Priority VIP Winback ($30 Loyalty Credit + Personal Email)
CUST-00679,Camila Jones,camila.jones32@example.com,Gold,Email Marketing,6,1346.57,2023-10-04 00:24:00,2025-08-22 18:35:00,374,689,137.8,2.71,75.0,Critical Churn Risk (High Value At-Risk),Tier 1: High-Priority VIP Winback ($30 Loyalty Credit + Personal Email)
CUST-00257,Dylan Jones,dylan.jones103@example.com,Gold,Organic Search,5,1346.34,2023-02-01 18:48:00,2025-03-19 00:16:00,531,776,194.0,2.74,75.0,Critical Churn Risk (High Value At-Risk),Tier 1: High-Priority VIP Winback ($30 Loyalty Credit + Personal Email)
CUST-01206,William Martinez,william.martinez297@example.com,Silver,Social Media (Instagram/TikTok),2,1224.97,2023-09-21 10:01:00,2024-06-28 08:58:00,795,281,281.0,2.83,75.0,Critical Churn Risk (High Value At-Risk),Tier 1: High-Priority VIP Winback ($30 Loyalty Credit + Personal Email)
CUST-02019,Amelia Smith,amelia.smith368@example.com,Standard,Email Marketing,1,1176.97,2026-03-09 13:17:00,2026-03-09 13:17:00,175,0,60.0,2.92,75.0,Critical Churn Risk (High Value At-Risk),Tier 1: High-Priority VIP Winback ($30 Loyalty Credit + Personal Email)
CUST-01366,Noah Ramirez,noah.ramirez553@example.com,Silver,Organic Search,4,1169.92,2025-03-18 21:08:00,2026-01-22 00:55:00,222,309,103.0,2.16,75.0,Critical Churn Risk (High Value At-Risk),Tier 1: High-Priority VIP Winback ($30 Loyalty Credit + Personal Email)
CUST-00933,Grace Thompson,grace.thompson508@example.com,Silver,Affiliate Referral,3,1168.92,2025-02-28 02:47:00,2025-11-23 11:40:00,282,268,134.0,2.1,75.0,Critical Churn Risk (High Value At-Risk),Tier 1: High-Priority VIP Winback ($30 Loyalty Credit + Personal Email)
CUST-01937,Lucas Torres,lucas.torres386@example.com,Standard,Email Marketing,2,1149.98,2024-08-19 02:20:00,2025-03-01 22:42:00,548,195,195.0,2.81,75.0,Critical Churn Risk (High Value At-Risk),Tier 1: High-Priority VIP Winback ($30 Loyalty Credit + Personal Email)
CUST-00581,Nora Flores,nora.flores64@example.com,Gold,Organic Search,7,1129.54,2024-07-06 14:24:00,2026-01-14 21:37:00,229,557,92.8,2.47,75.0,Critical Churn Risk (High Value At-Risk),Tier 1: High-Priority VIP Winback ($30 Loyalty Credit + Personal Email)
CUST-00935,Avery Jones,avery.jones536@example.com,Silver,Paid Search (Google),2,1097.64,2025-10-22 03:58:00,2026-01-15 21:48:00,228,86,86.0,2.65,75.0,Critical Churn Risk (High Value At-Risk),Tier 1: High-Priority VIP Winback ($30 Loyalty Credit + Personal Email)
CUST-02414,Penelope Campbell,penelope.campbell964@example.com,Standard,Affiliate Referral,2,1059.72,2025-01-24 02:42:00,2025-07-07 20:35:00,420,165,165.0,2.55,75.0,Critical Churn Risk (High Value At-Risk),Tier 1: High-Priority VIP Winback ($30 Loyalty Credit + Personal Email)
CUST-01714,Sophia Hernandez,sophia.hernandez766@example.com,Standard,Organic Search,1,1024.16,2026-04-20 09:26:00,2026-04-20 09:26:00,134,0,60.0,2.23,75.0,Critical Churn Risk (High Value At-Risk),Tier 1: High-Priority VIP Winback ($30 Loyalty Credit + Personal Email)
CUST-02074,Evelyn Clark,evelyn.clark929@example.com,Standard,Social Media (Instagram/TikTok),1,1018.58,2026-04-21 07:10:00,2026-04-21 07:10:00,133,0,60.0,2.22,75.0,Critical Churn Risk (High Value At-Risk),Tier 1: High-Priority VIP Winback ($30 Loyalty Credit + Personal Email)
CUST-01893,Penelope Ramirez,penelope.ramirez763@example.com,Standard,Email Marketing,1,1006.98,2026-03-27 15:43:00,2026-03-27 15:43:00,157,0,60.0,2.62,75.0,Critical Churn Risk (High Value At-Risk),Tier 1: High-Priority VIP Winback ($30 Loyalty Credit + Personal Email)
CUST-01363,Emma Campbell,emma.campbell448@example.com,Silver,Paid Search (Google),4,905.41,2024-03-12 16:20:00,2025-08-29 09:27:00,368,535,178.3,2.06,75.0,Critical Churn Risk (High Value At-Risk),Tier 1: High-Priority VIP Winback ($30 Loyalty Credit + Personal Email)
CUST-01809,Hannah Nelson,hannah.nelson864@example.com,Standard,Paid Search (Google),2,902.95,2025-10-13 00:42:00,2026-01-11 20:36:00,232,91,91.0,2.55,75.0,Critical Churn Risk (High Value At-Risk),Tier 1: High-Priority VIP Winback ($30 Loyalty Credit + Personal Email)
CUST-00344,Scarlett Gonzalez,scarlett.gonzalez54@example.com,Gold,Organic Search,6,884.87,2023-12-03 14:41:00,2025-10-02 09:09:00,334,669,133.8,2.5,75.0,Critical Churn Risk (High Value At-Risk),Tier 1: High-Priority VIP Winback ($30 Loyalty Credit + Personal Email)
CUST-02342,Mila Walker,mila.walker501@example.com,Standard,Organic Search,1,884.47,2026-04-11 03:19:00,2026-04-11 03:19:00,143,0,60.0,2.38,75.0,Critical Churn Risk (High Value At-Risk),Tier 1: High-Priority VIP Winback ($30 Loyalty Credit + Personal Email)
CUST-02347,Luke Williams,luke.williams939@example.com,Standard,Email Marketing,3,849.94,2024-03-18 09:06:00,2025-04-14 10:34:00,505,392,196.0,2.58,75.0,Critical Churn Risk (High Value At-Risk),Tier 1: High-Priority VIP Winback ($30 Loyalty Credit + Personal Email)
CUST-01345,Aria Brown,aria.brown208@example.com,Silver,Email Marketing,4,848.9,2023-08-23 00:37:00,2025-05-01 19:27:00,487,618,206.0,2.36,75.0,Critical Churn Risk (High Value At-Risk),Tier 1: High-Priority VIP Winback ($30 Loyalty Credit + Personal Email)
CUST-02308,Alexander Martin,alexander.martin508@example.com,Standard,Social Media (Instagram/TikTok),2,799.41,2023-11-19 19:01:00,2024-09-30 20:05:00,700,316,316.0,2.22,75.0,Critical Churn Risk (High Value At-Risk),Tier 1: High-Priority VIP Winback ($30 Loyalty Credit + Personal Email)
CUST-01095,Nora Lewis,nora.lewis992@example.com,Silver,Organic Search,3,777.41,2022-12-03 02:59:00,2024-07-18 06:00:00,775,593,296.5,2.61,75.0,Critical Churn Risk (High Value At-Risk),Tier 1: High-Priority VIP Winback ($30 Loyalty Credit + Personal Email)
CUST-00862,Mila Moore,mila.moore778@example.com,Silver,Social Media (Instagram/TikTok),4,758.78,2024-04-28 03:18:00,2025-08-28 07:51:00,369,487,162.3,2.27,75.0,Critical Churn Risk (High Value At-Risk),Tier 1: High-Priority VIP Winback ($30 Loyalty Credit + Personal Email)
CUST-01955,Carter Campbell,carter.campbell886@example.com,Standard,Paid Search (Google),3,712.6,2024-01-03 21:02:00,2025-03-22 03:55:00,528,443,221.5,2.38,75.0,Critical Churn Risk (High Value At-Risk),Tier 1: High-Priority VIP Winback ($30 Loyalty Credit + Personal Email)
CUST-00658,Joseph Green,joseph.green869@example.com,Gold,Social Media (Instagram/TikTok),3,701.95,2022-08-06 16:59:00,2024-03-27 05:48:00,888,599,299.5,2.96,75.0,Critical Churn Risk (High Value At-Risk),Tier 1: High-Priority VIP Winback ($30 Loyalty Credit + Personal Email)
CUST-00549,Elizabeth Baker,elizabeth.baker796@example.com,Gold,Email Marketing,4,688.04,2022-12-30 22:51:00,2025-01-27 21:11:00,581,759,253.0,2.3,75.0,Critical Churn Risk (High Value At-Risk),Tier 1: High-Priority VIP Winback ($30 Loyalty Credit + Personal Email)
CUST-02321,Elizabeth Harris,elizabeth.harris811@example.com,Standard,Organic Search,2,664.71,2024-12-06 19:38:00,2025-06-22 09:03:00,436,198,198.0,2.2,75.0,Critical Churn Risk (High Value At-Risk),Tier 1: High-Priority VIP Winback ($30 Loyalty Credit + Personal Email)
CUST-01459,Carter Rivera,carter.rivera305@example.com,Silver,Organic Search,3,662.94,2023-03-06 09:37:00,2024-09-06 06:24:00,725,550,275.0,2.64,75.0,Critical Churn Risk (High Value At-Risk),Tier 1: High-Priority VIP Winback ($30 Loyalty Credit + Personal Email)
CUST-01081,Oliver White,oliver.white236@example.com,Silver,Organic Search,5,658.44,2023-05-10 20:10:00,2025-05-17 01:04:00,472,737,184.2,2.56,75.0,Critical Churn Risk (High Value At-Risk),Tier 1: High-Priority VIP Winback ($30 Loyalty Credit + Personal Email)
CUST-00336,Riley Lopez,riley.lopez690@example.com,Gold,Affiliate Referral,5,653.94,2023-03-10 21:46:00,2025-06-01 02:31:00,457,813,203.2,2.25,75.0,Critical Churn Risk (High Value At-Risk),Tier 1: High-Priority VIP Winback ($30 Loyalty Credit + Personal Email)
CUST-01759,Zoey Allen,zoey.allen992@example.com,Standard,Social Media (Instagram/TikTok),1,649.14,2026-03-24 09:00:00,2026-03-24 09:00:00,161,0,60.0,2.68,75.0,Critical Churn Risk (High Value At-Risk),Tier 1: High-Priority VIP Winback ($30 Loyalty Credit + Personal Email)
CUST-01429,Camila Hernandez,camila.hernandez605@example.com,Silver,Social Media (Instagram/TikTok),3,639.92,2023-05-13 20:23:00,2024-12-16 02:08:00,624,582,291.0,2.14,75.0,Critical Churn Risk (High Value At-Risk),Tier 1: High-Priority VIP Winback ($30 Loyalty Credit + Personal Email)
CUST-01665,Avery Thompson,avery.thompson316@example.com,Standard,Affiliate Referral,1,631.97,2026-03-11 13:02:00,2026-03-11 13:02:00,173,0,60.0,2.88,75.0,Critical Churn Risk (High Value At-Risk),Tier 1: High-Priority VIP Winback ($30 Loyalty Credit + Personal Email)
CUST-00352,Scarlett Lee,scarlett.lee115@example.com,Gold,Social Media (Instagram/TikTok),5,626.93,2024-06-13 12:38:00,2025-10-08 21:18:00,327,482,120.5,2.71,75.0,Critical Churn Risk (High Value At-Risk),Tier 1: High-Priority VIP Winback ($30 Loyalty Credit + Personal Email)
CUST-01156,Daniel Mitchell,daniel.mitchell697@example.com,Silver,Organic Search,2,617.95,2023-08-22 04:20:00,2024-06-16 08:59:00,807,299,299.0,2.7,75.0,Critical Churn Risk (High Value At-Risk),Tier 1: High-Priority VIP Winback ($30 Loyalty Credit + Personal Email)
CUST-01008,Zoey Harris,zoey.harris210@example.com,Silver,Email Marketing,2,616.97,2024-08-24 18:44:00,2025-03-19 22:41:00,530,207,207.0,2.56,75.0,Critical Churn Risk (High Value At-Risk),Tier 1: High-Priority VIP Winback ($30 Loyalty Credit + Personal Email)
CUST-02400,Scarlett Adams,scarlett.adams260@example.com,Standard,Social Media (Instagram/TikTok),3,605.91,2024-01-11 12:59:00,2025-04-23 06:30:00,496,468,234.0,2.12,75.0,Critical Churn Risk (High Value At-Risk),Tier 1: High-Priority VIP Winback ($30 Loyalty Credit + Personal Email)
CUST-01209,Noah Moore,noah.moore433@example.com,Silver,Paid Search (Google),3,595.94,2025-03-22 09:58:00,2025-10-22 10:42:00,314,214,107.0,2.93,75.0,Critical Churn Risk (High Value At-Risk),Tier 1: High-Priority VIP Winback ($30 Loyalty Credit + Personal Email)
CUST-01252,Isabella White,isabella.white932@example.com,Silver,Organic Search,5,563.68,2022-11-08 04:34:00,2025-05-09 21:54:00,479,914,228.5,2.1,75.0,Critical Churn Risk (High Value At-Risk),Tier 1: High-Priority VIP Winback ($30 Loyalty Credit + Personal Email)
CUST-00727,Eleanor Gonzalez,eleanor.gonzalez109@example.com,Gold,Paid Search (Google),4,557.77,2023-08-01 14:33:00,2025-03-29 10:26:00,521,606,202.0,2.58,75.0,Critical Churn Risk (High Value At-Risk),Tier 1: High-Priority VIP Winback ($30 Loyalty Credit + Personal Email)
CUST-01696,Owen Taylor,owen.taylor103@example.com,Standard,Affiliate Referral,1,549.98,2026-03-25 11:54:00,2026-03-25 11:54:00,160,0,60.0,2.67,75.0,Critical Churn Risk (High Value At-Risk),Tier 1: High-Priority VIP Winback ($30 Loyalty Credit + Personal Email)
CUST-00831,Hannah Hernandez,hannah.hernandez86@example.com,Silver,Social Media (Instagram/TikTok),3,531.85,2025-07-16 16:26:00,2026-01-12 14:29:00,231,180,90.0,2.57,75.0,Critical Churn Risk (High Value At-Risk),Tier 1: High-Priority VIP Winback ($30 Loyalty Credit + Personal Email)
CUST-01175,Victoria Martin,victoria.martin757@example.com,Silver,Social Media (Instagram/TikTok),4,483.95,2025-01-31 01:17:00,2025-12-22 16:27:00,252,326,108.7,2.32,75.0,High Churn Risk (Dormant / Churning),Tier 2: Targeted Re-engagement Campaign (20% Promo Code)
CUST-01333,David Jones,david.jones133@example.com,Silver,Email Marketing,2,470.03,2024-01-17 20:41:00,2024-09-25 19:22:00,705,252,252.0,2.8,75.0,High Churn Risk (Dormant / Churning),Tier 2: Targeted Re-engagement Campaign (20% Promo Code)
CUST-02134,Jacob Scott,jacob.scott216@example.com,Standard,Paid Search (Google),3,465.16,2023-02-04 22:23:00,2024-11-12 14:44:00,657,647,323.5,2.03,75.0,High Churn Risk (Dormant / Churning),Tier 2: Targeted Re-engagement Campaign (20% Promo Code)
CUST-01753,Elijah Perez,elijah.perez676@example.com,Standard,Email Marketing,3,454.09,2023-12-13 21:19:00,2025-02-16 04:21:00,562,430,215.0,2.61,75.0,High Churn Risk (Dormant / Churning),Tier 2: Targeted Re-engagement Campaign (20% Promo Code)
CUST-00826,William Taylor,william.taylor680@example.com,Silver,Affiliate Referral,3,452.96,2023-08-07 13:41:00,2025-02-09 19:42:00,568,552,276.0,2.06,75.0,High Churn Risk (Dormant / Churning),Tier 2: Targeted Re-engagement Campaign (20% Promo Code)
CUST-01100,Evelyn Taylor,evelyn.taylor385@example.com,Silver,Paid Search (Google),2,446.62,2024-09-01 07:35:00,2025-04-10 09:50:00,509,221,221.0,2.3,75.0,High Churn Risk (Dormant / Churning),Tier 2: Targeted Re-engagement Campaign (20% Promo Code)
CUST-02050,Matthew Davis,matthew.davis109@example.com,Standard,Affiliate Referral,2,419.45,2024-01-15 20:20:00,2024-11-14 04:24:00,656,303,303.0,2.17,75.0,High Churn Risk (Dormant / Churning),Tier 2: Targeted Re-engagement Campaign (20% Promo Code)
CUST-00966,Oliver Hernandez,oliver.hernandez408@example.com,Silver,Organic Search,4,361.48,2023-11-20 07:13:00,2025-05-05 09:17:00,484,532,177.3,2.73,75.0,High Churn Risk (Dormant / Churning),Tier 2: Targeted Re-engagement Campaign (20% Promo Code)
CUST-02442,Riley Wright,riley.wright760@example.com,Standard,Organic Search,1,354.19,2026-03-25 02:00:00,2026-03-25 02:00:00,160,0,60.0,2.67,75.0,High Churn Risk (Dormant / Churning),Tier 3: First-to-Second Order Conversion Offer (Free Shipping + Free Gift)
CUST-01684,Mason Carter,mason.carter151@example.com,Standard,Email Marketing,1,351.48,2026-05-02 21:17:00,2026-05-02 21:17:00,121,0,60.0,2.02,75.0,High Churn Risk (Dormant / Churning),Tier 3: First-to-Second Order Conversion Offer (Free Shipping + Free Gift)
CUST-00763,Sebastian Adams,sebastian.adams429@example.com,Silver,Organic Search,2,340.41,2023-09-10 04:36:00,2024-08-03 21:28:00,758,329,329.0,2.3,75.0,High Churn Risk (Dormant / Churning),Tier 2: Targeted Re-engagement Campaign (20% Promo Code)
CUST-00936,Abigail Lopez,abigail.lopez171@example.com,Silver,Organic Search,2,335.49,2025-12-04 22:25:00,2026-02-11 12:38:00,201,69,69.0,2.91,75.0,High Churn Risk (Dormant / Churning),Tier 2: Targeted Re-engagement Campaign (20% Promo Code)
CUST-00838,Michael Adams,michael.adams697@example.com,Silver,Social Media (Instagram/TikTok),4,321.31,2024-09-02 04:19:00,2025-09-23 08:16:00,343,386,128.7,2.67,75.0,High Churn Risk (Dormant / Churning),Tier 2: Targeted Re-engagement Campaign (20% Promo Code)
CUST-00940,Alexander Rodriguez,alexander.rodriguez654@example.com,Silver,Affiliate Referral,3,321.27,2023-04-04 08:06:00,2024-10-07 06:36:00,694,552,276.0,2.51,75.0,High Churn Risk (Dormant / Churning),Tier 2: Targeted Re-engagement Campaign (20% Promo Code)
CUST-00853,Sofia Moore,sofia.moore417@example.com,Silver,Email Marketing,3,320.28,2024-08-17 22:05:00,2025-07-11 11:07:00,417,328,164.0,2.54,75.0,High Churn Risk (Dormant / Churning),Tier 2: Targeted Re-engagement Campaign (20% Promo Code)
CUST-01122,Oliver Thomas,oliver.thomas981@example.com,Silver,Social Media (Instagram/TikTok),3,311.75,2023-12-06 11:15:00,2025-03-27 23:23:00,522,478,239.0,2.18,75.0,High Churn Risk (Dormant / Churning),Tier 2: Targeted Re-engagement Campaign (20% Promo Code)
CUST-00817,Evelyn Nelson,evelyn.nelson672@example.com,Silver,Social Media (Instagram/TikTok),4,305.09,2024-07-22 17:37:00,2025-08-24 03:09:00,373,397,132.3,2.82,75.0,High Churn Risk (Dormant / Churning),Tier 2: Targeted Re-engagement Campaign (20% Promo Code)
CUST-02272,Elizabeth Moore,elizabeth.moore39@example.com,Standard,Affiliate Referral,1,284.98,2026-04-27 17:28:00,2026-04-27 17:28:00,126,0,60.0,2.1,75.0,High Churn Risk (Dormant / Churning),Tier 3: First-to-Second Order Conversion Offer (Free Shipping + Free Gift)
CUST-02247,Elijah Clark,elijah.clark750@example.com,Standard,Social Media (Instagram/TikTok),3,278.37,2024-02-05 07:21:00,2025-03-28 09:17:00,522,417,208.5,2.5,75.0,High Churn Risk (Dormant / Churning),Tier 2: Targeted Re-engagement Campaign (20% Promo Code)
CUST-01063,Hannah Garcia,hannah.garcia712@example.com,Silver,Organic Search,2,275.97,2024-07-19 19:15:00,2025-02-19 19:34:00,558,215,215.0,2.6,75.0,High Churn Risk (Dormant / Churning),Tier 2: Targeted Re-engagement Campaign (20% Promo Code)
CUST-01093,Zoey Campbell,zoey.campbell341@example.com,Silver,Affiliate Referral,2,274.97,2024-07-12 17:42:00,2025-03-25 11:29:00,525,256,256.0,2.05,75.0,High Churn Risk (Dormant / Churning),Tier 2: Targeted Re-engagement Campaign (20% Promo Code)
CUST-01845,Abigail Lewis,abigail.lewis376@example.com,Standard,Organic Search,2,274.97,2024-09-29 05:21:00,2025-03-26 13:13:00,523,178,178.0,2.94,75.0,High Churn Risk (Dormant / Churning),Tier 2: Targeted Re-engagement Campaign (20% Promo Code)
CUST-01025,Michael Hernandez,michael.hernandez416@example.com,Silver,Organic Search,2,252.61,2023-07-05 01:26:00,2024-06-21 05:23:00,802,352,352.0,2.28,75.0,High Churn Risk (Dormant / Churning),Tier 2: Targeted Re-engagement Campaign (20% Promo Code)
CUST-01570,Zoey Davis,zoey.davis926@example.com,Standard,Email Marketing,1,225.96,2026-04-11 02:45:00,2026-04-11 02:45:00,143,0,60.0,2.38,75.0,High Churn Risk (Dormant / Churning),Tier 3: First-to-Second Order Conversion Offer (Free Shipping + Free Gift)
CUST-01790,Alexander White,alexander.white270@example.com,Standard,Paid Search (Google),2,224.99,2023-02-03 17:04:00,2024-01-14 06:07:00,961,345,345.0,2.79,75.0,High Churn Risk (Dormant / Churning),Tier 2: Targeted Re-engagement Campaign (20% Promo Code)
CUST-01416,Evelyn Nguyen,evelyn.nguyen622@example.com,Silver,Paid Search (Google),2,220.79,2024-08-18 00:25:00,2025-03-07 17:49:00,542,202,202.0,2.68,75.0,High Churn Risk (Dormant / Churning),Tier 2: Targeted Re-engagement Campaign (20% Promo Code)
CUST-01612,Charlotte Martin,charlotte.martin798@example.com,Standard,Email Marketing,2,207.97,2023-06-15 15:59:00,2024-05-14 18:29:00,839,334,334.0,2.51,75.0,High Churn Risk (Dormant / Churning),Tier 2: Targeted Re-engagement Campaign (20% Promo Code)
CUST-02306,Aiden Davis,aiden.davis18@example.com,Standard,Paid Search (Google),1,199.98,2026-04-30 06:26:00,2026-04-30 06:26:00,124,0,60.0,2.07,75.0,High Churn Risk (Dormant / Churning),Tier 3: First-to-Second Order Conversion Offer (Free Shipping + Free Gift)
CUST-02232,John Jackson,john.jackson628@example.com,Standard,Affiliate Referral,1,189.99,2026-04-14 13:31:00,2026-04-14 13:31:00,139,0,60.0,2.32,75.0,High Churn Risk (Dormant / Churning),Tier 3: First-to-Second Order Conversion Offer (Free Shipping + Free Gift)
CUST-01811,Matthew Lee,matthew.lee611@example.com,Standard,Organic Search,1,187.47,2026-03-28 19:27:00,2026-03-28 19:27:00,156,0,60.0,2.6,75.0,High Churn Risk (Dormant / Churning),Tier 3: First-to-Second Order Conversion Offer (Free Shipping + Free Gift)
CUST-00846,Ella Robinson,ella.robinson854@example.com,Silver,Social Media (Instagram/TikTok),3,183.38,2023-07-10 12:06:00,2025-01-21 18:18:00,587,561,280.5,2.09,75.0,High Churn Risk (Dormant / Churning),Tier 2: Targeted Re-engagement Campaign (20% Promo Code)
CUST-01541,John Lee,john.lee472@example.com,Standard,Social Media (Instagram/TikTok),2,182.97,2023-09-30 03:48:00,2024-07-27 13:34:00,765,301,301.0,2.54,75.0,High Churn Risk (Dormant / Churning),Tier 2: Targeted Re-engagement Campaign (20% Promo Code)
CUST-02380,Riley Taylor,riley.taylor215@example.com,Standard,Paid Search (Google),3,179.28,2023-04-04 07:02:00,2024-09-02 18:30:00,728,517,258.5,2.82,75.0,High Churn Risk (Dormant / Churning),Tier 2: Targeted Re-engagement Campaign (20% Promo Code)
CUST-01448,Matthew Nelson,matthew.nelson20@example.com,Silver,Organic Search,2,178.47,2023-05-10 17:42:00,2024-05-02 05:48:00,852,358,358.0,2.38,75.0,High Churn Risk (Dormant / Churning),Tier 2: Targeted Re-engagement Campaign (20% Promo Code)
CUST-02116,Harper Hall,harper.hall730@example.com,Standard,Organic Search,1,174.98,2026-04-27 18:31:00,2026-04-27 18:31:00,126,0,60.0,2.1,75.0,High Churn Risk (Dormant / Churning),Tier 3: First-to-Second Order Conversion Offer (Free Shipping + Free Gift)
CUST-02318,Evelyn Baker,evelyn.baker796@example.com,Standard,Paid Search (Google),1,174.98,2026-04-09 05:48:00,2026-04-09 05:48:00,145,0,60.0,2.42,75.0,High Churn Risk (Dormant / Churning),Tier 3: First-to-Second Order Conversion Offer (Free Shipping + Free Gift)
CUST-01239,Eleanor Harris,eleanor.harris77@example.com,Silver,Affiliate Referral,2,174.97,2025-04-28 14:32:00,2025-09-12 00:58:00,354,136,136.0,2.6,75.0,High Churn Risk (Dormant / Churning),Tier 2: Targeted Re-engagement Campaign (20% Promo Code)
CUST-01907,Lucas Lewis,lucas.lewis590@example.com,Standard,Paid Search (Google),2,161.69,2024-12-15 14:26:00,2025-06-19 11:15:00,439,186,186.0,2.36,75.0,High Churn Risk (Dormant / Churning),Tier 2: Targeted Re-engagement Campaign (20% Promo Code)
CUST-01670,Nora Jones,nora.jones388@example.com,Standard,Email Marketing,1,159.98,2026-04-06 22:37:00,2026-04-06 22:37:00,147,0,60.0,2.45,75.0,High Churn Risk (Dormant / Churning),Tier 3: First-to-Second Order Conversion Offer (Free Shipping + Free Gift)
CUST-00661,Logan Rivera,logan.rivera296@example.com,Gold,Paid Search (Google),4,156.98,2022-10-31 19:49:00,2024-11-29 17:56:00,640,760,253.3,2.53,75.0,High Churn Risk (Dormant / Churning),Tier 2: Targeted Re-engagement Campaign (20% Promo Code)
CUST-00755,Olivia Lopez,olivia.lopez207@example.com,Silver,Organic Search,3,152.69,2024-04-23 14:51:00,2025-06-17 19:34:00,440,420,210.0,2.1,75.0,High Churn Risk (Dormant / Churning),Tier 2: Targeted Re-engagement Campaign (20% Promo Code)
CUST-02246,Sophia Perez,sophia.perez670@example.com,Standard,Email Marketing,1,148.97,2026-03-17 12:42:00,2026-03-17 12:42:00,167,0,60.0,2.78,75.0,High Churn Risk (Dormant / Churning),Tier 3: First-to-Second Order Conversion Offer (Free Shipping + Free Gift)
CUST-02465,Elijah Anderson,elijah.anderson314@example.com,Standard,Organic Search,1,145.98,2026-03-31 13:34:00,2026-03-31 13:34:00,153,0,60.0,2.55,75.0,High Churn Risk (Dormant / Churning),Tier 3: First-to-Second Order Conversion Offer (Free Shipping + Free Gift)
CUST-01743,Zoey Johnson,zoey.johnson616@example.com,Standard,Social Media (Instagram/TikTok),1,143.99,2026-03-14 04:02:00,2026-03-14 04:02:00,171,0,60.0,2.85,75.0,High Churn Risk (Dormant / Churning),Tier 3: First-to-Second Order Conversion Offer (Free Shipping + Free Gift)
CUST-01958,Luna Nguyen,luna.nguyen454@example.com,Standard,Email Marketing,1,143.99,2026-03-18 20:26:00,2026-03-18 20:26:00,166,0,60.0,2.77,75.0,High Churn Risk (Dormant / Churning),Tier 3: First-to-Second Order Conversion Offer (Free Shipping + Free Gift)
CUST-00773,Hannah Jackson,hannah.jackson275@example.com,Silver,Email Marketing,2,131.99,2025-12-04 07:50:00,2026-02-16 18:30:00,196,74,74.0,2.65,75.0,High Churn Risk (Dormant / Churning),Tier 2: Targeted Re-engagement Campaign (20% Promo Code)
CUST-01511,Jackson Baker,jackson.baker625@example.com,Standard,Paid Search (Google),1,127.97,2026-04-18 16:09:00,2026-04-18 16:09:00,135,0,60.0,2.25,75.0,High Churn Risk (Dormant / Churning),Tier 3: First-to-Second Order Conversion Offer (Free Shipping + Free Gift)
CUST-01973,Michael Adams,michael.adams175@example.com,Standard,Social Media (Instagram/TikTok),1,119.97,2026-04-04 11:00:00,2026-04-04 11:00:00,150,0,60.0,2.5,75.0,High Churn Risk (Dormant / Churning),Tier 3: First-to-Second Order Conversion Offer (Free Shipping + Free Gift)
CUST-01913,Sebastian Carter,sebastian.carter988@example.com,Standard,Affiliate Referral,1,112.48,2026-03-27 18:44:00,2026-03-27 18:44:00,157,0,60.0,2.62,75.0,High Churn Risk (Dormant / Churning),Tier 3: First-to-Second Order Conversion Offer (Free Shipping + Free Gift)
CUST-02354,Camila Rodriguez,camila.rodriguez724@example.com,Standard,Affiliate Referral,1,109.99,2026-03-06 16:07:00,2026-03-06 16:07:00,178,0,60.0,2.97,75.0,High Churn Risk (Dormant / Churning),Tier 3: First-to-Second Order Conversion Offer (Free Shipping + Free Gift)
CUST-01704,Sebastian Brown,sebastian.brown335@example.com,Standard,Email Marketing,1,109.98,2026-04-03 03:17:00,2026-04-03 03:17:00,151,0,60.0,2.52,75.0,High Churn Risk (Dormant / Churning),Tier 3: First-to-Second Order Conversion Offer (Free Shipping + Free Gift)
CUST-02436,Chloe Walker,chloe.walker975@example.com,Standard,Organic Search,1,94.99,2026-03-08 23:33:00,2026-03-08 23:33:00,176,0,60.0,2.93,75.0,High Churn Risk (Dormant / Churning),Tier 3: First-to-Second Order Conversion Offer (Free Shipping + Free Gift)
CUST-01883,Matthew Hill,matthew.hill560@example.com,Standard,Paid Search (Google),1,94.98,2026-03-28 22:43:00,2026-03-28 22:43:00,156,0,60.0,2.6,75.0,High Churn Risk (Dormant / Churning),Tier 3: First-to-Second Order Conversion Offer (Free Shipping + Free Gift)
CUST-02172,Emily Gonzalez,emily.gonzalez367@example.com,Standard,Email Marketing,1,89.99,2026-04-14 17:17:00,2026-04-14 17:17:00,139,0,60.0,2.32,75.0,High Churn Risk (Dormant / Churning),Tier 3: First-to-Second Order Conversion Offer (Free Shipping + Free Gift)
CUST-02250,Harper White,harper.white970@example.com,Standard,Organic Search,1,89.99,2026-03-17 15:09:00,2026-03-17 15:09:00,167,0,60.0,2.78,75.0,High Churn Risk (Dormant / Churning),Tier 3: First-to-Second Order Conversion Offer (Free Shipping + Free Gift)
CUST-02007,Evelyn Walker,evelyn.walker519@example.com,Standard,Affiliate Referral,1,86.22,2026-04-30 14:58:00,2026-04-30 14:58:00,123,0,60.0,2.05,75.0,High Churn Risk (Dormant / Churning),Tier 3: First-to-Second Order Conversion Offer (Free Shipping + Free Gift)
CUST-02170,Nora Clark,nora.clark547@example.com,Standard,Social Media (Instagram/TikTok),1,79.99,2026-04-24 17:02:00,2026-04-24 17:02:00,129,0,60.0,2.15,75.0,High Churn Risk (Dormant / Churning),Tier 3: First-to-Second Order Conversion Offer (Free Shipping + Free Gift)
CUST-01291,Wyatt Robinson,wyatt.robinson801@example.com,Silver,Affiliate Referral,2,77.98,2024-01-21 06:41:00,2024-10-18 20:21:00,682,272,272.0,2.51,75.0,High Churn Risk (Dormant / Churning),Tier 2: Targeted Re-engagement Campaign (20% Promo Code)
CUST-01760,Logan Martinez,logan.martinez490@example.com,Standard,Social Media (Instagram/TikTok),1,75.99,2026-04-19 10:39:00,2026-04-19 10:39:00,135,0,60.0,2.25,75.0,High Churn Risk (Dormant / Churning),Tier 3: First-to-Second Order Conversion Offer (Free Shipping + Free Gift)
CUST-01706,Liam Moore,liam.moore577@example.com,Standard,Organic Search,1,73.99,2026-04-26 15:26:00,2026-04-26 15:26:00,127,0,60.0,2.12,75.0,High Churn Risk (Dormant / Churning),Tier 3: First-to-Second Order Conversion Offer (Free Shipping + Free Gift)
CUST-01812,Evelyn Martinez,evelyn.martinez985@example.com,Standard,Affiliate Referral,1,72.97,2026-03-20 04:28:00,2026-03-20 04:28:00,165,0,60.0,2.75,75.0,High Churn Risk (Dormant / Churning),Tier 3: First-to-Second Order Conversion Offer (Free Shipping + Free Gift)
CUST-02498,Samuel Clark,samuel.clark410@example.com,Standard,Email Marketing,1,55.18,2026-03-07 12:15:00,2026-03-07 12:15:00,177,0,60.0,2.95,75.0,High Churn Risk (Dormant / Churning),Tier 3: First-to-Second Order Conversion Offer (Free Shipping + Free Gift)
CUST-02241,Mila Gonzalez,mila.gonzalez60@example.com,Standard,Email Marketing,1,54.98,2026-04-03 21:57:00,2026-04-03 21:57:00,150,0,60.0,2.5,75.0,High Churn Risk (Dormant / Churning),Tier 3: First-to-Second Order Conversion Offer (Free Shipping + Free Gift)
CUST-01702,Mila Thomas,mila.thomas780@example.com,Standard,Paid Search (Google),1,37.98,2026-04-13 02:38:00,2026-04-13 02:38:00,141,0,60.0,2.35,75.0,High Churn Risk (Dormant / Churning),Tier 3: First-to-Second Order Conversion Offer (Free Shipping + Free Gift)
CUST-00836,Amelia Sanchez,amelia.sanchez432@example.com,Silver,Affiliate Referral,1,36.98,2026-03-31 04:36:00,2026-03-31 04:36:00,154,0,60.0,2.57,75.0,High Churn Risk (Dormant / Churning),Tier 3: First-to-Second Order Conversion Offer (Free Shipping + Free Gift)
CUST-02186,Ethan Robinson,ethan.robinson448@example.com,Standard,Affiliate Referral,1,35.99,2026-04-17 00:42:00,2026-04-17 00:42:00,137,0,60.0,2.28,75.0,High Churn Risk (Dormant / Churning),Tier 3: First-to-Second Order Conversion Offer (Free Shipping + Free Gift)
CUST-01763,Jack Thompson,jack.thompson210@example.com,Standard,Paid Search (Google),1,35.7,2026-04-22 02:17:00,2026-04-22 02:17:00,132,0,60.0,2.2,75.0,High Churn Risk (Dormant / Churning),Tier 3: First-to-Second Order Conversion Offer (Free Shipping + Free Gift)
CUST-01571,Grace Rivera,grace.rivera584@example.com,Standard,Email Marketing,1,34.99,2026-04-25 08:25:00,2026-04-25 08:25:00,129,0,60.0,2.15,75.0,High Churn Risk (Dormant / Churning),Tier 3: First-to-Second Order Conversion Offer (Free Shipping + Free Gift)
CUST-01796,Scarlett Allen,scarlett.allen535@example.com,Standard,Organic Search,1,29.98,2026-04-02 23:00:00,2026-04-02 23:00:00,151,0,60.0,2.52,75.0,High Churn Risk (Dormant / Churning),Tier 3: First-to-Second Order Conversion Offer (Free Shipping + Free Gift)
CUST-02369,Elizabeth Baker,elizabeth.baker757@example.com,Standard,Affiliate Referral,1,26.99,2026-03-23 20:02:00,2026-03-23 20:02:00,161,0,60.0,2.68,75.0,High Churn Risk (Dormant / Churning),Tier 3: First-to-Second Order Conversion Offer (Free Shipping + Free Gift)
CUST-02185,Grace Wright,grace.wright446@example.com,Standard,Organic Search,1,17.99,2026-04-22 08:09:00,2026-04-22 08:09:00,132,0,60.0,2.2,75.0,High Churn Risk (Dormant / Churning),Tier 3: First-to-Second Order Conversion Offer (Free Shipping + Free Gift)
CUST-00002,Evelyn Mitchell,evelyn.mitchell114@example.com,Platinum,Organic Search,12,4181.36,2025-06-27 19:17:00,2026-05-18 17:51:00,105,325,29.5,3.56,70.0,Medium Churn Risk (Cooling Down),Tier 1: High-Priority VIP Winback ($30 Loyalty Credit + Personal Email)
CUST-01260,Riley Robinson,riley.robinson925@example.com,Silver,Affiliate Referral,3,3768.64,2026-04-28 21:44:00,2026-05-25 04:51:00,99,26,13.0,7.62,70.0,Medium Churn Risk (Cooling Down),Tier 1: High-Priority VIP Winback ($30 Loyalty Credit + Personal Email)
CUST-01495,Elijah Young,elijah.young112@example.com,Silver,Paid Search (Google),3,2878.44,2026-04-07 16:46:00,2026-05-20 05:31:00,104,43,21.5,4.84,70.0,Medium Churn Risk (Cooling Down),Tier 1: High-Priority VIP Winback ($30 Loyalty Credit + Personal Email)
CUST-00971,Hannah Lewis,hannah.lewis20@example.com,Silver,Affiliate Referral,4,2865.82,2026-03-10 04:52:00,2026-05-31 06:05:00,93,82,27.3,3.41,70.0,Medium Churn Risk (Cooling Down),Tier 1: High-Priority VIP Winback ($30 Loyalty Credit + Personal Email)
CUST-02010,Sophia Hill,sophia.hill469@example.com,Standard,Affiliate Referral,2,2437.54,2026-05-15 18:14:00,2026-05-30 04:56:00,94,14,14.0,6.71,70.0,Medium Churn Risk (Cooling Down),Tier 1: High-Priority VIP Winback ($30 Loyalty Credit + Personal Email)
CUST-01602,Samuel Nguyen,samuel.nguyen751@example.com,Standard,Email Marketing,2,1723.41,2026-05-11 09:12:00,2026-05-16 18:42:00,107,5,5.0,21.4,70.0,Medium Churn Risk (Cooling Down),Tier 1: High-Priority VIP Winback ($30 Loyalty Credit + Personal Email)
CUST-01925,Benjamin Thompson,benjamin.thompson448@example.com,Standard,Organic Search,2,1605.92,2026-05-07 13:01:00,2026-05-23 00:32:00,101,15,15.0,6.73,70.0,Medium Churn Risk (Cooling Down),Tier 1: High-Priority VIP Winback ($30 Loyalty Credit + Personal Email)
CUST-01664,Luna Thomas,luna.thomas834@example.com,Standard,Affiliate Referral,2,1542.61,2026-05-04 00:03:00,2026-05-15 12:14:00,108,12,12.0,9.0,70.0,Medium Churn Risk (Cooling Down),Tier 1: High-Priority VIP Winback ($30 Loyalty Credit + Personal Email)
CUST-00810,Sophia Scott,sophia.scott518@example.com,Silver,Email Marketing,3,1455.18,2026-04-29 05:10:00,2026-06-03 01:39:00,90,35,17.5,5.14,70.0,Medium Churn Risk (Cooling Down),Tier 1: High-Priority VIP Winback ($30 Loyalty Credit + Personal Email)
CUST-00684,Nora Martinez,nora.martinez45@example.com,Gold,Affiliate Referral,6,1315.93,2025-12-16 05:04:00,2026-05-16 07:53:00,108,151,30.2,3.58,70.0,Medium Churn Risk (Cooling Down),Tier 1: High-Priority VIP Winback ($30 Loyalty Credit + Personal Email)
CUST-02446,Jayden Lee,jayden.lee776@example.com,Standard,Paid Search (Google),2,714.97,2026-04-23 08:43:00,2026-05-18 10:08:00,106,25,25.0,4.24,70.0,Medium Churn Risk (Cooling Down),Tier 4: Automated Replenishment Reminder & New Arrivals Newsletter
CUST-00304,Aiden Taylor,aiden.taylor751@example.com,Gold,Affiliate Referral,4,544.64,2026-03-15 04:45:00,2026-05-28 03:20:00,96,74,24.7,3.89,70.0,Medium Churn Risk (Cooling Down),Tier 4: Automated Replenishment Reminder & New Arrivals Newsletter
CUST-01059,Henry Green,henry.green454@example.com,Silver,Paid Search (Google),2,437.28,2026-05-15 10:09:00,2026-05-28 01:55:00,96,13,13.0,7.38,70.0,Medium Churn Risk (Cooling Down),Tier 4: Automated Replenishment Reminder & New Arrivals Newsletter
CUST-01965,Aria Hall,aria.hall773@example.com,Standard,Paid Search (Google),2,116.19,2026-05-16 04:29:00,2026-05-30 23:18:00,93,15,15.0,6.2,70.0,Medium Churn Risk (Cooling Down),Tier 4: Automated Replenishment Reminder & New Arrivals Newsletter
CUST-02153,Layla Clark,layla.clark887@example.com,Standard,Paid Search (Google),2,61.97,2026-04-30 13:26:00,2026-05-07 05:20:00,117,7,7.0,16.71,70.0,Medium Churn Risk (Cooling Down),Tier 4: Automated Replenishment Reminder & New Arrivals Newsletter
CUST-00145,Joseph Ramirez,joseph.ramirez773@example.com,Platinum,Social Media (Instagram/TikTok),11,9661.95,2024-07-11 14:23:00,2026-03-23 22:04:00,161,620,62.0,2.6,65.0,Medium Churn Risk (Cooling Down),Tier 1: High-Priority VIP Winback ($30 Loyalty Credit + Personal Email)
CUST-00040,Henry Moore,henry.moore695@example.com,Platinum,Affiliate Referral,11,3446.82,2024-04-02 20:34:00,2026-03-06 13:59:00,178,703,70.3,2.53,65.0,Medium Churn Risk (Cooling Down),Tier 1: High-Priority VIP Winback ($30 Loyalty Credit + Personal Email)
CUST-00153,Emma Torres,emma.torres301@example.com,Platinum,Email Marketing,9,2953.67,2025-02-28 00:17:00,2026-05-01 19:03:00,122,428,53.5,2.28,65.0,Medium Churn Risk (Cooling Down),Tier 1: High-Priority VIP Winback ($30 Loyalty Credit + Personal Email)
CUST-00036,Luke King,luke.king472@example.com,Platinum,Paid Search (Google),13,2781.32,2023-12-10 11:20:00,2026-04-07 17:04:00,146,849,70.8,2.06,65.0,Medium Churn Risk (Cooling Down),Tier 1: High-Priority VIP Winback ($30 Loyalty Credit + Personal Email)
CUST-01055,Elijah King,elijah.king691@example.com,Silver,Email Marketing,3,2648.69,2026-01-20 06:37:00,2026-05-03 15:10:00,120,103,51.5,2.33,65.0,Medium Churn Risk (Cooling Down),Tier 1: High-Priority VIP Winback ($30 Loyalty Credit + Personal Email)
CUST-01145,Zoey Roberts,zoey.roberts158@example.com,Silver,Paid Search (Google),4,2446.5,2025-09-04 21:04:00,2026-03-11 01:11:00,174,187,62.3,2.79,65.0,Medium Churn Risk (Cooling Down),Tier 1: High-Priority VIP Winback ($30 Loyalty Credit + Personal Email)
CUST-00077,Ethan Clark,ethan.clark35@example.com,Platinum,Email Marketing,9,2374.8,2024-08-04 11:13:00,2026-03-22 07:19:00,163,595,74.4,2.19,65.0,Medium Churn Risk (Cooling Down),Tier 1: High-Priority VIP Winback ($30 Loyalty Credit + Personal Email)
CUST-01246,Evelyn Nguyen,evelyn.nguyen934@example.com,Silver,Organic Search,2,1756.57,2026-02-06 17:33:00,2026-04-12 01:09:00,142,64,64.0,2.22,65.0,Medium Churn Risk (Cooling Down),Tier 1: High-Priority VIP Winback ($30 Loyalty Credit + Personal Email)
CUST-01256,Ethan Walker,ethan.walker152@example.com,Silver,Email Marketing,2,1662.2,2026-01-21 16:59:00,2026-03-19 16:20:00,165,57,57.0,2.89,65.0,Medium Churn Risk (Cooling Down),Tier 1: High-Priority VIP Winback ($30 Loyalty Credit + Personal Email)
CUST-01492,Jayden Nelson,jayden.nelson894@example.com,Silver,Affiliate Referral,5,1648.44,2025-09-09 23:32:00,2026-04-25 05:45:00,129,227,56.8,2.27,65.0,Medium Churn Risk (Cooling Down),Tier 1: High-Priority VIP Winback ($30 Loyalty Credit + Personal Email)
CUST-00413,Avery Campbell,avery.campbell62@example.com,Gold,Paid Search (Google),6,1449.83,2025-03-06 07:00:00,2026-03-15 08:17:00,170,374,74.8,2.27,65.0,Medium Churn Risk (Cooling Down),Tier 1: High-Priority VIP Winback ($30 Loyalty Credit + Personal Email)
CUST-00688,Liam Harris,liam.harris810@example.com,Gold,Email Marketing,8,1265.49,2024-12-08 04:29:00,2026-03-13 12:49:00,171,460,65.7,2.6,65.0,Medium Churn Risk (Cooling Down),Tier 1: High-Priority VIP Winback ($30 Loyalty Credit + Personal Email)
CUST-00908,Jackson Miller,jackson.miller212@example.com,Silver,Email Marketing,3,1155.4,2025-12-24 12:30:00,2026-04-18 14:27:00,135,115,57.5,2.35,65.0,Medium Churn Risk (Cooling Down),Tier 1: High-Priority VIP Winback ($30 Loyalty Credit + Personal Email)
CUST-01235,Joseph Hill,joseph.hill598@example.com,Silver,Organic Search,3,925.95,2025-11-15 11:16:00,2026-03-12 06:02:00,173,117,58.5,2.96,65.0,Medium Churn Risk (Cooling Down),Tier 1: High-Priority VIP Winback ($30 Loyalty Credit + Personal Email)
CUST-01367,Nora Young,nora.young256@example.com,Silver,Organic Search,4,617.66,2025-08-06 09:03:00,2026-03-20 04:21:00,165,226,75.3,2.19,65.0,Medium Churn Risk (Cooling Down),Tier 4: Automated Replenishment Reminder & New Arrivals Newsletter
CUST-01070,Lily Moore,lily.moore898@example.com,Silver,Affiliate Referral,3,606.43,2025-12-25 22:23:00,2026-04-24 03:57:00,130,119,59.5,2.18,65.0,Medium Churn Risk (Cooling Down),Tier 4: Automated Replenishment Reminder & New Arrivals Newsletter
CUST-01332,Madison Wilson,madison.wilson792@example.com,Silver,Paid Search (Google),4,447.18,2025-10-09 13:58:00,2026-04-09 01:15:00,145,181,60.3,2.4,65.0,Medium Churn Risk (Cooling Down),Tier 4: Automated Replenishment Reminder & New Arrivals Newsletter
CUST-00113,Grace Martin,grace.martin781@example.com,Platinum,Affiliate Referral,24,6768.27,2024-10-28 07:17:00,2026-06-07 23:32:00,85,588,25.6,3.32,63.0,Medium Churn Risk (Cooling Down),Tier 1: High-Priority VIP Winback ($30 Loyalty Credit + Personal Email)
CUST-01929,Henry Thomas,henry.thomas226@example.com,Standard,Organic Search,3,4854.94,2026-05-21 08:05:00,2026-06-19 07:58:00,74,29,14.5,5.1,63.0,Medium Churn Risk (Cooling Down),Tier 1: High-Priority VIP Winback ($30 Loyalty Credit + Personal Email)
CUST-00682,Wyatt Young,wyatt.young40@example.com,Gold,Email Marketing,5,2767.71,2026-04-05 20:27:00,2026-06-24 17:22:00,68,80,20.0,3.4,63.0,Medium Churn Risk (Cooling Down),Tier 1: High-Priority VIP Winback ($30 Loyalty Credit + Personal Email)
CUST-01048,Avery Garcia,avery.garcia164@example.com,Silver,Paid Search (Google),4,2128.4,2026-03-28 19:57:00,2026-06-05 06:09:00,88,68,22.7,3.88,63.0,Medium Churn Risk (Cooling Down),Tier 1: High-Priority VIP Winback ($30 Loyalty Credit + Personal Email)
CUST-00990,Sebastian Lopez,sebastian.lopez979@example.com,Silver,Paid Search (Google),2,1914.87,2026-06-10 12:56:00,2026-06-25 08:09:00,68,15,15.0,4.53,63.0,Medium Churn Risk (Cooling Down),Tier 1: High-Priority VIP Winback ($30 Loyalty Credit + Personal Email)
CUST-00854,Evelyn Rodriguez,evelyn.rodriguez432@example.com,Silver,Affiliate Referral,2,1666.17,2026-06-08 06:42:00,2026-06-16 08:01:00,77,8,8.0,9.62,63.0,Medium Churn Risk (Cooling Down),Tier 1: High-Priority VIP Winback ($30 Loyalty Credit + Personal Email)
CUST-02266,Samuel Carter,samuel.carter977@example.com,Standard,Email Marketing,2,1160.94,2026-06-09 23:09:00,2026-06-26 11:38:00,67,17,17.0,3.94,63.0,Medium Churn Risk (Cooling Down),Tier 1: High-Priority VIP Winback ($30 Loyalty Credit + Personal Email)
CUST-01068,Luke Scott,luke.scott311@example.com,Silver,Email Marketing,3,1025.59,2026-05-19 16:23:00,2026-06-04 18:48:00,88,16,8.0,11.0,63.0,Medium Churn Risk (Cooling Down),Tier 1: High-Priority VIP Winback ($30 Loyalty Credit + Personal Email)
CUST-02190,Amelia Young,amelia.young777@example.com,Standard,Affiliate Referral,2,389.94,2026-06-01 20:26:00,2026-06-20 05:51:00,73,18,18.0,4.06,63.0,Medium Churn Risk (Cooling Down),Tier 4: Automated Replenishment Reminder & New Arrivals Newsletter
CUST-01576,Mia Thomas,mia.thomas796@example.com,Standard,Organic Search,2,325.66,2026-06-05 18:37:00,2026-06-19 06:37:00,74,14,14.0,5.29,63.0,Medium Churn Risk (Cooling Down),Tier 4: Automated Replenishment Reminder & New Arrivals Newsletter
CUST-00915,Lily Lewis,lily.lewis377@example.com,Silver,Email Marketing,2,5270.96,2025-06-28 14:42:00,2025-11-19 20:33:00,285,144,144.0,1.98,60.0,Medium Churn Risk (Cooling Down),Tier 1: High-Priority VIP Winback ($30 Loyalty Credit + Personal Email)
CUST-01390,Scarlett Gonzalez,scarlett.gonzalez74@example.com,Silver,Affiliate Referral,4,4894.4,2024-07-06 00:16:00,2025-12-29 13:11:00,245,542,180.7,1.36,60.0,Medium Churn Risk (Cooling Down),Tier 1: High-Priority VIP Winback ($30 Loyalty Credit + Personal Email)
CUST-00730,Penelope Lopez,penelope.lopez389@example.com,Gold,Paid Search (Google),4,4737.44,2024-12-20 09:14:00,2025-12-31 01:46:00,244,376,125.3,1.95,60.0,Medium Churn Risk (Cooling Down),Tier 1: High-Priority VIP Winback ($30 Loyalty Credit + Personal Email)
CUST-00370,Evelyn Thomas,evelyn.thomas819@example.com,Gold,Social Media (Instagram/TikTok),9,4189.06,2022-10-13 03:33:00,2026-01-19 04:07:00,225,1194,149.2,1.51,60.0,Medium Churn Risk (Cooling Down),Tier 1: High-Priority VIP Winback ($30 Loyalty Credit + Personal Email)
CUST-02395,Mia Brown,mia.brown139@example.com,Standard,Social Media (Instagram/TikTok),3,3992.41,2023-06-17 17:29:00,2025-03-16 14:16:00,533,638,319.0,1.67,60.0,Medium Churn Risk (Cooling Down),Tier 1: High-Priority VIP Winback ($30 Loyalty Credit + Personal Email)
CUST-00329,Dylan Lewis,dylan.lewis640@example.com,Gold,Organic Search,8,3851.46,2023-01-21 17:11:00,2026-01-17 22:30:00,226,1092,156.0,1.45,60.0,Medium Churn Risk (Cooling Down),Tier 1: High-Priority VIP Winback ($30 Loyalty Credit + Personal Email)
CUST-00632,Sophia Brown,sophia.brown981@example.com,Gold,Affiliate Referral,5,3829.88,2024-10-27 06:56:00,2026-01-29 05:14:00,215,459,114.8,1.87,60.0,Medium Churn Risk (Cooling Down),Tier 1: High-Priority VIP Winback ($30 Loyalty Credit + Personal Email)
CUST-00653,Layla Jones,layla.jones908@example.com,Gold,Social Media (Instagram/TikTok),7,3676.94,2024-03-03 12:43:00,2026-02-09 15:03:00,203,708,118.0,1.72,60.0,Medium Churn Risk (Cooling Down),Tier 1: High-Priority VIP Winback ($30 Loyalty Credit + Personal Email)
CUST-00359,Carter Harris,carter.harris982@example.com,Gold,Affiliate Referral,6,3605.57,2022-12-17 01:53:00,2025-11-09 12:42:00,295,1058,211.6,1.39,60.0,Medium Churn Risk (Cooling Down),Tier 1: High-Priority VIP Winback ($30 Loyalty Credit + Personal Email)
CUST-01142,Victoria Hill,victoria.hill347@example.com,Silver,Paid Search (Google),3,3533.42,2025-07-04 17:31:00,2026-03-04 18:48:00,180,243,121.5,1.48,60.0,Medium Churn Risk (Cooling Down),Tier 1: High-Priority VIP Winback ($30 Loyalty Credit + Personal Email)
CUST-01124,Nora Walker,nora.walker33@example.com,Silver,Affiliate Referral,2,3415.65,2025-01-22 19:49:00,2025-09-05 01:35:00,361,225,225.0,1.6,60.0,Medium Churn Risk (Cooling Down),Tier 1: High-Priority VIP Winback ($30 Loyalty Credit + Personal Email)
CUST-01335,Sofia Nguyen,sofia.nguyen51@example.com,Silver,Affiliate Referral,4,3341.93,2023-10-07 10:52:00,2025-10-14 05:04:00,322,738,246.0,1.31,60.0,Medium Churn Risk (Cooling Down),Tier 1: High-Priority VIP Winback ($30 Loyalty Credit + Personal Email)
CUST-00369,Ethan White,ethan.white530@example.com,Gold,Paid Search (Google),8,3087.5,2023-10-18 04:51:00,2026-02-28 02:20:00,185,864,123.4,1.5,60.0,Medium Churn Risk (Cooling Down),Tier 1: High-Priority VIP Winback ($30 Loyalty Credit + Personal Email)
CUST-00718,Alexander Lewis,alexander.lewis85@example.com,Gold,Social Media (Instagram/TikTok),5,3083.35,2022-09-07 17:35:00,2025-05-21 05:26:00,468,986,246.5,1.9,60.0,Medium Churn Risk (Cooling Down),Tier 1: High-Priority VIP Winback ($30 Loyalty Credit + Personal Email)
CUST-00435,Avery Wright,avery.wright766@example.com,Gold,Paid Search (Google),8,3083.13,2022-10-04 20:21:00,2026-01-10 00:03:00,234,1193,170.4,1.37,60.0,Medium Churn Risk (Cooling Down),Tier 1: High-Priority VIP Winback ($30 Loyalty Credit + Personal Email)
CUST-00421,Eleanor Gonzalez,eleanor.gonzalez990@example.com,Gold,Affiliate Referral,3,3060.37,2024-05-13 23:26:00,2025-09-28 17:01:00,337,503,251.5,1.34,60.0,Medium Churn Risk (Cooling Down),Tier 1: High-Priority VIP Winback ($30 Loyalty Credit + Personal Email)
CUST-00255,Jayden Sanchez,jayden.sanchez435@example.com,Gold,Social Media (Instagram/TikTok),7,2893.62,2023-09-04 21:19:00,2026-02-01 16:04:00,211,881,146.8,1.44,60.0,Medium Churn Risk (Cooling Down),Tier 1: High-Priority VIP Winback ($30 Loyalty Credit + Personal Email)
CUST-01470,Grace Walker,grace.walker692@example.com,Silver,Email Marketing,2,2880.14,2024-11-23 04:16:00,2025-08-03 17:44:00,393,254,254.0,1.55,60.0,Medium Churn Risk (Cooling Down),Tier 1: High-Priority VIP Winback ($30 Loyalty Credit + Personal Email)
CUST-00062,Jayden Flores,jayden.flores586@example.com,Platinum,Affiliate Referral,11,2780.13,2023-01-18 07:18:00,2026-02-21 03:13:00,192,1130,113.0,1.7,60.0,Medium Churn Risk (Cooling Down),Tier 1: High-Priority VIP Winback ($30 Loyalty Credit + Personal Email)
CUST-00686,Eleanor Brown,eleanor.brown99@example.com,Gold,Paid Search (Google),3,2710.71,2024-07-24 17:43:00,2025-10-24 15:09:00,311,457,228.5,1.36,60.0,Medium Churn Risk (Cooling Down),Tier 1: High-Priority VIP Winback ($30 Loyalty Credit + Personal Email)
CUST-00761,Aiden Johnson,aiden.johnson405@example.com,Silver,Affiliate Referral,3,2632.29,2023-09-09 16:09:00,2025-03-14 01:12:00,536,551,275.5,1.95,60.0,Medium Churn Risk (Cooling Down),Tier 1: High-Priority VIP Winback ($30 Loyalty Credit + Personal Email)
CUST-00931,Owen White,owen.white611@example.com,Silver,Affiliate Referral,3,2607.22,2024-04-14 03:09:00,2025-08-28 05:06:00,369,501,250.5,1.47,60.0,Medium Churn Risk (Cooling Down),Tier 1: High-Priority VIP Winback ($30 Loyalty Credit + Personal Email)
CUST-00952,Jack Anderson,jack.anderson970@example.com,Silver,Email Marketing,3,2543.45,2025-07-02 13:22:00,2026-03-03 03:27:00,182,244,122.0,1.49,60.0,Medium Churn Risk (Cooling Down),Tier 1: High-Priority VIP Winback ($30 Loyalty Credit + Personal Email)
CUST-00904,John Adams,john.adams881@example.com,Silver,Paid Search (Google),3,2445.69,2024-02-04 22:13:00,2025-05-30 23:26:00,458,481,240.5,1.9,60.0,Medium Churn Risk (Cooling Down),Tier 1: High-Priority VIP Winback ($30 Loyalty Credit + Personal Email)
CUST-00788,Alexander Young,alexander.young814@example.com,Silver,Paid Search (Google),5,2429.74,2023-06-25 21:03:00,2025-10-07 03:07:00,329,834,208.5,1.58,60.0,Medium Churn Risk (Cooling Down),Tier 1: High-Priority VIP Winback ($30 Loyalty Credit + Personal Email)
CUST-01850,Olivia Smith,olivia.smith355@example.com,Standard,Organic Search,2,2338.45,2025-03-29 03:15:00,2025-09-20 16:06:00,345,176,176.0,1.96,60.0,Medium Churn Risk (Cooling Down),Tier 1: High-Priority VIP Winback ($30 Loyalty Credit + Personal Email)
CUST-00739,Jack Garcia,jack.garcia709@example.com,Gold,Paid Search (Google),4,2326.15,2024-03-02 18:53:00,2025-11-17 18:43:00,287,625,208.3,1.38,60.0,Medium Churn Risk (Cooling Down),Tier 1: High-Priority VIP Winback ($30 Loyalty Credit + Personal Email)
CUST-00504,Isabella King,isabella.king44@example.com,Gold,Organic Search,7,2305.07,2023-03-17 01:42:00,2025-12-19 01:16:00,256,1008,168.0,1.52,60.0,Medium Churn Risk (Cooling Down),Tier 1: High-Priority VIP Winback ($30 Loyalty Credit + Personal Email)
CUST-00654,Madison Garcia,madison.garcia576@example.com,Gold,Social Media (Instagram/TikTok),6,2258.79,2023-08-22 22:18:00,2025-12-31 01:44:00,244,861,172.2,1.42,60.0,Medium Churn Risk (Cooling Down),Tier 1: High-Priority VIP Winback ($30 Loyalty Credit + Personal Email)
CUST-00874,David Robinson,david.robinson736@example.com,Silver,Paid Search (Google),5,2168.75,2023-03-17 19:51:00,2025-07-07 16:29:00,420,843,210.8,1.99,60.0,Medium Churn Risk (Cooling Down),Tier 1: High-Priority VIP Winback ($30 Loyalty Credit + Personal Email)
CUST-01282,Emily Wilson,emily.wilson601@example.com,Silver,Organic Search,5,2160.03,2024-08-08 22:31:00,2026-01-31 01:46:00,213,540,135.0,1.58,60.0,Medium Churn Risk (Cooling Down),Tier 1: High-Priority VIP Winback ($30 Loyalty Credit + Personal Email)
CUST-00315,Emily Campbell,emily.campbell458@example.com,Gold,Social Media (Instagram/TikTok),3,2056.42,2025-01-22 17:45:00,2026-01-05 05:24:00,239,347,173.5,1.38,60.0,Medium Churn Risk (Cooling Down),Tier 1: High-Priority VIP Winback ($30 Loyalty Credit + Personal Email)
CUST-01105,Owen Garcia,owen.garcia808@example.com,Silver,Social Media (Instagram/TikTok),4,2045.75,2024-06-08 00:08:00,2025-11-12 14:50:00,292,523,174.3,1.68,60.0,Medium Churn Risk (Cooling Down),Tier 1: High-Priority VIP Winback ($30 Loyalty Credit + Personal Email)
CUST-01184,Riley Lopez,riley.lopez175@example.com,Silver,Affiliate Referral,2,1950.42,2024-03-22 15:34:00,2025-01-15 00:40:00,594,298,298.0,1.99,60.0,Medium Churn Risk (Cooling Down),Tier 1: High-Priority VIP Winback ($30 Loyalty Credit + Personal Email)
CUST-01880,Carter Sanchez,carter.sanchez396@example.com,Standard,Email Marketing,3,1828.94,2025-01-27 05:03:00,2025-11-22 18:47:00,282,300,150.0,1.88,60.0,Medium Churn Risk (Cooling Down),Tier 1: High-Priority VIP Winback ($30 Loyalty Credit + Personal Email)
CUST-00806,Evelyn Clark,evelyn.clark860@example.com,Silver,Affiliate Referral,2,1647.64,2025-06-25 06:25:00,2025-11-28 09:58:00,277,156,156.0,1.78,60.0,Medium Churn Risk (Cooling Down),Tier 1: High-Priority VIP Winback ($30 Loyalty Credit + Personal Email)
CUST-00432,Evelyn Smith,evelyn.smith997@example.com,Gold,Email Marketing,8,1636.65,2023-07-27 21:24:00,2025-12-28 07:52:00,247,884,126.3,1.96,60.0,Medium Churn Risk (Cooling Down),Tier 1: High-Priority VIP Winback ($30 Loyalty Credit + Personal Email)
CUST-02157,Sofia Hall,sofia.hall850@example.com,Standard,Paid Search (Google),2,1624.97,2025-02-12 04:13:00,2025-09-24 22:01:00,341,225,225.0,1.52,60.0,Medium Churn Risk (Cooling Down),Tier 1: High-Priority VIP Winback ($30 Loyalty Credit + Personal Email)
CUST-00012,Avery Roberts,avery.roberts306@example.com,Platinum,Organic Search,7,1536.62,2024-01-21 19:48:00,2026-02-16 02:43:00,197,756,126.0,1.56,60.0,Medium Churn Risk (Cooling Down),Tier 1: High-Priority VIP Winback ($30 Loyalty Credit + Personal Email)
CUST-01294,Emma Clark,emma.clark110@example.com,Silver,Email Marketing,4,1386.08,2023-05-30 17:28:00,2025-08-14 21:39:00,382,807,269.0,1.42,60.0,Medium Churn Risk (Cooling Down),Tier 1: High-Priority VIP Winback ($30 Loyalty Credit + Personal Email)
CUST-01178,James Hill,james.hill913@example.com,Silver,Paid Search (Google),3,1386.0,2024-04-21 20:49:00,2025-08-30 18:02:00,366,496,248.0,1.48,60.0,Medium Churn Risk (Cooling Down),Tier 1: High-Priority VIP Winback ($30 Loyalty Credit + Personal Email)
CUST-02271,Amelia Mitchell,amelia.mitchell122@example.com,Standard,Email Marketing,3,1383.94,2024-12-30 16:06:00,2025-12-09 00:27:00,266,343,171.5,1.55,60.0,Medium Churn Risk (Cooling Down),Tier 1: High-Priority VIP Winback ($30 Loyalty Credit + Personal Email)
CUST-00884,Penelope Taylor,penelope.taylor563@example.com,Silver,Organic Search,3,1380.35,2025-01-12 20:59:00,2025-11-12 06:01:00,293,303,151.5,1.93,60.0,Medium Churn Risk (Cooling Down),Tier 1: High-Priority VIP Winback ($30 Loyalty Credit + Personal Email)
CUST-00472,Aria Gonzalez,aria.gonzalez969@example.com,Gold,Organic Search,3,1363.4,2023-02-09 02:50:00,2025-03-14 08:20:00,536,764,382.0,1.4,60.0,Medium Churn Risk (Cooling Down),Tier 1: High-Priority VIP Winback ($30 Loyalty Credit + Personal Email)
CUST-00267,Joseph Smith,joseph.smith195@example.com,Gold,Affiliate Referral,2,1355.97,2024-06-25 13:31:00,2025-04-01 05:11:00,518,280,280.0,1.85,60.0,Medium Churn Risk (Cooling Down),Tier 1: High-Priority VIP Winback ($30 Loyalty Credit + Personal Email)
CUST-02451,Evelyn Hill,evelyn.hill276@example.com,Standard,Social Media (Instagram/TikTok),2,1304.97,2024-06-04 03:50:00,2025-03-17 11:14:00,533,286,286.0,1.86,60.0,Medium Churn Risk (Cooling Down),Tier 1: High-Priority VIP Winback ($30 Loyalty Credit + Personal Email)
CUST-01441,Evelyn Lewis,evelyn.lewis921@example.com,Silver,Social Media (Instagram/TikTok),3,1304.2,2025-06-28 11:20:00,2026-02-08 03:46:00,205,225,112.5,1.82,60.0,Medium Churn Risk (Cooling Down),Tier 1: High-Priority VIP Winback ($30 Loyalty Credit + Personal Email)
CUST-00278,Madison Davis,madison.davis17@example.com,Gold,Paid Search (Google),4,1289.38,2024-12-28 00:00:00,2026-01-21 16:31:00,222,390,130.0,1.71,60.0,Medium Churn Risk (Cooling Down),Tier 1: High-Priority VIP Winback ($30 Loyalty Credit + Personal Email)
CUST-01077,Lucas Miller,lucas.miller545@example.com,Silver,Organic Search,2,1254.95,2023-08-09 13:44:00,2024-11-22 14:02:00,647,471,471.0,1.37,60.0,Medium Churn Risk (Cooling Down),Tier 1: High-Priority VIP Winback ($30 Loyalty Credit + Personal Email)
CUST-01411,Isabella Nelson,isabella.nelson379@example.com,Silver,Email Marketing,4,1228.0,2024-01-11 03:12:00,2025-11-08 07:46:00,297,667,222.3,1.34,60.0,Medium Churn Risk (Cooling Down),Tier 1: High-Priority VIP Winback ($30 Loyalty Credit + Personal Email)
CUST-02477,Zoey Young,zoey.young279@example.com,Standard,Social Media (Instagram/TikTok),3,1226.45,2023-05-27 15:59:00,2025-04-20 09:29:00,499,694,347.0,1.44,60.0,Medium Churn Risk (Cooling Down),Tier 1: High-Priority VIP Winback ($30 Loyalty Credit + Personal Email)
CUST-02255,Lucas Brown,lucas.brown979@example.com,Standard,Social Media (Instagram/TikTok),3,1220.95,2022-12-29 02:41:00,2024-12-12 12:35:00,627,714,357.0,1.76,60.0,Medium Churn Risk (Cooling Down),Tier 1: High-Priority VIP Winback ($30 Loyalty Credit + Personal Email)
CUST-02382,Henry Young,henry.young84@example.com,Standard,Affiliate Referral,2,1147.78,2025-08-06 14:20:00,2026-01-05 19:37:00,238,152,152.0,1.57,60.0,Medium Churn Risk (Cooling Down),Tier 1: High-Priority VIP Winback ($30 Loyalty Credit + Personal Email)
CUST-01343,Harper King,harper.king107@example.com,Silver,Affiliate Referral,2,1111.97,2024-12-27 09:11:00,2025-07-29 23:49:00,398,215,215.0,1.85,60.0,Medium Churn Risk (Cooling Down),Tier 1: High-Priority VIP Winback ($30 Loyalty Credit + Personal Email)
CUST-02292,Scarlett Anderson,scarlett.anderson547@example.com,Standard,Paid Search (Google),3,1109.94,2023-10-15 08:48:00,2025-06-09 02:52:00,449,603,301.5,1.49,60.0,Medium Churn Risk (Cooling Down),Tier 1: High-Priority VIP Winback ($30 Loyalty Credit + Personal Email)
CUST-01458,Harper Robinson,harper.robinson122@example.com,Silver,Email Marketing,5,1105.32,2023-05-22 03:15:00,2025-10-17 04:05:00,319,879,219.8,1.45,60.0,Medium Churn Risk (Cooling Down),Tier 1: High-Priority VIP Winback ($30 Loyalty Credit + Personal Email)
CUST-01707,Sofia Carter,sofia.carter578@example.com,Standard,Social Media (Instagram/TikTok),2,1077.07,2023-03-02 15:16:00,2024-09-03 13:11:00,727,551,551.0,1.32,60.0,Medium Churn Risk (Cooling Down),Tier 1: High-Priority VIP Winback ($30 Loyalty Credit + Personal Email)
CUST-02056,Matthew Campbell,matthew.campbell495@example.com,Standard,Affiliate Referral,2,1073.2,2024-06-19 09:08:00,2025-05-28 13:12:00,460,343,343.0,1.34,60.0,Medium Churn Risk (Cooling Down),Tier 1: High-Priority VIP Winback ($30 Loyalty Credit + Personal Email)
CUST-00954,Elijah Ramirez,elijah.ramirez147@example.com,Silver,Paid Search (Google),3,1042.35,2025-05-06 21:13:00,2026-02-21 17:13:00,191,291,145.5,1.31,60.0,Medium Churn Risk (Cooling Down),Tier 1: High-Priority VIP Winback ($30 Loyalty Credit + Personal Email)
CUST-02184,Hannah Adams,hannah.adams476@example.com,Standard,Social Media (Instagram/TikTok),2,984.95,2024-11-26 18:38:00,2025-08-18 02:43:00,379,264,264.0,1.44,60.0,Medium Churn Risk (Cooling Down),Tier 1: High-Priority VIP Winback ($30 Loyalty Credit + Personal Email)
CUST-01885,Owen Scott,owen.scott630@example.com,Standard,Social Media (Instagram/TikTok),2,952.5,2024-05-09 09:15:00,2025-05-08 07:09:00,481,364,364.0,1.32,60.0,Medium Churn Risk (Cooling Down),Tier 1: High-Priority VIP Winback ($30 Loyalty Credit + Personal Email)
CUST-01365,James Clark,james.clark55@example.com,Silver,Affiliate Referral,3,943.92,2025-02-20 12:33:00,2025-11-29 19:51:00,275,282,141.0,1.95,60.0,Medium Churn Risk (Cooling Down),Tier 1: High-Priority VIP Winback ($30 Loyalty Credit + Personal Email)
CUST-01454,Emily Carter,emily.carter560@example.com,Silver,Paid Search (Google),5,939.79,2023-02-26 09:46:00,2025-07-12 21:31:00,415,867,216.8,1.91,60.0,Medium Churn Risk (Cooling Down),Tier 1: High-Priority VIP Winback ($30 Loyalty Credit + Personal Email)
CUST-01293,Samuel Scott,samuel.scott20@example.com,Silver,Organic Search,3,906.5,2024-05-28 01:43:00,2025-09-30 13:20:00,335,490,245.0,1.37,60.0,Medium Churn Risk (Cooling Down),Tier 1: High-Priority VIP Winback ($30 Loyalty Credit + Personal Email)
CUST-02102,Chloe Taylor,chloe.taylor840@example.com,Standard,Organic Search,3,904.96,2024-01-09 20:33:00,2025-05-09 12:11:00,479,486,243.0,1.97,60.0,Medium Churn Risk (Cooling Down),Tier 1: High-Priority VIP Winback ($30 Loyalty Credit + Personal Email)
CUST-01155,Noah Clark,noah.clark792@example.com,Silver,Email Marketing,3,903.51,2025-05-25 15:43:00,2026-02-19 11:21:00,194,270,135.0,1.44,60.0,Medium Churn Risk (Cooling Down),Tier 1: High-Priority VIP Winback ($30 Loyalty Credit + Personal Email)
CUST-00643,Olivia Perez,olivia.perez836@example.com,Gold,Affiliate Referral,4,770.82,2024-03-23 07:12:00,2025-12-04 05:24:00,271,621,207.0,1.31,60.0,Medium Churn Risk (Cooling Down),Tier 4: Automated Replenishment Reminder & New Arrivals Newsletter
CUST-00891,David Williams,david.williams99@example.com,Silver,Paid Search (Google),2,762.46,2023-01-31 20:13:00,2024-06-04 00:07:00,819,489,489.0,1.67,60.0,Medium Churn Risk (Cooling Down),Tier 4: Automated Replenishment Reminder & New Arrivals Newsletter
CUST-00948,Riley Martinez,riley.martinez630@example.com,Silver,Email Marketing,4,722.26,2025-01-03 01:52:00,2026-02-10 06:38:00,203,403,134.3,1.51,60.0,Medium Churn Risk (Cooling Down),Tier 4: Automated Replenishment Reminder & New Arrivals Newsletter
CUST-01775,Elijah Johnson,elijah.johnson861@example.com,Standard,Email Marketing,2,712.75,2023-10-07 20:26:00,2024-11-30 20:40:00,639,420,420.0,1.52,60.0,Medium Churn Risk (Cooling Down),Tier 4: Automated Replenishment Reminder & New Arrivals Newsletter
CUST-01280,Luna Garcia,luna.garcia158@example.com,Silver,Email Marketing,3,650.44,2024-05-17 16:00:00,2025-09-09 21:06:00,356,480,240.0,1.48,60.0,Medium Churn Risk (Cooling Down),Tier 4: Automated Replenishment Reminder & New Arrivals Newsletter
CUST-01816,Amelia Baker,amelia.baker576@example.com,Standard,Affiliate Referral,3,641.94,2023-08-12 20:59:00,2025-05-30 04:25:00,459,656,328.0,1.4,60.0,Medium Churn Risk (Cooling Down),Tier 4: Automated Replenishment Reminder & New Arrivals Newsletter
CUST-00454,Sofia Baker,sofia.baker782@example.com,Gold,Affiliate Referral,5,628.35,2024-02-03 18:32:00,2025-12-30 01:09:00,245,695,173.8,1.41,60.0,Medium Churn Risk (Cooling Down),Tier 4: Automated Replenishment Reminder & New Arrivals Newsletter
CUST-00614,Luke Smith,luke.smith18@example.com,Gold,Organic Search,4,620.79,2024-12-17 17:12:00,2026-02-17 05:11:00,196,426,142.0,1.38,60.0,Medium Churn Risk (Cooling Down),Tier 4: Automated Replenishment Reminder & New Arrivals Newsletter
CUST-01245,Hannah Adams,hannah.adams686@example.com,Silver,Paid Search (Google),3,591.53,2025-03-27 11:14:00,2026-01-29 07:41:00,215,308,154.0,1.4,60.0,Medium Churn Risk (Cooling Down),Tier 4: Automated Replenishment Reminder & New Arrivals Newsletter
CUST-00635,Abigail Moore,abigail.moore95@example.com,Gold,Affiliate Referral,4,585.94,2023-06-30 00:43:00,2025-07-07 14:50:00,420,739,246.3,1.71,60.0,Medium Churn Risk (Cooling Down),Tier 4: Automated Replenishment Reminder & New Arrivals Newsletter
CUST-00968,William Taylor,william.taylor237@example.com,Silver,Affiliate Referral,2,579.98,2024-10-17 18:58:00,2025-06-13 00:11:00,445,238,238.0,1.87,60.0,Medium Churn Risk (Cooling Down),Tier 4: Automated Replenishment Reminder & New Arrivals Newsletter
CUST-02188,Aiden Hall,aiden.hall645@example.com,Standard,Organic Search,2,547.8,2024-09-04 06:04:00,2025-07-17 10:39:00,411,316,316.0,1.3,60.0,Medium Churn Risk (Cooling Down),Tier 4: Automated Replenishment Reminder & New Arrivals Newsletter
CUST-01114,Mason Carter,mason.carter148@example.com,Silver,Paid Search (Google),2,534.98,2025-10-09 02:21:00,2026-01-27 06:18:00,217,110,110.0,1.97,60.0,Medium Churn Risk (Cooling Down),Tier 4: Automated Replenishment Reminder & New Arrivals Newsletter
CUST-02214,Elijah Young,elijah.young824@example.com,Standard,Organic Search,3,534.26,2025-07-21 00:16:00,2026-03-02 11:07:00,183,224,112.0,1.63,60.0,Medium Churn Risk (Cooling Down),Tier 4: Automated Replenishment Reminder & New Arrivals Newsletter
CUST-01499,Ella Jackson,ella.jackson281@example.com,Silver,Affiliate Referral,4,513.04,2025-02-27 12:16:00,2026-01-31 15:50:00,212,338,112.7,1.88,60.0,Medium Churn Risk (Cooling Down),Tier 4: Automated Replenishment Reminder & New Arrivals Newsletter
CUST-00989,Ethan Walker,ethan.walker331@example.com,Silver,Affiliate Referral,2,480.24,2025-09-05 10:09:00,2026-01-13 23:04:00,230,131,131.0,1.76,60.0,Medium Churn Risk (Cooling Down),Tier 4: Automated Replenishment Reminder & New Arrivals Newsletter
CUST-01785,Chloe Young,chloe.young541@example.com,Standard,Social Media (Instagram/TikTok),2,461.27,2024-09-17 05:26:00,2025-07-15 06:52:00,413,301,301.0,1.37,60.0,Medium Churn Risk (Cooling Down),Tier 4: Automated Replenishment Reminder & New Arrivals Newsletter
CUST-01514,Mila Hernandez,mila.hernandez289@example.com,Standard,Social Media (Instagram/TikTok),2,452.95,2024-02-27 18:08:00,2025-03-23 21:47:00,526,390,390.0,1.35,60.0,Medium Churn Risk (Cooling Down),Tier 4: Automated Replenishment Reminder & New Arrivals Newsletter
CUST-02234,Jack Lopez,jack.lopez376@example.com,Standard,Paid Search (Google),2,399.97,2024-03-27 01:46:00,2025-03-09 17:38:00,540,348,348.0,1.55,60.0,Medium Churn Risk (Cooling Down),Tier 4: Automated Replenishment Reminder & New Arrivals Newsletter
CUST-01161,Sofia King,sofia.king560@example.com,Silver,Affiliate Referral,2,391.53,2025-10-24 08:00:00,2026-02-10 09:17:00,203,109,109.0,1.86,60.0,Medium Churn Risk (Cooling Down),Tier 4: Automated Replenishment Reminder & New Arrivals Newsletter
CUST-02259,Harper King,harper.king550@example.com,Standard,Email Marketing,2,389.99,2025-10-17 23:52:00,2026-02-10 00:19:00,203,115,115.0,1.77,60.0,Medium Churn Risk (Cooling Down),Tier 4: Automated Replenishment Reminder & New Arrivals Newsletter
CUST-01467,Mila Perez,mila.perez215@example.com,Silver,Organic Search,2,380.97,2025-07-17 16:42:00,2025-12-21 21:43:00,253,157,157.0,1.61,60.0,Medium Churn Risk (Cooling Down),Tier 4: Automated Replenishment Reminder & New Arrivals Newsletter
CUST-01115,Grayson Sanchez,grayson.sanchez677@example.com,Silver,Affiliate Referral,2,352.25,2023-09-09 21:05:00,2024-09-14 03:40:00,717,370,370.0,1.94,60.0,Medium Churn Risk (Cooling Down),Tier 4: Automated Replenishment Reminder & New Arrivals Newsletter
CUST-01305,Wyatt Lopez,wyatt.lopez670@example.com,Silver,Paid Search (Google),3,336.43,2023-02-11 04:16:00,2025-03-11 01:06:00,539,759,379.5,1.42,60.0,Medium Churn Risk (Cooling Down),Tier 4: Automated Replenishment Reminder & New Arrivals Newsletter
CUST-01369,Charlotte Johnson,charlotte.johnson501@example.com,Silver,Paid Search (Google),3,319.34,2025-03-05 23:14:00,2026-01-20 09:55:00,224,320,160.0,1.4,60.0,Medium Churn Risk (Cooling Down),Tier 4: Automated Replenishment Reminder & New Arrivals Newsletter
CUST-02113,Lucas Brown,lucas.brown943@example.com,Standard,Paid Search (Google),2,317.17,2025-08-25 05:14:00,2026-01-23 00:55:00,221,151,151.0,1.46,60.0,Medium Churn Risk (Cooling Down),Tier 4: Automated Replenishment Reminder & New Arrivals Newsletter
CUST-01104,Elijah Hill,elijah.hill667@example.com,Silver,Affiliate Referral,2,306.95,2023-12-19 07:26:00,2025-01-18 08:26:00,591,396,396.0,1.49,60.0,Medium Churn Risk (Cooling Down),Tier 4: Automated Replenishment Reminder & New Arrivals Newsletter
CUST-00426,Sophia Jackson,sophia.jackson988@example.com,Gold,Social Media (Instagram/TikTok),4,294.85,2023-07-24 18:51:00,2025-09-23 19:29:00,342,792,264.0,1.3,60.0,Medium Churn Risk (Cooling Down),Tier 4: Automated Replenishment Reminder & New Arrivals Newsletter
CUST-01583,Madison Brown,madison.brown771@example.com,Standard,Affiliate Referral,2,289.96,2025-10-29 15:45:00,2026-02-24 06:37:00,189,118,118.0,1.6,60.0,Medium Churn Risk (Cooling Down),Tier 4: Automated Replenishment Reminder & New Arrivals Newsletter
CUST-01054,Luke Thomas,luke.thomas765@example.com,Silver,Email Marketing,2,287.95,2023-10-09 05:32:00,2024-10-24 13:44:00,676,381,381.0,1.77,60.0,Medium Churn Risk (Cooling Down),Tier 4: Automated Replenishment Reminder & New Arrivals Newsletter
CUST-02142,Benjamin Green,benjamin.green105@example.com,Standard,Paid Search (Google),2,277.59,2024-02-22 22:57:00,2025-01-12 05:01:00,597,324,324.0,1.84,60.0,Medium Churn Risk (Cooling Down),Tier 4: Automated Replenishment Reminder & New Arrivals Newsletter
CUST-00818,Luke Flores,luke.flores284@example.com,Silver,Social Media (Instagram/TikTok),2,267.99,2023-05-03 12:01:00,2024-08-01 06:00:00,761,456,456.0,1.67,60.0,Medium Churn Risk (Cooling Down),Tier 4: Automated Replenishment Reminder & New Arrivals Newsletter
CUST-01461,Victoria Baker,victoria.baker871@example.com,Silver,Affiliate Referral,2,227.97,2024-02-18 00:09:00,2025-01-16 03:21:00,593,333,333.0,1.78,60.0,Medium Churn Risk (Cooling Down),Tier 4: Automated Replenishment Reminder & New Arrivals Newsletter
CUST-01060,Aria Nguyen,aria.nguyen132@example.com,Silver,Organic Search,2,183.26,2024-08-23 08:15:00,2025-05-05 16:05:00,483,255,255.0,1.89,60.0,Medium Churn Risk (Cooling Down),Tier 4: Automated Replenishment Reminder & New Arrivals Newsletter
CUST-01004,Carter Lopez,carter.lopez520@example.com,Silver,Email Marketing,2,117.2,2025-05-14 16:56:00,2025-10-21 12:42:00,314,160,160.0,1.96,60.0,Medium Churn Risk (Cooling Down),Tier 4: Automated Replenishment Reminder & New Arrivals Newsletter
CUST-01931,Penelope Roberts,penelope.roberts297@example.com,Standard,Email Marketing,2,111.45,2024-01-28 21:50:00,2025-03-10 13:04:00,539,407,407.0,1.32,60.0,Medium Churn Risk (Cooling Down),Tier 4: Automated Replenishment Reminder & New Arrivals Newsletter
CUST-01121,Chloe Martinez,chloe.martinez785@example.com,Silver,Organic Search,2,73.47,2024-03-27 20:31:00,2025-02-21 22:18:00,556,331,331.0,1.68,60.0,Medium Churn Risk (Cooling Down),Tier 4: Automated Replenishment Reminder & New Arrivals Newsletter
CUST-00250,Mia Garcia,mia.garcia339@example.com,Platinum,Organic Search,21,9471.9,2023-04-12 16:42:00,2026-05-09 15:24:00,114,1123,56.2,2.03,55.0,Medium Churn Risk (Cooling Down),Tier 1: High-Priority VIP Winback ($30 Loyalty Credit + Personal Email)
CUST-00004,Olivia Scott,olivia.scott213@example.com,Platinum,Affiliate Referral,24,8784.72,2026-01-25 22:20:00,2026-07-31 16:23:00,31,187,8.1,3.83,55.0,Medium Churn Risk (Cooling Down),Tier 1: High-Priority VIP Winback ($30 Loyalty Credit + Personal Email)
CUST-00224,Wyatt Scott,wyatt.scott384@example.com,Platinum,Organic Search,11,4691.97,2025-04-08 17:09:00,2026-05-28 15:21:00,95,415,41.5,2.29,55.0,Medium Churn Risk (Cooling Down),Tier 1: High-Priority VIP Winback ($30 Loyalty Credit + Personal Email)
CUST-01440,Liam Walker,liam.walker366@example.com,Silver,Social Media (Instagram/TikTok),5,3069.87,2026-06-02 11:40:00,2026-07-06 16:29:00,56,34,8.5,6.59,55.0,Medium Churn Risk (Cooling Down),Tier 1: High-Priority VIP Winback ($30 Loyalty Credit + Personal Email)
CUST-01254,Zoey Hall,zoey.hall614@example.com,Silver,Social Media (Instagram/TikTok),3,2651.46,2026-03-14 18:52:00,2026-05-30 02:32:00,94,76,38.0,2.47,55.0,Medium Churn Risk (Cooling Down),Tier 1: High-Priority VIP Winback ($30 Loyalty Credit + Personal Email)
CUST-01309,James Williams,james.williams690@example.com,Silver,Paid Search (Google),2,1488.13,2026-03-13 21:37:00,2026-05-09 12:27:00,114,57,57.0,2.0,55.0,Medium Churn Risk (Cooling Down),Tier 1: High-Priority VIP Winback ($30 Loyalty Credit + Personal Email)
CUST-01257,Carter Clark,carter.clark167@example.com,Silver,Paid Search (Google),3,1447.96,2026-03-17 05:12:00,2026-06-01 09:20:00,92,76,38.0,2.42,55.0,Medium Churn Risk (Cooling Down),Tier 1: High-Priority VIP Winback ($30 Loyalty Credit + Personal Email)
CUST-01126,Eleanor Flores,eleanor.flores757@example.com,Silver,Organic Search,4,971.9,2026-05-19 01:41:00,2026-07-03 13:22:00,59,45,15.0,3.93,55.0,Medium Churn Risk (Cooling Down),Tier 1: High-Priority VIP Winback ($30 Loyalty Credit + Personal Email)
CUST-00332,Harper Brown,harper.brown254@example.com,Gold,Affiliate Referral,3,949.95,2026-01-28 23:19:00,2026-05-08 08:43:00,116,99,49.5,2.34,55.0,Medium Churn Risk (Cooling Down),Tier 1: High-Priority VIP Winback ($30 Loyalty Credit + Personal Email)
CUST-01190,Isabella Miller,isabella.miller595@example.com,Silver,Affiliate Referral,2,868.81,2026-04-21 01:04:00,2026-05-31 11:48:00,93,40,40.0,2.33,55.0,Medium Churn Risk (Cooling Down),Tier 1: High-Priority VIP Winback ($30 Loyalty Credit + Personal Email)
CUST-01472,Jackson Young,jackson.young519@example.com,Silver,Paid Search (Google),4,828.28,2026-01-04 02:14:00,2026-05-19 08:39:00,105,135,45.0,2.33,55.0,Medium Churn Risk (Cooling Down),Tier 1: High-Priority VIP Winback ($30 Loyalty Credit + Personal Email)
CUST-01712,Sebastian Hill,sebastian.hill266@example.com,Standard,Email Marketing,2,786.35,2026-08-02 20:28:00,2026-08-04 21:16:00,27,2,2.0,13.5,55.0,Medium Churn Risk (Cooling Down),Tier 4: Automated Replenishment Reminder & New Arrivals Newsletter
CUST-02401,Amelia Brown,amelia.brown364@example.com,Standard,Affiliate Referral,3,682.96,2026-06-23 11:03:00,2026-07-14 15:50:00,48,21,10.5,4.57,55.0,Medium Churn Risk (Cooling Down),Tier 4: Automated Replenishment Reminder & New Arrivals Newsletter
CUST-01098,Aria Scott,aria.scott533@example.com,Silver,Affiliate Referral,3,671.19,2026-02-23 23:30:00,2026-05-15 15:48:00,108,81,40.5,2.67,55.0,Medium Churn Risk (Cooling Down),Tier 4: Automated Replenishment Reminder & New Arrivals Newsletter
CUST-01745,Oliver Perez,oliver.perez542@example.com,Standard,Organic Search,2,597.46,2026-07-05 20:15:00,2026-07-14 07:43:00,49,8,8.0,6.12,55.0,Medium Churn Risk (Cooling Down),Tier 4: Automated Replenishment Reminder & New Arrivals Newsletter
CUST-02454,Jayden Smith,jayden.smith180@example.com,Standard,Social Media (Instagram/TikTok),2,410.06,2026-05-02 01:52:00,2026-06-02 14:29:00,90,32,32.0,2.81,55.0,Medium Churn Risk (Cooling Down),Tier 4: Automated Replenishment Reminder & New Arrivals Newsletter
CUST-00517,Benjamin Young,benjamin.young875@example.com,Gold,Social Media (Instagram/TikTok),2,397.76,2026-03-14 15:13:00,2026-05-08 03:42:00,116,55,55.0,2.11,55.0,Medium Churn Risk (Cooling Down),Tier 4: Automated Replenishment Reminder & New Arrivals Newsletter
CUST-00953,Joseph Nguyen,joseph.nguyen833@example.com,Silver,Affiliate Referral,2,396.45,2026-07-07 07:17:00,2026-07-07 09:07:00,56,0,0.0,56.0,55.0,Medium Churn Risk (Cooling Down),Tier 4: Automated Replenishment Reminder & New Arrivals Newsletter
CUST-00411,Lucas Clark,lucas.clark607@example.com,Gold,Organic Search,4,359.11,2026-06-12 22:07:00,2026-07-20 22:10:00,42,38,12.7,3.31,55.0,Medium Churn Risk (Cooling Down),Tier 4: Automated Replenishment Reminder & New Arrivals Newsletter
CUST-00929,Madison Miller,madison.miller730@example.com,Silver,Social Media (Instagram/TikTok),2,319.27,2026-04-05 15:10:00,2026-05-21 01:10:00,103,45,45.0,2.29,55.0,Medium Churn Risk (Cooling Down),Tier 4: Automated Replenishment Reminder & New Arrivals Newsletter
CUST-01818,Aiden Wilson,aiden.wilson248@example.com,Standard,Affiliate Referral,3,303.42,2026-07-16 21:39:00,2026-08-02 17:53:00,29,17,8.5,3.41,55.0,Medium Churn Risk (Cooling Down),Tier 4: Automated Replenishment Reminder & New Arrivals Newsletter
CUST-00139,Grayson Wilson,grayson.wilson373@example.com,Platinum,Social Media (Instagram/TikTok),11,5293.53,2023-12-05 05:15:00,2026-03-28 04:34:00,157,844,84.4,1.86,50.0,Medium Churn Risk (Cooling Down),Tier 1: High-Priority VIP Winback ($30 Loyalty Credit + Personal Email)
CUST-00758,Harper Baker,harper.baker41@example.com,Silver,Email Marketing,3,4356.56,2025-10-05 14:27:00,2026-03-30 16:03:00,154,176,88.0,1.75,50.0,Medium Churn Risk (Cooling Down),Tier 1: High-Priority VIP Winback ($30 Loyalty Credit + Personal Email)
CUST-00668,Amelia Hernandez,amelia.hernandez470@example.com,Gold,Email Marketing,7,4083.57,2024-10-31 03:39:00,2026-04-20 23:41:00,133,537,89.5,1.49,50.0,Medium Churn Risk (Cooling Down),Tier 1: High-Priority VIP Winback ($30 Loyalty Credit + Personal Email)
CUST-00132,Emma Clark,emma.clark852@example.com,Platinum,Email Marketing,9,3960.81,2023-07-27 12:17:00,2026-03-24 19:22:00,160,971,121.4,1.32,50.0,Medium Churn Risk (Cooling Down),Tier 1: High-Priority VIP Winback ($30 Loyalty Credit + Personal Email)
CUST-00138,Luna Johnson,luna.johnson516@example.com,Platinum,Paid Search (Google),11,3607.0,2024-03-29 22:51:00,2026-04-13 14:35:00,140,745,74.5,1.88,50.0,Medium Churn Risk (Cooling Down),Tier 1: High-Priority VIP Winback ($30 Loyalty Credit + Personal Email)
CUST-00735,Riley Wright,riley.wright713@example.com,Gold,Affiliate Referral,6,3464.39,2025-01-30 04:47:00,2026-04-03 02:48:00,151,428,85.6,1.76,50.0,Medium Churn Risk (Cooling Down),Tier 1: High-Priority VIP Winback ($30 Loyalty Credit + Personal Email)
CUST-00011,Carter Torres,carter.torres206@example.com,Platinum,Organic Search,15,3027.95,2022-11-30 15:42:00,2026-04-30 15:44:00,123,1247,89.1,1.38,50.0,Medium Churn Risk (Cooling Down),Tier 1: High-Priority VIP Winback ($30 Loyalty Credit + Personal Email)
CUST-00123,Olivia Thomas,olivia.thomas214@example.com,Platinum,Affiliate Referral,15,2918.08,2022-11-05 02:32:00,2026-04-27 14:58:00,126,1270,90.7,1.39,50.0,Medium Churn Risk (Cooling Down),Tier 1: High-Priority VIP Winback ($30 Loyalty Credit + Personal Email)
CUST-02270,Victoria Torres,victoria.torres673@example.com,Standard,Email Marketing,1,2849.97,2026-05-31 06:07:00,2026-05-31 06:07:00,93,0,60.0,1.55,50.0,Medium Churn Risk (Cooling Down),Tier 1: High-Priority VIP Winback ($30 Loyalty Credit + Personal Email)
CUST-01437,Chloe Roberts,chloe.roberts506@example.com,Silver,Paid Search (Google),4,2547.18,2025-08-30 20:39:00,2026-04-20 06:40:00,134,232,77.3,1.73,50.0,Medium Churn Risk (Cooling Down),Tier 1: High-Priority VIP Winback ($30 Loyalty Credit + Personal Email)
CUST-02337,Dylan Johnson,dylan.johnson862@example.com,Standard,Email Marketing,3,2460.44,2025-09-19 04:20:00,2026-03-23 02:59:00,162,185,92.5,1.75,50.0,Medium Churn Risk (Cooling Down),Tier 1: High-Priority VIP Winback ($30 Loyalty Credit + Personal Email)
CUST-00619,Emma Flores,emma.flores675@example.com,Gold,Social Media (Instagram/TikTok),9,2404.54,2024-12-08 09:04:00,2026-05-01 07:16:00,123,509,63.6,1.93,50.0,Medium Churn Risk (Cooling Down),Tier 1: High-Priority VIP Winback ($30 Loyalty Credit + Personal Email)
CUST-00400,Sophia Sanchez,sophia.sanchez62@example.com,Gold,Paid Search (Google),4,2266.55,2025-08-20 00:43:00,2026-04-11 04:35:00,143,234,78.0,1.83,50.0,Medium Churn Risk (Cooling Down),Tier 1: High-Priority VIP Winback ($30 Loyalty Credit + Personal Email)
CUST-01409,Nora Baker,nora.baker697@example.com,Silver,Email Marketing,4,2262.42,2025-09-21 11:30:00,2026-04-29 14:21:00,124,220,73.3,1.69,50.0,Medium Churn Risk (Cooling Down),Tier 1: High-Priority VIP Winback ($30 Loyalty Credit + Personal Email)
CUST-00757,Aria White,aria.white853@example.com,Silver,Email Marketing,5,1943.85,2025-06-07 23:55:00,2026-04-12 21:34:00,141,309,77.2,1.83,50.0,Medium Churn Risk (Cooling Down),Tier 1: High-Priority VIP Winback ($30 Loyalty Credit + Personal Email)
CUST-02439,Joseph Wilson,joseph.wilson397@example.com,Standard,Organic Search,1,1895.49,2026-05-13 13:27:00,2026-05-13 13:27:00,110,0,60.0,1.83,50.0,Medium Churn Risk (Cooling Down),Tier 1: High-Priority VIP Winback ($30 Loyalty Credit + Personal Email)
CUST-00227,Dylan Johnson,dylan.johnson644@example.com,Platinum,Affiliate Referral,10,1760.04,2024-04-16 00:41:00,2026-04-03 03:46:00,151,717,79.7,1.89,50.0,Medium Churn Risk (Cooling Down),Tier 1: High-Priority VIP Winback ($30 Loyalty Credit + Personal Email)
CUST-00324,Logan Ramirez,logan.ramirez103@example.com,Gold,Social Media (Instagram/TikTok),4,1720.73,2025-02-16 07:07:00,2026-03-09 21:32:00,175,387,129.0,1.36,50.0,Medium Churn Risk (Cooling Down),Tier 1: High-Priority VIP Winback ($30 Loyalty Credit + Personal Email)
CUST-00296,Charlotte Flores,charlotte.flores618@example.com,Gold,Email Marketing,9,1203.57,2024-08-25 06:07:00,2026-04-21 02:19:00,133,604,75.5,1.76,50.0,Medium Churn Risk (Cooling Down),Tier 1: High-Priority VIP Winback ($30 Loyalty Credit + Personal Email)
CUST-00418,Michael Scott,michael.scott342@example.com,Gold,Affiliate Referral,3,1194.97,2025-10-08 02:44:00,2026-04-08 23:26:00,145,183,91.5,1.58,50.0,Medium Churn Risk (Cooling Down),Tier 1: High-Priority VIP Winback ($30 Loyalty Credit + Personal Email)
CUST-02348,Jayden Moore,jayden.moore19@example.com,Standard,Affiliate Referral,1,1185.67,2026-05-13 20:55:00,2026-05-13 20:55:00,110,0,60.0,1.83,50.0,Medium Churn Risk (Cooling Down),Tier 1: High-Priority VIP Winback ($30 Loyalty Credit + Personal Email)
CUST-00950,Eleanor Nelson,eleanor.nelson143@example.com,Silver,Organic Search,4,1069.86,2025-07-22 01:38:00,2026-04-29 19:59:00,124,282,94.0,1.32,50.0,Medium Churn Risk (Cooling Down),Tier 1: High-Priority VIP Winback ($30 Loyalty Credit + Personal Email)
CUST-02149,Scarlett Hernandez,scarlett.hernandez79@example.com,Standard,Social Media (Instagram/TikTok),1,1029.96,2026-05-14 06:39:00,2026-05-14 06:39:00,110,0,60.0,1.83,50.0,Medium Churn Risk (Cooling Down),Tier 1: High-Priority VIP Winback ($30 Loyalty Credit + Personal Email)
CUST-01157,Ethan Lewis,ethan.lewis897@example.com,Silver,Social Media (Instagram/TikTok),4,928.54,2025-07-27 19:52:00,2026-04-12 11:02:00,142,259,86.3,1.65,50.0,Medium Churn Risk (Cooling Down),Tier 1: High-Priority VIP Winback ($30 Loyalty Credit + Personal Email)
CUST-00885,Chloe Allen,chloe.allen832@example.com,Silver,Email Marketing,4,672.97,2025-02-05 15:55:00,2026-03-09 02:42:00,176,396,132.0,1.33,50.0,Medium Churn Risk (Cooling Down),Tier 4: Automated Replenishment Reminder & New Arrivals Newsletter
CUST-01977,Luke Rodriguez,luke.rodriguez600@example.com,Standard,Social Media (Instagram/TikTok),1,654.96,2026-05-22 02:47:00,2026-05-22 02:47:00,102,0,60.0,1.7,50.0,Medium Churn Risk (Cooling Down),Tier 4: Automated Replenishment Reminder & New Arrivals Newsletter
CUST-00630,Carter Wright,carter.wright709@example.com,Gold,Organic Search,6,633.33,2025-03-18 17:53:00,2026-04-22 10:46:00,132,400,80.0,1.65,50.0,Medium Churn Risk (Cooling Down),Tier 4: Automated Replenishment Reminder & New Arrivals Newsletter
CUST-02178,Lucas Baker,lucas.baker426@example.com,Standard,Organic Search,1,519.98,2026-05-25 18:26:00,2026-05-25 18:26:00,98,0,60.0,1.63,50.0,Medium Churn Risk (Cooling Down),Tier 4: Automated Replenishment Reminder & New Arrivals Newsletter
CUST-01964,Daniel Johnson,daniel.johnson610@example.com,Standard,Email Marketing,1,507.47,2026-05-28 12:15:00,2026-05-28 12:15:00,95,0,60.0,1.58,50.0,Medium Churn Risk (Cooling Down),Tier 4: Automated Replenishment Reminder & New Arrivals Newsletter
CUST-02226,Wyatt Miller,wyatt.miller607@example.com,Standard,Social Media (Instagram/TikTok),3,495.65,2025-12-18 05:49:00,2026-04-26 03:49:00,128,129,64.5,1.98,50.0,Medium Churn Risk (Cooling Down),Tier 4: Automated Replenishment Reminder & New Arrivals Newsletter
CUST-00805,Riley Nelson,riley.nelson113@example.com,Silver,Social Media (Instagram/TikTok),4,482.05,2025-06-12 12:10:00,2026-04-02 07:06:00,152,294,98.0,1.55,50.0,Medium Churn Risk (Cooling Down),Tier 4: Automated Replenishment Reminder & New Arrivals Newsletter
CUST-01784,William Hernandez,william.hernandez530@example.com,Standard,Affiliate Referral,2,438.37,2026-01-30 23:47:00,2026-04-20 20:10:00,133,80,80.0,1.66,50.0,Medium Churn Risk (Cooling Down),Tier 4: Automated Replenishment Reminder & New Arrivals Newsletter
CUST-02426,Camila Young,camila.young140@example.com,Standard,Paid Search (Google),1,396.92,2026-05-20 09:54:00,2026-05-20 09:54:00,104,0,60.0,1.73,50.0,Medium Churn Risk (Cooling Down),Tier 4: Automated Replenishment Reminder & New Arrivals Newsletter
CUST-02069,Harper Hernandez,harper.hernandez239@example.com,Standard,Paid Search (Google),1,384.97,2026-05-25 19:16:00,2026-05-25 19:16:00,98,0,60.0,1.63,50.0,Medium Churn Risk (Cooling Down),Tier 4: Automated Replenishment Reminder & New Arrivals Newsletter
CUST-00272,Benjamin Moore,benjamin.moore463@example.com,Gold,Email Marketing,5,383.37,2024-10-29 12:53:00,2026-03-12 23:25:00,172,499,124.8,1.38,50.0,Medium Churn Risk (Cooling Down),Tier 4: Automated Replenishment Reminder & New Arrivals Newsletter
CUST-00893,John Harris,john.harris471@example.com,Silver,Email Marketing,1,352.93,2026-05-29 22:45:00,2026-05-29 22:45:00,94,0,60.0,1.57,50.0,Medium Churn Risk (Cooling Down),Tier 4: Automated Replenishment Reminder & New Arrivals Newsletter
CUST-01540,Sofia King,sofia.king740@example.com,Standard,Paid Search (Google),1,304.98,2026-05-23 09:18:00,2026-05-23 09:18:00,101,0,60.0,1.68,50.0,Medium Churn Risk (Cooling Down),Tier 4: Automated Replenishment Reminder & New Arrivals Newsletter
CUST-02422,Ethan Lewis,ethan.lewis483@example.com,Standard,Organic Search,1,242.18,2026-06-01 09:47:00,2026-06-01 09:47:00,92,0,60.0,1.53,50.0,Medium Churn Risk (Cooling Down),Tier 4: Automated Replenishment Reminder & New Arrivals Newsletter
CUST-01792,Sophia Robinson,sophia.robinson534@example.com,Standard,Email Marketing,1,239.97,2026-05-06 03:58:00,2026-05-06 03:58:00,118,0,60.0,1.97,50.0,Medium Churn Risk (Cooling Down),Tier 4: Automated Replenishment Reminder & New Arrivals Newsletter
CUST-02374,Harper Young,harper.young246@example.com,Standard,Affiliate Referral,1,228.87,2026-05-06 16:47:00,2026-05-06 16:47:00,117,0,60.0,1.95,50.0,Medium Churn Risk (Cooling Down),Tier 4: Automated Replenishment Reminder & New Arrivals Newsletter
CUST-02163,Luna Hill,luna.hill507@example.com,Standard,Email Marketing,1,177.97,2026-05-27 05:24:00,2026-05-27 05:24:00,97,0,60.0,1.62,50.0,Medium Churn Risk (Cooling Down),Tier 4: Automated Replenishment Reminder & New Arrivals Newsletter
CUST-01910,Benjamin Jackson,benjamin.jackson97@example.com,Standard,Social Media (Instagram/TikTok),1,169.98,2026-05-16 07:48:00,2026-05-16 07:48:00,108,0,60.0,1.8,50.0,Medium Churn Risk (Cooling Down),Tier 4: Automated Replenishment Reminder & New Arrivals Newsletter
CUST-02298,Logan Clark,logan.clark886@example.com,Standard,Paid Search (Google),1,163.98,2026-05-06 13:36:00,2026-05-06 13:36:00,117,0,60.0,1.95,50.0,Medium Churn Risk (Cooling Down),Tier 4: Automated Replenishment Reminder & New Arrivals Newsletter
CUST-01643,Sebastian White,sebastian.white742@example.com,Standard,Social Media (Instagram/TikTok),1,149.0,2026-05-19 12:22:00,2026-05-19 12:22:00,104,0,60.0,1.73,50.0,Medium Churn Risk (Cooling Down),Tier 4: Automated Replenishment Reminder & New Arrivals Newsletter
CUST-02100,Jack Martinez,jack.martinez924@example.com,Standard,Social Media (Instagram/TikTok),1,149.0,2026-05-28 10:31:00,2026-05-28 10:31:00,96,0,60.0,1.6,50.0,Medium Churn Risk (Cooling Down),Tier 4: Automated Replenishment Reminder & New Arrivals Newsletter
CUST-02361,Luke Carter,luke.carter393@example.com,Standard,Organic Search,1,128.98,2026-05-11 02:55:00,2026-05-11 02:55:00,113,0,60.0,1.88,50.0,Medium Churn Risk (Cooling Down),Tier 4: Automated Replenishment Reminder & New Arrivals Newsletter
CUST-01629,Grayson Miller,grayson.miller822@example.com,Standard,Social Media (Instagram/TikTok),2,125.97,2026-02-13 19:08:00,2026-04-24 20:31:00,129,70,70.0,1.84,50.0,Medium Churn Risk (Cooling Down),Tier 4: Automated Replenishment Reminder & New Arrivals Newsletter
CUST-01577,David Johnson,david.johnson301@example.com,Standard,Organic Search,1,119.99,2026-05-16 10:16:00,2026-05-16 10:16:00,108,0,60.0,1.8,50.0,Medium Churn Risk (Cooling Down),Tier 4: Automated Replenishment Reminder & New Arrivals Newsletter
CUST-02160,Joseph Robinson,joseph.robinson489@example.com,Standard,Email Marketing,1,117.23,2026-05-16 02:56:00,2026-05-16 02:56:00,108,0,60.0,1.8,50.0,Medium Churn Risk (Cooling Down),Tier 4: Automated Replenishment Reminder & New Arrivals Newsletter
CUST-01969,Grayson Jones,grayson.jones541@example.com,Standard,Affiliate Referral,1,115.0,2026-06-02 14:06:00,2026-06-02 14:06:00,90,0,60.0,1.5,50.0,Medium Churn Risk (Cooling Down),Tier 4: Automated Replenishment Reminder & New Arrivals Newsletter
CUST-01897,Emma Davis,emma.davis799@example.com,Standard,Email Marketing,1,114.75,2026-05-20 09:12:00,2026-05-20 09:12:00,104,0,60.0,1.73,50.0,Medium Churn Risk (Cooling Down),Tier 4: Automated Replenishment Reminder & New Arrivals Newsletter
CUST-01572,Lucas Campbell,lucas.campbell897@example.com,Standard,Social Media (Instagram/TikTok),1,100.2,2026-05-16 03:04:00,2026-05-16 03:04:00,108,0,60.0,1.8,50.0,Medium Churn Risk (Cooling Down),Tier 4: Automated Replenishment Reminder & New Arrivals Newsletter
CUST-01808,Evelyn Torres,evelyn.torres904@example.com,Standard,Organic Search,1,80.99,2026-05-15 14:29:00,2026-05-15 14:29:00,108,0,60.0,1.8,50.0,Medium Churn Risk (Cooling Down),Tier 4: Automated Replenishment Reminder & New Arrivals Newsletter
CUST-02032,Abigail Thompson,abigail.thompson522@example.com,Standard,Paid Search (Google),1,57.48,2026-05-15 01:11:00,2026-05-15 01:11:00,109,0,60.0,1.82,50.0,Medium Churn Risk (Cooling Down),Tier 4: Automated Replenishment Reminder & New Arrivals Newsletter
CUST-01721,John Scott,john.scott926@example.com,Standard,Email Marketing,1,52.47,2026-05-15 00:23:00,2026-05-15 00:23:00,109,0,60.0,1.82,50.0,Medium Churn Risk (Cooling Down),Tier 4: Automated Replenishment Reminder & New Arrivals Newsletter
CUST-00767,Ella Robinson,ella.robinson319@example.com,Silver,Affiliate Referral,1,49.99,2026-05-08 04:01:00,2026-05-08 04:01:00,116,0,60.0,1.93,50.0,Medium Churn Risk (Cooling Down),Tier 4: Automated Replenishment Reminder & New Arrivals Newsletter
CUST-02389,Eleanor Brown,eleanor.brown406@example.com,Standard,Paid Search (Google),1,44.19,2026-05-13 10:11:00,2026-05-13 10:11:00,111,0,60.0,1.85,50.0,Medium Churn Risk (Cooling Down),Tier 4: Automated Replenishment Reminder & New Arrivals Newsletter
CUST-00804,Michael Hall,michael.hall712@example.com,Silver,Social Media (Instagram/TikTok),1,41.99,2026-05-09 01:57:00,2026-05-09 01:57:00,115,0,60.0,1.92,50.0,Medium Churn Risk (Cooling Down),Tier 4: Automated Replenishment Reminder & New Arrivals Newsletter
CUST-02150,Grace Garcia,grace.garcia82@example.com,Standard,Email Marketing,1,40.99,2026-05-28 18:01:00,2026-05-28 18:01:00,95,0,60.0,1.58,50.0,Medium Churn Risk (Cooling Down),Tier 4: Automated Replenishment Reminder & New Arrivals Newsletter
CUST-02203,Elijah Rivera,elijah.rivera830@example.com,Standard,Organic Search,1,33.99,2026-05-19 14:07:00,2026-05-19 14:07:00,104,0,60.0,1.73,50.0,Medium Churn Risk (Cooling Down),Tier 4: Automated Replenishment Reminder & New Arrivals Newsletter
CUST-01757,Eleanor Campbell,eleanor.campbell645@example.com,Standard,Paid Search (Google),1,32.0,2026-05-19 22:55:00,2026-05-19 22:55:00,104,0,60.0,1.73,50.0,Medium Churn Risk (Cooling Down),Tier 4: Automated Replenishment Reminder & New Arrivals Newsletter
CUST-02062,Sophia Torres,sophia.torres72@example.com,Standard,Paid Search (Google),1,31.13,2026-05-15 05:45:00,2026-05-15 05:45:00,109,0,60.0,1.82,50.0,Medium Churn Risk (Cooling Down),Tier 4: Automated Replenishment Reminder & New Arrivals Newsletter
CUST-01611,Zoey Green,zoey.green888@example.com,Standard,Paid Search (Google),1,29.74,2026-05-25 01:58:00,2026-05-25 01:58:00,99,0,60.0,1.65,50.0,Medium Churn Risk (Cooling Down),Tier 4: Automated Replenishment Reminder & New Arrivals Newsletter
CUST-02198,Chloe King,chloe.king849@example.com,Standard,Social Media (Instagram/TikTok),1,26.0,2026-05-24 10:39:00,2026-05-24 10:39:00,100,0,60.0,1.67,50.0,Medium Churn Risk (Cooling Down),Tier 4: Automated Replenishment Reminder & New Arrivals Newsletter
CUST-02210,Oliver Moore,oliver.moore94@example.com,Standard,Organic Search,1,21.24,2026-05-15 12:13:00,2026-05-15 12:13:00,108,0,60.0,1.8,50.0,Medium Churn Risk (Cooling Down),Tier 4: Automated Replenishment Reminder & New Arrivals Newsletter
CUST-00191,Grayson Martinez,grayson.martinez467@example.com,Platinum,Social Media (Instagram/TikTok),19,11073.03,2025-02-26 04:31:00,2026-06-30 11:17:00,63,489,27.2,2.32,48.0,Medium Churn Risk (Cooling Down),Tier 1: High-Priority VIP Winback ($30 Loyalty Credit + Personal Email)
CUST-00192,David Scott,david.scott791@example.com,Platinum,Email Marketing,20,10585.94,2024-08-31 04:27:00,2026-06-03 20:14:00,89,642,33.8,2.63,48.0,Medium Churn Risk (Cooling Down),Tier 1: High-Priority VIP Winback ($30 Loyalty Credit + Personal Email)
CUST-00239,Michael Jones,michael.jones859@example.com,Platinum,Paid Search (Google),18,6786.7,2025-07-11 18:25:00,2026-07-02 05:47:00,61,355,20.9,2.92,48.0,Medium Churn Risk (Cooling Down),Tier 1: High-Priority VIP Winback ($30 Loyalty Credit + Personal Email)
CUST-00173,Sophia Carter,sophia.carter784@example.com,Platinum,Affiliate Referral,16,5573.84,2025-02-11 08:08:00,2026-06-26 04:46:00,67,500,33.3,2.01,48.0,Medium Churn Risk (Cooling Down),Tier 1: High-Priority VIP Winback ($30 Loyalty Credit + Personal Email)
CUST-00087,Sophia Rivera,sophia.rivera456@example.com,Platinum,Affiliate Referral,15,5459.14,2025-05-24 10:32:00,2026-07-02 17:12:00,60,404,28.9,2.08,48.0,Medium Churn Risk (Cooling Down),Tier 1: High-Priority VIP Winback ($30 Loyalty Credit + Personal Email)
CUST-00634,Layla Garcia,layla.garcia665@example.com,Gold,Affiliate Referral,9,4392.8,2025-07-05 10:17:00,2026-06-07 14:50:00,85,337,42.1,2.02,48.0,Medium Churn Risk (Cooling Down),Tier 1: High-Priority VIP Winback ($30 Loyalty Credit + Personal Email)
CUST-00330,Jackson Wilson,jackson.wilson865@example.com,Gold,Affiliate Referral,9,3161.71,2025-09-15 09:59:00,2026-06-04 22:47:00,88,263,32.9,2.67,48.0,Medium Churn Risk (Cooling Down),Tier 1: High-Priority VIP Winback ($30 Loyalty Credit + Personal Email)
CUST-00477,Scarlett Anderson,scarlett.anderson845@example.com,Gold,Social Media (Instagram/TikTok),6,3102.79,2025-12-31 15:02:00,2026-06-17 15:37:00,75,168,33.6,2.23,48.0,Medium Churn Risk (Cooling Down),Tier 1: High-Priority VIP Winback ($30 Loyalty Credit + Personal Email)
CUST-01476,Hannah Robinson,hannah.robinson216@example.com,Silver,Email Marketing,4,2092.9,2026-03-31 01:55:00,2026-06-17 04:29:00,76,78,26.0,2.92,48.0,Medium Churn Risk (Cooling Down),Tier 1: High-Priority VIP Winback ($30 Loyalty Credit + Personal Email)
CUST-01316,Ethan Scott,ethan.scott50@example.com,Silver,Paid Search (Google),4,1871.18,2026-04-15 05:01:00,2026-07-02 15:24:00,60,78,26.0,2.31,48.0,Medium Churn Risk (Cooling Down),Tier 1: High-Priority VIP Winback ($30 Loyalty Credit + Personal Email)
CUST-00925,Ethan Torres,ethan.torres981@example.com,Silver,Paid Search (Google),3,313.96,2026-03-25 14:46:00,2026-06-05 00:44:00,88,71,35.5,2.48,48.0,Medium Churn Risk (Cooling Down),Tier 4: Automated Replenishment Reminder & New Arrivals Newsletter
CUST-00799,Liam Nguyen,liam.nguyen526@example.com,Silver,Social Media (Instagram/TikTok),4,5061.41,2023-05-15 02:13:00,2025-09-02 21:37:00,363,842,280.7,1.29,45.0,Medium Churn Risk (Cooling Down),Tier 1: High-Priority VIP Winback ($30 Loyalty Credit + Personal Email)
CUST-00964,Avery Lewis,avery.lewis811@example.com,Silver,Organic Search,5,4359.66,2023-09-24 23:45:00,2025-12-14 00:27:00,261,811,202.8,1.29,45.0,Medium Churn Risk (Cooling Down),Tier 1: High-Priority VIP Winback ($30 Loyalty Credit + Personal Email)
CUST-00368,William Scott,william.scott565@example.com,Gold,Paid Search (Google),6,3277.77,2024-02-09 00:04:00,2026-02-28 11:39:00,185,750,150.0,1.23,45.0,Medium Churn Risk (Cooling Down),Tier 1: High-Priority VIP Winback ($30 Loyalty Credit + Personal Email)
CUST-00434,Aiden Adams,aiden.adams70@example.com,Gold,Affiliate Referral,7,2919.89,2023-05-29 14:06:00,2026-03-03 22:06:00,181,1009,168.2,1.08,45.0,Medium Churn Risk (Cooling Down),Tier 1: High-Priority VIP Winback ($30 Loyalty Credit + Personal Email)
CUST-01263,James Torres,james.torres520@example.com,Silver,Affiliate Referral,3,2122.93,2024-04-21 03:13:00,2025-10-20 12:06:00,315,547,273.5,1.15,45.0,Medium Churn Risk (Cooling Down),Tier 1: High-Priority VIP Winback ($30 Loyalty Credit + Personal Email)
CUST-01455,Dylan White,dylan.white724@example.com,Silver,Email Marketing,2,2063.96,2024-01-30 13:18:00,2025-04-13 09:49:00,506,439,439.0,1.15,45.0,Medium Churn Risk (Cooling Down),Tier 1: High-Priority VIP Winback ($30 Loyalty Credit + Personal Email)
CUST-01147,Samuel Martinez,samuel.martinez754@example.com,Silver,Email Marketing,2,2023.51,2024-10-02 22:34:00,2025-08-29 17:24:00,367,331,331.0,1.11,45.0,Medium Churn Risk (Cooling Down),Tier 1: High-Priority VIP Winback ($30 Loyalty Credit + Personal Email)
CUST-00903,Benjamin Martin,benjamin.martin225@example.com,Silver,Paid Search (Google),4,1924.45,2024-08-10 19:25:00,2026-02-08 08:21:00,205,547,182.3,1.12,45.0,Medium Churn Risk (Cooling Down),Tier 1: High-Priority VIP Winback ($30 Loyalty Credit + Personal Email)
CUST-01388,Liam Jackson,liam.jackson436@example.com,Silver,Paid Search (Google),2,1906.71,2025-07-23 23:08:00,2026-02-07 21:57:00,205,199,199.0,1.03,45.0,Medium Churn Risk (Cooling Down),Tier 1: High-Priority VIP Winback ($30 Loyalty Credit + Personal Email)
CUST-01186,Charlotte Roberts,charlotte.roberts316@example.com,Silver,Email Marketing,3,1901.48,2024-09-03 09:58:00,2025-12-10 10:25:00,265,463,231.5,1.14,45.0,Medium Churn Risk (Cooling Down),Tier 1: High-Priority VIP Winback ($30 Loyalty Credit + Personal Email)
CUST-00392,Nora Thomas,nora.thomas154@example.com,Gold,Social Media (Instagram/TikTok),4,1849.21,2024-04-08 08:00:00,2025-12-23 18:57:00,251,624,208.0,1.21,45.0,Medium Churn Risk (Cooling Down),Tier 1: High-Priority VIP Winback ($30 Loyalty Credit + Personal Email)
CUST-01500,Layla Anderson,layla.anderson649@example.com,Silver,Affiliate Referral,4,1524.18,2023-03-17 20:53:00,2025-10-07 17:13:00,328,935,311.7,1.05,45.0,Medium Churn Risk (Cooling Down),Tier 1: High-Priority VIP Winback ($30 Loyalty Credit + Personal Email)
CUST-01346,Hannah Lopez,hannah.lopez173@example.com,Silver,Organic Search,3,1345.94,2024-10-11 10:04:00,2025-12-19 14:04:00,255,434,217.0,1.18,45.0,Medium Churn Risk (Cooling Down),Tier 1: High-Priority VIP Winback ($30 Loyalty Credit + Personal Email)
CUST-00851,Ethan Campbell,ethan.campbell844@example.com,Silver,Email Marketing,4,1286.92,2023-11-25 19:14:00,2025-11-29 20:45:00,275,735,245.0,1.12,45.0,Medium Churn Risk (Cooling Down),Tier 1: High-Priority VIP Winback ($30 Loyalty Credit + Personal Email)
CUST-00771,Matthew Gonzalez,matthew.gonzalez163@example.com,Silver,Organic Search,5,1281.25,2024-04-09 14:14:00,2026-02-15 01:33:00,198,676,169.0,1.17,45.0,Medium Churn Risk (Cooling Down),Tier 1: High-Priority VIP Winback ($30 Loyalty Credit + Personal Email)
CUST-01657,Penelope Campbell,penelope.campbell746@example.com,Standard,Affiliate Referral,2,1139.97,2024-09-18 14:53:00,2025-09-07 07:31:00,359,354,354.0,1.01,45.0,Medium Churn Risk (Cooling Down),Tier 1: High-Priority VIP Winback ($30 Loyalty Credit + Personal Email)
CUST-00956,Jacob Smith,jacob.smith736@example.com,Silver,Affiliate Referral,4,1119.73,2023-12-27 15:47:00,2025-12-29 14:43:00,245,733,244.3,1.0,45.0,Medium Churn Risk (Cooling Down),Tier 1: High-Priority VIP Winback ($30 Loyalty Credit + Personal Email)
CUST-00331,Jack Davis,jack.davis804@example.com,Gold,Social Media (Instagram/TikTok),6,1098.09,2024-01-17 17:16:00,2026-02-19 12:37:00,193,764,152.8,1.26,45.0,Medium Churn Risk (Cooling Down),Tier 1: High-Priority VIP Winback ($30 Loyalty Credit + Personal Email)
CUST-01275,Aiden Young,aiden.young94@example.com,Silver,Organic Search,2,1036.45,2025-06-14 21:29:00,2026-01-13 13:03:00,230,213,213.0,1.08,45.0,Medium Churn Risk (Cooling Down),Tier 1: High-Priority VIP Winback ($30 Loyalty Credit + Personal Email)
CUST-01164,Emily Ramirez,emily.ramirez311@example.com,Silver,Affiliate Referral,3,976.24,2024-03-11 18:27:00,2025-10-08 11:20:00,328,576,288.0,1.14,45.0,Medium Churn Risk (Cooling Down),Tier 1: High-Priority VIP Winback ($30 Loyalty Credit + Personal Email)
CUST-01430,Lily Hall,lily.hall148@example.com,Silver,Organic Search,4,855.35,2024-08-11 04:40:00,2026-02-15 10:11:00,198,553,184.3,1.07,45.0,Medium Churn Risk (Cooling Down),Tier 1: High-Priority VIP Winback ($30 Loyalty Credit + Personal Email)
CUST-01447,Isabella Walker,isabella.walker131@example.com,Silver,Organic Search,2,827.09,2023-11-11 04:13:00,2025-04-05 13:52:00,513,511,511.0,1.0,45.0,Medium Churn Risk (Cooling Down),Tier 1: High-Priority VIP Winback ($30 Loyalty Credit + Personal Email)
CUST-00486,Evelyn Harris,evelyn.harris258@example.com,Gold,Social Media (Instagram/TikTok),4,706.45,2024-04-01 17:39:00,2025-12-27 08:07:00,248,635,211.7,1.17,45.0,Medium Churn Risk (Cooling Down),Tier 4: Automated Replenishment Reminder & New Arrivals Newsletter
CUST-01201,Olivia Lopez,olivia.lopez208@example.com,Silver,Email Marketing,4,691.92,2024-06-03 00:49:00,2026-01-16 03:34:00,228,592,197.3,1.16,45.0,Medium Churn Risk (Cooling Down),Tier 4: Automated Replenishment Reminder & New Arrivals Newsletter
CUST-00800,Noah Harris,noah.harris907@example.com,Silver,Affiliate Referral,4,625.45,2024-04-06 20:21:00,2025-12-30 07:19:00,245,632,210.7,1.16,45.0,Medium Churn Risk (Cooling Down),Tier 4: Automated Replenishment Reminder & New Arrivals Newsletter
CUST-00882,Lucas Nelson,lucas.nelson364@example.com,Silver,Affiliate Referral,2,562.88,2024-08-03 19:12:00,2025-07-09 15:08:00,418,340,340.0,1.23,45.0,Medium Churn Risk (Cooling Down),Tier 4: Automated Replenishment Reminder & New Arrivals Newsletter
CUST-01426,Aria Young,aria.young78@example.com,Silver,Affiliate Referral,4,543.91,2024-10-22 04:39:00,2026-02-21 14:15:00,191,487,162.3,1.18,45.0,Medium Churn Risk (Cooling Down),Tier 4: Automated Replenishment Reminder & New Arrivals Newsletter
CUST-01639,Luke Carter,luke.carter528@example.com,Standard,Paid Search (Google),2,506.92,2023-09-09 23:41:00,2025-01-01 00:59:00,608,479,479.0,1.27,45.0,Medium Churn Risk (Cooling Down),Tier 4: Automated Replenishment Reminder & New Arrivals Newsletter
CUST-00815,Ethan Williams,ethan.williams882@example.com,Silver,Social Media (Instagram/TikTok),2,449.43,2024-11-16 04:51:00,2025-08-31 06:16:00,366,288,288.0,1.27,45.0,Medium Churn Risk (Cooling Down),Tier 4: Automated Replenishment Reminder & New Arrivals Newsletter
CUST-00623,Sofia Moore,sofia.moore670@example.com,Gold,Affiliate Referral,5,441.65,2023-12-28 06:21:00,2026-01-27 23:52:00,216,762,190.5,1.13,45.0,Medium Churn Risk (Cooling Down),Tier 4: Automated Replenishment Reminder & New Arrivals Newsletter
CUST-01911,William Perez,william.perez40@example.com,Standard,Email Marketing,2,418.96,2025-04-05 19:30:00,2025-12-09 12:37:00,265,248,248.0,1.07,45.0,Medium Churn Risk (Cooling Down),Tier 4: Automated Replenishment Reminder & New Arrivals Newsletter
CUST-00677,Emma Brown,emma.brown860@example.com,Gold,Paid Search (Google),5,410.92,2023-11-02 01:24:00,2026-01-18 07:37:00,226,808,202.0,1.12,45.0,Medium Churn Risk (Cooling Down),Tier 4: Automated Replenishment Reminder & New Arrivals Newsletter
CUST-00824,Olivia Baker,olivia.baker911@example.com,Silver,Email Marketing,3,365.44,2023-04-13 08:29:00,2025-06-10 07:39:00,448,789,394.5,1.14,45.0,Medium Churn Risk (Cooling Down),Tier 4: Automated Replenishment Reminder & New Arrivals Newsletter
CUST-00993,Grace Martinez,grace.martinez807@example.com,Silver,Organic Search,2,340.94,2023-05-17 16:00:00,2024-12-07 07:37:00,633,570,570.0,1.11,45.0,Medium Churn Risk (Cooling Down),Tier 4: Automated Replenishment Reminder & New Arrivals Newsletter
CUST-00512,Henry Gonzalez,henry.gonzalez644@example.com,Gold,Social Media (Instagram/TikTok),2,250.98,2025-05-08 01:31:00,2026-01-02 12:31:00,241,239,239.0,1.01,45.0,Medium Churn Risk (Cooling Down),Tier 4: Automated Replenishment Reminder & New Arrivals Newsletter
CUST-00919,Layla Roberts,layla.roberts614@example.com,Silver,Affiliate Referral,2,244.48,2022-12-24 02:52:00,2024-10-19 07:09:00,682,665,665.0,1.03,45.0,Medium Churn Risk (Cooling Down),Tier 4: Automated Replenishment Reminder & New Arrivals Newsletter
CUST-01620,Jack Torres,jack.torres333@example.com,Standard,Social Media (Instagram/TikTok),2,239.12,2024-02-16 12:40:00,2025-05-24 00:34:00,465,462,462.0,1.01,45.0,Medium Churn Risk (Cooling Down),Tier 4: Automated Replenishment Reminder & New Arrivals Newsletter
CUST-01050,Lily Hall,lily.hall820@example.com,Silver,Organic Search,2,184.77,2024-09-27 21:54:00,2025-09-05 11:02:00,361,343,343.0,1.05,45.0,Medium Churn Risk (Cooling Down),Tier 4: Automated Replenishment Reminder & New Arrivals Newsletter
CUST-02384,Benjamin Scott,benjamin.scott500@example.com,Standard,Organic Search,2,130.79,2024-12-10 16:05:00,2025-09-24 00:29:00,342,287,287.0,1.19,45.0,Medium Churn Risk (Cooling Down),Tier 4: Automated Replenishment Reminder & New Arrivals Newsletter
CUST-01742,William Green,william.green650@example.com,Standard,Email Marketing,2,84.98,2023-04-10 21:49:00,2024-11-06 17:22:00,663,576,576.0,1.15,45.0,Medium Churn Risk (Cooling Down),Tier 4: Automated Replenishment Reminder & New Arrivals Newsletter
CUST-01574,Sebastian Torres,sebastian.torres922@example.com,Standard,Paid Search (Google),1,1992.47,2026-06-14 02:46:00,2026-06-14 02:46:00,79,0,60.0,1.32,43.0,Active & Healthy,Tier 1: High-Priority VIP Winback ($30 Loyalty Credit + Personal Email)
CUST-02043,Daniel Perez,daniel.perez446@example.com,Standard,Affiliate Referral,1,1755.73,2026-06-14 05:04:00,2026-06-14 05:04:00,79,0,60.0,1.32,43.0,Active & Healthy,Tier 1: High-Priority VIP Winback ($30 Loyalty Credit + Personal Email)
CUST-02423,Lily Williams,lily.williams999@example.com,Standard,Affiliate Referral,1,1532.19,2026-06-15 02:46:00,2026-06-15 02:46:00,78,0,60.0,1.3,43.0,Active & Healthy,Tier 1: High-Priority VIP Winback ($30 Loyalty Credit + Personal Email)
CUST-01621,Riley Walker,riley.walker129@example.com,Standard,Social Media (Instagram/TikTok),1,716.98,2026-06-15 02:14:00,2026-06-15 02:14:00,78,0,60.0,1.3,43.0,Active & Healthy,Standard Loyalty Points & Regular Marketing Flow
CUST-01705,William Walker,william.walker39@example.com,Standard,Paid Search (Google),1,604.47,2026-06-14 05:05:00,2026-06-14 05:05:00,79,0,60.0,1.32,43.0,Active & Healthy,Standard Loyalty Points & Regular Marketing Flow
CUST-01585,Layla Garcia,layla.garcia31@example.com,Standard,Paid Search (Google),1,324.48,2026-06-06 09:54:00,2026-06-06 09:54:00,87,0,60.0,1.45,43.0,Active & Healthy,Standard Loyalty Points & Regular Marketing Flow
CUST-02366,Charlotte Nguyen,charlotte.nguyen34@example.com,Standard,Organic Search,1,249.99,2026-06-14 16:10:00,2026-06-14 16:10:00,78,0,60.0,1.3,43.0,Active & Healthy,Standard Loyalty Points & Regular Marketing Flow
CUST-01770,James White,james.white20@example.com,Standard,Organic Search,1,224.99,2026-06-13 20:15:00,2026-06-13 20:15:00,79,0,60.0,1.32,43.0,Active & Healthy,Standard Loyalty Points & Regular Marketing Flow
CUST-01963,Harper Davis,harper.davis94@example.com,Standard,Affiliate Referral,1,141.0,2026-06-04 03:10:00,2026-06-04 03:10:00,89,0,60.0,1.48,43.0,Active & Healthy,Standard Loyalty Points & Regular Marketing Flow
CUST-02063,Wyatt Young,wyatt.young711@example.com,Standard,Organic Search,1,129.75,2026-06-04 06:16:00,2026-06-04 06:16:00,89,0,60.0,1.48,43.0,Active & Healthy,Standard Loyalty Points & Regular Marketing Flow
CUST-01505,Elizabeth Johnson,elizabeth.johnson652@example.com,Standard,Paid Search (Google),1,126.0,2026-06-12 20:25:00,2026-06-12 20:25:00,80,0,60.0,1.33,43.0,Active & Healthy,Standard Loyalty Points & Regular Marketing Flow
CUST-01875,Michael Rodriguez,michael.rodriguez103@example.com,Standard,Affiliate Referral,1,80.98,2026-06-05 08:32:00,2026-06-05 08:32:00,88,0,60.0,1.47,43.0,Active & Healthy,Standard Loyalty Points & Regular Marketing Flow
CUST-02362,Ethan Lee,ethan.lee120@example.com,Standard,Email Marketing,1,63.8,2026-06-04 03:39:00,2026-06-04 03:39:00,89,0,60.0,1.48,43.0,Active & Healthy,Standard Loyalty Points & Regular Marketing Flow
CUST-02357,Elijah Nelson,elijah.nelson118@example.com,Standard,Email Marketing,1,28.98,2026-06-10 07:14:00,2026-06-10 07:14:00,83,0,60.0,1.38,43.0,Active & Healthy,Standard Loyalty Points & Regular Marketing Flow
CUST-00417,Dylan Mitchell,dylan.mitchell754@example.com,Gold,Paid Search (Google),10,9600.47,2026-05-21 19:28:00,2026-08-06 19:29:00,25,77,8.6,2.91,40.0,Active & Healthy,Tier 1: High-Priority VIP Winback ($30 Loyalty Credit + Personal Email)
CUST-00195,Owen Harris,owen.harris689@example.com,Platinum,Paid Search (Google),23,8610.64,2026-01-29 19:39:00,2026-08-13 05:40:00,19,195,8.9,2.13,40.0,Active & Healthy,Tier 1: High-Priority VIP Winback ($30 Loyalty Credit + Personal Email)
CUST-00117,Olivia Sanchez,olivia.sanchez616@example.com,Platinum,Organic Search,16,7019.65,2026-02-22 02:06:00,2026-08-07 00:25:00,25,166,11.1,2.25,40.0,Active & Healthy,Tier 1: High-Priority VIP Winback ($30 Loyalty Credit + Personal Email)
CUST-00061,Jayden Lee,jayden.lee961@example.com,Platinum,Organic Search,15,6104.24,2023-05-30 08:30:00,2026-05-17 18:35:00,106,1083,77.4,1.37,40.0,Active & Healthy,Tier 1: High-Priority VIP Winback ($30 Loyalty Credit + Personal Email)
CUST-00242,Jackson Lopez,jackson.lopez122@example.com,Platinum,Paid Search (Google),19,4767.8,2022-07-27 10:00:00,2026-05-21 21:33:00,102,1394,77.4,1.32,40.0,Active & Healthy,Tier 1: High-Priority VIP Winback ($30 Loyalty Credit + Personal Email)
CUST-00231,Penelope Robinson,penelope.robinson389@example.com,Platinum,Affiliate Referral,14,4409.65,2026-05-21 12:08:00,2026-08-15 07:23:00,17,86,6.6,2.58,40.0,Active & Healthy,Tier 1: High-Priority VIP Winback ($30 Loyalty Credit + Personal Email)
CUST-00741,Penelope Scott,penelope.scott416@example.com,Gold,Social Media (Instagram/TikTok),10,4378.11,2024-07-10 00:31:00,2026-05-22 10:31:00,102,681,75.7,1.35,40.0,Active & Healthy,Tier 1: High-Priority VIP Winback ($30 Loyalty Credit + Personal Email)
CUST-00172,Liam Carter,liam.carter698@example.com,Platinum,Affiliate Referral,15,4105.84,2023-12-11 09:44:00,2026-06-02 20:39:00,90,904,64.6,1.39,40.0,Active & Healthy,Tier 1: High-Priority VIP Winback ($30 Loyalty Credit + Personal Email)
CUST-00193,Madison Gonzalez,madison.gonzalez724@example.com,Platinum,Email Marketing,12,3970.15,2025-08-17 15:07:00,2026-07-03 15:32:00,59,320,29.1,2.03,40.0,Active & Healthy,Tier 1: High-Priority VIP Winback ($30 Loyalty Credit + Personal Email)
CUST-01247,Logan Nelson,logan.nelson162@example.com,Silver,Social Media (Instagram/TikTok),4,3652.18,2025-12-05 08:20:00,2026-05-25 11:32:00,99,171,57.0,1.74,40.0,Active & Healthy,Tier 1: High-Priority VIP Winback ($30 Loyalty Credit + Personal Email)
CUST-00474,William Miller,william.miller618@example.com,Gold,Affiliate Referral,7,3584.05,2025-04-05 19:53:00,2026-05-13 11:14:00,111,403,67.2,1.65,40.0,Active & Healthy,Tier 1: High-Priority VIP Winback ($30 Loyalty Credit + Personal Email)
CUST-00662,John Hall,john.hall927@example.com,Gold,Organic Search,7,3565.3,2025-07-07 23:37:00,2026-05-22 03:39:00,102,318,53.0,1.92,40.0,Active & Healthy,Tier 1: High-Priority VIP Winback ($30 Loyalty Credit + Personal Email)
CUST-00240,Ella Anderson,ella.anderson346@example.com,Platinum,Affiliate Referral,14,3477.16,2023-06-13 13:58:00,2026-05-10 18:31:00,113,1062,81.7,1.38,40.0,Active & Healthy,Tier 1: High-Priority VIP Winback ($30 Loyalty Credit + Personal Email)
CUST-00016,Owen Moore,owen.moore957@example.com,Platinum,Affiliate Referral,9,3206.86,2026-05-03 18:47:00,2026-08-05 19:10:00,26,94,11.8,2.2,40.0,Active & Healthy,Tier 1: High-Priority VIP Winback ($30 Loyalty Credit + Personal Email)
CUST-00314,Owen Martinez,owen.martinez176@example.com,Gold,Affiliate Referral,7,2907.89,2026-04-21 00:16:00,2026-07-26 05:35:00,37,96,16.0,2.31,40.0,Active & Healthy,Tier 1: High-Priority VIP Winback ($30 Loyalty Credit + Personal Email)
CUST-00671,Alexander Baker,alexander.baker321@example.com,Gold,Affiliate Referral,6,2713.08,2026-06-08 06:16:00,2026-08-06 15:43:00,25,59,11.8,2.12,40.0,Active & Healthy,Tier 1: High-Priority VIP Winback ($30 Loyalty Credit + Personal Email)
CUST-00511,Ethan Miller,ethan.miller950@example.com,Gold,Paid Search (Google),6,2195.04,2025-05-13 10:34:00,2026-05-21 09:26:00,103,373,74.6,1.38,40.0,Active & Healthy,Tier 1: High-Priority VIP Winback ($30 Loyalty Credit + Personal Email)
CUST-00265,Olivia Hill,olivia.hill961@example.com,Gold,Social Media (Instagram/TikTok),4,1979.62,2026-05-06 18:44:00,2026-07-14 14:04:00,48,69,23.0,2.09,40.0,Active & Healthy,Tier 1: High-Priority VIP Winback ($30 Loyalty Credit + Personal Email)
CUST-00347,Grace Roberts,grace.roberts58@example.com,Gold,Social Media (Instagram/TikTok),8,1757.74,2026-05-02 00:36:00,2026-07-27 12:35:00,35,86,12.3,2.85,40.0,Active & Healthy,Tier 1: High-Priority VIP Winback ($30 Loyalty Credit + Personal Email)
CUST-00125,Ella Robinson,ella.robinson726@example.com,Platinum,Paid Search (Google),11,1628.29,2024-08-08 23:59:00,2026-05-08 02:29:00,116,637,63.7,1.82,40.0,Active & Healthy,Tier 1: High-Priority VIP Winback ($30 Loyalty Credit + Personal Email)
CUST-00448,Carter Hall,carter.hall251@example.com,Gold,Organic Search,6,1570.89,2026-03-14 06:31:00,2026-07-06 03:45:00,57,114,22.8,2.5,40.0,Active & Healthy,Tier 1: High-Priority VIP Winback ($30 Loyalty Credit + Personal Email)
CUST-01389,Dylan Thompson,dylan.thompson440@example.com,Silver,Organic Search,5,1549.19,2026-04-29 01:17:00,2026-07-20 17:27:00,42,83,20.8,2.02,40.0,Active & Healthy,Tier 1: High-Priority VIP Winback ($30 Loyalty Credit + Personal Email)
CUST-00565,Liam Perez,liam.perez673@example.com,Gold,Paid Search (Google),6,1523.41,2026-03-31 16:08:00,2026-07-13 08:45:00,50,104,20.8,2.4,40.0,Active & Healthy,Tier 1: High-Priority VIP Winback ($30 Loyalty Credit + Personal Email)
CUST-00312,Scarlett Miller,scarlett.miller529@example.com,Gold,Affiliate Referral,5,1330.7,2025-06-14 03:28:00,2026-05-06 02:26:00,118,326,81.5,1.45,40.0,Active & Healthy,Tier 1: High-Priority VIP Winback ($30 Loyalty Credit + Personal Email)
CUST-01779,Jacob Gonzalez,jacob.gonzalez555@example.com,Standard,Social Media (Instagram/TikTok),2,1263.17,2026-06-15 07:41:00,2026-07-09 22:42:00,53,25,25.0,2.12,40.0,Active & Healthy,Tier 1: High-Priority VIP Winback ($30 Loyalty Credit + Personal Email)
CUST-01268,Charlotte Thomas,charlotte.thomas493@example.com,Silver,Organic Search,2,1150.15,2026-03-09 07:10:00,2026-05-20 06:07:00,104,72,72.0,1.44,40.0,Active & Healthy,Tier 1: High-Priority VIP Winback ($30 Loyalty Credit + Personal Email)
CUST-00375,Joseph Rodriguez,joseph.rodriguez909@example.com,Gold,Affiliate Referral,4,1094.16,2025-10-24 22:34:00,2026-05-20 02:53:00,104,207,69.0,1.51,40.0,Active & Healthy,Tier 1: High-Priority VIP Winback ($30 Loyalty Credit + Personal Email)
CUST-00510,Aiden Johnson,aiden.johnson524@example.com,Gold,Email Marketing,4,1077.09,2026-05-25 16:20:00,2026-07-18 07:20:00,45,54,18.0,2.5,40.0,Active & Healthy,Tier 1: High-Priority VIP Winback ($30 Loyalty Credit + Personal Email)
CUST-01391,David Clark,david.clark602@example.com,Silver,Social Media (Instagram/TikTok),2,580.97,2026-02-25 10:24:00,2026-05-05 19:50:00,118,69,69.0,1.71,40.0,Active & Healthy,Standard Loyalty Points & Regular Marketing Flow
CUST-00358,Noah Rodriguez,noah.rodriguez78@example.com,Gold,Social Media (Instagram/TikTok),4,561.71,2026-05-16 22:59:00,2026-07-10 22:18:00,52,55,18.3,2.84,40.0,Active & Healthy,Standard Loyalty Points & Regular Marketing Flow
CUST-00995,Eleanor White,eleanor.white645@example.com,Silver,Affiliate Referral,4,498.42,2025-11-22 11:19:00,2026-05-26 16:08:00,97,185,61.7,1.57,40.0,Active & Healthy,Standard Loyalty Points & Regular Marketing Flow
CUST-02443,Dylan Nelson,dylan.nelson547@example.com,Standard,Social Media (Instagram/TikTok),3,449.22,2025-11-30 15:29:00,2026-05-10 16:23:00,113,161,80.5,1.4,40.0,Active & Healthy,Standard Loyalty Points & Regular Marketing Flow
CUST-01569,Noah Walker,noah.walker276@example.com,Standard,Email Marketing,2,402.98,2026-06-17 05:54:00,2026-07-09 09:34:00,54,22,22.0,2.45,40.0,Active & Healthy,Standard Loyalty Points & Regular Marketing Flow
CUST-01981,Grace Moore,grace.moore141@example.com,Standard,Email Marketing,2,176.97,2026-02-15 21:27:00,2026-05-11 20:13:00,112,85,85.0,1.32,40.0,Active & Healthy,Standard Loyalty Points & Regular Marketing Flow
CUST-01510,John Moore,john.moore853@example.com,Standard,Paid Search (Google),2,110.38,2026-07-19 14:10:00,2026-08-01 04:56:00,31,13,13.0,2.38,40.0,Active & Healthy,Standard Loyalty Points & Regular Marketing Flow
CUST-00606,Luna Baker,luna.baker790@example.com,Gold,Organic Search,9,5768.36,2023-04-20 19:05:00,2026-04-07 06:43:00,147,1082,135.2,1.09,35.0,Active & Healthy,Tier 1: High-Priority VIP Winback ($30 Loyalty Credit + Personal Email)
CUST-00702,Liam Martinez,liam.martinez610@example.com,Gold,Organic Search,8,5285.12,2024-02-05 03:55:00,2026-04-26 21:53:00,127,812,116.0,1.09,35.0,Active & Healthy,Tier 1: High-Priority VIP Winback ($30 Loyalty Credit + Personal Email)
CUST-00900,Wyatt Wright,wyatt.wright312@example.com,Silver,Social Media (Instagram/TikTok),3,4628.9,2023-09-10 20:51:00,2025-11-04 14:25:00,300,786,393.0,0.76,35.0,Active & Healthy,Tier 1: High-Priority VIP Winback ($30 Loyalty Credit + Personal Email)
CUST-01591,Elizabeth Ramirez,elizabeth.ramirez655@example.com,Standard,Organic Search,2,4619.94,2024-07-16 20:42:00,2025-11-09 23:06:00,295,481,481.0,0.61,35.0,Active & Healthy,Tier 1: High-Priority VIP Winback ($30 Loyalty Credit + Personal Email)
CUST-00097,Daniel Gonzalez,daniel.gonzalez160@example.com,Platinum,Paid Search (Google),10,4030.2,2022-10-23 01:46:00,2026-03-22 18:37:00,162,1247,138.6,1.17,35.0,Active & Healthy,Tier 1: High-Priority VIP Winback ($30 Loyalty Credit + Personal Email)
CUST-02264,Ella Robinson,ella.robinson848@example.com,Standard,Email Marketing,2,3828.93,2023-10-01 20:28:00,2025-03-20 01:23:00,530,535,535.0,0.99,35.0,Active & Healthy,Tier 1: High-Priority VIP Winback ($30 Loyalty Credit + Personal Email)
CUST-01378,William Scott,william.scott736@example.com,Silver,Paid Search (Google),5,3365.13,2023-10-05 19:30:00,2026-02-17 19:39:00,195,866,216.5,0.9,35.0,Active & Healthy,Tier 1: High-Priority VIP Winback ($30 Loyalty Credit + Personal Email)
CUST-00636,Michael Martinez,michael.martinez559@example.com,Gold,Affiliate Referral,6,3218.79,2024-09-28 07:48:00,2026-04-23 11:12:00,131,572,114.4,1.15,35.0,Active & Healthy,Tier 1: High-Priority VIP Winback ($30 Loyalty Credit + Personal Email)
CUST-00226,Owen Green,owen.green972@example.com,Platinum,Paid Search (Google),9,3198.51,2023-02-14 14:23:00,2026-03-27 04:36:00,158,1137,142.1,1.11,35.0,Active & Healthy,Tier 1: High-Priority VIP Winback ($30 Loyalty Credit + Personal Email)
CUST-00183,Harper Johnson,harper.johnson655@example.com,Platinum,Paid Search (Google),10,3037.48,2023-10-08 13:16:00,2026-04-20 22:06:00,133,925,102.8,1.29,35.0,Active & Healthy,Tier 1: High-Priority VIP Winback ($30 Loyalty Credit + Personal Email)
CUST-01423,Olivia Smith,olivia.smith167@example.com,Silver,Email Marketing,4,2989.9,2024-03-11 09:58:00,2026-01-27 17:43:00,216,687,229.0,0.94,35.0,Active & Healthy,Tier 1: High-Priority VIP Winback ($30 Loyalty Credit + Personal Email)
CUST-02242,Sophia Moore,sophia.moore441@example.com,Standard,Email Marketing,3,2873.08,2024-06-05 20:56:00,2026-01-24 11:53:00,220,598,299.0,0.74,35.0,Active & Healthy,Tier 1: High-Priority VIP Winback ($30 Loyalty Credit + Personal Email)
CUST-02336,Harper King,harper.king109@example.com,Standard,Organic Search,3,2631.43,2024-12-01 10:22:00,2026-02-09 06:05:00,204,435,217.5,0.94,35.0,Active & Healthy,Tier 1: High-Priority VIP Winback ($30 Loyalty Credit + Personal Email)
CUST-00573,Samuel Hill,samuel.hill407@example.com,Gold,Affiliate Referral,6,2589.4,2024-10-12 18:49:00,2026-04-20 16:04:00,133,555,111.0,1.2,35.0,Active & Healthy,Tier 1: High-Priority VIP Winback ($30 Loyalty Credit + Personal Email)
CUST-01381,Grace Moore,grace.moore525@example.com,Silver,Social Media (Instagram/TikTok),4,2444.41,2024-12-27 11:51:00,2026-03-19 12:09:00,165,447,149.0,1.11,35.0,Active & Healthy,Tier 1: High-Priority VIP Winback ($30 Loyalty Credit + Personal Email)
CUST-01082,Michael Adams,michael.adams513@example.com,Silver,Email Marketing,4,2324.11,2024-01-20 08:08:00,2026-01-18 05:34:00,226,729,243.0,0.93,35.0,Active & Healthy,Tier 1: High-Priority VIP Winback ($30 Loyalty Credit + Personal Email)
CUST-00927,William Taylor,william.taylor388@example.com,Silver,Paid Search (Google),2,2262.97,2023-02-09 00:08:00,2025-01-25 19:10:00,583,717,717.0,0.81,35.0,Active & Healthy,Tier 1: High-Priority VIP Winback ($30 Loyalty Credit + Personal Email)
CUST-02018,James Flores,james.flores481@example.com,Standard,Social Media (Instagram/TikTok),2,2235.19,2025-01-20 14:53:00,2025-12-03 22:50:00,271,317,317.0,0.85,35.0,Active & Healthy,Tier 1: High-Priority VIP Winback ($30 Loyalty Credit + Personal Email)
CUST-01039,Avery Smith,avery.smith571@example.com,Silver,Email Marketing,2,2214.97,2023-09-16 23:03:00,2025-03-22 01:17:00,528,552,552.0,0.96,35.0,Active & Healthy,Tier 1: High-Priority VIP Winback ($30 Loyalty Credit + Personal Email)
CUST-01304,Ethan Lewis,ethan.lewis81@example.com,Silver,Affiliate Referral,4,2162.68,2024-05-02 11:49:00,2026-02-04 18:16:00,208,643,214.3,0.97,35.0,Active & Healthy,Tier 1: High-Priority VIP Winback ($30 Loyalty Credit + Personal Email)
CUST-00886,Sophia Jackson,sophia.jackson929@example.com,Silver,Social Media (Instagram/TikTok),4,2158.29,2024-01-20 05:25:00,2026-02-08 00:50:00,205,750,250.0,0.82,35.0,Active & Healthy,Tier 1: High-Priority VIP Winback ($30 Loyalty Credit + Personal Email)
CUST-02135,Sebastian Garcia,sebastian.garcia593@example.com,Standard,Affiliate Referral,2,2064.96,2024-12-10 07:45:00,2026-02-16 02:49:00,197,433,433.0,0.45,35.0,Active & Healthy,Tier 1: High-Priority VIP Winback ($30 Loyalty Credit + Personal Email)
CUST-00626,Scarlett Adams,scarlett.adams65@example.com,Gold,Email Marketing,5,2047.98,2023-10-22 21:31:00,2026-02-05 22:44:00,207,837,209.2,0.99,35.0,Active & Healthy,Tier 1: High-Priority VIP Winback ($30 Loyalty Credit + Personal Email)
CUST-01838,Owen Perez,owen.perez773@example.com,Standard,Email Marketing,2,1991.93,2024-04-30 02:54:00,2026-01-01 21:53:00,242,612,612.0,0.4,35.0,Active & Healthy,Tier 1: High-Priority VIP Winback ($30 Loyalty Credit + Personal Email)
CUST-02109,Riley Scott,riley.scott519@example.com,Standard,Email Marketing,2,1962.92,2025-10-09 14:38:00,2026-03-08 10:48:00,177,150,150.0,1.18,35.0,Active & Healthy,Tier 1: High-Priority VIP Winback ($30 Loyalty Credit + Personal Email)
CUST-01930,Amelia Ramirez,amelia.ramirez742@example.com,Standard,Social Media (Instagram/TikTok),2,1954.45,2023-07-19 05:29:00,2025-02-26 04:53:00,552,588,588.0,0.94,35.0,Active & Healthy,Tier 1: High-Priority VIP Winback ($30 Loyalty Credit + Personal Email)
CUST-01066,Joseph Lewis,joseph.lewis760@example.com,Silver,Email Marketing,3,1769.85,2022-11-16 08:59:00,2025-12-02 04:46:00,273,1112,556.0,0.49,35.0,Active & Healthy,Tier 1: High-Priority VIP Winback ($30 Loyalty Credit + Personal Email)
CUST-00984,Jayden Baker,jayden.baker481@example.com,Silver,Email Marketing,3,1731.9,2023-11-10 20:32:00,2025-12-23 23:49:00,251,774,387.0,0.65,35.0,Active & Healthy,Tier 1: High-Priority VIP Winback ($30 Loyalty Credit + Personal Email)
CUST-00378,Alexander Lee,alexander.lee967@example.com,Gold,Social Media (Instagram/TikTok),7,1703.05,2024-04-09 00:03:00,2026-04-26 01:50:00,128,747,124.5,1.03,35.0,Active & Healthy,Tier 1: High-Priority VIP Winback ($30 Loyalty Credit + Personal Email)
CUST-01308,Jackson Roberts,jackson.roberts466@example.com,Silver,Paid Search (Google),2,1541.94,2025-05-13 01:07:00,2026-02-24 08:19:00,189,287,287.0,0.66,35.0,Active & Healthy,Tier 1: High-Priority VIP Winback ($30 Loyalty Credit + Personal Email)
CUST-01049,Luna Clark,luna.clark329@example.com,Silver,Social Media (Instagram/TikTok),4,1522.15,2025-04-18 19:41:00,2026-04-20 04:10:00,134,366,122.0,1.1,35.0,Active & Healthy,Tier 1: High-Priority VIP Winback ($30 Loyalty Credit + Personal Email)
CUST-00852,Madison Allen,madison.allen912@example.com,Silver,Affiliate Referral,3,1441.45,2024-12-16 08:36:00,2026-02-24 18:11:00,188,435,217.5,0.86,35.0,Active & Healthy,Tier 1: High-Priority VIP Winback ($30 Loyalty Credit + Personal Email)
CUST-00949,Noah Wright,noah.wright525@example.com,Silver,Organic Search,4,1440.88,2023-07-16 18:59:00,2026-01-09 11:45:00,235,908,302.7,0.78,35.0,Active & Healthy,Tier 1: High-Priority VIP Winback ($30 Loyalty Credit + Personal Email)
CUST-00738,Emily Wilson,emily.wilson837@example.com,Gold,Organic Search,4,1418.44,2023-05-10 14:59:00,2025-11-15 05:23:00,290,920,306.7,0.95,35.0,Active & Healthy,Tier 1: High-Priority VIP Winback ($30 Loyalty Credit + Personal Email)
CUST-01953,Luke Hall,luke.hall504@example.com,Standard,Paid Search (Google),2,1391.72,2023-05-25 11:12:00,2025-11-27 04:00:00,278,917,917.0,0.3,35.0,Active & Healthy,Tier 1: High-Priority VIP Winback ($30 Loyalty Credit + Personal Email)
CUST-00780,David White,david.white276@example.com,Silver,Email Marketing,4,1353.37,2024-07-07 18:04:00,2026-03-03 10:23:00,182,604,201.3,0.9,35.0,Active & Healthy,Tier 1: High-Priority VIP Winback ($30 Loyalty Credit + Personal Email)
CUST-01498,Hannah Green,hannah.green877@example.com,Silver,Affiliate Referral,3,1350.58,2023-07-04 17:12:00,2026-01-10 11:30:00,234,921,460.5,0.51,35.0,Active & Healthy,Tier 1: High-Priority VIP Winback ($30 Loyalty Credit + Personal Email)
CUST-02152,Harper Torres,harper.torres509@example.com,Standard,Social Media (Instagram/TikTok),2,1335.17,2024-11-16 10:39:00,2026-01-27 07:56:00,217,437,437.0,0.5,35.0,Active & Healthy,Tier 1: High-Priority VIP Winback ($30 Loyalty Credit + Personal Email)
CUST-02145,Carter Flores,carter.flores886@example.com,Standard,Email Marketing,2,1259.47,2024-07-10 02:46:00,2025-08-22 22:04:00,374,409,409.0,0.91,35.0,Active & Healthy,Tier 1: High-Priority VIP Winback ($30 Loyalty Credit + Personal Email)
CUST-00425,Wyatt Thompson,wyatt.thompson987@example.com,Gold,Social Media (Instagram/TikTok),4,1246.01,2023-12-15 05:21:00,2026-01-26 00:44:00,218,773,257.7,0.85,35.0,Active & Healthy,Tier 1: High-Priority VIP Winback ($30 Loyalty Credit + Personal Email)
CUST-02124,Ethan Allen,ethan.allen174@example.com,Standard,Email Marketing,2,1244.2,2024-10-27 08:07:00,2026-02-25 08:47:00,188,486,486.0,0.39,35.0,Active & Healthy,Tier 1: High-Priority VIP Winback ($30 Loyalty Credit + Personal Email)
CUST-01212,Charlotte Lewis,charlotte.lewis528@example.com,Silver,Affiliate Referral,4,1181.6,2025-02-15 16:00:00,2026-03-22 03:07:00,163,399,133.0,1.23,35.0,Active & Healthy,Tier 1: High-Priority VIP Winback ($30 Loyalty Credit + Personal Email)
CUST-00828,Elijah Ramirez,elijah.ramirez687@example.com,Silver,Email Marketing,2,1174.29,2024-02-14 08:48:00,2026-01-30 10:31:00,214,716,716.0,0.3,35.0,Active & Healthy,Tier 1: High-Priority VIP Winback ($30 Loyalty Credit + Personal Email)
CUST-02335,Mila Davis,mila.davis78@example.com,Standard,Affiliate Referral,2,1168.95,2023-07-08 02:20:00,2025-04-26 03:58:00,493,658,658.0,0.75,35.0,Active & Healthy,Tier 1: High-Priority VIP Winback ($30 Loyalty Credit + Personal Email)
CUST-02229,Amelia Hill,amelia.hill402@example.com,Standard,Affiliate Referral,2,1167.96,2024-02-02 18:46:00,2025-09-15 13:12:00,350,591,591.0,0.59,35.0,Active & Healthy,Tier 1: High-Priority VIP Winback ($30 Loyalty Credit + Personal Email)
CUST-01342,Joseph Clark,joseph.clark14@example.com,Silver,Paid Search (Google),4,1119.28,2023-09-27 19:40:00,2026-02-24 18:40:00,188,881,293.7,0.64,35.0,Active & Healthy,Tier 1: High-Priority VIP Winback ($30 Loyalty Credit + Personal Email)
CUST-01086,Elijah Campbell,elijah.campbell246@example.com,Silver,Paid Search (Google),2,1100.93,2024-09-30 15:26:00,2025-11-05 13:10:00,299,401,401.0,0.75,35.0,Active & Healthy,Tier 1: High-Priority VIP Winback ($30 Loyalty Credit + Personal Email)
CUST-02011,Daniel Lopez,daniel.lopez86@example.com,Standard,Affiliate Referral,3,1060.24,2023-07-13 21:27:00,2026-02-05 12:24:00,207,938,469.0,0.44,35.0,Active & Healthy,Tier 1: High-Priority VIP Winback ($30 Loyalty Credit + Personal Email)
CUST-00841,Elijah Carter,elijah.carter684@example.com,Silver,Social Media (Instagram/TikTok),4,982.92,2022-10-14 06:23:00,2026-01-14 16:33:00,229,1188,396.0,0.58,35.0,Active & Healthy,Tier 1: High-Priority VIP Winback ($30 Loyalty Credit + Personal Email)
CUST-01413,Joseph Martin,joseph.martin466@example.com,Silver,Organic Search,3,972.76,2025-08-08 20:36:00,2026-04-01 23:04:00,152,236,118.0,1.29,35.0,Active & Healthy,Tier 1: High-Priority VIP Winback ($30 Loyalty Credit + Personal Email)
CUST-02034,Emma Ramirez,emma.ramirez501@example.com,Standard,Email Marketing,2,943.17,2024-12-22 20:25:00,2026-02-28 09:51:00,185,433,433.0,0.43,35.0,Active & Healthy,Tier 1: High-Priority VIP Winback ($30 Loyalty Credit + Personal Email)
CUST-01672,Luke Hall,luke.hall963@example.com,Standard,Paid Search (Google),2,886.69,2025-02-24 13:12:00,2026-01-06 17:27:00,237,316,316.0,0.75,35.0,Active & Healthy,Tier 1: High-Priority VIP Winback ($30 Loyalty Credit + Personal Email)
CUST-01450,Olivia Garcia,olivia.garcia159@example.com,Silver,Affiliate Referral,5,885.14,2024-11-21 02:52:00,2026-04-16 18:46:00,137,512,128.0,1.07,35.0,Active & Healthy,Tier 1: High-Priority VIP Winback ($30 Loyalty Credit + Personal Email)
CUST-00999,Joseph Sanchez,joseph.sanchez891@example.com,Silver,Email Marketing,4,883.42,2023-10-05 00:04:00,2025-12-17 03:20:00,258,804,268.0,0.96,35.0,Active & Healthy,Tier 1: High-Priority VIP Winback ($30 Loyalty Credit + Personal Email)
CUST-01802,Layla Nguyen,layla.nguyen785@example.com,Standard,Email Marketing,2,862.35,2023-03-10 18:41:00,2025-09-25 12:38:00,340,930,930.0,0.37,35.0,Active & Healthy,Tier 1: High-Priority VIP Winback ($30 Loyalty Credit + Personal Email)
CUST-01347,Carter Jackson,carter.jackson224@example.com,Silver,Social Media (Instagram/TikTok),4,844.11,2024-05-14 11:22:00,2026-02-26 05:25:00,187,653,217.7,0.86,35.0,Active & Healthy,Tier 1: High-Priority VIP Winback ($30 Loyalty Credit + Personal Email)
CUST-00276,Wyatt Hill,wyatt.hill66@example.com,Gold,Social Media (Instagram/TikTok),4,817.95,2023-10-14 05:35:00,2026-02-09 22:19:00,203,850,283.3,0.72,35.0,Active & Healthy,Tier 1: High-Priority VIP Winback ($30 Loyalty Credit + Personal Email)
CUST-00624,Aiden Roberts,aiden.roberts973@example.com,Gold,Social Media (Instagram/TikTok),6,779.62,2022-08-31 14:32:00,2026-01-31 16:49:00,212,1249,249.8,0.85,35.0,Active & Healthy,Standard Loyalty Points & Regular Marketing Flow
CUST-01501,Elijah Nguyen,elijah.nguyen354@example.com,Standard,Affiliate Referral,2,762.42,2024-07-20 09:41:00,2026-02-10 16:40:00,202,570,570.0,0.35,35.0,Active & Healthy,Standard Loyalty Points & Regular Marketing Flow
CUST-01132,Avery Harris,avery.harris530@example.com,Silver,Social Media (Instagram/TikTok),2,742.96,2024-04-27 13:20:00,2026-02-22 17:07:00,190,666,666.0,0.29,35.0,Active & Healthy,Standard Loyalty Points & Regular Marketing Flow
CUST-02413,Jack Campbell,jack.campbell960@example.com,Standard,Organic Search,2,705.97,2023-03-21 19:46:00,2025-02-28 16:34:00,549,710,710.0,0.77,35.0,Active & Healthy,Standard Loyalty Points & Regular Marketing Flow
CUST-02159,Mia Anderson,mia.anderson407@example.com,Standard,Organic Search,2,684.99,2025-10-31 17:32:00,2026-03-29 05:34:00,156,149,149.0,1.05,35.0,Active & Healthy,Standard Loyalty Points & Regular Marketing Flow
CUST-00402,Nora Carter,nora.carter573@example.com,Gold,Affiliate Referral,2,677.05,2025-12-30 06:15:00,2026-04-27 16:53:00,126,118,118.0,1.07,35.0,Active & Healthy,Standard Loyalty Points & Regular Marketing Flow
CUST-01153,Dylan Rivera,dylan.rivera675@example.com,Silver,Email Marketing,3,653.23,2024-04-05 21:48:00,2026-02-18 12:34:00,194,684,342.0,0.57,35.0,Active & Healthy,Standard Loyalty Points & Regular Marketing Flow
CUST-02461,Eleanor Hall,eleanor.hall147@example.com,Standard,Affiliate Referral,2,642.02,2024-04-11 02:45:00,2025-10-22 22:57:00,313,560,560.0,0.56,35.0,Active & Healthy,Standard Loyalty Points & Regular Marketing Flow
CUST-00774,Noah Nguyen,noah.nguyen735@example.com,Silver,Social Media (Instagram/TikTok),2,587.35,2024-09-05 03:28:00,2026-01-30 05:26:00,214,512,512.0,0.42,35.0,Active & Healthy,Standard Loyalty Points & Regular Marketing Flow
CUST-00707,Daniel Nelson,daniel.nelson613@example.com,Gold,Email Marketing,4,533.94,2023-09-07 09:01:00,2026-02-22 14:10:00,190,899,299.7,0.63,35.0,Active & Healthy,Standard Loyalty Points & Regular Marketing Flow
CUST-00974,Henry Adams,henry.adams10@example.com,Silver,Social Media (Instagram/TikTok),3,497.6,2023-08-28 10:09:00,2025-09-04 06:00:00,362,738,369.0,0.98,35.0,Active & Healthy,Standard Loyalty Points & Regular Marketing Flow
CUST-01172,Alexander Harris,alexander.harris573@example.com,Silver,Paid Search (Google),2,497.44,2022-10-17 23:03:00,2025-01-28 13:59:00,580,834,834.0,0.7,35.0,Active & Healthy,Standard Loyalty Points & Regular Marketing Flow
CUST-02219,James Hernandez,james.hernandez544@example.com,Standard,Organic Search,2,484.96,2024-02-26 08:00:00,2025-12-17 23:38:00,257,661,661.0,0.39,35.0,Active & Healthy,Standard Loyalty Points & Regular Marketing Flow
CUST-01608,Wyatt Martin,wyatt.martin99@example.com,Standard,Organic Search,2,482.97,2024-11-23 17:54:00,2025-12-14 05:16:00,261,385,385.0,0.68,35.0,Active & Healthy,Standard Loyalty Points & Regular Marketing Flow
CUST-01699,Isabella Flores,isabella.flores994@example.com,Standard,Organic Search,3,471.16,2024-03-14 22:38:00,2026-01-04 14:21:00,239,661,330.5,0.72,35.0,Active & Healthy,Standard Loyalty Points & Regular Marketing Flow
CUST-02309,Emma Robinson,emma.robinson51@example.com,Standard,Affiliate Referral,2,465.97,2024-03-08 01:12:00,2025-09-01 16:40:00,364,543,543.0,0.67,35.0,Active & Healthy,Standard Loyalty Points & Regular Marketing Flow
CUST-01289,Zoey Flores,zoey.flores950@example.com,Silver,Social Media (Instagram/TikTok),4,458.98,2024-02-12 15:50:00,2026-01-17 15:46:00,226,705,235.0,0.96,35.0,Active & Healthy,Standard Loyalty Points & Regular Marketing Flow
CUST-01276,Aria Taylor,aria.taylor145@example.com,Silver,Social Media (Instagram/TikTok),3,432.95,2024-08-04 08:59:00,2026-02-20 04:42:00,193,565,282.5,0.68,35.0,Active & Healthy,Standard Loyalty Points & Regular Marketing Flow
CUST-01069,Jacob Torres,jacob.torres201@example.com,Silver,Social Media (Instagram/TikTok),3,404.94,2024-10-16 17:33:00,2026-01-31 09:04:00,213,472,236.0,0.9,35.0,Active & Healthy,Standard Loyalty Points & Regular Marketing Flow
CUST-01360,Alexander Green,alexander.green985@example.com,Silver,Affiliate Referral,2,361.55,2025-11-28 09:54:00,2026-04-03 01:11:00,151,126,126.0,1.2,35.0,Active & Healthy,Standard Loyalty Points & Regular Marketing Flow
CUST-02324,John Robinson,john.robinson38@example.com,Standard,Email Marketing,2,337.07,2024-01-16 04:17:00,2026-02-04 16:12:00,208,750,750.0,0.28,35.0,Active & Healthy,Standard Loyalty Points & Regular Marketing Flow
CUST-02048,Aiden Walker,aiden.walker296@example.com,Standard,Email Marketing,2,322.98,2023-07-20 02:24:00,2025-12-06 15:52:00,268,871,871.0,0.31,35.0,Active & Healthy,Standard Loyalty Points & Regular Marketing Flow
CUST-01397,Abigail Hernandez,abigail.hernandez253@example.com,Silver,Social Media (Instagram/TikTok),4,320.13,2022-12-06 14:24:00,2026-03-02 11:38:00,183,1182,394.0,0.46,35.0,Active & Healthy,Standard Loyalty Points & Regular Marketing Flow
CUST-01374,Noah Jackson,noah.jackson446@example.com,Silver,Affiliate Referral,2,317.16,2025-05-26 23:21:00,2026-02-22 02:21:00,191,271,271.0,0.7,35.0,Active & Healthy,Standard Loyalty Points & Regular Marketing Flow
CUST-02391,Luke Davis,luke.davis928@example.com,Standard,Social Media (Instagram/TikTok),2,298.95,2024-11-04 06:30:00,2025-12-03 17:42:00,271,394,394.0,0.69,35.0,Active & Healthy,Standard Loyalty Points & Regular Marketing Flow
CUST-01539,Victoria Lee,victoria.lee599@example.com,Standard,Paid Search (Google),2,282.15,2024-05-03 09:11:00,2025-10-12 07:19:00,324,527,527.0,0.61,35.0,Active & Healthy,Standard Loyalty Points & Regular Marketing Flow
CUST-01052,Dylan Lopez,dylan.lopez206@example.com,Silver,Email Marketing,2,276.45,2023-12-11 04:28:00,2025-06-25 01:00:00,433,562,562.0,0.77,35.0,Active & Healthy,Standard Loyalty Points & Regular Marketing Flow
CUST-01035,Luke Martin,luke.martin384@example.com,Silver,Paid Search (Google),3,193.25,2023-12-17 22:07:00,2026-01-25 23:28:00,218,770,385.0,0.57,35.0,Active & Healthy,Standard Loyalty Points & Regular Marketing Flow
CUST-00987,Emma Hall,emma.hall862@example.com,Silver,Social Media (Instagram/TikTok),2,182.15,2024-12-28 16:16:00,2026-02-26 12:34:00,186,425,425.0,0.44,35.0,Active & Healthy,Standard Loyalty Points & Regular Marketing Flow
CUST-00877,Mia Rivera,mia.rivera335@example.com,Silver,Paid Search (Google),2,180.47,2023-10-22 03:45:00,2025-08-24 05:35:00,373,672,672.0,0.56,35.0,Active & Healthy,Standard Loyalty Points & Regular Marketing Flow
CUST-02455,Dylan Mitchell,dylan.mitchell113@example.com,Standard,Email Marketing,2,173.26,2022-09-06 15:44:00,2025-09-15 00:50:00,351,1104,1104.0,0.32,35.0,Active & Healthy,Standard Loyalty Points & Regular Marketing Flow
CUST-01968,Elizabeth Sanchez,elizabeth.sanchez842@example.com,Standard,Email Marketing,2,164.95,2022-08-27 02:47:00,2025-06-21 05:09:00,437,1029,1029.0,0.42,35.0,Active & Healthy,Standard Loyalty Points & Regular Marketing Flow
CUST-01724,Owen Hill,owen.hill376@example.com,Standard,Organic Search,2,151.98,2023-12-18 21:43:00,2025-10-04 21:00:00,331,656,656.0,0.5,35.0,Active & Healthy,Standard Loyalty Points & Regular Marketing Flow
CUST-01789,Wyatt Wilson,wyatt.wilson323@example.com,Standard,Affiliate Referral,2,150.69,2025-01-31 04:08:00,2025-12-02 14:08:00,272,305,305.0,0.89,35.0,Active & Healthy,Standard Loyalty Points & Regular Marketing Flow
CUST-01444,Mason Wilson,mason.wilson143@example.com,Silver,Organic Search,2,132.97,2024-12-15 13:10:00,2025-10-29 22:06:00,306,318,318.0,0.96,35.0,Active & Healthy,Standard Loyalty Points & Regular Marketing Flow
CUST-00930,Camila Nguyen,camila.nguyen567@example.com,Silver,Email Marketing,3,130.58,2025-08-11 19:08:00,2026-04-09 23:45:00,144,241,120.5,1.2,35.0,Active & Healthy,Standard Loyalty Points & Regular Marketing Flow
CUST-01473,Olivia Miller,olivia.miller765@example.com,Silver,Email Marketing,3,122.0,2022-11-03 20:09:00,2026-01-04 22:00:00,239,1158,579.0,0.41,35.0,Active & Healthy,Standard Loyalty Points & Regular Marketing Flow
CUST-00986,Avery Lee,avery.lee432@example.com,Silver,Affiliate Referral,2,118.38,2025-05-18 14:23:00,2026-01-09 12:57:00,234,236,236.0,0.99,35.0,Active & Healthy,Standard Loyalty Points & Regular Marketing Flow
CUST-01220,Samuel Roberts,samuel.roberts461@example.com,Silver,Social Media (Instagram/TikTok),2,117.98,2023-08-19 04:02:00,2026-01-19 17:07:00,224,885,885.0,0.25,35.0,Active & Healthy,Standard Loyalty Points & Regular Marketing Flow
CUST-00234,Chloe Wilson,chloe.wilson464@example.com,Platinum,Social Media (Instagram/TikTok),24,12762.89,2023-10-01 16:31:00,2026-07-01 23:11:00,61,1004,43.7,1.4,33.0,Active & Healthy,Tier 1: High-Priority VIP Winback ($30 Loyalty Credit + Personal Email)
CUST-00205,Madison Brown,madison.brown310@example.com,Platinum,Email Marketing,19,8838.57,2024-08-03 21:53:00,2026-06-19 12:22:00,73,685,38.1,1.92,33.0,Active & Healthy,Tier 1: High-Priority VIP Winback ($30 Loyalty Credit + Personal Email)
CUST-00201,Samuel Green,samuel.green745@example.com,Platinum,Affiliate Referral,11,7778.98,2025-05-03 16:34:00,2026-07-01 16:25:00,61,424,42.4,1.44,33.0,Active & Healthy,Tier 1: High-Priority VIP Winback ($30 Loyalty Credit + Personal Email)
CUST-00039,Avery Jones,avery.jones937@example.com,Platinum,Organic Search,17,7619.96,2024-10-13 14:58:00,2026-06-29 05:10:00,64,624,39.0,1.64,33.0,Active & Healthy,Tier 1: High-Priority VIP Winback ($30 Loyalty Credit + Personal Email)
CUST-00046,Jacob Gonzalez,jacob.gonzalez559@example.com,Platinum,Email Marketing,19,7548.23,2023-04-16 04:45:00,2026-06-04 19:38:00,88,1146,63.7,1.38,33.0,Active & Healthy,Tier 1: High-Priority VIP Winback ($30 Loyalty Credit + Personal Email)
CUST-00070,Jack Moore,jack.moore55@example.com,Platinum,Paid Search (Google),16,6620.28,2024-06-01 08:00:00,2026-06-17 20:24:00,75,747,49.8,1.51,33.0,Active & Healthy,Tier 1: High-Priority VIP Winback ($30 Loyalty Credit + Personal Email)
CUST-00190,Sebastian Smith,sebastian.smith299@example.com,Platinum,Affiliate Referral,18,5275.79,2024-02-05 18:17:00,2026-06-09 10:23:00,84,855,50.3,1.67,33.0,Active & Healthy,Tier 1: High-Priority VIP Winback ($30 Loyalty Credit + Personal Email)
CUST-00363,Elizabeth Young,elizabeth.young540@example.com,Gold,Organic Search,9,3754.07,2025-09-27 05:00:00,2026-06-30 19:28:00,62,277,34.6,1.79,33.0,Active & Healthy,Tier 1: High-Priority VIP Winback ($30 Loyalty Credit + Personal Email)
CUST-00156,Oliver Martinez,oliver.martinez162@example.com,Platinum,Social Media (Instagram/TikTok),7,3195.37,2025-07-29 00:14:00,2026-06-16 11:55:00,77,322,53.7,1.43,33.0,Active & Healthy,Tier 1: High-Priority VIP Winback ($30 Loyalty Credit + Personal Email)
CUST-00548,Aria Sanchez,aria.sanchez383@example.com,Gold,Paid Search (Google),8,3125.8,2025-09-24 10:14:00,2026-06-20 09:19:00,73,269,38.4,1.9,33.0,Active & Healthy,Tier 1: High-Priority VIP Winback ($30 Loyalty Credit + Personal Email)
CUST-00559,Daniel Lewis,daniel.lewis393@example.com,Gold,Affiliate Referral,10,2739.95,2025-02-24 18:05:00,2026-06-15 12:05:00,77,476,52.9,1.46,33.0,Active & Healthy,Tier 1: High-Priority VIP Winback ($30 Loyalty Credit + Personal Email)
CUST-00944,Emily Anderson,emily.anderson860@example.com,Silver,Paid Search (Google),5,2618.93,2025-11-14 08:20:00,2026-06-21 18:44:00,71,219,54.8,1.3,33.0,Active & Healthy,Tier 1: High-Priority VIP Winback ($30 Loyalty Credit + Personal Email)
CUST-00319,Aiden Roberts,aiden.roberts401@example.com,Gold,Email Marketing,7,2501.16,2025-05-27 01:51:00,2026-06-05 21:40:00,87,375,62.5,1.39,33.0,Active & Healthy,Tier 1: High-Priority VIP Winback ($30 Loyalty Credit + Personal Email)
CUST-00595,Madison Rivera,madison.rivera309@example.com,Gold,Social Media (Instagram/TikTok),7,2028.4,2025-10-26 00:21:00,2026-06-20 19:42:00,72,238,39.7,1.81,33.0,Active & Healthy,Tier 1: High-Priority VIP Winback ($30 Loyalty Credit + Personal Email)
CUST-00439,Aiden Robinson,aiden.robinson666@example.com,Gold,Email Marketing,8,1676.87,2025-07-31 18:43:00,2026-06-07 20:41:00,85,311,44.4,1.91,33.0,Active & Healthy,Tier 1: High-Priority VIP Winback ($30 Loyalty Credit + Personal Email)
CUST-01130,Penelope Nelson,penelope.nelson287@example.com,Silver,Social Media (Instagram/TikTok),2,1663.5,2026-04-24 10:19:00,2026-06-13 08:44:00,80,50,50.0,1.6,33.0,Active & Healthy,Tier 1: High-Priority VIP Winback ($30 Loyalty Credit + Personal Email)
CUST-01895,Logan Taylor,logan.taylor629@example.com,Standard,Paid Search (Google),2,1491.97,2026-03-28 05:16:00,2026-06-03 23:59:00,89,68,68.0,1.31,33.0,Active & Healthy,Tier 1: High-Priority VIP Winback ($30 Loyalty Credit + Personal Email)
CUST-02217,Matthew Smith,matthew.smith935@example.com,Standard,Affiliate Referral,3,1408.12,2026-04-06 16:20:00,2026-06-25 02:48:00,68,79,39.5,1.72,33.0,Active & Healthy,Tier 1: High-Priority VIP Winback ($30 Loyalty Credit + Personal Email)
CUST-01383,Harper Walker,harper.walker736@example.com,Silver,Affiliate Referral,2,1147.47,2026-05-05 19:47:00,2026-06-17 06:53:00,76,42,42.0,1.81,33.0,Active & Healthy,Tier 1: High-Priority VIP Winback ($30 Loyalty Credit + Personal Email)
CUST-01694,Layla Nguyen,layla.nguyen56@example.com,Standard,Social Media (Instagram/TikTok),2,856.97,2026-05-15 15:25:00,2026-06-28 18:10:00,64,44,44.0,1.45,33.0,Active & Healthy,Tier 1: High-Priority VIP Winback ($30 Loyalty Credit + Personal Email)
CUST-02464,Luke Lopez,luke.lopez530@example.com,Standard,Social Media (Instagram/TikTok),2,789.71,2026-05-17 12:08:00,2026-06-30 13:47:00,62,44,44.0,1.41,33.0,Active & Healthy,Standard Loyalty Points & Regular Marketing Flow
CUST-01984,Logan Wright,logan.wright218@example.com,Standard,Social Media (Instagram/TikTok),3,494.73,2026-02-01 01:04:00,2026-06-04 17:14:00,88,124,62.0,1.42,33.0,Active & Healthy,Standard Loyalty Points & Regular Marketing Flow
CUST-01224,Sofia Hernandez,sofia.hernandez82@example.com,Silver,Social Media (Instagram/TikTok),3,291.51,2026-03-08 09:19:00,2026-06-07 23:06:00,85,92,46.0,1.85,33.0,Active & Healthy,Standard Loyalty Points & Regular Marketing Flow
CUST-01117,Charlotte Davis,charlotte.davis697@example.com,Silver,Social Media (Instagram/TikTok),2,123.73,2026-04-19 04:58:00,2026-06-03 15:40:00,89,45,45.0,1.98,33.0,Active & Healthy,Standard Loyalty Points & Regular Marketing Flow
CUST-01824,Victoria Nguyen,victoria.nguyen217@example.com,Standard,Email Marketing,1,4382.96,2026-06-21 11:18:00,2026-06-21 11:18:00,72,0,60.0,1.2,28.0,Active & Healthy,Tier 1: High-Priority VIP Winback ($30 Loyalty Credit + Personal Email)
CUST-02199,David Hernandez,david.hernandez992@example.com,Standard,Paid Search (Google),1,1994.26,2026-06-22 05:37:00,2026-06-22 05:37:00,71,0,60.0,1.18,28.0,Active & Healthy,Tier 1: High-Priority VIP Winback ($30 Loyalty Credit + Personal Email)
CUST-00909,David Thompson,david.thompson141@example.com,Silver,Paid Search (Google),1,1709.96,2026-06-28 05:34:00,2026-06-28 05:34:00,65,0,60.0,1.08,28.0,Active & Healthy,Tier 1: High-Priority VIP Winback ($30 Loyalty Credit + Personal Email)
CUST-00778,Elizabeth Baker,elizabeth.baker931@example.com,Silver,Organic Search,1,1243.96,2026-06-28 22:01:00,2026-06-28 22:01:00,64,0,60.0,1.07,28.0,Active & Healthy,Tier 1: High-Priority VIP Winback ($30 Loyalty Credit + Personal Email)
CUST-01627,Alexander Flores,alexander.flores222@example.com,Standard,Organic Search,1,1212.97,2026-06-28 12:46:00,2026-06-28 12:46:00,64,0,60.0,1.07,28.0,Active & Healthy,Tier 1: High-Priority VIP Winback ($30 Loyalty Credit + Personal Email)
CUST-02094,James Anderson,james.anderson34@example.com,Standard,Email Marketing,1,1099.99,2026-06-19 06:39:00,2026-06-19 06:39:00,74,0,60.0,1.23,28.0,Active & Healthy,Tier 1: High-Priority VIP Winback ($30 Loyalty Credit + Personal Email)
CUST-01834,Ella Young,ella.young431@example.com,Standard,Organic Search,1,762.45,2026-07-02 17:57:00,2026-07-02 17:57:00,60,0,60.0,1.0,28.0,Active & Healthy,Standard Loyalty Points & Regular Marketing Flow
CUST-02265,Amelia Perez,amelia.perez223@example.com,Standard,Affiliate Referral,1,627.47,2026-06-18 15:57:00,2026-06-18 15:57:00,74,0,60.0,1.23,28.0,Active & Healthy,Standard Loyalty Points & Regular Marketing Flow
CUST-02267,Abigail Allen,abigail.allen118@example.com,Standard,Social Media (Instagram/TikTok),1,427.49,2026-07-03 00:45:00,2026-07-03 00:45:00,60,0,60.0,1.0,28.0,Active & Healthy,Standard Loyalty Points & Regular Marketing Flow
CUST-01715,Matthew Garcia,matthew.garcia414@example.com,Standard,Paid Search (Google),1,354.99,2026-06-23 06:27:00,2026-06-23 06:27:00,70,0,60.0,1.17,28.0,Active & Healthy,Standard Loyalty Points & Regular Marketing Flow
CUST-02029,Eleanor Nelson,eleanor.nelson282@example.com,Standard,Email Marketing,1,161.98,2026-06-16 06:49:00,2026-06-16 06:49:00,77,0,60.0,1.28,28.0,Active & Healthy,Standard Loyalty Points & Regular Marketing Flow
CUST-01839,Noah Smith,noah.smith266@example.com,Standard,Paid Search (Google),1,149.99,2026-06-23 15:19:00,2026-06-23 15:19:00,69,0,60.0,1.15,28.0,Active & Healthy,Standard Loyalty Points & Regular Marketing Flow
CUST-01867,Mila Martinez,mila.martinez394@example.com,Standard,Organic Search,1,136.98,2026-06-28 06:17:00,2026-06-28 06:17:00,65,0,60.0,1.08,28.0,Active & Healthy,Standard Loyalty Points & Regular Marketing Flow
CUST-01635,Abigail Hall,abigail.hall904@example.com,Standard,Organic Search,1,99.98,2026-06-20 13:40:00,2026-06-20 13:40:00,72,0,60.0,1.2,28.0,Active & Healthy,Standard Loyalty Points & Regular Marketing Flow
CUST-02146,Henry Wilson,henry.wilson635@example.com,Standard,Paid Search (Google),1,74.97,2026-07-01 02:55:00,2026-07-01 02:55:00,62,0,60.0,1.03,28.0,Active & Healthy,Standard Loyalty Points & Regular Marketing Flow
CUST-02104,Penelope Lewis,penelope.lewis748@example.com,Standard,Organic Search,1,66.49,2026-06-30 20:06:00,2026-06-30 20:06:00,62,0,60.0,1.03,28.0,Active & Healthy,Standard Loyalty Points & Regular Marketing Flow
CUST-02073,Chloe Lee,chloe.lee95@example.com,Standard,Social Media (Instagram/TikTok),1,59.48,2026-07-03 08:32:00,2026-07-03 08:32:00,60,0,60.0,1.0,28.0,Active & Healthy,Standard Loyalty Points & Regular Marketing Flow
CUST-01625,Lily Rodriguez,lily.rodriguez914@example.com,Standard,Email Marketing,1,58.0,2026-06-26 00:13:00,2026-06-26 00:13:00,67,0,60.0,1.12,28.0,Active & Healthy,Standard Loyalty Points & Regular Marketing Flow
CUST-02164,Lucas Moore,lucas.moore475@example.com,Standard,Paid Search (Google),1,55.24,2026-06-22 05:28:00,2026-06-22 05:28:00,71,0,60.0,1.18,28.0,Active & Healthy,Standard Loyalty Points & Regular Marketing Flow
CUST-02015,Ella Smith,ella.smith765@example.com,Standard,Email Marketing,1,49.98,2026-07-02 02:15:00,2026-07-02 02:15:00,61,0,60.0,1.02,28.0,Active & Healthy,Standard Loyalty Points & Regular Marketing Flow
CUST-02197,James Clark,james.clark43@example.com,Standard,Paid Search (Google),1,47.79,2026-06-25 00:24:00,2026-06-25 00:24:00,68,0,60.0,1.13,28.0,Active & Healthy,Standard Loyalty Points & Regular Marketing Flow
CUST-01853,Madison Scott,madison.scott651@example.com,Standard,Paid Search (Google),1,42.0,2026-06-23 09:20:00,2026-06-23 09:20:00,70,0,60.0,1.17,28.0,Active & Healthy,Standard Loyalty Points & Regular Marketing Flow
CUST-01618,Scarlett Williams,scarlett.williams509@example.com,Standard,Affiliate Referral,1,36.99,2026-06-16 04:11:00,2026-06-16 04:11:00,77,0,60.0,1.28,28.0,Active & Healthy,Standard Loyalty Points & Regular Marketing Flow
CUST-00001,Lucas Johnson,lucas.johnson769@example.com,Platinum,Paid Search (Google),22,12388.61,2023-11-24 23:01:00,2026-07-04 01:10:00,59,952,45.3,1.3,25.0,Active & Healthy,Tier 1: High-Priority VIP Winback ($30 Loyalty Credit + Personal Email)
CUST-00100,Hannah Sanchez,hannah.sanchez259@example.com,Platinum,Organic Search,24,10399.6,2026-02-07 09:39:00,2026-08-20 17:53:00,11,194,8.4,1.31,25.0,Active & Healthy,Tier 1: High-Priority VIP Winback ($30 Loyalty Credit + Personal Email)
CUST-00137,Sofia Carter,sofia.carter485@example.com,Platinum,Email Marketing,18,8685.4,2025-11-02 10:47:00,2026-07-31 20:39:00,31,271,15.9,1.95,25.0,Active & Healthy,Tier 1: High-Priority VIP Winback ($30 Loyalty Credit + Personal Email)
CUST-00078,Sofia Moore,sofia.moore173@example.com,Platinum,Organic Search,21,8372.12,2026-05-11 12:29:00,2026-08-23 01:48:00,9,104,5.2,1.73,25.0,Active & Healthy,Tier 1: High-Priority VIP Winback ($30 Loyalty Credit + Personal Email)
CUST-00235,Elijah Baker,elijah.baker386@example.com,Platinum,Social Media (Instagram/TikTok),21,7986.4,2026-02-20 01:19:00,2026-08-18 03:32:00,14,179,9.0,1.56,25.0,Active & Healthy,Tier 1: High-Priority VIP Winback ($30 Loyalty Credit + Personal Email)
CUST-00199,Dylan Taylor,dylan.taylor356@example.com,Platinum,Email Marketing,8,7705.24,2026-04-20 12:44:00,2026-08-10 12:54:00,21,112,16.0,1.31,25.0,Active & Healthy,Tier 1: High-Priority VIP Winback ($30 Loyalty Credit + Personal Email)
CUST-00081,Olivia Nelson,olivia.nelson207@example.com,Platinum,Social Media (Instagram/TikTok),22,7396.3,2024-05-04 23:03:00,2026-07-07 07:17:00,56,793,37.8,1.48,25.0,Active & Healthy,Tier 1: High-Priority VIP Winback ($30 Loyalty Credit + Personal Email)
CUST-00038,Daniel Smith,daniel.smith82@example.com,Platinum,Organic Search,22,6804.3,2025-12-19 01:19:00,2026-08-16 01:30:00,16,240,11.4,1.4,25.0,Active & Healthy,Tier 1: High-Priority VIP Winback ($30 Loyalty Credit + Personal Email)
CUST-00107,Grayson Green,grayson.green254@example.com,Platinum,Organic Search,21,6368.57,2024-11-19 10:29:00,2026-07-23 06:51:00,40,611,30.6,1.31,25.0,Active & Healthy,Tier 1: High-Priority VIP Winback ($30 Loyalty Credit + Personal Email)
CUST-00060,Camila Sanchez,camila.sanchez144@example.com,Platinum,Social Media (Instagram/TikTok),15,5593.29,2026-01-15 18:20:00,2026-08-12 06:09:00,20,208,14.9,1.34,25.0,Active & Healthy,Tier 1: High-Priority VIP Winback ($30 Loyalty Credit + Personal Email)
CUST-00526,Wyatt Roberts,wyatt.roberts344@example.com,Gold,Social Media (Instagram/TikTok),8,4818.0,2025-12-30 16:28:00,2026-07-09 03:39:00,54,190,27.1,1.99,25.0,Active & Healthy,Tier 1: High-Priority VIP Winback ($30 Loyalty Credit + Personal Email)
CUST-00021,Camila Mitchell,camila.mitchell608@example.com,Platinum,Email Marketing,14,4753.06,2025-10-03 16:54:00,2026-07-24 14:04:00,38,294,22.6,1.68,25.0,Active & Healthy,Tier 1: High-Priority VIP Winback ($30 Loyalty Credit + Personal Email)
CUST-00297,Sophia Lewis,sophia.lewis940@example.com,Gold,Paid Search (Google),8,4718.8,2025-11-15 22:57:00,2026-07-07 13:48:00,55,234,33.4,1.65,25.0,Active & Healthy,Tier 1: High-Priority VIP Winback ($30 Loyalty Credit + Personal Email)
CUST-00338,Liam Harris,liam.harris904@example.com,Gold,Email Marketing,5,4292.89,2022-10-21 04:11:00,2026-03-24 16:29:00,160,1251,312.8,0.51,25.0,Active & Healthy,Tier 1: High-Priority VIP Winback ($30 Loyalty Credit + Personal Email)
CUST-00833,Owen Sanchez,owen.sanchez846@example.com,Silver,Email Marketing,4,4062.6,2024-07-05 20:33:00,2026-04-26 03:36:00,128,659,219.7,0.58,25.0,Active & Healthy,Tier 1: High-Priority VIP Winback ($30 Loyalty Credit + Personal Email)
CUST-00212,Jackson Robinson,jackson.robinson875@example.com,Platinum,Email Marketing,12,4014.43,2023-08-18 14:40:00,2026-05-27 02:03:00,97,1012,92.0,1.05,25.0,Active & Healthy,Tier 1: High-Priority VIP Winback ($30 Loyalty Credit + Personal Email)
CUST-00233,Elijah Young,elijah.young640@example.com,Platinum,Organic Search,9,3969.24,2024-07-24 09:19:00,2026-05-20 09:59:00,104,665,83.1,1.25,25.0,Active & Healthy,Tier 1: High-Priority VIP Winback ($30 Loyalty Credit + Personal Email)
CUST-00689,Grayson Thompson,grayson.thompson944@example.com,Gold,Social Media (Instagram/TikTok),5,3812.88,2025-04-16 00:52:00,2026-05-05 04:05:00,119,384,96.0,1.24,25.0,Active & Healthy,Tier 1: High-Priority VIP Winback ($30 Loyalty Credit + Personal Email)
CUST-00678,Mila Sanchez,mila.sanchez391@example.com,Gold,Organic Search,8,3719.82,2026-01-02 11:30:00,2026-07-11 14:10:00,51,190,27.1,1.88,25.0,Active & Healthy,Tier 1: High-Priority VIP Winback ($30 Loyalty Credit + Personal Email)
CUST-00264,Daniel Ramirez,daniel.ramirez875@example.com,Gold,Affiliate Referral,8,3639.33,2025-11-25 13:33:00,2026-07-16 06:29:00,47,233,33.3,1.41,25.0,Active & Healthy,Tier 1: High-Priority VIP Winback ($30 Loyalty Credit + Personal Email)
CUST-00501,Jackson Carter,jackson.carter851@example.com,Gold,Email Marketing,8,3462.89,2026-01-10 00:25:00,2026-07-18 04:09:00,45,189,27.0,1.67,25.0,Active & Healthy,Tier 1: High-Priority VIP Winback ($30 Loyalty Credit + Personal Email)
CUST-01137,Matthew Thomas,matthew.thomas523@example.com,Silver,Social Media (Instagram/TikTok),5,3250.89,2022-10-25 19:35:00,2026-03-16 00:07:00,169,1237,309.2,0.55,25.0,Active & Healthy,Tier 1: High-Priority VIP Winback ($30 Loyalty Credit + Personal Email)
CUST-00320,Alexander Gonzalez,alexander.gonzalez830@example.com,Gold,Social Media (Instagram/TikTok),7,3161.4,2023-11-21 01:21:00,2026-04-15 12:47:00,138,876,146.0,0.95,25.0,Active & Healthy,Tier 1: High-Priority VIP Winback ($30 Loyalty Credit + Personal Email)
CUST-00492,Sofia Hall,sofia.hall628@example.com,Gold,Email Marketing,4,2972.94,2024-03-05 05:13:00,2026-04-26 16:23:00,127,782,260.7,0.49,25.0,Active & Healthy,Tier 1: High-Priority VIP Winback ($30 Loyalty Credit + Personal Email)
CUST-00673,Charlotte Rivera,charlotte.rivera264@example.com,Gold,Affiliate Referral,6,2908.37,2024-08-24 04:27:00,2026-05-03 04:53:00,121,617,123.4,0.98,25.0,Active & Healthy,Tier 1: High-Priority VIP Winback ($30 Loyalty Credit + Personal Email)
CUST-00479,Daniel Clark,daniel.clark317@example.com,Gold,Affiliate Referral,4,2895.17,2024-04-13 22:55:00,2026-04-11 21:47:00,142,728,242.7,0.59,25.0,Active & Healthy,Tier 1: High-Priority VIP Winback ($30 Loyalty Credit + Personal Email)
CUST-01074,Henry Lee,henry.lee748@example.com,Silver,Affiliate Referral,4,2721.47,2026-03-16 15:20:00,2026-07-09 16:16:00,53,115,38.3,1.38,25.0,Active & Healthy,Tier 1: High-Priority VIP Winback ($30 Loyalty Credit + Personal Email)
CUST-01103,Ethan Young,ethan.young855@example.com,Silver,Affiliate Referral,3,2656.9,2026-05-22 21:13:00,2026-07-22 06:33:00,41,60,30.0,1.37,25.0,Active & Healthy,Tier 1: High-Priority VIP Winback ($30 Loyalty Credit + Personal Email)
CUST-02099,Ethan Ramirez,ethan.ramirez553@example.com,Standard,Paid Search (Google),3,2627.39,2025-11-19 07:57:00,2026-05-26 15:11:00,97,188,94.0,1.03,25.0,Active & Healthy,Tier 1: High-Priority VIP Winback ($30 Loyalty Credit + Personal Email)
CUST-00313,Noah Nelson,noah.nelson354@example.com,Gold,Paid Search (Google),9,2563.7,2026-02-12 20:38:00,2026-07-23 13:54:00,39,161,20.1,1.94,25.0,Active & Healthy,Tier 1: High-Priority VIP Winback ($30 Loyalty Credit + Personal Email)
CUST-00616,Penelope Garcia,penelope.garcia758@example.com,Gold,Organic Search,4,2496.7,2024-02-20 12:41:00,2026-03-27 10:35:00,158,766,255.3,0.62,25.0,Active & Healthy,Tier 1: High-Priority VIP Winback ($30 Loyalty Credit + Personal Email)
CUST-00849,Evelyn Young,evelyn.young14@example.com,Silver,Affiliate Referral,5,2489.83,2022-09-18 03:45:00,2026-04-26 21:08:00,127,1317,329.2,0.39,25.0,Active & Healthy,Tier 1: High-Priority VIP Winback ($30 Loyalty Credit + Personal Email)
CUST-01228,Grace Martin,grace.martin350@example.com,Silver,Affiliate Referral,3,2313.78,2025-05-26 02:56:00,2026-04-16 13:09:00,137,325,162.5,0.84,25.0,Active & Healthy,Tier 1: High-Priority VIP Winback ($30 Loyalty Credit + Personal Email)
CUST-00870,Mila Roberts,mila.roberts752@example.com,Silver,Email Marketing,5,2257.9,2024-04-30 03:10:00,2026-04-16 01:18:00,138,716,179.0,0.77,25.0,Active & Healthy,Tier 1: High-Priority VIP Winback ($30 Loyalty Credit + Personal Email)
CUST-01666,Evelyn Rivera,evelyn.rivera396@example.com,Standard,Organic Search,2,2219.96,2024-02-17 19:19:00,2026-05-02 10:03:00,122,805,805.0,0.15,25.0,Active & Healthy,Tier 1: High-Priority VIP Winback ($30 Loyalty Credit + Personal Email)
CUST-00383,Sophia Johnson,sophia.johnson93@example.com,Gold,Affiliate Referral,7,2201.54,2026-01-20 18:37:00,2026-07-23 08:36:00,40,184,30.7,1.3,25.0,Active & Healthy,Tier 1: High-Priority VIP Winback ($30 Loyalty Credit + Personal Email)
CUST-01154,Grayson Walker,grayson.walker150@example.com,Silver,Paid Search (Google),5,2164.27,2023-07-08 06:37:00,2026-03-31 16:30:00,153,997,249.2,0.61,25.0,Active & Healthy,Tier 1: High-Priority VIP Winback ($30 Loyalty Credit + Personal Email)
CUST-00410,Matthew Walker,matthew.walker845@example.com,Gold,Social Media (Instagram/TikTok),4,2044.65,2024-09-18 14:42:00,2026-05-04 03:36:00,120,593,197.7,0.61,25.0,Active & Healthy,Tier 1: High-Priority VIP Winback ($30 Loyalty Credit + Personal Email)
CUST-01056,Victoria Lee,victoria.lee172@example.com,Silver,Affiliate Referral,5,2040.94,2022-10-24 15:03:00,2026-03-22 22:19:00,162,1245,311.2,0.52,25.0,Active & Healthy,Tier 1: High-Priority VIP Winback ($30 Loyalty Credit + Personal Email)
CUST-00529,Benjamin Roberts,benjamin.roberts643@example.com,Gold,Organic Search,6,1962.97,2024-01-15 17:12:00,2026-04-06 03:52:00,148,811,162.2,0.91,25.0,Active & Healthy,Tier 1: High-Priority VIP Winback ($30 Loyalty Credit + Personal Email)
CUST-00256,Jack Lee,jack.lee691@example.com,Gold,Paid Search (Google),5,1872.98,2024-08-13 13:26:00,2026-04-19 13:50:00,134,614,153.5,0.87,25.0,Active & Healthy,Tier 1: High-Priority VIP Winback ($30 Loyalty Credit + Personal Email)
CUST-00124,Abigail Thomas,abigail.thomas139@example.com,Platinum,Organic Search,9,1854.36,2026-03-31 03:57:00,2026-08-09 06:36:00,23,131,16.4,1.4,25.0,Active & Healthy,Tier 1: High-Priority VIP Winback ($30 Loyalty Credit + Personal Email)
CUST-01210,Chloe Lewis,chloe.lewis859@example.com,Silver,Affiliate Referral,3,1848.9,2023-11-27 08:43:00,2026-04-30 22:56:00,123,886,443.0,0.28,25.0,Active & Healthy,Tier 1: High-Priority VIP Winback ($30 Loyalty Credit + Personal Email)
CUST-00306,Joseph Martin,joseph.martin681@example.com,Gold,Email Marketing,7,1819.19,2026-05-18 04:27:00,2026-08-08 11:43:00,24,82,13.7,1.75,25.0,Active & Healthy,Tier 1: High-Priority VIP Winback ($30 Loyalty Credit + Personal Email)
CUST-00631,Liam Nguyen,liam.nguyen79@example.com,Gold,Paid Search (Google),6,1819.18,2024-03-30 11:28:00,2026-04-17 10:12:00,137,748,149.6,0.92,25.0,Active & Healthy,Tier 1: High-Priority VIP Winback ($30 Loyalty Credit + Personal Email)
CUST-00819,Luna Lopez,luna.lopez126@example.com,Silver,Email Marketing,2,1724.98,2024-12-27 11:30:00,2026-03-10 23:16:00,174,438,438.0,0.4,25.0,Active & Healthy,Tier 1: High-Priority VIP Winback ($30 Loyalty Credit + Personal Email)
CUST-00598,Logan Rivera,logan.rivera339@example.com,Gold,Email Marketing,3,1708.19,2023-12-04 09:56:00,2026-04-26 12:14:00,127,874,437.0,0.29,25.0,Active & Healthy,Tier 1: High-Priority VIP Winback ($30 Loyalty Credit + Personal Email)
CUST-01946,Daniel Hall,daniel.hall763@example.com,Standard,Email Marketing,2,1670.46,2025-04-09 17:00:00,2026-03-23 22:59:00,161,348,348.0,0.46,25.0,Active & Healthy,Tier 1: High-Priority VIP Winback ($30 Loyalty Credit + Personal Email)
CUST-00591,Luke Davis,luke.davis804@example.com,Gold,Paid Search (Google),7,1651.35,2024-08-24 14:57:00,2026-05-16 01:31:00,108,629,104.8,1.03,25.0,Active & Healthy,Tier 1: High-Priority VIP Winback ($30 Loyalty Credit + Personal Email)
CUST-00712,Joseph Lee,joseph.lee181@example.com,Gold,Social Media (Instagram/TikTok),6,1636.72,2023-10-12 08:54:00,2026-03-30 19:55:00,154,900,180.0,0.86,25.0,Active & Healthy,Tier 1: High-Priority VIP Winback ($30 Loyalty Credit + Personal Email)
CUST-01101,Jackson Martin,jackson.martin104@example.com,Silver,Affiliate Referral,4,1630.46,2024-12-08 15:59:00,2026-05-03 15:04:00,120,511,170.3,0.7,25.0,Active & Healthy,Tier 1: High-Priority VIP Winback ($30 Loyalty Credit + Personal Email)
CUST-00981,Mia Allen,mia.allen311@example.com,Silver,Affiliate Referral,3,1588.07,2023-02-10 20:33:00,2026-05-02 23:14:00,121,1177,588.5,0.21,25.0,Active & Healthy,Tier 1: High-Priority VIP Winback ($30 Loyalty Credit + Personal Email)
CUST-01158,Jayden Thomas,jayden.thomas447@example.com,Silver,Affiliate Referral,3,1556.87,2022-09-26 12:40:00,2026-04-09 02:12:00,145,1291,645.5,0.22,25.0,Active & Healthy,Tier 1: High-Priority VIP Winback ($30 Loyalty Credit + Personal Email)
CUST-00311,Grayson Gonzalez,grayson.gonzalez241@example.com,Gold,Organic Search,7,1435.72,2023-04-27 00:27:00,2026-04-18 23:25:00,135,1088,181.3,0.74,25.0,Active & Healthy,Tier 1: High-Priority VIP Winback ($30 Loyalty Credit + Personal Email)
CUST-01140,Charlotte Campbell,charlotte.campbell401@example.com,Silver,Affiliate Referral,4,1426.15,2026-03-21 21:05:00,2026-07-04 23:08:00,58,105,35.0,1.66,25.0,Active & Healthy,Tier 1: High-Priority VIP Winback ($30 Loyalty Credit + Personal Email)
CUST-01330,William Gonzalez,william.gonzalez446@example.com,Silver,Email Marketing,4,1368.38,2026-04-01 19:13:00,2026-07-08 23:41:00,54,98,32.7,1.65,25.0,Active & Healthy,Tier 1: High-Priority VIP Winback ($30 Loyalty Credit + Personal Email)
CUST-00367,Charlotte Baker,charlotte.baker875@example.com,Gold,Social Media (Instagram/TikTok),6,1346.57,2026-02-27 12:09:00,2026-07-12 10:48:00,51,135,27.0,1.89,25.0,Active & Healthy,Tier 1: High-Priority VIP Winback ($30 Loyalty Credit + Personal Email)
CUST-01727,Jacob Garcia,jacob.garcia845@example.com,Standard,Social Media (Instagram/TikTok),2,1308.36,2025-12-14 17:22:00,2026-04-24 06:44:00,130,131,131.0,0.99,25.0,Active & Healthy,Tier 1: High-Priority VIP Winback ($30 Loyalty Credit + Personal Email)
CUST-00327,Samuel Miller,samuel.miller869@example.com,Gold,Social Media (Instagram/TikTok),3,1298.92,2026-05-28 21:52:00,2026-07-16 23:36:00,46,49,24.5,1.88,25.0,Active & Healthy,Tier 1: High-Priority VIP Winback ($30 Loyalty Credit + Personal Email)
CUST-01978,Grace Hill,grace.hill561@example.com,Standard,Organic Search,2,1254.7,2025-05-25 01:35:00,2026-03-17 09:58:00,168,296,296.0,0.57,25.0,Active & Healthy,Tier 1: High-Priority VIP Winback ($30 Loyalty Credit + Personal Email)
CUST-01019,Riley Green,riley.green637@example.com,Silver,Organic Search,3,1197.96,2025-02-26 17:00:00,2026-04-20 13:16:00,133,418,209.0,0.64,25.0,Active & Healthy,Tier 1: High-Priority VIP Winback ($30 Loyalty Credit + Personal Email)
CUST-00998,Jack Walker,jack.walker972@example.com,Silver,Affiliate Referral,2,1162.46,2022-11-15 20:29:00,2026-03-29 04:18:00,156,1229,1229.0,0.13,25.0,Active & Healthy,Tier 1: High-Priority VIP Winback ($30 Loyalty Credit + Personal Email)
CUST-02098,Carter Garcia,carter.garcia927@example.com,Standard,Paid Search (Google),2,1141.99,2025-11-04 06:37:00,2026-04-07 21:44:00,146,155,155.0,0.94,25.0,Active & Healthy,Tier 1: High-Priority VIP Winback ($30 Loyalty Credit + Personal Email)
CUST-00872,Harper Harris,harper.harris51@example.com,Silver,Affiliate Referral,3,1117.45,2025-08-07 05:16:00,2026-05-03 20:07:00,120,270,135.0,0.89,25.0,Active & Healthy,Tier 1: High-Priority VIP Winback ($30 Loyalty Credit + Personal Email)
CUST-00725,Oliver Sanchez,oliver.sanchez595@example.com,Gold,Paid Search (Google),5,1117.03,2025-07-19 17:03:00,2026-05-26 18:10:00,97,311,77.8,1.25,25.0,Active & Healthy,Tier 1: High-Priority VIP Winback ($30 Loyalty Credit + Personal Email)
CUST-01956,Owen Ramirez,owen.ramirez705@example.com,Standard,Organic Search,3,1116.45,2023-07-04 07:41:00,2026-03-24 21:57:00,160,995,497.5,0.32,25.0,Active & Healthy,Tier 1: High-Priority VIP Winback ($30 Loyalty Credit + Personal Email)
CUST-00715,Penelope Lewis,penelope.lewis760@example.com,Gold,Email Marketing,7,1097.17,2023-07-29 17:32:00,2026-04-01 18:10:00,152,977,162.8,0.93,25.0,Active & Healthy,Tier 1: High-Priority VIP Winback ($30 Loyalty Credit + Personal Email)
CUST-00840,Dylan Rivera,dylan.rivera682@example.com,Silver,Organic Search,2,1092.17,2025-06-02 15:59:00,2026-03-27 03:23:00,158,297,297.0,0.53,25.0,Active & Healthy,Tier 1: High-Priority VIP Winback ($30 Loyalty Credit + Personal Email)
CUST-00361,Mia Torres,mia.torres150@example.com,Gold,Email Marketing,4,1075.66,2024-11-08 10:35:00,2026-03-31 00:18:00,154,508,169.3,0.91,25.0,Active & Healthy,Tier 1: High-Priority VIP Winback ($30 Loyalty Credit + Personal Email)
CUST-00419,Owen Lee,owen.lee989@example.com,Gold,Affiliate Referral,4,1023.49,2025-01-25 17:05:00,2026-04-15 04:45:00,139,444,148.0,0.94,25.0,Active & Healthy,Tier 1: High-Priority VIP Winback ($30 Loyalty Credit + Personal Email)
CUST-01425,Grayson Hall,grayson.hall670@example.com,Silver,Organic Search,5,1017.59,2023-06-18 09:03:00,2026-03-19 02:42:00,166,1005,251.2,0.66,25.0,Active & Healthy,Tier 1: High-Priority VIP Winback ($30 Loyalty Credit + Personal Email)
CUST-00551,John Baker,john.baker521@example.com,Gold,Social Media (Instagram/TikTok),6,1006.79,2026-04-29 17:42:00,2026-07-28 14:44:00,34,90,18.0,1.89,25.0,Active & Healthy,Tier 1: High-Priority VIP Winback ($30 Loyalty Credit + Personal Email)
CUST-00416,Abigail Clark,abigail.clark717@example.com,Gold,Affiliate Referral,3,999.74,2024-11-14 09:52:00,2026-04-14 00:04:00,140,516,258.0,0.54,25.0,Active & Healthy,Tier 1: High-Priority VIP Winback ($30 Loyalty Credit + Personal Email)
CUST-01253,Grace Davis,grace.davis891@example.com,Silver,Paid Search (Google),4,963.14,2022-08-07 08:29:00,2026-04-17 14:59:00,136,1349,449.7,0.3,25.0,Active & Healthy,Tier 1: High-Priority VIP Winback ($30 Loyalty Credit + Personal Email)
CUST-02262,Grace Scott,grace.scott865@example.com,Standard,Paid Search (Google),2,878.18,2025-03-31 07:11:00,2026-03-17 11:43:00,168,351,351.0,0.48,25.0,Active & Healthy,Tier 1: High-Priority VIP Winback ($30 Loyalty Credit + Personal Email)
CUST-01737,Harper Baker,harper.baker540@example.com,Standard,Social Media (Instagram/TikTok),2,868.56,2025-09-22 04:19:00,2026-04-02 13:51:00,151,192,192.0,0.79,25.0,Active & Healthy,Tier 1: High-Priority VIP Winback ($30 Loyalty Credit + Personal Email)
CUST-01221,Abigail Hernandez,abigail.hernandez290@example.com,Silver,Affiliate Referral,3,809.46,2025-04-08 12:25:00,2026-04-30 21:04:00,123,387,193.5,0.64,25.0,Active & Healthy,Tier 1: High-Priority VIP Winback ($30 Loyalty Credit + Personal Email)
CUST-00812,Lucas Torres,lucas.torres695@example.com,Silver,Organic Search,4,786.95,2023-04-09 06:26:00,2026-03-27 18:12:00,157,1083,361.0,0.43,25.0,Active & Healthy,Standard Loyalty Points & Regular Marketing Flow
CUST-00844,Evelyn Rivera,evelyn.rivera770@example.com,Silver,Organic Search,3,645.71,2025-02-20 19:34:00,2026-04-14 17:06:00,139,418,209.0,0.67,25.0,Active & Healthy,Standard Loyalty Points & Regular Marketing Flow
CUST-00923,Carter Allen,carter.allen20@example.com,Silver,Affiliate Referral,2,624.54,2024-10-15 06:31:00,2026-04-02 16:31:00,151,534,534.0,0.28,25.0,Active & Healthy,Standard Loyalty Points & Regular Marketing Flow
CUST-00926,Eleanor Thompson,eleanor.thompson51@example.com,Silver,Paid Search (Google),2,584.97,2025-06-19 00:24:00,2026-03-12 12:29:00,172,267,267.0,0.64,25.0,Active & Healthy,Standard Loyalty Points & Regular Marketing Flow
CUST-01919,Jayden Hall,jayden.hall421@example.com,Standard,Organic Search,2,539.99,2025-04-22 14:25:00,2026-04-15 16:31:00,138,358,358.0,0.39,25.0,Active & Healthy,Standard Loyalty Points & Regular Marketing Flow
CUST-01465,Harper Martinez,harper.martinez414@example.com,Silver,Affiliate Referral,3,497.95,2026-05-17 09:28:00,2026-07-20 11:06:00,43,64,32.0,1.34,25.0,Active & Healthy,Standard Loyalty Points & Regular Marketing Flow
CUST-01433,Jacob Roberts,jacob.roberts653@example.com,Silver,Affiliate Referral,3,485.45,2024-12-12 18:39:00,2026-03-27 00:10:00,158,469,234.5,0.67,25.0,Active & Healthy,Standard Loyalty Points & Regular Marketing Flow
CUST-01898,Wyatt Rivera,wyatt.rivera610@example.com,Standard,Paid Search (Google),2,418.11,2025-11-05 02:34:00,2026-04-23 05:43:00,131,169,169.0,0.78,25.0,Active & Healthy,Standard Loyalty Points & Regular Marketing Flow
CUST-01102,Ella Campbell,ella.campbell89@example.com,Silver,Email Marketing,3,396.47,2025-04-22 16:52:00,2026-04-21 14:13:00,132,364,182.0,0.73,25.0,Active & Healthy,Standard Loyalty Points & Regular Marketing Flow
CUST-00466,Chloe Harris,chloe.harris469@example.com,Gold,Email Marketing,4,389.29,2024-10-02 11:46:00,2026-04-05 23:56:00,148,551,183.7,0.81,25.0,Active & Healthy,Standard Loyalty Points & Regular Marketing Flow
CUST-01076,Abigail Flores,abigail.flores299@example.com,Silver,Social Media (Instagram/TikTok),3,378.7,2025-03-16 12:34:00,2026-04-28 23:46:00,125,408,204.0,0.61,25.0,Active & Healthy,Standard Loyalty Points & Regular Marketing Flow
CUST-01916,Jack Perez,jack.perez389@example.com,Standard,Social Media (Instagram/TikTok),2,372.98,2024-05-11 01:38:00,2026-03-11 03:45:00,174,669,669.0,0.26,25.0,Active & Healthy,Standard Loyalty Points & Regular Marketing Flow
CUST-00502,Jayden Hernandez,jayden.hernandez760@example.com,Gold,Paid Search (Google),3,346.46,2024-10-11 03:43:00,2026-03-19 12:02:00,165,524,262.0,0.63,25.0,Active & Healthy,Standard Loyalty Points & Regular Marketing Flow
CUST-00834,Luke Torres,luke.torres468@example.com,Silver,Email Marketing,2,325.47,2025-11-25 17:43:00,2026-04-27 09:30:00,127,153,153.0,0.83,25.0,Active & Healthy,Standard Loyalty Points & Regular Marketing Flow
CUST-01262,Nora Harris,nora.harris373@example.com,Silver,Email Marketing,3,308.9,2024-10-04 09:19:00,2026-03-24 12:20:00,160,536,268.0,0.6,25.0,Active & Healthy,Standard Loyalty Points & Regular Marketing Flow
CUST-01288,Sophia Miller,sophia.miller949@example.com,Silver,Social Media (Instagram/TikTok),2,266.96,2026-01-16 19:26:00,2026-05-10 00:38:00,114,113,113.0,1.01,25.0,Active & Healthy,Standard Loyalty Points & Regular Marketing Flow
CUST-00980,Camila Lopez,camila.lopez426@example.com,Silver,Affiliate Referral,2,226.04,2023-03-16 16:13:00,2026-04-28 22:55:00,125,1139,1139.0,0.11,25.0,Active & Healthy,Standard Loyalty Points & Regular Marketing Flow
CUST-01864,Emma Anderson,emma.anderson31@example.com,Standard,Social Media (Instagram/TikTok),2,225.97,2024-07-08 08:03:00,2026-03-10 16:15:00,174,610,610.0,0.29,25.0,Active & Healthy,Standard Loyalty Points & Regular Marketing Flow
CUST-00681,Sophia Robinson,sophia.robinson61@example.com,Gold,Email Marketing,2,195.22,2025-08-29 13:14:00,2026-03-20 16:39:00,164,203,203.0,0.81,25.0,Active & Healthy,Standard Loyalty Points & Regular Marketing Flow
CUST-02093,Scarlett Miller,scarlett.miller533@example.com,Standard,Paid Search (Google),2,151.8,2025-05-30 19:08:00,2026-04-14 20:23:00,139,319,319.0,0.44,25.0,Active & Healthy,Standard Loyalty Points & Regular Marketing Flow
CUST-01118,Joseph Gonzalez,joseph.gonzalez338@example.com,Silver,Organic Search,2,99.47,2025-11-28 14:42:00,2026-04-28 21:37:00,125,151,151.0,0.83,25.0,Active & Healthy,Standard Loyalty Points & Regular Marketing Flow
CUST-00018,Noah Lee,noah.lee420@example.com,Platinum,Paid Search (Google),22,12948.61,2023-04-01 03:05:00,2026-07-02 02:49:00,61,1188,56.6,1.08,18.0,Active & Healthy,Tier 1: High-Priority VIP Winback ($30 Loyalty Credit + Personal Email)
CUST-00075,Michael Baker,michael.baker265@example.com,Platinum,Social Media (Instagram/TikTok),21,10346.38,2023-03-22 23:03:00,2026-06-25 19:03:00,67,1191,59.6,1.12,18.0,Active & Healthy,Tier 1: High-Priority VIP Winback ($30 Loyalty Credit + Personal Email)
CUST-00223,Luna Davis,luna.davis489@example.com,Platinum,Paid Search (Google),24,10010.46,2023-04-14 08:08:00,2026-06-29 23:21:00,63,1173,51.0,1.24,18.0,Active & Healthy,Tier 1: High-Priority VIP Winback ($30 Loyalty Credit + Personal Email)
CUST-00341,David Rodriguez,david.rodriguez55@example.com,Gold,Social Media (Instagram/TikTok),7,6850.85,2025-07-28 13:36:00,2026-06-22 12:55:00,70,329,54.8,1.28,18.0,Active & Healthy,Tier 1: High-Priority VIP Winback ($30 Loyalty Credit + Personal Email)
CUST-00467,Benjamin Baker,benjamin.baker997@example.com,Gold,Paid Search (Google),7,5732.15,2025-07-05 12:11:00,2026-07-02 17:25:00,60,362,60.3,1.0,18.0,Active & Healthy,Tier 1: High-Priority VIP Winback ($30 Loyalty Credit + Personal Email)
CUST-01319,Evelyn Williams,evelyn.williams207@example.com,Silver,Paid Search (Google),4,4170.4,2025-11-10 05:34:00,2026-06-16 15:29:00,76,218,72.7,1.05,18.0,Active & Healthy,Tier 1: High-Priority VIP Winback ($30 Loyalty Credit + Personal Email)
CUST-00456,Lucas Brown,lucas.brown858@example.com,Gold,Paid Search (Google),6,3676.88,2025-07-12 22:39:00,2026-06-19 21:13:00,73,342,68.4,1.07,18.0,Active & Healthy,Tier 1: High-Priority VIP Winback ($30 Loyalty Credit + Personal Email)
CUST-00694,Isabella Carter,isabella.carter980@example.com,Gold,Email Marketing,4,2209.71,2025-12-11 21:57:00,2026-06-16 18:33:00,76,187,62.3,1.22,18.0,Active & Healthy,Tier 1: High-Priority VIP Winback ($30 Loyalty Credit + Personal Email)
CUST-00737,Logan Davis,logan.davis982@example.com,Gold,Paid Search (Google),7,2155.4,2025-07-09 01:03:00,2026-07-02 23:50:00,60,359,59.8,1.0,18.0,Active & Healthy,Tier 1: High-Priority VIP Winback ($30 Loyalty Credit + Personal Email)
CUST-01281,John Roberts,john.roberts402@example.com,Silver,Email Marketing,3,2102.92,2026-02-14 18:26:00,2026-06-23 20:37:00,69,129,64.5,1.07,18.0,Active & Healthy,Tier 1: High-Priority VIP Winback ($30 Loyalty Credit + Personal Email)
CUST-01394,Emily Taylor,emily.taylor242@example.com,Silver,Social Media (Instagram/TikTok),3,1774.32,2026-01-12 23:15:00,2026-06-06 04:10:00,87,144,72.0,1.21,18.0,Active & Healthy,Tier 1: High-Priority VIP Winback ($30 Loyalty Credit + Personal Email)
CUST-01255,Owen Sanchez,owen.sanchez400@example.com,Silver,Paid Search (Google),4,871.17,2025-09-24 21:25:00,2026-06-04 17:48:00,88,253,84.3,1.04,18.0,Active & Healthy,Tier 1: High-Priority VIP Winback ($30 Loyalty Credit + Personal Email)
CUST-01315,Jayden Carter,jayden.carter794@example.com,Silver,Paid Search (Google),3,219.96,2026-03-03 10:51:00,2026-06-30 11:48:00,63,119,59.5,1.06,18.0,Active & Healthy,Standard Loyalty Points & Regular Marketing Flow
CUST-01278,Abigail Nelson,abigail.nelson467@example.com,Silver,Social Media (Instagram/TikTok),5,7664.72,2023-10-07 12:58:00,2026-05-08 11:47:00,116,944,236.0,0.49,15.0,Active & Healthy,Tier 1: High-Priority VIP Winback ($30 Loyalty Credit + Personal Email)
CUST-00074,Mason Williams,mason.williams325@example.com,Platinum,Social Media (Instagram/TikTok),11,5059.54,2022-10-19 18:47:00,2026-05-26 00:55:00,98,1314,131.4,0.75,15.0,Active & Healthy,Tier 1: High-Priority VIP Winback ($30 Loyalty Credit + Personal Email)
CUST-00316,Henry Lewis,henry.lewis635@example.com,Gold,Paid Search (Google),5,3937.52,2024-12-30 15:12:00,2026-05-15 00:26:00,109,500,125.0,0.87,15.0,Active & Healthy,Tier 1: High-Priority VIP Winback ($30 Loyalty Credit + Personal Email)
CUST-01084,Isabella Flores,isabella.flores282@example.com,Silver,Organic Search,4,3264.79,2025-04-03 05:43:00,2026-05-19 05:35:00,105,411,137.0,0.77,15.0,Active & Healthy,Tier 1: High-Priority VIP Winback ($30 Loyalty Credit + Personal Email)
CUST-01399,Noah Nelson,noah.nelson334@example.com,Silver,Social Media (Instagram/TikTok),3,2861.41,2024-01-18 06:48:00,2026-05-19 09:03:00,105,852,426.0,0.25,15.0,Active & Healthy,Tier 1: High-Priority VIP Winback ($30 Loyalty Credit + Personal Email)
CUST-00753,Chloe Brown,chloe.brown537@example.com,Silver,Organic Search,5,2835.23,2024-09-06 09:45:00,2026-05-09 16:22:00,114,610,152.5,0.75,15.0,Active & Healthy,Tier 1: High-Priority VIP Winback ($30 Loyalty Credit + Personal Email)
CUST-01478,Liam Carter,liam.carter42@example.com,Silver,Email Marketing,5,2676.3,2023-12-12 04:43:00,2026-05-26 16:53:00,97,897,224.2,0.43,15.0,Active & Healthy,Tier 1: High-Priority VIP Winback ($30 Loyalty Credit + Personal Email)
CUST-01387,Logan Young,logan.young164@example.com,Silver,Affiliate Referral,5,2529.51,2023-10-10 21:49:00,2026-05-07 10:41:00,117,940,235.0,0.5,15.0,Active & Healthy,Tier 1: High-Priority VIP Winback ($30 Loyalty Credit + Personal Email)
CUST-01120,Logan Lewis,logan.lewis55@example.com,Silver,Paid Search (Google),4,2429.66,2025-04-25 02:39:00,2026-05-29 05:24:00,95,399,133.0,0.71,15.0,Active & Healthy,Tier 1: High-Priority VIP Winback ($30 Loyalty Credit + Personal Email)
CUST-00523,Penelope Baker,penelope.baker928@example.com,Gold,Email Marketing,5,2243.9,2024-07-04 20:32:00,2026-05-18 19:49:00,105,683,170.8,0.61,15.0,Active & Healthy,Tier 1: High-Priority VIP Winback ($30 Loyalty Credit + Personal Email)
CUST-00709,James Hall,james.hall981@example.com,Gold,Affiliate Referral,5,2098.09,2024-08-11 15:14:00,2026-05-19 06:26:00,105,646,161.5,0.65,15.0,Active & Healthy,Tier 1: High-Priority VIP Winback ($30 Loyalty Credit + Personal Email)
CUST-00298,Madison Hill,madison.hill497@example.com,Gold,Organic Search,6,2040.64,2023-07-19 14:57:00,2026-06-01 04:00:00,92,1048,209.6,0.44,15.0,Active & Healthy,Tier 1: High-Priority VIP Winback ($30 Loyalty Credit + Personal Email)
CUST-01238,John Thomas,john.thomas645@example.com,Silver,Paid Search (Google),2,1974.06,2025-11-12 14:13:00,2026-05-10 15:30:00,113,179,179.0,0.63,15.0,Active & Healthy,Tier 1: High-Priority VIP Winback ($30 Loyalty Credit + Personal Email)
CUST-01299,Elizabeth Davis,elizabeth.davis722@example.com,Silver,Social Media (Instagram/TikTok),4,1959.54,2024-01-06 07:50:00,2026-05-27 10:03:00,97,872,290.7,0.33,15.0,Active & Healthy,Tier 1: High-Priority VIP Winback ($30 Loyalty Credit + Personal Email)
CUST-01382,Oliver Jones,oliver.jones391@example.com,Silver,Email Marketing,2,1845.46,2025-02-17 08:34:00,2026-06-01 10:25:00,92,469,469.0,0.2,15.0,Active & Healthy,Tier 1: High-Priority VIP Winback ($30 Loyalty Credit + Personal Email)
CUST-01110,Oliver Baker,oliver.baker759@example.com,Silver,Affiliate Referral,3,1798.65,2025-01-08 12:02:00,2026-05-25 15:50:00,98,502,251.0,0.39,15.0,Active & Healthy,Tier 1: High-Priority VIP Winback ($30 Loyalty Credit + Personal Email)
CUST-01303,Owen Harris,owen.harris350@example.com,Silver,Social Media (Instagram/TikTok),4,1748.63,2025-01-05 21:57:00,2026-05-25 03:08:00,99,504,168.0,0.59,15.0,Active & Healthy,Tier 1: High-Priority VIP Winback ($30 Loyalty Credit + Personal Email)
CUST-00667,Evelyn Roberts,evelyn.roberts798@example.com,Gold,Paid Search (Google),9,1732.55,2023-09-26 21:08:00,2026-06-01 09:14:00,92,979,122.4,0.75,15.0,Active & Healthy,Tier 1: High-Priority VIP Winback ($30 Loyalty Credit + Personal Email)
CUST-00508,Eleanor Nelson,eleanor.nelson509@example.com,Gold,Affiliate Referral,5,1689.15,2022-08-14 05:57:00,2026-05-25 17:36:00,98,1380,345.0,0.28,15.0,Active & Healthy,Tier 1: High-Priority VIP Winback ($30 Loyalty Credit + Personal Email)
CUST-00608,Jayden Smith,jayden.smith991@example.com,Gold,Paid Search (Google),4,1669.74,2025-03-31 11:42:00,2026-05-23 17:15:00,100,418,139.3,0.72,15.0,Active & Healthy,Tier 1: High-Priority VIP Winback ($30 Loyalty Credit + Personal Email)
CUST-01486,Sophia Rodriguez,sophia.rodriguez867@example.com,Silver,Affiliate Referral,4,1618.8,2024-11-08 15:13:00,2026-06-02 10:19:00,91,571,190.3,0.48,15.0,Active & Healthy,Tier 1: High-Priority VIP Winback ($30 Loyalty Credit + Personal Email)
CUST-01150,Olivia Carter,olivia.carter636@example.com,Silver,Affiliate Referral,3,1598.56,2024-12-28 16:49:00,2026-06-02 04:50:00,91,521,260.5,0.35,15.0,Active & Healthy,Tier 1: High-Priority VIP Winback ($30 Loyalty Credit + Personal Email)
CUST-02014,Harper Jackson,harper.jackson316@example.com,Standard,Social Media (Instagram/TikTok),2,1522.46,2025-04-04 15:03:00,2026-06-03 02:46:00,90,424,424.0,0.21,15.0,Active & Healthy,Tier 1: High-Priority VIP Winback ($30 Loyalty Credit + Personal Email)
CUST-00539,Logan Jones,logan.jones181@example.com,Gold,Email Marketing,5,1520.14,2024-05-19 02:10:00,2026-05-30 02:57:00,94,741,185.2,0.51,15.0,Active & Healthy,Tier 1: High-Priority VIP Winback ($30 Loyalty Credit + Personal Email)
CUST-01481,Emily Young,emily.young451@example.com,Silver,Email Marketing,2,1343.19,2025-02-08 04:53:00,2026-05-31 18:46:00,92,478,478.0,0.19,15.0,Active & Healthy,Tier 1: High-Priority VIP Winback ($30 Loyalty Credit + Personal Email)
CUST-01099,Abigail Miller,abigail.miller48@example.com,Silver,Paid Search (Google),2,1317.97,2024-08-16 23:47:00,2026-05-04 21:59:00,119,626,626.0,0.19,15.0,Active & Healthy,Tier 1: High-Priority VIP Winback ($30 Loyalty Credit + Personal Email)
CUST-01318,Grayson Garcia,grayson.garcia916@example.com,Silver,Paid Search (Google),3,1312.97,2025-03-09 07:07:00,2026-05-15 18:12:00,108,432,216.0,0.5,15.0,Active & Healthy,Tier 1: High-Priority VIP Winback ($30 Loyalty Credit + Personal Email)
CUST-00442,Elizabeth Smith,elizabeth.smith764@example.com,Gold,Affiliate Referral,4,1292.25,2024-09-11 04:00:00,2026-05-12 23:21:00,111,609,203.0,0.55,15.0,Active & Healthy,Tier 1: High-Priority VIP Winback ($30 Loyalty Credit + Personal Email)
CUST-01018,Aiden Robinson,aiden.robinson656@example.com,Silver,Social Media (Instagram/TikTok),4,1267.93,2024-01-24 18:03:00,2026-05-27 21:36:00,96,854,284.7,0.34,15.0,Active & Healthy,Tier 1: High-Priority VIP Winback ($30 Loyalty Credit + Personal Email)
CUST-01900,Owen Nguyen,owen.nguyen325@example.com,Standard,Organic Search,2,1211.83,2025-03-28 08:28:00,2026-05-27 08:37:00,97,425,425.0,0.23,15.0,Active & Healthy,Tier 1: High-Priority VIP Winback ($30 Loyalty Credit + Personal Email)
CUST-01053,Emma Davis,emma.davis796@example.com,Silver,Email Marketing,4,1158.24,2024-04-04 06:20:00,2026-05-29 04:00:00,95,785,261.7,0.36,15.0,Active & Healthy,Tier 1: High-Priority VIP Winback ($30 Loyalty Credit + Personal Email)
CUST-01484,Isabella Sanchez,isabella.sanchez279@example.com,Silver,Email Marketing,2,1072.45,2025-10-12 17:37:00,2026-05-14 10:13:00,110,214,214.0,0.51,15.0,Active & Healthy,Tier 1: High-Priority VIP Winback ($30 Loyalty Credit + Personal Email)
CUST-00787,James Lewis,james.lewis290@example.com,Silver,Affiliate Referral,3,1062.42,2023-07-07 19:04:00,2026-05-10 16:10:00,113,1038,519.0,0.22,15.0,Active & Healthy,Tier 1: High-Priority VIP Winback ($30 Loyalty Credit + Personal Email)
CUST-02103,Abigail Roberts,abigail.roberts681@example.com,Standard,Paid Search (Google),2,1046.45,2024-04-20 12:27:00,2026-05-17 19:37:00,106,757,757.0,0.14,15.0,Active & Healthy,Tier 1: High-Priority VIP Winback ($30 Loyalty Credit + Personal Email)
CUST-01428,Harper White,harper.white534@example.com,Silver,Organic Search,2,1043.94,2025-09-23 03:44:00,2026-05-15 07:50:00,109,234,234.0,0.47,15.0,Active & Healthy,Tier 1: High-Priority VIP Winback ($30 Loyalty Credit + Personal Email)
CUST-00638,Sofia Garcia,sofia.garcia956@example.com,Gold,Email Marketing,7,958.37,2023-08-15 11:59:00,2026-05-15 07:33:00,109,1004,167.3,0.65,15.0,Active & Healthy,Tier 1: High-Priority VIP Winback ($30 Loyalty Credit + Personal Email)
CUST-01180,James Thomas,james.thomas913@example.com,Silver,Affiliate Referral,5,949.74,2024-08-04 17:14:00,2026-05-21 23:01:00,102,655,163.8,0.62,15.0,Active & Healthy,Tier 1: High-Priority VIP Winback ($30 Loyalty Credit + Personal Email)
CUST-01483,Dylan Walker,dylan.walker585@example.com,Silver,Affiliate Referral,4,918.1,2023-05-12 05:28:00,2026-05-13 08:50:00,111,1097,365.7,0.3,15.0,Active & Healthy,Tier 1: High-Priority VIP Winback ($30 Loyalty Credit + Personal Email)
CUST-02175,Mia Campbell,mia.campbell693@example.com,Standard,Paid Search (Google),2,774.93,2026-01-14 23:01:00,2026-05-20 23:14:00,103,126,126.0,0.82,15.0,Active & Healthy,Standard Loyalty Points & Regular Marketing Flow
CUST-01548,Harper Smith,harper.smith745@example.com,Standard,Email Marketing,2,757.46,2025-03-06 19:02:00,2026-05-05 17:26:00,118,425,425.0,0.28,15.0,Active & Healthy,Standard Loyalty Points & Regular Marketing Flow
CUST-01543,Mila Garcia,mila.garcia434@example.com,Standard,Email Marketing,3,697.44,2025-01-18 22:36:00,2026-05-07 06:46:00,117,473,236.5,0.49,15.0,Active & Healthy,Standard Loyalty Points & Regular Marketing Flow
CUST-01471,Aria Martinez,aria.martinez796@example.com,Silver,Organic Search,4,678.91,2025-01-16 09:35:00,2026-05-17 12:56:00,106,486,162.0,0.65,15.0,Active & Healthy,Standard Loyalty Points & Regular Marketing Flow
CUST-00487,Benjamin Lewis,benjamin.lewis877@example.com,Gold,Affiliate Referral,6,676.94,2023-05-25 23:31:00,2026-06-01 03:50:00,92,1102,220.4,0.42,15.0,Active & Healthy,Standard Loyalty Points & Regular Marketing Flow
CUST-01491,Luna Hernandez,luna.hernandez30@example.com,Silver,Organic Search,3,640.45,2024-05-27 19:48:00,2026-05-20 13:56:00,103,723,361.5,0.28,15.0,Active & Healthy,Standard Loyalty Points & Regular Marketing Flow
CUST-01226,Amelia Harris,amelia.harris65@example.com,Silver,Email Marketing,3,550.04,2025-02-05 12:07:00,2026-05-20 23:02:00,103,469,234.5,0.44,15.0,Active & Healthy,Standard Loyalty Points & Regular Marketing Flow
CUST-02171,Elizabeth Brown,elizabeth.brown104@example.com,Standard,Social Media (Instagram/TikTok),3,454.99,2024-10-08 19:15:00,2026-05-12 23:44:00,111,581,290.5,0.38,15.0,Active & Healthy,Standard Loyalty Points & Regular Marketing Flow
CUST-01218,Victoria Johnson,victoria.johnson601@example.com,Silver,Paid Search (Google),3,446.46,2025-03-02 08:38:00,2026-05-20 14:07:00,103,444,222.0,0.46,15.0,Active & Healthy,Standard Loyalty Points & Regular Marketing Flow
CUST-01200,James Davis,james.davis712@example.com,Silver,Email Marketing,4,427.77,2024-07-14 22:44:00,2026-05-08 13:45:00,115,663,221.0,0.52,15.0,Active & Healthy,Standard Loyalty Points & Regular Marketing Flow
CUST-01607,Grayson Martin,grayson.martin643@example.com,Standard,Social Media (Instagram/TikTok),2,404.45,2025-12-08 12:50:00,2026-05-21 11:05:00,103,164,164.0,0.63,15.0,Active & Healthy,Standard Loyalty Points & Regular Marketing Flow
CUST-02072,Lucas Smith,lucas.smith674@example.com,Standard,Affiliate Referral,2,400.43,2026-01-10 20:01:00,2026-06-02 19:24:00,90,143,143.0,0.63,15.0,Active & Healthy,Standard Loyalty Points & Regular Marketing Flow
CUST-01814,Penelope Gonzalez,penelope.gonzalez496@example.com,Standard,Affiliate Referral,2,393.94,2024-08-07 03:21:00,2026-05-26 15:42:00,97,658,658.0,0.15,15.0,Active & Healthy,Standard Loyalty Points & Regular Marketing Flow
CUST-02409,Luke Williams,luke.williams239@example.com,Standard,Paid Search (Google),2,384.45,2025-05-31 18:31:00,2026-05-30 22:48:00,93,364,364.0,0.26,15.0,Active & Healthy,Standard Loyalty Points & Regular Marketing Flow
CUST-01322,Noah Perez,noah.perez67@example.com,Silver,Email Marketing,3,373.22,2022-10-04 00:12:00,2026-05-19 04:32:00,105,1323,661.5,0.16,15.0,Active & Healthy,Standard Loyalty Points & Regular Marketing Flow
CUST-01972,Nora Lee,nora.lee135@example.com,Standard,Affiliate Referral,2,328.95,2025-07-14 11:08:00,2026-05-27 14:31:00,96,317,317.0,0.3,15.0,Active & Healthy,Standard Loyalty Points & Regular Marketing Flow
CUST-02365,Mila Mitchell,mila.mitchell175@example.com,Standard,Paid Search (Google),2,311.6,2026-01-18 11:07:00,2026-05-16 12:02:00,107,118,118.0,0.91,15.0,Active & Healthy,Standard Loyalty Points & Regular Marketing Flow
CUST-00385,Olivia Young,olivia.young920@example.com,Gold,Social Media (Instagram/TikTok),3,295.46,2025-09-14 12:51:00,2026-05-18 18:36:00,105,246,123.0,0.85,15.0,Active & Healthy,Standard Loyalty Points & Regular Marketing Flow
CUST-02052,Chloe Thomas,chloe.thomas675@example.com,Standard,Affiliate Referral,3,282.98,2025-05-01 21:26:00,2026-05-24 01:50:00,100,387,193.5,0.52,15.0,Active & Healthy,Standard Loyalty Points & Regular Marketing Flow
CUST-01852,Emily Williams,emily.williams435@example.com,Standard,Social Media (Instagram/TikTok),2,254.4,2023-01-07 01:09:00,2026-05-23 11:14:00,101,1232,1232.0,0.08,15.0,Active & Healthy,Standard Loyalty Points & Regular Marketing Flow
CUST-01843,Liam Hill,liam.hill112@example.com,Standard,Organic Search,2,245.06,2024-11-16 08:16:00,2026-05-07 07:10:00,117,537,537.0,0.22,15.0,Active & Healthy,Standard Loyalty Points & Regular Marketing Flow
CUST-02058,Jackson Carter,jackson.carter883@example.com,Standard,Social Media (Instagram/TikTok),2,228.07,2025-09-06 19:26:00,2026-05-08 22:59:00,115,244,244.0,0.47,15.0,Active & Healthy,Standard Loyalty Points & Regular Marketing Flow
CUST-02016,Ella Martin,ella.martin961@example.com,Standard,Organic Search,2,202.96,2025-10-25 08:05:00,2026-05-16 08:33:00,108,203,203.0,0.53,15.0,Active & Healthy,Standard Loyalty Points & Regular Marketing Flow
CUST-02466,Jack Jackson,jack.jackson340@example.com,Standard,Paid Search (Google),2,174.88,2025-11-12 22:58:00,2026-05-12 04:43:00,112,180,180.0,0.62,15.0,Active & Healthy,Standard Loyalty Points & Regular Marketing Flow
CUST-01858,Ella Clark,ella.clark318@example.com,Standard,Email Marketing,2,75.47,2025-10-13 06:53:00,2026-05-15 15:03:00,108,214,214.0,0.5,15.0,Active & Healthy,Standard Loyalty Points & Regular Marketing Flow
CUST-00131,Jack Nelson,jack.nelson389@example.com,Platinum,Social Media (Instagram/TikTok),24,12885.35,2025-05-02 22:39:00,2026-08-09 04:21:00,23,463,20.1,1.14,10.0,Active & Healthy,Tier 1: High-Priority VIP Winback ($30 Loyalty Credit + Personal Email)
CUST-00042,Sofia Walker,sofia.walker836@example.com,Platinum,Organic Search,23,12276.25,2023-10-18 00:47:00,2026-07-16 23:15:00,46,1003,45.6,1.01,10.0,Active & Healthy,Tier 1: High-Priority VIP Winback ($30 Loyalty Credit + Personal Email)
CUST-00176,Amelia Hernandez,amelia.hernandez347@example.com,Platinum,Email Marketing,21,11724.53,2026-04-28 10:33:00,2026-08-25 01:57:00,7,119,6.0,1.17,10.0,Active & Healthy,Tier 1: High-Priority VIP Winback ($30 Loyalty Credit + Personal Email)
CUST-00103,Evelyn Robinson,evelyn.robinson693@example.com,Platinum,Affiliate Referral,12,11268.07,2025-08-03 10:06:00,2026-07-23 12:13:00,39,354,32.2,1.21,10.0,Active & Healthy,Tier 1: High-Priority VIP Winback ($30 Loyalty Credit + Personal Email)
CUST-00108,Aiden Thomas,aiden.thomas288@example.com,Platinum,Affiliate Referral,24,10728.18,2024-05-09 04:38:00,2026-07-27 10:11:00,36,809,35.2,1.02,10.0,Active & Healthy,Tier 1: High-Priority VIP Winback ($30 Loyalty Credit + Personal Email)
CUST-00006,Alexander Hall,alexander.hall442@example.com,Platinum,Paid Search (Google),20,9989.54,2024-01-07 18:27:00,2026-07-13 16:23:00,49,918,48.3,1.01,10.0,Active & Healthy,Tier 1: High-Priority VIP Winback ($30 Loyalty Credit + Personal Email)
CUST-00096,David Garcia,david.garcia848@example.com,Platinum,Social Media (Instagram/TikTok),22,9650.42,2024-02-08 20:28:00,2026-07-16 00:00:00,47,888,42.3,1.11,10.0,Active & Healthy,Tier 1: High-Priority VIP Winback ($30 Loyalty Credit + Personal Email)
CUST-00051,Camila Robinson,camila.robinson302@example.com,Platinum,Affiliate Referral,21,8917.47,2026-05-02 00:45:00,2026-08-24 16:09:00,7,115,5.8,1.21,10.0,Active & Healthy,Tier 1: High-Priority VIP Winback ($30 Loyalty Credit + Personal Email)
CUST-00144,Sofia Martin,sofia.martin689@example.com,Platinum,Email Marketing,20,8578.67,2024-07-05 21:28:00,2026-07-15 10:45:00,48,740,38.9,1.23,10.0,Active & Healthy,Tier 1: High-Priority VIP Winback ($30 Loyalty Credit + Personal Email)
CUST-00020,Logan Taylor,logan.taylor152@example.com,Platinum,Affiliate Referral,23,8374.96,2025-07-25 20:13:00,2026-08-10 08:44:00,22,381,17.3,1.27,10.0,Active & Healthy,Tier 1: High-Priority VIP Winback ($30 Loyalty Credit + Personal Email)
CUST-00246,Nora Roberts,nora.roberts380@example.com,Platinum,Organic Search,20,8185.55,2025-10-06 21:04:00,2026-08-14 19:15:00,17,312,16.4,1.04,10.0,Active & Healthy,Tier 1: High-Priority VIP Winback ($30 Loyalty Credit + Personal Email)
CUST-00058,Riley Nelson,riley.nelson607@example.com,Platinum,Social Media (Instagram/TikTok),19,7742.07,2025-05-26 07:06:00,2026-08-03 10:37:00,29,434,24.1,1.2,10.0,Active & Healthy,Tier 1: High-Priority VIP Winback ($30 Loyalty Credit + Personal Email)
CUST-00675,Layla Lewis,layla.lewis579@example.com,Gold,Paid Search (Google),9,6227.12,2025-09-11 08:55:00,2026-07-17 07:13:00,46,309,38.6,1.19,10.0,Active & Healthy,Tier 1: High-Priority VIP Winback ($30 Loyalty Credit + Personal Email)
CUST-00214,Scarlett Hall,scarlett.hall312@example.com,Platinum,Email Marketing,21,5783.05,2026-02-13 02:07:00,2026-08-19 18:54:00,12,188,9.4,1.28,10.0,Active & Healthy,Tier 1: High-Priority VIP Winback ($30 Loyalty Credit + Personal Email)
CUST-00305,Abigail Perez,abigail.perez93@example.com,Gold,Paid Search (Google),7,4253.99,2026-02-28 14:15:00,2026-08-02 17:16:00,29,155,25.8,1.12,10.0,Active & Healthy,Tier 1: High-Priority VIP Winback ($30 Loyalty Credit + Personal Email)
CUST-00094,Madison Robinson,madison.robinson462@example.com,Platinum,Paid Search (Google),12,4238.31,2026-04-01 18:24:00,2026-08-16 01:35:00,16,136,12.4,1.29,10.0,Active & Healthy,Tier 1: High-Priority VIP Winback ($30 Loyalty Credit + Personal Email)
CUST-00747,Layla Williams,layla.williams415@example.com,Gold,Paid Search (Google),6,3737.87,2026-05-07 12:54:00,2026-08-11 20:06:00,20,96,19.2,1.04,10.0,Active & Healthy,Tier 1: High-Priority VIP Winback ($30 Loyalty Credit + Personal Email)
CUST-00911,Grayson Lewis,grayson.lewis346@example.com,Silver,Social Media (Instagram/TikTok),5,3728.7,2026-02-14 21:03:00,2026-07-18 17:24:00,44,154,38.5,1.14,10.0,Active & Healthy,Tier 1: High-Priority VIP Winback ($30 Loyalty Credit + Personal Email)
CUST-00611,Oliver Sanchez,oliver.sanchez650@example.com,Gold,Paid Search (Google),8,3657.04,2026-05-15 07:41:00,2026-08-17 17:44:00,14,94,13.4,1.04,10.0,Active & Healthy,Tier 1: High-Priority VIP Winback ($30 Loyalty Credit + Personal Email)
CUST-00521,Michael Nguyen,michael.nguyen157@example.com,Gold,Email Marketing,8,3547.4,2026-06-14 10:05:00,2026-08-21 10:44:00,11,68,9.7,1.13,10.0,Active & Healthy,Tier 1: High-Priority VIP Winback ($30 Loyalty Credit + Personal Email)
CUST-00441,David Hernandez,david.hernandez758@example.com,Gold,Social Media (Instagram/TikTok),5,2734.52,2026-03-16 21:45:00,2026-07-25 02:32:00,38,130,32.5,1.17,10.0,Active & Healthy,Tier 1: High-Priority VIP Winback ($30 Loyalty Credit + Personal Email)
CUST-00165,Mia Baker,mia.baker249@example.com,Platinum,Affiliate Referral,19,2714.22,2025-12-08 00:06:00,2026-08-15 00:44:00,17,250,13.9,1.22,10.0,Active & Healthy,Tier 1: High-Priority VIP Winback ($30 Loyalty Credit + Personal Email)
CUST-01582,Mason Wilson,mason.wilson893@example.com,Standard,Social Media (Instagram/TikTok),1,2549.93,2026-08-02 02:27:00,2026-08-02 02:27:00,30,0,60.0,0.5,10.0,Active & Healthy,Tier 1: High-Priority VIP Winback ($30 Loyalty Credit + Personal Email)
CUST-00116,Emily Robinson,emily.robinson951@example.com,Platinum,Affiliate Referral,12,2463.02,2026-01-27 16:09:00,2026-08-12 11:56:00,20,197,17.9,1.12,10.0,Active & Healthy,Tier 1: High-Priority VIP Winback ($30 Loyalty Credit + Personal Email)
CUST-00585,Scarlett Williams,scarlett.williams291@example.com,Gold,Social Media (Instagram/TikTok),9,2378.5,2025-09-07 02:46:00,2026-07-19 20:21:00,43,316,39.5,1.09,10.0,Active & Healthy,Tier 1: High-Priority VIP Winback ($30 Loyalty Credit + Personal Email)
CUST-00357,Olivia Martinez,olivia.martinez879@example.com,Gold,Email Marketing,8,2024.61,2026-04-16 01:16:00,2026-08-13 02:12:00,19,119,17.0,1.12,10.0,Active & Healthy,Tier 1: High-Priority VIP Winback ($30 Loyalty Credit + Personal Email)
CUST-00507,Jayden White,jayden.white71@example.com,Gold,Affiliate Referral,8,2015.2,2026-02-05 04:36:00,2026-08-02 19:30:00,29,179,25.6,1.13,10.0,Active & Healthy,Tier 1: High-Priority VIP Winback ($30 Loyalty Credit + Personal Email)
CUST-00470,Matthew Robinson,matthew.robinson699@example.com,Gold,Email Marketing,4,1884.95,2026-02-20 01:27:00,2026-07-06 12:54:00,56,136,45.3,1.24,10.0,Active & Healthy,Tier 1: High-Priority VIP Winback ($30 Loyalty Credit + Personal Email)
CUST-01786,Chloe King,chloe.king721@example.com,Standard,Email Marketing,1,1775.42,2026-07-14 20:23:00,2026-07-14 20:23:00,48,0,60.0,0.8,10.0,Active & Healthy,Tier 1: High-Priority VIP Winback ($30 Loyalty Credit + Personal Email)
CUST-00340,Joseph Thomas,joseph.thomas760@example.com,Gold,Organic Search,6,1710.63,2026-04-07 18:33:00,2026-08-06 22:35:00,25,121,24.2,1.03,10.0,Active & Healthy,Tier 1: High-Priority VIP Winback ($30 Loyalty Credit + Personal Email)
CUST-02261,Charlotte Taylor,charlotte.taylor794@example.com,Standard,Organic Search,2,1669.96,2026-08-23 23:39:00,2026-08-28 03:17:00,4,4,4.0,1.0,10.0,Active & Healthy,Tier 1: High-Priority VIP Winback ($30 Loyalty Credit + Personal Email)
CUST-02268,Penelope Lewis,penelope.lewis898@example.com,Standard,Paid Search (Google),1,1649.97,2026-07-19 22:17:00,2026-07-19 22:17:00,43,0,60.0,0.72,10.0,Active & Healthy,Tier 1: High-Priority VIP Winback ($30 Loyalty Credit + Personal Email)
CUST-02393,Charlotte Nguyen,charlotte.nguyen20@example.com,Standard,Affiliate Referral,1,1649.97,2026-08-06 12:38:00,2026-08-06 12:38:00,25,0,60.0,0.42,10.0,Active & Healthy,Tier 1: High-Priority VIP Winback ($30 Loyalty Credit + Personal Email)
CUST-00640,Harper Smith,harper.smith734@example.com,Gold,Organic Search,5,1424.36,2026-05-16 12:25:00,2026-08-06 13:14:00,25,82,20.5,1.22,10.0,Active & Healthy,Tier 1: High-Priority VIP Winback ($30 Loyalty Credit + Personal Email)
CUST-00861,Olivia Harris,olivia.harris158@example.com,Silver,Organic Search,3,1364.34,2026-05-27 15:18:00,2026-07-27 08:07:00,36,61,30.5,1.18,10.0,Active & Healthy,Tier 1: High-Priority VIP Winback ($30 Loyalty Credit + Personal Email)
CUST-01671,Wyatt Taylor,wyatt.taylor608@example.com,Standard,Email Marketing,1,1349.98,2026-08-23 12:33:00,2026-08-23 12:33:00,8,0,60.0,0.13,10.0,Active & Healthy,Tier 1: High-Priority VIP Winback ($30 Loyalty Credit + Personal Email)
CUST-01419,Riley Lopez,riley.lopez579@example.com,Silver,Affiliate Referral,3,1333.85,2026-06-25 06:30:00,2026-08-08 16:58:00,23,44,22.0,1.05,10.0,Active & Healthy,Tier 1: High-Priority VIP Winback ($30 Loyalty Credit + Personal Email)
CUST-01551,Zoey Wilson,zoey.wilson624@example.com,Standard,Paid Search (Google),1,1250.67,2026-08-05 18:54:00,2026-08-05 18:54:00,26,0,60.0,0.43,10.0,Active & Healthy,Tier 1: High-Priority VIP Winback ($30 Loyalty Credit + Personal Email)
CUST-00866,Penelope Thomas,penelope.thomas533@example.com,Silver,Social Media (Instagram/TikTok),4,1209.75,2026-05-15 12:44:00,2026-08-03 10:31:00,29,80,26.7,1.09,10.0,Active & Healthy,Tier 1: High-Priority VIP Winback ($30 Loyalty Credit + Personal Email)
CUST-02008,Harper Sanchez,harper.sanchez24@example.com,Standard,Organic Search,1,989.99,2026-07-20 10:50:00,2026-07-20 10:50:00,43,0,60.0,0.72,10.0,Active & Healthy,Tier 1: High-Priority VIP Winback ($30 Loyalty Credit + Personal Email)
CUST-01952,Matthew Robinson,matthew.robinson680@example.com,Standard,Paid Search (Google),1,966.45,2026-08-09 07:43:00,2026-08-09 07:43:00,23,0,60.0,0.38,10.0,Active & Healthy,Tier 1: High-Priority VIP Winback ($30 Loyalty Credit + Personal Email)
CUST-01496,Luna Young,luna.young524@example.com,Silver,Social Media (Instagram/TikTok),5,830.84,2026-02-27 07:40:00,2026-07-24 16:37:00,38,147,36.8,1.03,10.0,Active & Healthy,Tier 1: High-Priority VIP Winback ($30 Loyalty Credit + Personal Email)
CUST-02302,Nora King,nora.king189@example.com,Standard,Social Media (Instagram/TikTok),1,809.99,2026-07-12 23:43:00,2026-07-12 23:43:00,50,0,60.0,0.83,10.0,Active & Healthy,Tier 1: High-Priority VIP Winback ($30 Loyalty Credit + Personal Email)
CUST-00550,Michael Lewis,michael.lewis826@example.com,Gold,Organic Search,7,738.75,2026-04-21 17:40:00,2026-08-10 22:06:00,21,111,18.5,1.14,10.0,Active & Healthy,Standard Loyalty Points & Regular Marketing Flow
CUST-01148,John Martin,john.martin463@example.com,Silver,Social Media (Instagram/TikTok),4,713.98,2026-01-24 22:44:00,2026-07-06 15:02:00,56,163,54.3,1.03,10.0,Active & Healthy,Standard Loyalty Points & Regular Marketing Flow
CUST-01662,Grace Davis,grace.davis58@example.com,Standard,Organic Search,1,692.28,2026-07-13 19:00:00,2026-07-13 19:00:00,49,0,60.0,0.82,10.0,Active & Healthy,Standard Loyalty Points & Regular Marketing Flow
CUST-01655,Luke Hall,luke.hall363@example.com,Standard,Email Marketing,1,652.68,2026-07-09 17:57:00,2026-07-09 17:57:00,53,0,60.0,0.88,10.0,Active & Healthy,Standard Loyalty Points & Regular Marketing Flow
CUST-01866,Benjamin Brown,benjamin.brown150@example.com,Standard,Social Media (Instagram/TikTok),1,647.96,2026-08-18 23:41:00,2026-08-18 23:41:00,13,0,60.0,0.22,10.0,Active & Healthy,Standard Loyalty Points & Regular Marketing Flow
CUST-01967,Mason Miller,mason.miller343@example.com,Standard,Affiliate Referral,1,584.98,2026-08-03 19:06:00,2026-08-03 19:06:00,28,0,60.0,0.47,10.0,Active & Healthy,Standard Loyalty Points & Regular Marketing Flow
CUST-01993,Grayson Miller,grayson.miller551@example.com,Standard,Affiliate Referral,1,559.98,2026-07-13 02:59:00,2026-07-13 02:59:00,50,0,60.0,0.83,10.0,Active & Healthy,Standard Loyalty Points & Regular Marketing Flow
CUST-00869,Luke Anderson,luke.anderson943@example.com,Silver,Social Media (Instagram/TikTok),1,557.98,2026-08-23 14:08:00,2026-08-23 14:08:00,8,0,60.0,0.13,10.0,Active & Healthy,Standard Loyalty Points & Regular Marketing Flow
CUST-01656,Mila Martin,mila.martin96@example.com,Standard,Social Media (Instagram/TikTok),1,549.99,2026-08-12 08:38:00,2026-08-12 08:38:00,20,0,60.0,0.33,10.0,Active & Healthy,Standard Loyalty Points & Regular Marketing Flow
CUST-02332,Oliver Hall,oliver.hall219@example.com,Standard,Affiliate Referral,1,536.98,2026-07-17 22:53:00,2026-07-17 22:53:00,45,0,60.0,0.75,10.0,Active & Healthy,Standard Loyalty Points & Regular Marketing Flow
CUST-01182,Noah Martinez,noah.martinez884@example.com,Silver,Affiliate Referral,1,500.73,2026-08-08 07:48:00,2026-08-08 07:48:00,24,0,60.0,0.4,10.0,Active & Healthy,Standard Loyalty Points & Regular Marketing Flow
CUST-01799,Jackson Martin,jackson.martin773@example.com,Standard,Social Media (Instagram/TikTok),1,499.79,2026-07-10 20:03:00,2026-07-10 20:03:00,52,0,60.0,0.87,10.0,Active & Healthy,Standard Loyalty Points & Regular Marketing Flow
CUST-02433,Madison Torres,madison.torres390@example.com,Standard,Email Marketing,1,449.99,2026-07-12 21:19:00,2026-07-12 21:19:00,50,0,60.0,0.83,10.0,Active & Healthy,Standard Loyalty Points & Regular Marketing Flow
CUST-00420,Luna Wright,luna.wright372@example.com,Gold,Social Media (Instagram/TikTok),4,439.44,2026-05-27 13:46:00,2026-08-06 15:25:00,25,71,23.7,1.05,10.0,Active & Healthy,Standard Loyalty Points & Regular Marketing Flow
CUST-01006,Elizabeth Torres,elizabeth.torres144@example.com,Silver,Paid Search (Google),3,432.94,2026-06-30 08:22:00,2026-08-10 16:47:00,21,41,20.5,1.02,10.0,Active & Healthy,Standard Loyalty Points & Regular Marketing Flow
CUST-01601,Wyatt Williams,wyatt.williams95@example.com,Standard,Social Media (Instagram/TikTok),1,393.46,2026-08-04 23:09:00,2026-08-04 23:09:00,27,0,60.0,0.45,10.0,Active & Healthy,Standard Loyalty Points & Regular Marketing Flow
CUST-02252,Madison Hall,madison.hall751@example.com,Standard,Paid Search (Google),1,382.49,2026-07-07 23:39:00,2026-07-07 23:39:00,55,0,60.0,0.92,10.0,Active & Healthy,Standard Loyalty Points & Regular Marketing Flow
CUST-01970,Harper Carter,harper.carter781@example.com,Standard,Organic Search,1,339.98,2026-07-29 18:39:00,2026-07-29 18:39:00,33,0,60.0,0.55,10.0,Active & Healthy,Standard Loyalty Points & Regular Marketing Flow
CUST-00959,Jackson Taylor,jackson.taylor885@example.com,Silver,Affiliate Referral,1,306.0,2026-08-11 12:31:00,2026-08-11 12:31:00,20,0,60.0,0.33,10.0,Active & Healthy,Standard Loyalty Points & Regular Marketing Flow
CUST-02106,Charlotte Lee,charlotte.lee140@example.com,Standard,Social Media (Instagram/TikTok),1,285.99,2026-07-08 23:33:00,2026-07-08 23:33:00,54,0,60.0,0.9,10.0,Active & Healthy,Standard Loyalty Points & Regular Marketing Flow
CUST-01765,David Nguyen,david.nguyen589@example.com,Standard,Social Media (Instagram/TikTok),1,271.69,2026-08-15 07:11:00,2026-08-15 07:11:00,17,0,60.0,0.28,10.0,Active & Healthy,Standard Loyalty Points & Regular Marketing Flow
CUST-01833,Aria Green,aria.green560@example.com,Standard,Organic Search,1,252.98,2026-07-18 14:22:00,2026-07-18 14:22:00,44,0,60.0,0.73,10.0,Active & Healthy,Standard Loyalty Points & Regular Marketing Flow
CUST-01619,Grayson Anderson,grayson.anderson741@example.com,Standard,Organic Search,1,249.99,2026-07-13 00:43:00,2026-07-13 00:43:00,50,0,60.0,0.83,10.0,Active & Healthy,Standard Loyalty Points & Regular Marketing Flow
CUST-01771,Lucas Martinez,lucas.martinez307@example.com,Standard,Affiliate Referral,1,242.48,2026-07-04 21:23:00,2026-07-04 21:23:00,58,0,60.0,0.97,10.0,Active & Healthy,Standard Loyalty Points & Regular Marketing Flow
CUST-02121,Elizabeth Walker,elizabeth.walker771@example.com,Standard,Social Media (Instagram/TikTok),1,239.99,2026-07-28 03:33:00,2026-07-28 03:33:00,35,0,60.0,0.58,10.0,Active & Healthy,Standard Loyalty Points & Regular Marketing Flow
CUST-01851,Daniel Miller,daniel.miller826@example.com,Standard,Paid Search (Google),1,231.13,2026-08-09 12:30:00,2026-08-09 12:30:00,22,0,60.0,0.37,10.0,Active & Healthy,Standard Loyalty Points & Regular Marketing Flow
CUST-02325,Charlotte Carter,charlotte.carter153@example.com,Standard,Paid Search (Google),1,220.0,2026-07-09 10:46:00,2026-07-09 10:46:00,54,0,60.0,0.9,10.0,Active & Healthy,Standard Loyalty Points & Regular Marketing Flow
CUST-01650,Isabella Green,isabella.green740@example.com,Standard,Affiliate Referral,1,216.97,2026-08-07 00:58:00,2026-08-07 00:58:00,25,0,60.0,0.42,10.0,Active & Healthy,Standard Loyalty Points & Regular Marketing Flow
CUST-00745,Joseph Clark,joseph.clark280@example.com,Gold,Email Marketing,3,197.45,2026-05-18 03:39:00,2026-07-27 04:15:00,36,70,35.0,1.03,10.0,Active & Healthy,Standard Loyalty Points & Regular Marketing Flow
CUST-01559,Sophia Smith,sophia.smith269@example.com,Standard,Email Marketing,1,187.97,2026-08-05 20:21:00,2026-08-05 20:21:00,26,0,60.0,0.43,10.0,Active & Healthy,Standard Loyalty Points & Regular Marketing Flow
CUST-01673,Logan Allen,logan.allen140@example.com,Standard,Email Marketing,1,179.97,2026-07-13 18:39:00,2026-07-13 18:39:00,49,0,60.0,0.82,10.0,Active & Healthy,Standard Loyalty Points & Regular Marketing Flow
CUST-02345,Olivia Jackson,olivia.jackson478@example.com,Standard,Email Marketing,1,119.97,2026-08-01 06:57:00,2026-08-01 06:57:00,31,0,60.0,0.52,10.0,Active & Healthy,Standard Loyalty Points & Regular Marketing Flow
CUST-02066,James Hernandez,james.hernandez595@example.com,Standard,Organic Search,1,115.38,2026-08-17 10:01:00,2026-08-17 10:01:00,15,0,60.0,0.25,10.0,Active & Healthy,Standard Loyalty Points & Regular Marketing Flow
CUST-01592,Luna Robinson,luna.robinson702@example.com,Standard,Paid Search (Google),1,104.98,2026-08-30 16:42:00,2026-08-30 16:42:00,1,0,60.0,0.02,10.0,Active & Healthy,Standard Loyalty Points & Regular Marketing Flow
CUST-02484,Abigail Young,abigail.young843@example.com,Standard,Social Media (Instagram/TikTok),1,99.99,2026-07-30 06:53:00,2026-07-30 06:53:00,33,0,60.0,0.55,10.0,Active & Healthy,Standard Loyalty Points & Regular Marketing Flow
CUST-01861,Evelyn Perez,evelyn.perez189@example.com,Standard,Social Media (Instagram/TikTok),1,99.97,2026-07-24 11:31:00,2026-07-24 11:31:00,39,0,60.0,0.65,10.0,Active & Healthy,Standard Loyalty Points & Regular Marketing Flow
CUST-01985,Jacob Rivera,jacob.rivera391@example.com,Standard,Affiliate Referral,1,87.19,2026-08-17 14:32:00,2026-08-17 14:32:00,14,0,60.0,0.23,10.0,Active & Healthy,Standard Loyalty Points & Regular Marketing Flow
CUST-02482,Noah Green,noah.green652@example.com,Standard,Paid Search (Google),1,77.99,2026-07-07 10:54:00,2026-07-07 10:54:00,56,0,60.0,0.93,10.0,Active & Healthy,Standard Loyalty Points & Regular Marketing Flow
CUST-01579,Olivia Garcia,olivia.garcia481@example.com,Standard,Email Marketing,1,74.48,2026-07-31 21:13:00,2026-07-31 21:13:00,31,0,60.0,0.52,10.0,Active & Healthy,Standard Loyalty Points & Regular Marketing Flow
CUST-02141,Noah Jackson,noah.jackson175@example.com,Standard,Email Marketing,1,73.1,2026-08-19 16:14:00,2026-08-19 16:14:00,12,0,60.0,0.2,10.0,Active & Healthy,Standard Loyalty Points & Regular Marketing Flow
CUST-01128,Jackson Hernandez,jackson.hernandez71@example.com,Silver,Affiliate Referral,1,69.18,2026-07-17 19:30:00,2026-07-17 19:30:00,45,0,60.0,0.75,10.0,Active & Healthy,Standard Loyalty Points & Regular Marketing Flow
CUST-00801,Oliver Hill,oliver.hill59@example.com,Silver,Organic Search,1,65.98,2026-08-19 01:31:00,2026-08-19 01:31:00,13,0,60.0,0.22,10.0,Active & Healthy,Standard Loyalty Points & Regular Marketing Flow
CUST-01518,Wyatt Campbell,wyatt.campbell872@example.com,Standard,Organic Search,1,65.09,2026-07-17 12:42:00,2026-07-17 12:42:00,45,0,60.0,0.75,10.0,Active & Healthy,Standard Loyalty Points & Regular Marketing Flow
CUST-01546,Oliver Sanchez,oliver.sanchez642@example.com,Standard,Social Media (Instagram/TikTok),1,64.98,2026-08-08 03:00:00,2026-08-08 03:00:00,24,0,60.0,0.4,10.0,Active & Healthy,Standard Loyalty Points & Regular Marketing Flow
CUST-02316,Jack Sanchez,jack.sanchez935@example.com,Standard,Social Media (Instagram/TikTok),1,64.98,2026-07-05 23:52:00,2026-07-05 23:52:00,57,0,60.0,0.95,10.0,Active & Healthy,Standard Loyalty Points & Regular Marketing Flow
CUST-02095,Logan Thompson,logan.thompson681@example.com,Standard,Email Marketing,1,62.99,2026-08-31 21:12:00,2026-08-31 21:12:00,0,0,60.0,0.0,10.0,Active & Healthy,Standard Loyalty Points & Regular Marketing Flow
CUST-01649,Isabella Sanchez,isabella.sanchez787@example.com,Standard,Paid Search (Google),1,62.79,2026-08-04 13:22:00,2026-08-04 13:22:00,27,0,60.0,0.45,10.0,Active & Healthy,Standard Loyalty Points & Regular Marketing Flow
CUST-01609,Jacob Davis,jacob.davis845@example.com,Standard,Paid Search (Google),1,58.49,2026-08-12 02:43:00,2026-08-12 02:43:00,20,0,60.0,0.33,10.0,Active & Healthy,Standard Loyalty Points & Regular Marketing Flow
CUST-02022,Grayson Smith,grayson.smith169@example.com,Standard,Social Media (Instagram/TikTok),1,49.98,2026-08-21 19:03:00,2026-08-21 19:03:00,10,0,60.0,0.17,10.0,Active & Healthy,Standard Loyalty Points & Regular Marketing Flow
CUST-01652,Matthew Campbell,matthew.campbell770@example.com,Standard,Organic Search,1,48.0,2026-07-15 16:02:00,2026-07-15 16:02:00,47,0,60.0,0.78,10.0,Active & Healthy,Standard Loyalty Points & Regular Marketing Flow
CUST-01088,Riley Mitchell,riley.mitchell118@example.com,Silver,Affiliate Referral,1,46.99,2026-08-15 23:05:00,2026-08-15 23:05:00,16,0,60.0,0.27,10.0,Active & Healthy,Standard Loyalty Points & Regular Marketing Flow
CUST-01719,Jayden Hill,jayden.hill346@example.com,Standard,Paid Search (Google),1,42.0,2026-08-17 04:13:00,2026-08-17 04:13:00,15,0,60.0,0.25,10.0,Active & Healthy,Standard Loyalty Points & Regular Marketing Flow
CUST-01892,Grayson Green,grayson.green715@example.com,Standard,Organic Search,1,41.48,2026-07-20 19:18:00,2026-07-20 19:18:00,42,0,60.0,0.7,10.0,Active & Healthy,Standard Loyalty Points & Regular Marketing Flow
CUST-02490,Scarlett Nelson,scarlett.nelson506@example.com,Standard,Email Marketing,1,39.99,2026-08-23 09:51:00,2026-08-23 09:51:00,9,0,60.0,0.15,10.0,Active & Healthy,Standard Loyalty Points & Regular Marketing Flow
CUST-02204,Wyatt Carter,wyatt.carter652@example.com,Standard,Paid Search (Google),1,39.98,2026-08-30 03:43:00,2026-08-30 03:43:00,2,0,60.0,0.03,10.0,Active & Healthy,Standard Loyalty Points & Regular Marketing Flow
CUST-02045,Carter Moore,carter.moore975@example.com,Standard,Email Marketing,1,33.99,2026-07-20 10:54:00,2026-07-20 10:54:00,43,0,60.0,0.72,10.0,Active & Healthy,Standard Loyalty Points & Regular Marketing Flow
CUST-01626,Riley Baker,riley.baker678@example.com,Standard,Email Marketing,1,22.99,2026-07-12 16:43:00,2026-07-12 16:43:00,50,0,60.0,0.83,10.0,Active & Healthy,Standard Loyalty Points & Regular Marketing Flow
CUST-02304,Jacob Williams,jacob.williams603@example.com,Standard,Social Media (Instagram/TikTok),1,20.69,2026-07-18 05:04:00,2026-07-18 05:04:00,45,0,60.0,0.75,10.0,Active & Healthy,Standard Loyalty Points & Regular Marketing Flow
CUST-00563,Eleanor Thompson,eleanor.thompson497@example.com,Gold,Email Marketing,9,8946.54,2024-12-20 00:53:00,2026-06-26 13:38:00,66,554,69.2,0.95,8.0,Active & Healthy,Tier 1: High-Priority VIP Winback ($30 Loyalty Credit + Personal Email)
CUST-00203,Avery Mitchell,avery.mitchell102@example.com,Platinum,Organic Search,17,7180.61,2023-08-21 08:10:00,2026-06-30 23:32:00,62,1045,65.3,0.95,8.0,Active & Healthy,Tier 1: High-Priority VIP Winback ($30 Loyalty Credit + Personal Email)
CUST-00965,Ella Allen,ella.allen420@example.com,Silver,Affiliate Referral,3,6932.68,2024-07-15 20:27:00,2026-06-25 13:50:00,67,710,355.0,0.19,8.0,Active & Healthy,Tier 1: High-Priority VIP Winback ($30 Loyalty Credit + Personal Email)
CUST-00161,Ella Taylor,ella.taylor686@example.com,Platinum,Paid Search (Google),13,6348.32,2023-05-18 10:43:00,2026-06-08 15:15:00,84,1117,93.1,0.9,8.0,Active & Healthy,Tier 1: High-Priority VIP Winback ($30 Loyalty Credit + Personal Email)
CUST-00007,Ella Carter,ella.carter354@example.com,Platinum,Email Marketing,13,6196.7,2022-12-07 02:16:00,2026-06-29 20:54:00,63,1301,108.4,0.58,8.0,Active & Healthy,Tier 1: High-Priority VIP Winback ($30 Loyalty Credit + Personal Email)
CUST-00146,Jayden Moore,jayden.moore323@example.com,Platinum,Organic Search,11,5709.17,2023-12-02 00:50:00,2026-06-24 13:00:00,68,936,93.6,0.73,8.0,Active & Healthy,Tier 1: High-Priority VIP Winback ($30 Loyalty Credit + Personal Email)
CUST-00365,Aiden Hall,aiden.hall948@example.com,Gold,Organic Search,7,5408.06,2023-08-03 22:00:00,2026-07-01 14:45:00,61,1063,177.2,0.34,8.0,Active & Healthy,Tier 1: High-Priority VIP Winback ($30 Loyalty Credit + Personal Email)
CUST-00902,Harper Williams,harper.williams15@example.com,Silver,Email Marketing,4,4862.42,2025-10-10 08:29:00,2026-06-20 01:54:00,73,253,84.3,0.87,8.0,Active & Healthy,Tier 1: High-Priority VIP Winback ($30 Loyalty Credit + Personal Email)
CUST-00683,Ethan Thompson,ethan.thompson229@example.com,Gold,Social Media (Instagram/TikTok),6,4563.37,2024-06-17 20:09:00,2026-06-08 06:12:00,85,720,144.0,0.59,8.0,Active & Healthy,Tier 1: High-Priority VIP Winback ($30 Loyalty Credit + Personal Email)
CUST-00026,Sebastian Roberts,sebastian.roberts666@example.com,Platinum,Social Media (Instagram/TikTok),19,4412.53,2023-01-26 10:21:00,2026-06-26 03:05:00,67,1247,69.3,0.97,8.0,Active & Healthy,Tier 1: High-Priority VIP Winback ($30 Loyalty Credit + Personal Email)
CUST-00045,Isabella Sanchez,isabella.sanchez755@example.com,Platinum,Paid Search (Google),10,3889.35,2023-03-31 16:10:00,2026-06-08 23:40:00,84,1165,129.4,0.65,8.0,Active & Healthy,Tier 1: High-Priority VIP Winback ($30 Loyalty Credit + Personal Email)
CUST-01219,Madison Gonzalez,madison.gonzalez207@example.com,Silver,Affiliate Referral,3,3846.42,2025-12-02 19:43:00,2026-06-23 08:00:00,70,203,101.5,0.69,8.0,Active & Healthy,Tier 1: High-Priority VIP Winback ($30 Loyalty Credit + Personal Email)
CUST-00829,Joseph Nelson,joseph.nelson702@example.com,Silver,Paid Search (Google),3,3714.9,2024-10-22 22:41:00,2026-06-17 22:03:00,75,603,301.5,0.25,8.0,Active & Healthy,Tier 1: High-Priority VIP Winback ($30 Loyalty Credit + Personal Email)
CUST-00498,Liam Taylor,liam.taylor576@example.com,Gold,Email Marketing,4,3350.63,2025-10-26 00:39:00,2026-06-18 12:37:00,74,235,78.3,0.95,8.0,Active & Healthy,Tier 1: High-Priority VIP Winback ($30 Loyalty Credit + Personal Email)
CUST-00430,Sofia Brown,sofia.brown695@example.com,Gold,Paid Search (Google),3,3319.91,2024-01-29 01:50:00,2026-07-01 18:18:00,61,885,442.5,0.14,8.0,Active & Healthy,Tier 1: High-Priority VIP Winback ($30 Loyalty Credit + Personal Email)
CUST-00503,Evelyn Campbell,evelyn.campbell569@example.com,Gold,Affiliate Referral,8,3282.52,2024-01-07 15:56:00,2026-06-14 11:13:00,79,889,127.0,0.62,8.0,Active & Healthy,Tier 1: High-Priority VIP Winback ($30 Loyalty Credit + Personal Email)
CUST-02189,Amelia Garcia,amelia.garcia675@example.com,Standard,Email Marketing,3,3251.42,2025-12-15 17:43:00,2026-07-02 18:34:00,60,199,99.5,0.6,8.0,Active & Healthy,Tier 1: High-Priority VIP Winback ($30 Loyalty Credit + Personal Email)
CUST-00269,Charlotte Mitchell,charlotte.mitchell553@example.com,Gold,Email Marketing,9,3196.89,2024-09-25 23:23:00,2026-06-25 00:04:00,68,637,79.6,0.85,8.0,Active & Healthy,Tier 1: High-Priority VIP Winback ($30 Loyalty Credit + Personal Email)
CUST-00262,Ella Martinez,ella.martinez682@example.com,Gold,Organic Search,8,3096.88,2023-11-27 06:36:00,2026-06-30 14:49:00,62,946,135.1,0.46,8.0,Active & Healthy,Tier 1: High-Priority VIP Winback ($30 Loyalty Credit + Personal Email)
CUST-01236,Layla Rivera,layla.rivera825@example.com,Silver,Affiliate Referral,2,3093.69,2025-04-06 03:38:00,2026-06-05 00:25:00,88,425,425.0,0.21,8.0,Active & Healthy,Tier 1: High-Priority VIP Winback ($30 Loyalty Credit + Personal Email)
CUST-00865,Amelia Flores,amelia.flores898@example.com,Silver,Paid Search (Google),4,3067.17,2025-09-14 21:11:00,2026-06-20 13:57:00,72,279,93.0,0.77,8.0,Active & Healthy,Tier 1: High-Priority VIP Winback ($30 Loyalty Credit + Personal Email)
CUST-00749,Luna Martin,luna.martin328@example.com,Gold,Organic Search,5,2903.96,2025-03-15 23:07:00,2026-06-06 11:04:00,87,447,111.8,0.78,8.0,Active & Healthy,Tier 1: High-Priority VIP Winback ($30 Loyalty Credit + Personal Email)
CUST-00208,Henry Young,henry.young944@example.com,Platinum,Paid Search (Google),12,2848.31,2023-10-31 03:49:00,2026-06-26 01:15:00,67,969,88.1,0.76,8.0,Active & Healthy,Tier 1: High-Priority VIP Winback ($30 Loyalty Credit + Personal Email)
CUST-02076,Aria Lopez,aria.lopez272@example.com,Standard,Affiliate Referral,3,2636.43,2025-11-26 03:14:00,2026-06-08 15:56:00,84,195,97.5,0.86,8.0,Active & Healthy,Tier 1: High-Priority VIP Winback ($30 Loyalty Credit + Personal Email)
CUST-01027,Benjamin Miller,benjamin.miller278@example.com,Silver,Organic Search,2,2628.96,2024-06-12 04:19:00,2026-06-18 09:46:00,75,736,736.0,0.1,8.0,Active & Healthy,Tier 1: High-Priority VIP Winback ($30 Loyalty Credit + Personal Email)
CUST-00770,Luna Moore,luna.moore665@example.com,Silver,Social Media (Instagram/TikTok),5,2431.15,2024-11-15 07:09:00,2026-06-13 10:21:00,80,575,143.8,0.56,8.0,Active & Healthy,Tier 1: High-Priority VIP Winback ($30 Loyalty Credit + Personal Email)
CUST-00323,Benjamin Carter,benjamin.carter174@example.com,Gold,Affiliate Referral,7,2382.75,2024-12-27 23:21:00,2026-07-01 23:30:00,61,551,91.8,0.66,8.0,Active & Healthy,Tier 1: High-Priority VIP Winback ($30 Loyalty Credit + Personal Email)
CUST-02105,Lucas Torres,lucas.torres447@example.com,Standard,Paid Search (Google),3,2255.68,2025-04-06 09:03:00,2026-06-08 13:14:00,84,428,214.0,0.39,8.0,Active & Healthy,Tier 1: High-Priority VIP Winback ($30 Loyalty Credit + Personal Email)
CUST-00483,Owen Lopez,owen.lopez782@example.com,Gold,Paid Search (Google),5,2227.48,2025-03-19 02:57:00,2026-06-30 01:48:00,63,468,117.0,0.54,8.0,Active & Healthy,Tier 1: High-Priority VIP Winback ($30 Loyalty Credit + Personal Email)
CUST-01152,Grace Garcia,grace.garcia714@example.com,Silver,Paid Search (Google),4,2186.96,2025-06-26 15:51:00,2026-06-23 01:34:00,70,361,120.3,0.58,8.0,Active & Healthy,Tier 1: High-Priority VIP Winback ($30 Loyalty Credit + Personal Email)
CUST-00982,Jackson Wright,jackson.wright842@example.com,Silver,Social Media (Instagram/TikTok),3,2177.76,2025-10-22 23:33:00,2026-06-23 01:30:00,70,243,121.5,0.58,8.0,Active & Healthy,Tier 1: High-Priority VIP Winback ($30 Loyalty Credit + Personal Email)
CUST-00603,Grace Jones,grace.jones824@example.com,Gold,Paid Search (Google),5,2140.38,2024-10-23 04:47:00,2026-06-25 13:51:00,67,610,152.5,0.44,8.0,Active & Healthy,Tier 1: High-Priority VIP Winback ($30 Loyalty Credit + Personal Email)
CUST-02140,Abigail Johnson,abigail.johnson611@example.com,Standard,Email Marketing,2,2043.96,2025-03-27 12:37:00,2026-07-01 21:58:00,61,461,461.0,0.13,8.0,Active & Healthy,Tier 1: High-Priority VIP Winback ($30 Loyalty Credit + Personal Email)
CUST-00740,Camila Lee,camila.lee942@example.com,Gold,Organic Search,7,1989.78,2023-02-23 00:20:00,2026-06-17 08:09:00,76,1210,201.7,0.38,8.0,Active & Healthy,Tier 1: High-Priority VIP Winback ($30 Loyalty Credit + Personal Email)
CUST-01108,Victoria King,victoria.king52@example.com,Silver,Affiliate Referral,5,1937.35,2025-06-28 20:31:00,2026-06-10 08:19:00,83,346,86.5,0.96,8.0,Active & Healthy,Tier 1: High-Priority VIP Winback ($30 Loyalty Credit + Personal Email)
CUST-00562,Victoria Perez,victoria.perez476@example.com,Gold,Affiliate Referral,4,1843.92,2023-09-08 03:37:00,2026-06-27 17:49:00,65,1024,341.3,0.19,8.0,Active & Healthy,Tier 1: High-Priority VIP Winback ($30 Loyalty Credit + Personal Email)
CUST-01340,John Thomas,john.thomas970@example.com,Silver,Organic Search,2,1838.23,2025-11-10 12:22:00,2026-07-03 08:19:00,60,235,235.0,0.26,8.0,Active & Healthy,Tier 1: High-Priority VIP Winback ($30 Loyalty Credit + Personal Email)
CUST-02192,Scarlett Clark,scarlett.clark226@example.com,Standard,Affiliate Referral,2,1809.98,2026-02-08 23:03:00,2026-06-04 07:07:00,89,115,115.0,0.77,8.0,Active & Healthy,Tier 1: High-Priority VIP Winback ($30 Loyalty Credit + Personal Email)
CUST-01284,Lily Sanchez,lily.sanchez497@example.com,Silver,Affiliate Referral,3,1787.01,2025-03-28 06:33:00,2026-07-01 23:30:00,61,461,230.5,0.26,8.0,Active & Healthy,Tier 1: High-Priority VIP Winback ($30 Loyalty Credit + Personal Email)
CUST-00601,Aria Hall,aria.hall968@example.com,Gold,Email Marketing,5,1760.96,2025-06-18 07:27:00,2026-06-23 11:05:00,70,370,92.5,0.76,8.0,Active & Healthy,Tier 1: High-Priority VIP Winback ($30 Loyalty Credit + Personal Email)
CUST-00786,Grayson Perez,grayson.perez656@example.com,Silver,Organic Search,3,1717.72,2024-08-03 16:10:00,2026-06-22 08:01:00,71,688,344.0,0.21,8.0,Active & Healthy,Tier 1: High-Priority VIP Winback ($30 Loyalty Credit + Personal Email)
CUST-00444,Jack Allen,jack.allen345@example.com,Gold,Organic Search,2,1637.44,2026-02-06 17:41:00,2026-06-04 23:49:00,88,118,118.0,0.75,8.0,Active & Healthy,Tier 1: High-Priority VIP Winback ($30 Loyalty Credit + Personal Email)
CUST-00873,Camila Rodriguez,camila.rodriguez174@example.com,Silver,Organic Search,5,1565.04,2023-12-16 10:48:00,2026-06-25 05:58:00,68,922,230.5,0.3,8.0,Active & Healthy,Tier 1: High-Priority VIP Winback ($30 Loyalty Credit + Personal Email)
CUST-01356,Penelope White,penelope.white149@example.com,Silver,Social Media (Instagram/TikTok),4,1514.62,2024-02-28 17:13:00,2026-06-09 01:44:00,84,831,277.0,0.3,8.0,Active & Healthy,Tier 1: High-Priority VIP Winback ($30 Loyalty Credit + Personal Email)
CUST-01270,Dylan Robinson,dylan.robinson534@example.com,Silver,Social Media (Instagram/TikTok),4,1416.22,2025-11-17 22:54:00,2026-06-24 02:33:00,69,218,72.7,0.95,8.0,Active & Healthy,Tier 1: High-Priority VIP Winback ($30 Loyalty Credit + Personal Email)
CUST-00457,Abigail Hernandez,abigail.hernandez345@example.com,Gold,Email Marketing,6,1381.4,2025-05-21 19:06:00,2026-06-27 17:57:00,65,402,80.4,0.81,8.0,Active & Healthy,Tier 1: High-Priority VIP Winback ($30 Loyalty Credit + Personal Email)
CUST-01026,Dylan Scott,dylan.scott65@example.com,Silver,Affiliate Referral,5,1368.9,2024-08-25 21:45:00,2026-06-27 04:34:00,66,670,167.5,0.39,8.0,Active & Healthy,Tier 1: High-Priority VIP Winback ($30 Loyalty Credit + Personal Email)
CUST-01392,Grayson Nguyen,grayson.nguyen691@example.com,Silver,Affiliate Referral,3,1342.33,2025-12-07 11:31:00,2026-06-16 05:04:00,77,191,95.5,0.81,8.0,Active & Healthy,Tier 1: High-Priority VIP Winback ($30 Loyalty Credit + Personal Email)
CUST-00440,Evelyn Allen,evelyn.allen489@example.com,Gold,Organic Search,5,1323.11,2023-07-09 08:02:00,2026-06-25 22:57:00,67,1083,270.8,0.25,8.0,Active & Healthy,Tier 1: High-Priority VIP Winback ($30 Loyalty Credit + Personal Email)
CUST-00405,Layla Allen,layla.allen51@example.com,Gold,Paid Search (Google),5,1318.83,2023-05-08 14:51:00,2026-06-05 05:16:00,88,1124,281.0,0.31,8.0,Active & Healthy,Tier 1: High-Priority VIP Winback ($30 Loyalty Credit + Personal Email)
CUST-01072,Camila Wright,camila.wright385@example.com,Silver,Affiliate Referral,3,1292.7,2024-08-11 07:35:00,2026-06-29 09:01:00,64,687,343.5,0.19,8.0,Active & Healthy,Tier 1: High-Priority VIP Winback ($30 Loyalty Credit + Personal Email)
CUST-00969,Noah Campbell,noah.campbell403@example.com,Silver,Affiliate Referral,3,1290.94,2025-11-21 20:34:00,2026-06-07 18:38:00,85,198,99.0,0.86,8.0,Active & Healthy,Tier 1: High-Priority VIP Winback ($30 Loyalty Credit + Personal Email)
CUST-00970,Aiden Rivera,aiden.rivera996@example.com,Silver,Paid Search (Google),2,1259.95,2024-05-21 15:07:00,2026-06-20 17:40:00,72,760,760.0,0.09,8.0,Active & Healthy,Tier 1: High-Priority VIP Winback ($30 Loyalty Credit + Personal Email)
CUST-01116,Sofia Thomas,sofia.thomas83@example.com,Silver,Social Media (Instagram/TikTok),4,1241.58,2024-12-10 16:43:00,2026-06-26 17:22:00,66,563,187.7,0.35,8.0,Active & Healthy,Tier 1: High-Priority VIP Winback ($30 Loyalty Credit + Personal Email)
CUST-01171,Benjamin King,benjamin.king734@example.com,Silver,Affiliate Referral,3,1226.43,2025-06-28 07:19:00,2026-07-03 03:50:00,60,370,185.0,0.32,8.0,Active & Healthy,Tier 1: High-Priority VIP Winback ($30 Loyalty Credit + Personal Email)
CUST-00364,Camila Roberts,camila.roberts276@example.com,Gold,Paid Search (Google),4,1182.75,2024-12-06 12:06:00,2026-06-13 18:47:00,79,554,184.7,0.43,8.0,Active & Healthy,Tier 1: High-Priority VIP Winback ($30 Loyalty Credit + Personal Email)
CUST-02249,Oliver Sanchez,oliver.sanchez315@example.com,Standard,Email Marketing,2,1147.96,2025-07-05 19:18:00,2026-06-22 05:09:00,71,351,351.0,0.2,8.0,Active & Healthy,Tier 1: High-Priority VIP Winback ($30 Loyalty Credit + Personal Email)
CUST-01456,Amelia Lopez,amelia.lopez864@example.com,Silver,Email Marketing,2,1138.93,2025-11-15 07:40:00,2026-06-15 00:05:00,78,212,212.0,0.37,8.0,Active & Healthy,Tier 1: High-Priority VIP Winback ($30 Loyalty Credit + Personal Email)
CUST-01680,Riley Brown,riley.brown969@example.com,Standard,Paid Search (Google),2,1113.96,2024-11-29 13:41:00,2026-06-29 11:18:00,64,577,577.0,0.11,8.0,Active & Healthy,Tier 1: High-Priority VIP Winback ($30 Loyalty Credit + Personal Email)
CUST-01177,Jackson Smith,jackson.smith479@example.com,Silver,Affiliate Referral,3,1080.76,2025-07-29 09:43:00,2026-06-28 03:50:00,65,334,167.0,0.39,8.0,Active & Healthy,Tier 1: High-Priority VIP Winback ($30 Loyalty Credit + Personal Email)
CUST-01185,Ethan Robinson,ethan.robinson777@example.com,Silver,Organic Search,3,1054.35,2024-07-01 21:08:00,2026-06-06 03:55:00,87,704,352.0,0.25,8.0,Active & Healthy,Tier 1: High-Priority VIP Winback ($30 Loyalty Credit + Personal Email)
CUST-02055,Nora Miller,nora.miller86@example.com,Standard,Social Media (Instagram/TikTok),2,1044.94,2025-11-29 08:40:00,2026-06-27 20:36:00,65,210,210.0,0.31,8.0,Active & Healthy,Tier 1: High-Priority VIP Winback ($30 Loyalty Credit + Personal Email)
CUST-02383,Noah Thompson,noah.thompson82@example.com,Standard,Affiliate Referral,2,994.97,2025-12-29 12:27:00,2026-06-14 21:25:00,78,167,167.0,0.47,8.0,Active & Healthy,Tier 1: High-Priority VIP Winback ($30 Loyalty Credit + Personal Email)
CUST-00777,Scarlett Miller,scarlett.miller492@example.com,Silver,Affiliate Referral,3,959.72,2025-01-22 00:54:00,2026-06-16 11:44:00,77,510,255.0,0.3,8.0,Active & Healthy,Tier 1: High-Priority VIP Winback ($30 Loyalty Credit + Personal Email)
CUST-01167,Evelyn Sanchez,evelyn.sanchez433@example.com,Silver,Organic Search,3,926.24,2025-11-27 06:11:00,2026-06-13 18:46:00,79,199,99.5,0.79,8.0,Active & Healthy,Tier 1: High-Priority VIP Winback ($30 Loyalty Credit + Personal Email)
CUST-00629,Mason Harris,mason.harris891@example.com,Gold,Email Marketing,5,870.84,2025-08-27 14:45:00,2026-07-01 11:26:00,62,308,77.0,0.81,8.0,Active & Healthy,Tier 1: High-Priority VIP Winback ($30 Loyalty Credit + Personal Email)
CUST-00109,Benjamin Rodriguez,benjamin.rodriguez164@example.com,Platinum,Paid Search (Google),8,838.31,2024-09-05 04:03:00,2026-07-01 17:09:00,61,665,95.0,0.64,8.0,Active & Healthy,Tier 1: High-Priority VIP Winback ($30 Loyalty Credit + Personal Email)
CUST-02412,Ella Carter,ella.carter38@example.com,Standard,Email Marketing,2,834.7,2026-02-26 00:48:00,2026-06-25 23:24:00,67,120,120.0,0.56,8.0,Active & Healthy,Tier 1: High-Priority VIP Winback ($30 Loyalty Credit + Personal Email)
CUST-00695,Grace Lopez,grace.lopez190@example.com,Gold,Social Media (Instagram/TikTok),4,833.19,2025-09-27 18:07:00,2026-07-02 13:47:00,60,278,92.7,0.65,8.0,Active & Healthy,Tier 1: High-Priority VIP Winback ($30 Loyalty Credit + Personal Email)
CUST-01279,Henry Young,henry.young195@example.com,Silver,Organic Search,4,806.91,2025-07-11 02:50:00,2026-06-12 00:58:00,81,336,112.0,0.72,8.0,Active & Healthy,Tier 1: High-Priority VIP Winback ($30 Loyalty Credit + Personal Email)
CUST-01014,Jackson Thompson,jackson.thompson30@example.com,Silver,Social Media (Instagram/TikTok),3,776.09,2023-12-25 16:00:00,2026-06-08 19:20:00,84,896,448.0,0.19,8.0,Active & Healthy,Standard Loyalty Points & Regular Marketing Flow
CUST-00397,Grace Brown,grace.brown61@example.com,Gold,Affiliate Referral,3,767.42,2025-08-23 01:06:00,2026-06-18 12:55:00,74,299,149.5,0.49,8.0,Active & Healthy,Standard Loyalty Points & Regular Marketing Flow
CUST-01097,James Martin,james.martin237@example.com,Silver,Organic Search,4,766.79,2025-08-22 22:51:00,2026-06-26 04:20:00,67,307,102.3,0.65,8.0,Active & Healthy,Standard Loyalty Points & Regular Marketing Flow
CUST-01762,Isabella Thomas,isabella.thomas529@example.com,Standard,Organic Search,2,707.95,2026-04-26 18:53:00,2026-06-30 15:03:00,62,65,65.0,0.95,8.0,Active & Healthy,Standard Loyalty Points & Regular Marketing Flow
CUST-00389,Logan Lee,logan.lee892@example.com,Gold,Social Media (Instagram/TikTok),5,686.61,2024-07-03 07:41:00,2026-06-28 21:02:00,64,726,181.5,0.35,8.0,Active & Healthy,Standard Loyalty Points & Regular Marketing Flow
CUST-00484,Daniel Martin,daniel.martin888@example.com,Gold,Email Marketing,8,676.65,2023-06-20 11:02:00,2026-06-18 09:16:00,75,1094,156.3,0.48,8.0,Active & Healthy,Standard Loyalty Points & Regular Marketing Flow
CUST-00979,Jacob Robinson,jacob.robinson962@example.com,Silver,Organic Search,5,669.43,2025-09-02 19:30:00,2026-06-26 09:04:00,67,297,74.2,0.9,8.0,Active & Healthy,Standard Loyalty Points & Regular Marketing Flow
CUST-01708,John Lewis,john.lewis95@example.com,Standard,Affiliate Referral,2,649.96,2026-01-11 00:34:00,2026-06-20 00:27:00,73,160,160.0,0.46,8.0,Active & Healthy,Standard Loyalty Points & Regular Marketing Flow
CUST-01407,Grace Garcia,grace.garcia344@example.com,Silver,Paid Search (Google),3,627.44,2025-10-31 03:28:00,2026-06-11 19:10:00,81,224,112.0,0.72,8.0,Active & Healthy,Standard Loyalty Points & Regular Marketing Flow
CUST-01229,Benjamin Carter,benjamin.carter792@example.com,Silver,Paid Search (Google),3,612.44,2025-08-24 06:40:00,2026-07-01 19:21:00,61,312,156.0,0.39,8.0,Active & Healthy,Standard Loyalty Points & Regular Marketing Flow
CUST-01160,Noah King,noah.king121@example.com,Silver,Organic Search,4,570.72,2024-12-25 07:58:00,2026-06-10 16:38:00,82,532,177.3,0.46,8.0,Active & Healthy,Standard Loyalty Points & Regular Marketing Flow
CUST-00346,Jackson Williams,jackson.williams781@example.com,Gold,Social Media (Instagram/TikTok),4,523.94,2024-03-18 10:34:00,2026-06-10 17:53:00,82,814,271.3,0.3,8.0,Active & Healthy,Standard Loyalty Points & Regular Marketing Flow
CUST-02370,Hannah Gonzalez,hannah.gonzalez862@example.com,Standard,Email Marketing,2,478.47,2025-10-09 10:50:00,2026-06-06 23:51:00,86,241,241.0,0.36,8.0,Active & Healthy,Standard Loyalty Points & Regular Marketing Flow
CUST-00951,Zoey King,zoey.king440@example.com,Silver,Affiliate Referral,4,444.18,2022-11-20 13:33:00,2026-06-23 15:26:00,69,1311,437.0,0.16,8.0,Active & Healthy,Standard Loyalty Points & Regular Marketing Flow
CUST-00726,Oliver White,oliver.white13@example.com,Gold,Social Media (Instagram/TikTok),5,371.74,2024-01-02 05:54:00,2026-06-06 01:17:00,87,886,221.5,0.39,8.0,Active & Healthy,Standard Loyalty Points & Regular Marketing Flow
CUST-01314,Charlotte White,charlotte.white557@example.com,Silver,Organic Search,3,326.98,2025-03-20 11:22:00,2026-06-25 03:55:00,68,462,231.0,0.29,8.0,Active & Healthy,Standard Loyalty Points & Regular Marketing Flow
CUST-01451,Joseph Thompson,joseph.thompson174@example.com,Silver,Affiliate Referral,3,271.92,2025-11-19 08:12:00,2026-06-09 06:39:00,84,202,101.0,0.83,8.0,Active & Healthy,Standard Loyalty Points & Regular Marketing Flow
CUST-01274,Oliver Nelson,oliver.nelson308@example.com,Silver,Organic Search,2,235.97,2026-03-03 16:50:00,2026-06-19 18:47:00,73,108,108.0,0.68,8.0,Active & Healthy,Standard Loyalty Points & Regular Marketing Flow
CUST-01080,Grayson King,grayson.king648@example.com,Silver,Social Media (Instagram/TikTok),4,230.25,2025-10-23 01:17:00,2026-06-26 06:33:00,67,246,82.0,0.82,8.0,Active & Healthy,Standard Loyalty Points & Regular Marketing Flow
CUST-01422,Matthew Young,matthew.young582@example.com,Silver,Paid Search (Google),2,226.47,2025-12-15 11:47:00,2026-06-27 04:58:00,66,194,194.0,0.34,8.0,Active & Healthy,Standard Loyalty Points & Regular Marketing Flow
CUST-01868,Henry Campbell,henry.campbell622@example.com,Standard,Paid Search (Google),2,214.97,2024-04-29 16:33:00,2026-06-12 05:09:00,81,774,774.0,0.1,8.0,Active & Healthy,Standard Loyalty Points & Regular Marketing Flow
CUST-02450,Mason Wright,mason.wright260@example.com,Standard,Affiliate Referral,2,207.27,2025-08-06 22:20:00,2026-06-04 16:25:00,88,302,302.0,0.29,8.0,Active & Healthy,Standard Loyalty Points & Regular Marketing Flow
CUST-00918,Mia Johnson,mia.johnson879@example.com,Silver,Organic Search,2,204.28,2026-03-01 10:14:00,2026-06-23 04:49:00,70,114,114.0,0.61,8.0,Active & Healthy,Standard Loyalty Points & Regular Marketing Flow
CUST-01207,Owen Green,owen.green557@example.com,Silver,Affiliate Referral,3,193.87,2023-10-11 12:57:00,2026-06-16 17:07:00,76,979,489.5,0.16,8.0,Active & Healthy,Standard Loyalty Points & Regular Marketing Flow
CUST-01586,Penelope Roberts,penelope.roberts422@example.com,Standard,Paid Search (Google),2,175.47,2026-02-10 09:38:00,2026-06-30 17:46:00,62,140,140.0,0.44,8.0,Active & Healthy,Standard Loyalty Points & Regular Marketing Flow
CUST-01731,Hannah Hernandez,hannah.hernandez575@example.com,Standard,Affiliate Referral,2,163.96,2026-02-27 15:22:00,2026-06-20 13:32:00,72,113,113.0,0.64,8.0,Active & Healthy,Standard Loyalty Points & Regular Marketing Flow
CUST-01439,Lucas Clark,lucas.clark481@example.com,Silver,Paid Search (Google),2,90.97,2026-01-24 16:15:00,2026-06-18 01:13:00,75,144,144.0,0.52,8.0,Active & Healthy,Standard Loyalty Points & Regular Marketing Flow
CUST-01398,Mason Lewis,mason.lewis276@example.com,Silver,Paid Search (Google),2,67.99,2025-08-13 09:38:00,2026-06-23 10:57:00,70,314,314.0,0.22,8.0,Active & Healthy,Standard Loyalty Points & Regular Marketing Flow
CUST-00126,Lucas Roberts,lucas.roberts848@example.com,Platinum,Organic Search,23,11766.95,2024-03-07 22:02:00,2026-08-01 22:24:00,30,877,39.9,0.75,0.0,Active & Healthy,Tier 1: High-Priority VIP Winback ($30 Loyalty Credit + Personal Email)
CUST-00106,Camila Carter,camila.carter263@example.com,Platinum,Social Media (Instagram/TikTok),24,11430.88,2025-12-29 17:14:00,2026-08-27 14:33:00,4,241,10.5,0.38,0.0,Active & Healthy,Tier 1: High-Priority VIP Winback ($30 Loyalty Credit + Personal Email)
CUST-00142,Henry Hall,henry.hall497@example.com,Platinum,Email Marketing,24,11219.06,2026-05-28 06:28:00,2026-08-28 18:19:00,3,92,4.0,0.75,0.0,Active & Healthy,Tier 1: High-Priority VIP Winback ($30 Loyalty Credit + Personal Email)
CUST-00008,Elijah Thompson,elijah.thompson877@example.com,Platinum,Social Media (Instagram/TikTok),14,10828.01,2025-10-27 03:12:00,2026-08-30 17:47:00,1,308,23.7,0.04,0.0,Active & Healthy,Tier 1: High-Priority VIP Winback ($30 Loyalty Credit + Personal Email)
CUST-00129,Amelia Hall,amelia.hall801@example.com,Platinum,Affiliate Referral,21,10458.68,2026-04-07 10:03:00,2026-08-31 08:09:00,1,146,7.3,0.14,0.0,Active & Healthy,Tier 1: High-Priority VIP Winback ($30 Loyalty Credit + Personal Email)
CUST-00141,Jacob Garcia,jacob.garcia257@example.com,Platinum,Email Marketing,18,10426.2,2025-04-27 20:43:00,2026-08-18 06:30:00,14,477,28.1,0.5,0.0,Active & Healthy,Tier 1: High-Priority VIP Winback ($30 Loyalty Credit + Personal Email)
CUST-00082,William Roberts,william.roberts295@example.com,Platinum,Affiliate Referral,23,10340.13,2026-01-13 08:51:00,2026-08-30 16:02:00,1,229,10.4,0.1,0.0,Active & Healthy,Tier 1: High-Priority VIP Winback ($30 Loyalty Credit + Personal Email)
CUST-00066,Matthew Nelson,matthew.nelson116@example.com,Platinum,Organic Search,23,9878.72,2024-02-27 03:23:00,2026-08-24 16:27:00,7,910,41.4,0.17,0.0,Active & Healthy,Tier 1: High-Priority VIP Winback ($30 Loyalty Credit + Personal Email)
CUST-00044,Lily Campbell,lily.campbell65@example.com,Platinum,Organic Search,22,9825.13,2026-02-14 16:31:00,2026-08-29 08:06:00,3,196,9.3,0.32,0.0,Active & Healthy,Tier 1: High-Priority VIP Winback ($30 Loyalty Credit + Personal Email)
CUST-00185,Daniel Davis,daniel.davis482@example.com,Platinum,Paid Search (Google),19,9802.86,2026-01-31 11:13:00,2026-08-31 19:16:00,0,212,11.8,0.0,0.0,Active & Healthy,Tier 1: High-Priority VIP Winback ($30 Loyalty Credit + Personal Email)
CUST-00031,Carter Martin,carter.martin255@example.com,Platinum,Affiliate Referral,21,9707.7,2024-03-12 03:08:00,2026-08-24 05:19:00,8,895,44.8,0.18,0.0,Active & Healthy,Tier 1: High-Priority VIP Winback ($30 Loyalty Credit + Personal Email)
CUST-00110,Ella Jones,ella.jones434@example.com,Platinum,Affiliate Referral,14,9685.08,2024-07-22 17:10:00,2026-08-20 13:48:00,11,759,58.4,0.19,0.0,Active & Healthy,Tier 1: High-Priority VIP Winback ($30 Loyalty Credit + Personal Email)
CUST-00247,Nora Allen,nora.allen236@example.com,Platinum,Affiliate Referral,16,9498.56,2022-11-24 12:07:00,2026-08-25 11:30:00,7,1370,91.3,0.08,0.0,Active & Healthy,Tier 1: High-Priority VIP Winback ($30 Loyalty Credit + Personal Email)
CUST-00133,Carter Green,carter.green922@example.com,Platinum,Paid Search (Google),20,9091.07,2025-02-28 09:00:00,2026-08-06 20:03:00,25,524,27.6,0.91,0.0,Active & Healthy,Tier 1: High-Priority VIP Winback ($30 Loyalty Credit + Personal Email)
CUST-00215,Aria Smith,aria.smith589@example.com,Platinum,Organic Search,24,8698.65,2026-04-13 05:57:00,2026-08-30 23:16:00,1,140,6.1,0.16,0.0,Active & Healthy,Tier 1: High-Priority VIP Winback ($30 Loyalty Credit + Personal Email)
CUST-00140,Aria Hill,aria.hill728@example.com,Platinum,Organic Search,20,8680.74,2025-07-21 08:53:00,2026-08-21 04:06:00,11,396,20.8,0.53,0.0,Active & Healthy,Tier 1: High-Priority VIP Winback ($30 Loyalty Credit + Personal Email)
CUST-00202,Noah Flores,noah.flores80@example.com,Platinum,Social Media (Instagram/TikTok),22,8475.27,2025-12-28 18:19:00,2026-08-30 11:05:00,2,245,11.7,0.17,0.0,Active & Healthy,Tier 1: High-Priority VIP Winback ($30 Loyalty Credit + Personal Email)
CUST-00166,Mila Ramirez,mila.ramirez127@example.com,Platinum,Paid Search (Google),18,8381.46,2023-12-27 23:11:00,2026-08-04 22:44:00,27,951,55.9,0.48,0.0,Active & Healthy,Tier 1: High-Priority VIP Winback ($30 Loyalty Credit + Personal Email)
CUST-00023,Oliver Davis,oliver.davis166@example.com,Platinum,Email Marketing,19,8327.69,2023-06-06 10:15:00,2026-07-14 09:06:00,49,1134,63.0,0.78,0.0,Active & Healthy,Tier 1: High-Priority VIP Winback ($30 Loyalty Credit + Personal Email)
CUST-00218,Evelyn Green,evelyn.green109@example.com,Platinum,Organic Search,16,8234.75,2026-01-19 02:38:00,2026-08-21 05:48:00,11,214,14.3,0.77,0.0,Active & Healthy,Tier 1: High-Priority VIP Winback ($30 Loyalty Credit + Personal Email)
CUST-00546,Eleanor Lee,eleanor.lee191@example.com,Gold,Social Media (Instagram/TikTok),10,8161.12,2024-05-16 06:24:00,2026-08-17 20:30:00,14,824,91.6,0.15,0.0,Active & Healthy,Tier 1: High-Priority VIP Winback ($30 Loyalty Credit + Personal Email)
CUST-00481,Oliver Thompson,oliver.thompson974@example.com,Gold,Email Marketing,7,8031.33,2026-04-03 22:26:00,2026-08-19 10:00:00,13,137,22.8,0.57,0.0,Active & Healthy,Tier 1: High-Priority VIP Winback ($30 Loyalty Credit + Personal Email)
CUST-00180,Lily Clark,lily.clark65@example.com,Platinum,Social Media (Instagram/TikTok),21,7954.04,2025-04-30 21:08:00,2026-08-13 07:58:00,19,469,23.4,0.81,0.0,Active & Healthy,Tier 1: High-Priority VIP Winback ($30 Loyalty Credit + Personal Email)
CUST-00159,Matthew Nguyen,matthew.nguyen449@example.com,Platinum,Affiliate Referral,24,7948.41,2025-08-11 00:47:00,2026-08-26 00:50:00,6,380,16.5,0.36,0.0,Active & Healthy,Tier 1: High-Priority VIP Winback ($30 Loyalty Credit + Personal Email)
CUST-00230,Hannah Davis,hannah.davis109@example.com,Platinum,Paid Search (Google),14,7787.68,2025-08-10 08:51:00,2026-08-15 20:46:00,16,370,28.5,0.56,0.0,Active & Healthy,Tier 1: High-Priority VIP Winback ($30 Loyalty Credit + Personal Email)
CUST-00197,Elijah Lewis,elijah.lewis112@example.com,Platinum,Organic Search,13,7445.99,2025-01-06 06:03:00,2026-08-27 01:58:00,5,598,49.8,0.1,0.0,Active & Healthy,Tier 1: High-Priority VIP Winback ($30 Loyalty Credit + Personal Email)
CUST-00053,Isabella Mitchell,isabella.mitchell331@example.com,Platinum,Affiliate Referral,20,7407.89,2022-12-23 08:11:00,2026-08-18 08:53:00,14,1334,70.2,0.2,0.0,Active & Healthy,Tier 1: High-Priority VIP Winback ($30 Loyalty Credit + Personal Email)
CUST-00014,Chloe Thompson,chloe.thompson224@example.com,Platinum,Organic Search,25,7290.77,2023-11-29 00:39:00,2026-07-31 21:50:00,31,976,40.7,0.76,0.0,Active & Healthy,Tier 1: High-Priority VIP Winback ($30 Loyalty Credit + Personal Email)
CUST-00178,Jayden Garcia,jayden.garcia332@example.com,Platinum,Organic Search,15,7275.17,2024-04-04 10:17:00,2026-08-17 00:42:00,15,865,61.8,0.24,0.0,Active & Healthy,Tier 1: High-Priority VIP Winback ($30 Loyalty Credit + Personal Email)
CUST-00168,Aiden Lewis,aiden.lewis137@example.com,Platinum,Social Media (Instagram/TikTok),18,7165.49,2026-04-11 23:11:00,2026-08-31 20:49:00,0,142,8.4,0.0,0.0,Active & Healthy,Tier 1: High-Priority VIP Winback ($30 Loyalty Credit + Personal Email)
CUST-00067,Amelia Mitchell,amelia.mitchell576@example.com,Platinum,Social Media (Instagram/TikTok),15,7123.29,2023-12-13 09:54:00,2026-08-07 07:21:00,25,968,69.1,0.36,0.0,Active & Healthy,Tier 1: High-Priority VIP Winback ($30 Loyalty Credit + Personal Email)
CUST-00128,Mila Jones,mila.jones616@example.com,Platinum,Paid Search (Google),19,7107.11,2025-12-07 01:56:00,2026-08-31 17:11:00,0,268,14.9,0.0,0.0,Active & Healthy,Tier 1: High-Priority VIP Winback ($30 Loyalty Credit + Personal Email)
CUST-00005,Riley Anderson,riley.anderson469@example.com,Platinum,Organic Search,16,6922.09,2023-12-31 18:27:00,2026-07-18 02:57:00,45,929,61.9,0.73,0.0,Active & Healthy,Tier 1: High-Priority VIP Winback ($30 Loyalty Credit + Personal Email)
CUST-00211,Luke Thompson,luke.thompson611@example.com,Platinum,Email Marketing,19,6870.15,2026-01-14 19:43:00,2026-08-30 20:58:00,1,228,12.7,0.08,0.0,Active & Healthy,Tier 1: High-Priority VIP Winback ($30 Loyalty Credit + Personal Email)
CUST-00032,Benjamin Garcia,benjamin.garcia759@example.com,Platinum,Affiliate Referral,23,6848.11,2022-11-19 09:05:00,2026-07-29 20:35:00,33,1348,61.3,0.54,0.0,Active & Healthy,Tier 1: High-Priority VIP Winback ($30 Loyalty Credit + Personal Email)
CUST-00025,Jackson Scott,jackson.scott891@example.com,Platinum,Organic Search,15,6834.19,2026-04-10 23:40:00,2026-08-31 18:58:00,0,143,10.2,0.0,0.0,Active & Healthy,Tier 1: High-Priority VIP Winback ($30 Loyalty Credit + Personal Email)
CUST-00292,Madison Green,madison.green333@example.com,Gold,Organic Search,8,6774.85,2025-04-21 21:52:00,2026-07-06 07:52:00,57,440,62.9,0.91,0.0,Active & Healthy,Tier 1: High-Priority VIP Winback ($30 Loyalty Credit + Personal Email)
CUST-00163,Nora Hall,nora.hall618@example.com,Platinum,Organic Search,21,6693.24,2024-01-31 17:56:00,2026-08-30 20:40:00,1,942,47.1,0.02,0.0,Active & Healthy,Tier 1: High-Priority VIP Winback ($30 Loyalty Credit + Personal Email)
CUST-00187,Riley Walker,riley.walker493@example.com,Platinum,Affiliate Referral,17,6667.57,2025-03-16 04:00:00,2026-08-27 19:09:00,4,530,33.1,0.12,0.0,Active & Healthy,Tier 1: High-Priority VIP Winback ($30 Loyalty Credit + Personal Email)
CUST-00164,Avery Jackson,avery.jackson733@example.com,Platinum,Email Marketing,21,6661.13,2026-05-11 21:12:00,2026-08-30 11:51:00,2,111,5.6,0.36,0.0,Active & Healthy,Tier 1: High-Priority VIP Winback ($30 Loyalty Credit + Personal Email)
CUST-00791,Emma Lee,emma.lee785@example.com,Silver,Paid Search (Google),4,6578.9,2025-09-04 22:55:00,2026-08-12 22:09:00,19,342,114.0,0.17,0.0,Active & Healthy,Tier 1: High-Priority VIP Winback ($30 Loyalty Credit + Personal Email)
CUST-00443,Jacob Lopez,jacob.lopez635@example.com,Gold,Email Marketing,9,6470.06,2026-01-04 05:47:00,2026-08-08 01:20:00,24,216,27.0,0.89,0.0,Active & Healthy,Tier 1: High-Priority VIP Winback ($30 Loyalty Credit + Personal Email)
CUST-00080,Jayden Thompson,jayden.thompson322@example.com,Platinum,Paid Search (Google),13,6402.85,2023-09-19 00:20:00,2026-08-08 15:12:00,23,1055,87.9,0.26,0.0,Active & Healthy,Tier 1: High-Priority VIP Winback ($30 Loyalty Credit + Personal Email)
CUST-00219,Victoria Lewis,victoria.lewis44@example.com,Platinum,Paid Search (Google),16,6393.76,2024-09-23 17:03:00,2026-08-23 14:53:00,8,699,46.6,0.17,0.0,Active & Healthy,Tier 1: High-Priority VIP Winback ($30 Loyalty Credit + Personal Email)
CUST-00024,William Harris,william.harris400@example.com,Platinum,Affiliate Referral,15,6391.86,2025-03-03 05:36:00,2026-08-05 02:47:00,27,520,37.1,0.73,0.0,Active & Healthy,Tier 1: High-Priority VIP Winback ($30 Loyalty Credit + Personal Email)
CUST-00057,Sofia Nguyen,sofia.nguyen618@example.com,Platinum,Organic Search,14,6381.46,2025-11-28 00:44:00,2026-08-20 20:04:00,11,266,20.5,0.54,0.0,Active & Healthy,Tier 1: High-Priority VIP Winback ($30 Loyalty Credit + Personal Email)
CUST-00147,Jacob Lee,jacob.lee132@example.com,Platinum,Paid Search (Google),18,6328.89,2025-06-02 22:34:00,2026-08-12 22:48:00,19,436,25.6,0.74,0.0,Active & Healthy,Tier 1: High-Priority VIP Winback ($30 Loyalty Credit + Personal Email)
CUST-00186,Hannah Rivera,hannah.rivera308@example.com,Platinum,Social Media (Instagram/TikTok),21,6255.77,2026-05-29 11:12:00,2026-08-31 14:49:00,0,94,4.7,0.0,0.0,Active & Healthy,Tier 1: High-Priority VIP Winback ($30 Loyalty Credit + Personal Email)
CUST-00076,John Flores,john.flores777@example.com,Platinum,Paid Search (Google),21,6055.02,2023-10-01 03:33:00,2026-07-22 00:39:00,41,1025,51.2,0.8,0.0,Active & Healthy,Tier 1: High-Priority VIP Winback ($30 Loyalty Credit + Personal Email)
CUST-00013,Owen Moore,owen.moore474@example.com,Platinum,Paid Search (Google),19,5959.34,2024-06-20 10:22:00,2026-08-22 01:30:00,10,793,44.1,0.23,0.0,Active & Healthy,Tier 1: High-Priority VIP Winback ($30 Loyalty Credit + Personal Email)
CUST-00451,Daniel Anderson,daniel.anderson990@example.com,Gold,Paid Search (Google),9,5958.27,2025-02-10 17:39:00,2026-08-05 14:52:00,26,541,67.6,0.38,0.0,Active & Healthy,Tier 1: High-Priority VIP Winback ($30 Loyalty Credit + Personal Email)
CUST-00150,Carter Lopez,carter.lopez319@example.com,Platinum,Affiliate Referral,18,5921.4,2026-05-23 21:15:00,2026-08-28 09:14:00,4,96,5.6,0.71,0.0,Active & Healthy,Tier 1: High-Priority VIP Winback ($30 Loyalty Credit + Personal Email)
CUST-00121,Jackson Garcia,jackson.garcia491@example.com,Platinum,Organic Search,17,5912.55,2025-06-17 05:44:00,2026-08-30 05:28:00,2,439,27.4,0.07,0.0,Active & Healthy,Tier 1: High-Priority VIP Winback ($30 Loyalty Credit + Personal Email)
CUST-00071,Camila Hernandez,camila.hernandez769@example.com,Platinum,Email Marketing,15,5900.23,2025-08-02 12:21:00,2026-08-07 22:38:00,24,370,26.4,0.91,0.0,Active & Healthy,Tier 1: High-Priority VIP Winback ($30 Loyalty Credit + Personal Email)
CUST-00302,Luna Baker,luna.baker622@example.com,Gold,Social Media (Instagram/TikTok),5,5842.64,2026-02-03 05:52:00,2026-08-31 00:51:00,1,209,52.2,0.02,0.0,Active & Healthy,Tier 1: High-Priority VIP Winback ($30 Loyalty Credit + Personal Email)
CUST-00216,Hannah Jackson,hannah.jackson804@example.com,Platinum,Affiliate Referral,20,5834.74,2023-11-01 12:02:00,2026-08-16 20:50:00,15,1019,53.6,0.28,0.0,Active & Healthy,Tier 1: High-Priority VIP Winback ($30 Loyalty Credit + Personal Email)
CUST-00210,Lily Jackson,lily.jackson703@example.com,Platinum,Organic Search,19,5757.1,2023-08-27 12:24:00,2026-08-04 13:16:00,27,1073,59.6,0.45,0.0,Active & Healthy,Tier 1: High-Priority VIP Winback ($30 Loyalty Credit + Personal Email)
CUST-00238,Liam Brown,liam.brown815@example.com,Platinum,Paid Search (Google),18,5705.87,2023-11-10 02:49:00,2026-07-24 01:18:00,39,987,58.1,0.67,0.0,Active & Healthy,Tier 1: High-Priority VIP Winback ($30 Loyalty Credit + Personal Email)
CUST-00052,Grayson Martinez,grayson.martinez204@example.com,Platinum,Organic Search,14,5672.28,2023-09-01 17:27:00,2026-08-22 05:31:00,10,1086,83.5,0.12,0.0,Active & Healthy,Tier 1: High-Priority VIP Winback ($30 Loyalty Credit + Personal Email)
CUST-00188,Logan Harris,logan.harris205@example.com,Platinum,Paid Search (Google),17,5671.74,2025-06-27 15:31:00,2026-08-19 21:27:00,12,418,26.1,0.46,0.0,Active & Healthy,Tier 1: High-Priority VIP Winback ($30 Loyalty Credit + Personal Email)
CUST-00093,Aiden Wilson,aiden.wilson450@example.com,Platinum,Affiliate Referral,15,5664.21,2025-09-05 09:17:00,2026-08-24 21:14:00,7,353,25.2,0.28,0.0,Active & Healthy,Tier 1: High-Priority VIP Winback ($30 Loyalty Credit + Personal Email)
CUST-00089,Samuel Nelson,samuel.nelson878@example.com,Platinum,Affiliate Referral,12,5586.05,2024-03-18 13:07:00,2026-08-29 04:02:00,3,894,81.3,0.04,0.0,Active & Healthy,Tier 1: High-Priority VIP Winback ($30 Loyalty Credit + Personal Email)
CUST-00151,Mason Moore,mason.moore56@example.com,Platinum,Social Media (Instagram/TikTok),7,5535.74,2025-08-25 19:44:00,2026-08-30 16:42:00,1,370,61.7,0.02,0.0,Active & Healthy,Tier 1: High-Priority VIP Winback ($30 Loyalty Credit + Personal Email)
CUST-00182,Sebastian Scott,sebastian.scott144@example.com,Platinum,Email Marketing,20,5531.14,2024-12-01 00:45:00,2026-08-30 02:31:00,2,637,33.5,0.06,0.0,Active & Healthy,Tier 1: High-Priority VIP Winback ($30 Loyalty Credit + Personal Email)
CUST-00177,Aiden Nelson,aiden.nelson977@example.com,Platinum,Organic Search,19,5514.95,2025-07-14 18:51:00,2026-08-29 04:11:00,3,410,22.8,0.13,0.0,Active & Healthy,Tier 1: High-Priority VIP Winback ($30 Loyalty Credit + Personal Email)
CUST-00748,Oliver Mitchell,oliver.mitchell496@example.com,Gold,Organic Search,6,5468.71,2024-12-09 14:01:00,2026-08-31 11:39:00,1,630,126.0,0.01,0.0,Active & Healthy,Tier 1: High-Priority VIP Winback ($30 Loyalty Credit + Personal Email)
CUST-00030,James Hill,james.hill341@example.com,Platinum,Organic Search,17,5427.99,2022-11-16 02:19:00,2026-08-02 07:22:00,30,1355,84.7,0.35,0.0,Active & Healthy,Tier 1: High-Priority VIP Winback ($30 Loyalty Credit + Personal Email)
CUST-00489,Sophia Jones,sophia.jones202@example.com,Gold,Affiliate Referral,9,5413.58,2025-09-29 16:47:00,2026-08-24 20:06:00,7,329,41.1,0.17,0.0,Active & Healthy,Tier 1: High-Priority VIP Winback ($30 Loyalty Credit + Personal Email)
CUST-00037,William Perez,william.perez31@example.com,Platinum,Paid Search (Google),17,5386.29,2025-08-12 11:05:00,2026-08-17 15:02:00,14,370,23.1,0.61,0.0,Active & Healthy,Tier 1: High-Priority VIP Winback ($30 Loyalty Credit + Personal Email)
CUST-00200,Benjamin Perez,benjamin.perez882@example.com,Platinum,Email Marketing,23,5379.99,2025-06-25 04:43:00,2026-08-27 09:02:00,5,428,19.5,0.26,0.0,Active & Healthy,Tier 1: High-Priority VIP Winback ($30 Loyalty Credit + Personal Email)
CUST-00003,Jack Williams,jack.williams40@example.com,Platinum,Paid Search (Google),19,5338.71,2023-10-05 14:51:00,2026-07-30 06:36:00,33,1029,57.2,0.58,0.0,Active & Healthy,Tier 1: High-Priority VIP Winback ($30 Loyalty Credit + Personal Email)
CUST-00617,Samuel White,samuel.white912@example.com,Gold,Email Marketing,6,5267.26,2024-08-28 02:13:00,2026-08-16 18:50:00,15,719,143.8,0.1,0.0,Active & Healthy,Tier 1: High-Priority VIP Winback ($30 Loyalty Credit + Personal Email)
CUST-00118,Benjamin Adams,benjamin.adams448@example.com,Platinum,Paid Search (Google),21,5134.74,2025-02-14 07:28:00,2026-08-14 23:55:00,17,547,27.4,0.62,0.0,Active & Healthy,Tier 1: High-Priority VIP Winback ($30 Loyalty Credit + Personal Email)
CUST-00171,Jackson Johnson,jackson.johnson103@example.com,Platinum,Affiliate Referral,24,5105.32,2026-03-13 16:59:00,2026-08-27 09:46:00,5,167,7.3,0.68,0.0,Active & Healthy,Tier 1: High-Priority VIP Winback ($30 Loyalty Credit + Personal Email)
CUST-00135,Eleanor Robinson,eleanor.robinson456@example.com,Platinum,Social Media (Instagram/TikTok),14,5051.85,2025-10-28 23:37:00,2026-08-12 20:23:00,19,288,22.2,0.86,0.0,Active & Healthy,Tier 1: High-Priority VIP Winback ($30 Loyalty Credit + Personal Email)
CUST-00282,Jack Torres,jack.torres424@example.com,Gold,Email Marketing,5,4993.35,2026-03-16 12:37:00,2026-08-16 03:13:00,16,153,38.2,0.42,0.0,Active & Healthy,Tier 1: High-Priority VIP Winback ($30 Loyalty Credit + Personal Email)
CUST-00059,Camila Wilson,camila.wilson695@example.com,Platinum,Paid Search (Google),21,4986.97,2024-04-07 11:08:00,2026-08-21 14:39:00,10,866,43.3,0.23,0.0,Active & Healthy,Tier 1: High-Priority VIP Winback ($30 Loyalty Credit + Personal Email)
CUST-00196,Hannah Williams,hannah.williams139@example.com,Platinum,Social Media (Instagram/TikTok),14,4983.89,2025-10-29 11:52:00,2026-08-22 13:12:00,9,297,22.8,0.39,0.0,Active & Healthy,Tier 1: High-Priority VIP Winback ($30 Loyalty Credit + Personal Email)
CUST-00206,Logan Thomas,logan.thomas553@example.com,Platinum,Paid Search (Google),15,4981.62,2025-08-15 18:01:00,2026-08-12 12:23:00,19,362,25.9,0.73,0.0,Active & Healthy,Tier 1: High-Priority VIP Winback ($30 Loyalty Credit + Personal Email)
CUST-00010,Benjamin Scott,benjamin.scott310@example.com,Platinum,Affiliate Referral,18,4923.88,2026-01-12 07:27:00,2026-08-31 01:30:00,1,231,13.6,0.07,0.0,Active & Healthy,Tier 1: High-Priority VIP Winback ($30 Loyalty Credit + Personal Email)
CUST-00019,Samuel Wilson,samuel.wilson681@example.com,Platinum,Email Marketing,10,4896.55,2024-09-18 10:54:00,2026-07-26 17:12:00,36,676,75.1,0.48,0.0,Active & Healthy,Tier 1: High-Priority VIP Winback ($30 Loyalty Credit + Personal Email)
CUST-00049,Henry Hernandez,henry.hernandez426@example.com,Platinum,Paid Search (Google),15,4890.61,2025-02-21 01:18:00,2026-08-27 10:06:00,5,552,39.4,0.13,0.0,Active & Healthy,Tier 1: High-Priority VIP Winback ($30 Loyalty Credit + Personal Email)
CUST-00538,Emily Rodriguez,emily.rodriguez285@example.com,Gold,Email Marketing,8,4857.61,2024-07-02 15:06:00,2026-07-24 20:56:00,38,752,107.4,0.35,0.0,Active & Healthy,Tier 1: High-Priority VIP Winback ($30 Loyalty Credit + Personal Email)
CUST-00222,Sebastian Hernandez,sebastian.hernandez273@example.com,Platinum,Social Media (Instagram/TikTok),13,4820.51,2025-02-25 22:01:00,2026-08-24 04:49:00,8,544,45.3,0.18,0.0,Active & Healthy,Tier 1: High-Priority VIP Winback ($30 Loyalty Credit + Personal Email)
CUST-00213,Eleanor Miller,eleanor.miller252@example.com,Platinum,Social Media (Instagram/TikTok),22,4752.32,2025-08-15 15:49:00,2026-08-28 02:11:00,4,377,18.0,0.22,0.0,Active & Healthy,Tier 1: High-Priority VIP Winback ($30 Loyalty Credit + Personal Email)
CUST-00605,Luna Scott,luna.scott601@example.com,Gold,Email Marketing,7,4702.79,2025-08-12 23:54:00,2026-08-18 18:21:00,13,371,61.8,0.21,0.0,Active & Healthy,Tier 1: High-Priority VIP Winback ($30 Loyalty Credit + Personal Email)
CUST-00114,Daniel Young,daniel.young234@example.com,Platinum,Email Marketing,9,4574.97,2025-03-23 17:45:00,2026-08-22 10:37:00,10,517,64.6,0.15,0.0,Active & Healthy,Tier 1: High-Priority VIP Winback ($30 Loyalty Credit + Personal Email)
CUST-00300,Ethan Williams,ethan.williams263@example.com,Gold,Email Marketing,10,4537.58,2024-12-06 09:32:00,2026-08-13 04:32:00,19,615,68.3,0.28,0.0,Active & Healthy,Tier 1: High-Priority VIP Winback ($30 Loyalty Credit + Personal Email)
CUST-00803,Harper Scott,harper.scott268@example.com,Silver,Paid Search (Google),5,4520.43,2026-05-29 05:45:00,2026-08-18 19:32:00,13,82,20.5,0.63,0.0,Active & Healthy,Tier 1: High-Priority VIP Winback ($30 Loyalty Credit + Personal Email)
CUST-00015,Emily Wright,emily.wright756@example.com,Platinum,Email Marketing,18,4508.07,2023-05-19 09:56:00,2026-07-12 05:42:00,51,1150,67.6,0.75,0.0,Active & Healthy,Tier 1: High-Priority VIP Winback ($30 Loyalty Credit + Personal Email)
CUST-00303,William Perez,william.perez106@example.com,Gold,Email Marketing,9,4470.39,2026-04-06 22:08:00,2026-08-23 16:52:00,8,139,17.4,0.46,0.0,Active & Healthy,Tier 1: High-Priority VIP Winback ($30 Loyalty Credit + Personal Email)
CUST-00285,Amelia Thomas,amelia.thomas456@example.com,Gold,Affiliate Referral,7,4451.2,2024-08-29 06:56:00,2026-07-30 02:06:00,33,700,116.7,0.28,0.0,Active & Healthy,Tier 1: High-Priority VIP Winback ($30 Loyalty Credit + Personal Email)
CUST-00717,Eleanor Torres,eleanor.torres676@example.com,Gold,Paid Search (Google),5,4410.36,2026-06-01 19:54:00,2026-08-29 04:41:00,3,88,22.0,0.14,0.0,Active & Healthy,Tier 1: High-Priority VIP Winback ($30 Loyalty Credit + Personal Email)
CUST-00772,Layla Nelson,layla.nelson337@example.com,Silver,Organic Search,5,4380.38,2023-04-02 06:45:00,2026-07-28 04:59:00,35,1213,303.2,0.12,0.0,Active & Healthy,Tier 1: High-Priority VIP Winback ($30 Loyalty Credit + Personal Email)
CUST-00398,Dylan Jackson,dylan.jackson559@example.com,Gold,Email Marketing,9,4367.18,2023-04-01 02:48:00,2026-07-23 03:47:00,40,1209,151.1,0.26,0.0,Active & Healthy,Tier 1: High-Priority VIP Winback ($30 Loyalty Credit + Personal Email)
CUST-01295,Joseph Anderson,joseph.anderson752@example.com,Silver,Paid Search (Google),4,4342.44,2024-08-08 09:08:00,2026-07-28 18:38:00,34,719,239.7,0.14,0.0,Active & Healthy,Tier 1: High-Priority VIP Winback ($30 Loyalty Credit + Personal Email)
CUST-00700,James Perez,james.perez949@example.com,Gold,Paid Search (Google),8,4332.31,2024-02-09 01:33:00,2026-08-05 03:35:00,27,908,129.7,0.21,0.0,Active & Healthy,Tier 1: High-Priority VIP Winback ($30 Loyalty Credit + Personal Email)
CUST-00073,Noah White,noah.white606@example.com,Platinum,Email Marketing,11,4327.33,2023-09-09 04:28:00,2026-08-13 10:05:00,19,1069,106.9,0.18,0.0,Active & Healthy,Tier 1: High-Priority VIP Winback ($30 Loyalty Credit + Personal Email)
CUST-00566,Sofia King,sofia.king188@example.com,Gold,Social Media (Instagram/TikTok),7,4326.87,2023-04-26 01:19:00,2026-08-22 12:44:00,9,1214,202.3,0.04,0.0,Active & Healthy,Tier 1: High-Priority VIP Winback ($30 Loyalty Credit + Personal Email)
CUST-00396,Charlotte Sanchez,charlotte.sanchez527@example.com,Gold,Paid Search (Google),4,4311.89,2024-06-24 10:17:00,2026-07-29 04:40:00,34,765,255.0,0.13,0.0,Active & Healthy,Tier 1: High-Priority VIP Winback ($30 Loyalty Credit + Personal Email)
CUST-00207,Emily Lopez,emily.lopez90@example.com,Platinum,Affiliate Referral,8,4308.86,2025-02-07 21:53:00,2026-07-23 00:06:00,40,530,75.7,0.53,0.0,Active & Healthy,Tier 1: High-Priority VIP Winback ($30 Loyalty Credit + Personal Email)
CUST-00381,Charlotte Allen,charlotte.allen666@example.com,Gold,Affiliate Referral,7,4299.71,2025-12-10 07:22:00,2026-08-15 08:18:00,17,248,41.3,0.41,0.0,Active & Healthy,Tier 1: High-Priority VIP Winback ($30 Loyalty Credit + Personal Email)
CUST-00273,Luke Clark,luke.clark289@example.com,Gold,Organic Search,9,4280.93,2025-05-28 00:42:00,2026-08-24 19:58:00,7,454,56.8,0.12,0.0,Active & Healthy,Tier 1: High-Priority VIP Winback ($30 Loyalty Credit + Personal Email)
CUST-00098,Dylan Flores,dylan.flores880@example.com,Platinum,Email Marketing,20,4268.98,2022-12-13 07:10:00,2026-08-30 23:01:00,1,1357,71.4,0.01,0.0,Active & Healthy,Tier 1: High-Priority VIP Winback ($30 Loyalty Credit + Personal Email)
CUST-00167,Sebastian Martinez,sebastian.martinez83@example.com,Platinum,Social Media (Instagram/TikTok),14,4174.3,2023-08-28 17:48:00,2026-08-23 08:57:00,9,1091,83.9,0.11,0.0,Active & Healthy,Tier 1: High-Priority VIP Winback ($30 Loyalty Credit + Personal Email)
CUST-00064,Sofia White,sofia.white301@example.com,Platinum,Affiliate Referral,15,4161.3,2025-01-16 00:03:00,2026-08-18 14:29:00,13,580,41.4,0.31,0.0,Active & Healthy,Tier 1: High-Priority VIP Winback ($30 Loyalty Credit + Personal Email)
CUST-00253,Zoey Miller,zoey.miller822@example.com,Gold,Affiliate Referral,10,4150.61,2023-10-16 18:10:00,2026-08-03 21:51:00,28,1022,113.6,0.25,0.0,Active & Healthy,Tier 1: High-Priority VIP Winback ($30 Loyalty Credit + Personal Email)
CUST-00217,Grace Anderson,grace.anderson661@example.com,Platinum,Social Media (Instagram/TikTok),11,4071.93,2025-12-21 23:41:00,2026-08-27 15:38:00,4,249,24.9,0.16,0.0,Active & Healthy,Tier 1: High-Priority VIP Winback ($30 Loyalty Credit + Personal Email)
CUST-00579,Jack Lopez,jack.lopez508@example.com,Gold,Paid Search (Google),4,4067.41,2025-06-06 13:23:00,2026-08-26 23:16:00,5,446,148.7,0.03,0.0,Active & Healthy,Tier 1: High-Priority VIP Winback ($30 Loyalty Credit + Personal Email)
CUST-00386,Matthew Walker,matthew.walker260@example.com,Gold,Email Marketing,8,4048.38,2026-04-14 17:34:00,2026-08-19 18:21:00,12,127,18.1,0.66,0.0,Active & Healthy,Tier 1: High-Priority VIP Winback ($30 Loyalty Credit + Personal Email)
CUST-00379,Aiden Garcia,aiden.garcia266@example.com,Gold,Affiliate Referral,10,4011.56,2026-01-20 12:53:00,2026-08-23 11:06:00,9,215,23.9,0.38,0.0,Active & Healthy,Tier 1: High-Priority VIP Winback ($30 Loyalty Credit + Personal Email)
CUST-00251,Mason Moore,mason.moore649@example.com,Gold,Affiliate Referral,10,3988.49,2025-09-18 21:36:00,2026-08-18 21:32:00,13,334,37.1,0.35,0.0,Active & Healthy,Tier 1: High-Priority VIP Winback ($30 Loyalty Credit + Personal Email)
CUST-00641,Alexander Young,alexander.young985@example.com,Gold,Affiliate Referral,10,3966.17,2025-09-13 06:09:00,2026-08-04 16:56:00,27,325,36.1,0.75,0.0,Active & Healthy,Tier 1: High-Priority VIP Winback ($30 Loyalty Credit + Personal Email)
CUST-00291,Hannah Robinson,hannah.robinson782@example.com,Gold,Email Marketing,6,3927.32,2025-09-27 12:57:00,2026-08-17 16:13:00,14,324,64.8,0.22,0.0,Active & Healthy,Tier 1: High-Priority VIP Winback ($30 Loyalty Credit + Personal Email)
CUST-00528,Zoey Lopez,zoey.lopez706@example.com,Gold,Email Marketing,7,3869.55,2026-05-16 04:43:00,2026-08-30 22:08:00,1,107,17.8,0.06,0.0,Active & Healthy,Tier 1: High-Priority VIP Winback ($30 Loyalty Credit + Personal Email)
CUST-00122,Joseph Anderson,joseph.anderson675@example.com,Platinum,Organic Search,10,3862.31,2026-01-25 08:48:00,2026-08-20 19:34:00,11,207,23.0,0.48,0.0,Active & Healthy,Tier 1: High-Priority VIP Winback ($30 Loyalty Credit + Personal Email)
CUST-00390,Layla Rodriguez,layla.rodriguez788@example.com,Gold,Affiliate Referral,7,3796.86,2025-05-12 12:33:00,2026-07-06 21:12:00,56,420,70.0,0.8,0.0,Active & Healthy,Tier 1: High-Priority VIP Winback ($30 Loyalty Credit + Personal Email)
CUST-01402,Samuel Martinez,samuel.martinez14@example.com,Silver,Affiliate Referral,4,3744.7,2026-01-29 14:37:00,2026-08-23 01:55:00,9,205,68.3,0.13,0.0,Active & Healthy,Tier 1: High-Priority VIP Winback ($30 Loyalty Credit + Personal Email)
CUST-00237,Charlotte Nelson,charlotte.nelson227@example.com,Platinum,Affiliate Referral,17,3724.28,2026-01-08 14:47:00,2026-08-24 14:58:00,7,228,14.2,0.49,0.0,Active & Healthy,Tier 1: High-Priority VIP Winback ($30 Loyalty Credit + Personal Email)
CUST-00449,Lily Martin,lily.martin173@example.com,Gold,Affiliate Referral,9,3720.94,2026-05-21 04:07:00,2026-08-27 20:37:00,4,99,12.4,0.32,0.0,Active & Healthy,Tier 1: High-Priority VIP Winback ($30 Loyalty Credit + Personal Email)
CUST-00115,Olivia Harris,olivia.harris354@example.com,Platinum,Email Marketing,15,3664.72,2026-04-02 09:39:00,2026-08-28 09:43:00,4,148,10.6,0.38,0.0,Active & Healthy,Tier 1: High-Priority VIP Winback ($30 Loyalty Credit + Personal Email)
CUST-00225,Camila Wright,camila.wright136@example.com,Platinum,Social Media (Instagram/TikTok),16,3654.28,2024-07-12 15:27:00,2026-08-08 05:49:00,24,757,50.5,0.48,0.0,Active & Healthy,Tier 1: High-Priority VIP Winback ($30 Loyalty Credit + Personal Email)
CUST-00162,Ethan Scott,ethan.scott86@example.com,Platinum,Email Marketing,11,3643.17,2023-08-14 04:54:00,2026-07-27 12:56:00,35,1078,107.8,0.32,0.0,Active & Healthy,Tier 1: High-Priority VIP Winback ($30 Loyalty Credit + Personal Email)
CUST-00198,Logan Clark,logan.clark901@example.com,Platinum,Organic Search,10,3639.31,2023-08-11 03:49:00,2026-08-31 20:06:00,0,1117,124.1,0.0,0.0,Active & Healthy,Tier 1: High-Priority VIP Winback ($30 Loyalty Credit + Personal Email)
CUST-00409,Luna Allen,luna.allen858@example.com,Gold,Email Marketing,6,3612.65,2025-10-09 04:11:00,2026-08-28 00:53:00,4,323,64.6,0.06,0.0,Active & Healthy,Tier 1: High-Priority VIP Winback ($30 Loyalty Credit + Personal Email)
CUST-00972,Aiden Gonzalez,aiden.gonzalez44@example.com,Silver,Affiliate Referral,4,3519.77,2025-11-15 02:35:00,2026-07-28 12:55:00,34,255,85.0,0.4,0.0,Active & Healthy,Tier 1: High-Priority VIP Winback ($30 Loyalty Credit + Personal Email)
CUST-00564,Samuel Jones,samuel.jones317@example.com,Gold,Organic Search,8,3516.81,2026-06-07 02:29:00,2026-08-26 09:21:00,6,80,11.4,0.53,0.0,Active & Healthy,Tier 1: High-Priority VIP Winback ($30 Loyalty Credit + Personal Email)
CUST-00656,Sofia Robinson,sofia.robinson387@example.com,Gold,Paid Search (Google),7,3512.34,2025-03-17 06:20:00,2026-07-28 10:07:00,35,498,83.0,0.42,0.0,Active & Healthy,Tier 1: High-Priority VIP Winback ($30 Loyalty Credit + Personal Email)
CUST-00035,Mila Rivera,mila.rivera329@example.com,Platinum,Social Media (Instagram/TikTok),9,3500.11,2026-03-17 17:47:00,2026-08-17 07:46:00,15,153,19.1,0.79,0.0,Active & Healthy,Tier 1: High-Priority VIP Winback ($30 Loyalty Credit + Personal Email)
CUST-00557,David Ramirez,david.ramirez118@example.com,Gold,Social Media (Instagram/TikTok),6,3478.3,2023-09-20 06:23:00,2026-08-31 07:47:00,1,1076,215.2,0.0,0.0,Active & Healthy,Tier 1: High-Priority VIP Winback ($30 Loyalty Credit + Personal Email)
CUST-00460,Mason Allen,mason.allen435@example.com,Gold,Organic Search,6,3402.48,2025-11-29 04:12:00,2026-08-02 08:07:00,30,246,49.2,0.61,0.0,Active & Healthy,Tier 1: High-Priority VIP Winback ($30 Loyalty Credit + Personal Email)
CUST-00028,Ethan Allen,ethan.allen944@example.com,Platinum,Social Media (Instagram/TikTok),13,3381.03,2025-12-03 03:02:00,2026-08-23 03:51:00,9,263,21.9,0.41,0.0,Active & Healthy,Tier 1: High-Priority VIP Winback ($30 Loyalty Credit + Personal Email)
CUST-00465,John Lopez,john.lopez797@example.com,Gold,Email Marketing,4,3377.9,2026-02-12 18:41:00,2026-08-13 10:48:00,19,182,60.7,0.31,0.0,Active & Healthy,Tier 1: High-Priority VIP Winback ($30 Loyalty Credit + Personal Email)
CUST-00612,Jack Adams,jack.adams103@example.com,Gold,Organic Search,10,3367.65,2023-04-17 02:49:00,2026-07-22 14:35:00,40,1192,132.4,0.3,0.0,Active & Healthy,Tier 1: High-Priority VIP Winback ($30 Loyalty Credit + Personal Email)
CUST-00041,Mason Campbell,mason.campbell967@example.com,Platinum,Email Marketing,7,3361.71,2025-09-09 05:25:00,2026-07-17 16:51:00,45,311,51.8,0.87,0.0,Active & Healthy,Tier 1: High-Priority VIP Winback ($30 Loyalty Credit + Personal Email)
CUST-00644,William Taylor,william.taylor739@example.com,Gold,Organic Search,7,3317.75,2026-02-09 16:34:00,2026-08-04 01:12:00,28,175,29.2,0.96,0.0,Active & Healthy,Tier 1: High-Priority VIP Winback ($30 Loyalty Credit + Personal Email)
CUST-00084,Lucas Taylor,lucas.taylor192@example.com,Platinum,Organic Search,13,3317.21,2024-02-07 14:31:00,2026-07-09 01:28:00,54,882,73.5,0.73,0.0,Active & Healthy,Tier 1: High-Priority VIP Winback ($30 Loyalty Credit + Personal Email)
CUST-00068,Michael Rivera,michael.rivera361@example.com,Platinum,Social Media (Instagram/TikTok),12,3304.08,2026-04-11 02:41:00,2026-08-29 00:24:00,3,140,12.7,0.24,0.0,Active & Healthy,Tier 1: High-Priority VIP Winback ($30 Loyalty Credit + Personal Email)
CUST-00556,Emily Adams,emily.adams637@example.com,Gold,Email Marketing,7,3294.86,2025-09-17 22:34:00,2026-08-11 12:33:00,20,328,54.7,0.37,0.0,Active & Healthy,Tier 1: High-Priority VIP Winback ($30 Loyalty Credit + Personal Email)
CUST-00977,Charlotte Scott,charlotte.scott301@example.com,Silver,Affiliate Referral,5,3270.33,2026-01-28 07:27:00,2026-08-04 04:50:00,28,188,47.0,0.6,0.0,Active & Healthy,Tier 1: High-Priority VIP Winback ($30 Loyalty Credit + Personal Email)
CUST-00105,Jack Scott,jack.scott466@example.com,Platinum,Email Marketing,12,3193.64,2025-04-19 10:57:00,2026-07-22 16:42:00,40,459,41.7,0.96,0.0,Active & Healthy,Tier 1: High-Priority VIP Winback ($30 Loyalty Credit + Personal Email)
CUST-00424,Aiden Davis,aiden.davis597@example.com,Gold,Email Marketing,7,3193.13,2025-09-11 21:55:00,2026-07-26 16:21:00,36,318,53.0,0.68,0.0,Active & Healthy,Tier 1: High-Priority VIP Winback ($30 Loyalty Credit + Personal Email)
CUST-01061,Sophia Nguyen,sophia.nguyen812@example.com,Silver,Affiliate Referral,4,3068.63,2025-10-23 06:13:00,2026-08-21 14:46:00,10,302,100.7,0.1,0.0,Active & Healthy,Tier 1: High-Priority VIP Winback ($30 Loyalty Credit + Personal Email)
CUST-00083,Layla Baker,layla.baker873@example.com,Platinum,Organic Search,13,3057.78,2024-07-05 00:16:00,2026-07-06 19:08:00,56,732,61.0,0.92,0.0,Active & Healthy,Tier 1: High-Priority VIP Winback ($30 Loyalty Credit + Personal Email)
CUST-00260,Harper Clark,harper.clark372@example.com,Gold,Email Marketing,8,3057.03,2026-02-25 13:48:00,2026-08-09 11:02:00,23,165,23.6,0.97,0.0,Active & Healthy,Tier 1: High-Priority VIP Winback ($30 Loyalty Credit + Personal Email)
CUST-00317,Henry Martin,henry.martin998@example.com,Gold,Paid Search (Google),6,3046.59,2025-06-19 20:29:00,2026-08-12 12:42:00,19,419,83.8,0.23,0.0,Active & Healthy,Tier 1: High-Priority VIP Winback ($30 Loyalty Credit + Personal Email)
CUST-00540,Matthew Walker,matthew.walker811@example.com,Gold,Social Media (Instagram/TikTok),6,3018.42,2024-06-15 04:12:00,2026-08-03 23:55:00,28,780,156.0,0.18,0.0,Active & Healthy,Tier 1: High-Priority VIP Winback ($30 Loyalty Credit + Personal Email)
CUST-00478,Madison Thomas,madison.thomas319@example.com,Gold,Affiliate Referral,6,3005.88,2026-04-15 18:16:00,2026-08-28 00:20:00,4,134,26.8,0.15,0.0,Active & Healthy,Tier 1: High-Priority VIP Winback ($30 Loyalty Credit + Personal Email)
CUST-00480,Ethan Green,ethan.green705@example.com,Gold,Email Marketing,3,2992.68,2025-09-28 17:14:00,2026-08-20 00:00:00,12,325,162.5,0.07,0.0,Active & Healthy,Tier 1: High-Priority VIP Winback ($30 Loyalty Credit + Personal Email)
CUST-01123,Emma Perez,emma.perez720@example.com,Silver,Social Media (Instagram/TikTok),3,2988.93,2023-08-26 19:00:00,2026-08-28 07:36:00,4,1098,549.0,0.01,0.0,Active & Healthy,Tier 1: High-Priority VIP Winback ($30 Loyalty Credit + Personal Email)
CUST-01040,Zoey Sanchez,zoey.sanchez265@example.com,Silver,Email Marketing,4,2973.93,2026-02-11 03:12:00,2026-07-14 15:16:00,48,154,51.3,0.94,0.0,Active & Healthy,Tier 1: High-Priority VIP Winback ($30 Loyalty Credit + Personal Email)
CUST-00769,Aiden Martin,aiden.martin710@example.com,Silver,Organic Search,3,2971.14,2026-01-21 10:12:00,2026-08-14 02:32:00,18,205,102.5,0.18,0.0,Active & Healthy,Tier 1: High-Priority VIP Winback ($30 Loyalty Credit + Personal Email)
CUST-00293,Dylan Lewis,dylan.lewis656@example.com,Gold,Affiliate Referral,9,2965.84,2024-01-12 10:45:00,2026-08-04 16:01:00,27,935,116.9,0.23,0.0,Active & Healthy,Tier 1: High-Priority VIP Winback ($30 Loyalty Credit + Personal Email)
CUST-00393,Penelope Flores,penelope.flores438@example.com,Gold,Social Media (Instagram/TikTok),9,2942.51,2023-12-27 14:02:00,2026-08-18 07:23:00,14,965,120.6,0.12,0.0,Active & Healthy,Tier 1: High-Priority VIP Winback ($30 Loyalty Credit + Personal Email)
CUST-00916,Amelia Lopez,amelia.lopez671@example.com,Silver,Social Media (Instagram/TikTok),5,2921.21,2022-12-14 01:02:00,2026-07-27 17:30:00,35,1322,330.5,0.11,0.0,Active & Healthy,Tier 1: High-Priority VIP Winback ($30 Loyalty Credit + Personal Email)
CUST-01065,Amelia Rodriguez,amelia.rodriguez509@example.com,Silver,Affiliate Referral,5,2914.92,2024-07-18 14:05:00,2026-07-29 11:11:00,34,741,185.2,0.18,0.0,Active & Healthy,Tier 1: High-Priority VIP Winback ($30 Loyalty Credit + Personal Email)
CUST-00663,Elijah Allen,elijah.allen146@example.com,Gold,Organic Search,7,2913.68,2024-10-14 07:34:00,2026-08-20 09:33:00,12,675,112.5,0.11,0.0,Active & Healthy,Tier 1: High-Priority VIP Winback ($30 Loyalty Credit + Personal Email)
CUST-00232,Riley Nguyen,riley.nguyen770@example.com,Platinum,Email Marketing,17,2909.45,2023-08-25 10:40:00,2026-07-09 19:30:00,53,1049,65.6,0.81,0.0,Active & Healthy,Tier 1: High-Priority VIP Winback ($30 Loyalty Credit + Personal Email)
CUST-00594,Joseph Wright,joseph.wright297@example.com,Gold,Paid Search (Google),9,2909.45,2025-07-05 15:25:00,2026-08-09 08:29:00,23,400,50.0,0.46,0.0,Active & Healthy,Tier 1: High-Priority VIP Winback ($30 Loyalty Credit + Personal Email)
CUST-00543,Wyatt Perez,wyatt.perez871@example.com,Gold,Social Media (Instagram/TikTok),6,2902.26,2025-02-27 01:07:00,2026-08-20 23:44:00,11,540,108.0,0.1,0.0,Active & Healthy,Tier 1: High-Priority VIP Winback ($30 Loyalty Credit + Personal Email)
CUST-01024,Henry Nelson,henry.nelson267@example.com,Silver,Organic Search,4,2850.93,2026-05-20 04:33:00,2026-08-14 04:34:00,18,86,28.7,0.63,0.0,Active & Healthy,Tier 1: High-Priority VIP Winback ($30 Loyalty Credit + Personal Email)
CUST-00436,Riley Lopez,riley.lopez966@example.com,Gold,Email Marketing,9,2846.36,2024-09-27 11:01:00,2026-08-24 22:31:00,7,696,87.0,0.08,0.0,Active & Healthy,Tier 1: High-Priority VIP Winback ($30 Loyalty Credit + Personal Email)
CUST-00134,Zoey Lopez,zoey.lopez761@example.com,Platinum,Social Media (Instagram/TikTok),10,2798.15,2026-03-02 23:05:00,2026-08-18 07:50:00,14,168,18.7,0.75,0.0,Active & Healthy,Tier 1: High-Priority VIP Winback ($30 Loyalty Credit + Personal Email)
CUST-00586,Emily Roberts,emily.roberts478@example.com,Gold,Affiliate Referral,9,2786.53,2025-06-13 13:38:00,2026-07-18 18:26:00,44,400,50.0,0.88,0.0,Active & Healthy,Tier 1: High-Priority VIP Winback ($30 Loyalty Credit + Personal Email)
CUST-01466,Amelia Mitchell,amelia.mitchell957@example.com,Silver,Social Media (Instagram/TikTok),4,2784.14,2024-04-29 04:32:00,2026-07-16 00:14:00,47,808,269.3,0.17,0.0,Active & Healthy,Tier 1: High-Priority VIP Winback ($30 Loyalty Credit + Personal Email)
CUST-00756,Sofia Williams,sofia.williams477@example.com,Silver,Paid Search (Google),5,2779.5,2025-08-04 00:15:00,2026-08-19 23:41:00,12,381,95.2,0.13,0.0,Active & Healthy,Tier 1: High-Priority VIP Winback ($30 Loyalty Credit + Personal Email)
CUST-00514,Sofia Hall,sofia.hall241@example.com,Gold,Organic Search,6,2771.27,2026-04-09 20:52:00,2026-08-08 21:41:00,23,121,24.2,0.95,0.0,Active & Healthy,Tier 1: High-Priority VIP Winback ($30 Loyalty Credit + Personal Email)
CUST-00130,Harper Torres,harper.torres811@example.com,Platinum,Affiliate Referral,9,2750.41,2024-06-27 04:15:00,2026-07-13 03:03:00,50,746,93.2,0.54,0.0,Active & Healthy,Tier 1: High-Priority VIP Winback ($30 Loyalty Credit + Personal Email)
CUST-00286,Benjamin Sanchez,benjamin.sanchez901@example.com,Gold,Paid Search (Google),8,2721.25,2024-10-06 11:16:00,2026-08-12 13:33:00,19,675,96.4,0.2,0.0,Active & Healthy,Tier 1: High-Priority VIP Winback ($30 Loyalty Credit + Personal Email)
CUST-00527,Nora Young,nora.young243@example.com,Gold,Email Marketing,5,2710.12,2025-11-10 02:55:00,2026-07-16 21:06:00,46,249,62.2,0.74,0.0,Active & Healthy,Tier 1: High-Priority VIP Winback ($30 Loyalty Credit + Personal Email)
CUST-00099,Riley Green,riley.green599@example.com,Platinum,Email Marketing,11,2709.53,2026-05-04 12:47:00,2026-08-28 17:05:00,3,116,11.6,0.26,0.0,Active & Healthy,Tier 1: High-Priority VIP Winback ($30 Loyalty Credit + Personal Email)
CUST-01146,Samuel Jones,samuel.jones580@example.com,Silver,Paid Search (Google),5,2696.83,2023-02-16 19:20:00,2026-07-22 12:26:00,40,1252,313.0,0.13,0.0,Active & Healthy,Tier 1: High-Priority VIP Winback ($30 Loyalty Credit + Personal Email)
CUST-01044,Scarlett Davis,scarlett.davis662@example.com,Silver,Email Marketing,3,2689.3,2026-03-30 04:35:00,2026-07-23 08:43:00,40,115,57.5,0.7,0.0,Active & Healthy,Tier 1: High-Priority VIP Winback ($30 Loyalty Credit + Personal Email)
CUST-00985,Lucas Taylor,lucas.taylor79@example.com,Silver,Paid Search (Google),3,2688.73,2026-02-14 09:11:00,2026-07-26 07:00:00,37,162,81.0,0.46,0.0,Active & Healthy,Tier 1: High-Priority VIP Winback ($30 Loyalty Credit + Personal Email)
CUST-00542,Mila Robinson,mila.robinson119@example.com,Gold,Organic Search,7,2682.2,2024-06-01 16:31:00,2026-08-29 11:26:00,3,819,136.5,0.02,0.0,Active & Healthy,Tier 1: High-Priority VIP Winback ($30 Loyalty Credit + Personal Email)
CUST-00342,Ethan Roberts,ethan.roberts711@example.com,Gold,Email Marketing,7,2635.24,2026-05-12 05:17:00,2026-08-24 22:10:00,7,105,17.5,0.4,0.0,Active & Healthy,Tier 1: High-Priority VIP Winback ($30 Loyalty Credit + Personal Email)
CUST-00613,Ella Walker,ella.walker89@example.com,Gold,Paid Search (Google),7,2626.98,2025-11-01 02:08:00,2026-08-29 06:40:00,3,301,50.2,0.06,0.0,Active & Healthy,Tier 1: High-Priority VIP Winback ($30 Loyalty Credit + Personal Email)
CUST-02215,Grayson Green,grayson.green88@example.com,Standard,Email Marketing,3,2621.61,2026-06-10 14:13:00,2026-08-11 03:51:00,21,62,31.0,0.68,0.0,Active & Healthy,Tier 1: High-Priority VIP Winback ($30 Loyalty Credit + Personal Email)
CUST-00570,Ella Wilson,ella.wilson295@example.com,Gold,Organic Search,5,2613.94,2026-05-18 10:50:00,2026-08-30 22:05:00,1,104,26.0,0.04,0.0,Active & Healthy,Tier 1: High-Priority VIP Winback ($30 Loyalty Credit + Personal Email)
CUST-00706,Ethan Rivera,ethan.rivera585@example.com,Gold,Social Media (Instagram/TikTok),6,2603.38,2025-12-03 03:25:00,2026-08-21 16:44:00,10,262,52.4,0.19,0.0,Active & Healthy,Tier 1: High-Priority VIP Winback ($30 Loyalty Credit + Personal Email)
CUST-00033,Mason Rodriguez,mason.rodriguez685@example.com,Platinum,Paid Search (Google),8,2594.16,2025-07-25 02:20:00,2026-08-31 15:06:00,0,403,57.6,0.0,0.0,Active & Healthy,Tier 1: High-Priority VIP Winback ($30 Loyalty Credit + Personal Email)
CUST-00533,Mason Garcia,mason.garcia201@example.com,Gold,Affiliate Referral,7,2592.15,2024-12-17 21:03:00,2026-07-17 08:08:00,46,576,96.0,0.48,0.0,Active & Healthy,Tier 1: High-Priority VIP Winback ($30 Loyalty Credit + Personal Email)
CUST-00937,Avery Clark,avery.clark840@example.com,Silver,Email Marketing,3,2585.39,2024-07-14 07:26:00,2026-07-26 03:00:00,37,742,371.0,0.1,0.0,Active & Healthy,Tier 1: High-Priority VIP Winback ($30 Loyalty Credit + Personal Email)
CUST-00102,Lily Brown,lily.brown580@example.com,Platinum,Email Marketing,11,2579.11,2023-03-13 09:53:00,2026-08-14 21:38:00,17,1250,125.0,0.14,0.0,Active & Healthy,Tier 1: High-Priority VIP Winback ($30 Loyalty Credit + Personal Email)
CUST-00687,Riley Gonzalez,riley.gonzalez668@example.com,Gold,Paid Search (Google),10,2554.54,2025-06-24 19:05:00,2026-08-16 10:35:00,16,418,46.4,0.34,0.0,Active & Healthy,Tier 1: High-Priority VIP Winback ($30 Loyalty Credit + Personal Email)
CUST-01405,Eleanor Williams,eleanor.williams152@example.com,Silver,Organic Search,4,2475.5,2025-12-01 15:58:00,2026-07-08 19:18:00,54,219,73.0,0.74,0.0,Active & Healthy,Tier 1: High-Priority VIP Winback ($30 Loyalty Credit + Personal Email)
CUST-00587,Lucas Torres,lucas.torres126@example.com,Gold,Social Media (Instagram/TikTok),8,2452.36,2025-10-04 08:45:00,2026-08-05 14:13:00,26,305,43.6,0.6,0.0,Active & Healthy,Tier 1: High-Priority VIP Winback ($30 Loyalty Credit + Personal Email)
CUST-00284,Jayden Hall,jayden.hall951@example.com,Gold,Email Marketing,8,2433.08,2023-04-28 16:59:00,2026-08-18 10:27:00,14,1208,172.6,0.08,0.0,Active & Healthy,Tier 1: High-Priority VIP Winback ($30 Loyalty Credit + Personal Email)
CUST-00646,Emily White,emily.white171@example.com,Gold,Affiliate Referral,7,2399.18,2023-04-17 13:12:00,2026-08-14 10:23:00,18,1215,202.5,0.09,0.0,Active & Healthy,Tier 1: High-Priority VIP Winback ($30 Loyalty Credit + Personal Email)
CUST-01227,Ethan Rivera,ethan.rivera620@example.com,Silver,Email Marketing,4,2397.91,2026-01-31 23:03:00,2026-08-23 09:09:00,9,203,67.7,0.13,0.0,Active & Healthy,Tier 1: High-Priority VIP Winback ($30 Loyalty Credit + Personal Email)
CUST-01231,Lily Walker,lily.walker247@example.com,Silver,Affiliate Referral,5,2390.76,2023-05-13 19:15:00,2026-07-12 08:08:00,51,1156,289.0,0.18,0.0,Active & Healthy,Tier 1: High-Priority VIP Winback ($30 Loyalty Credit + Personal Email)
CUST-01127,Owen Nguyen,owen.nguyen937@example.com,Silver,Organic Search,3,2318.94,2025-09-09 12:09:00,2026-08-16 04:36:00,16,341,170.5,0.09,0.0,Active & Healthy,Tier 1: High-Priority VIP Winback ($30 Loyalty Credit + Personal Email)
CUST-00867,Oliver Harris,oliver.harris406@example.com,Silver,Social Media (Instagram/TikTok),2,2314.43,2026-05-19 00:15:00,2026-07-19 09:25:00,44,61,61.0,0.72,0.0,Active & Healthy,Tier 1: High-Priority VIP Winback ($30 Loyalty Credit + Personal Email)
CUST-00160,Isabella Flores,isabella.flores993@example.com,Platinum,Paid Search (Google),16,2309.63,2023-02-07 21:37:00,2026-08-18 14:24:00,13,1288,85.9,0.15,0.0,Active & Healthy,Tier 1: High-Priority VIP Winback ($30 Loyalty Credit + Personal Email)
CUST-00837,James Garcia,james.garcia820@example.com,Silver,Social Media (Instagram/TikTok),5,2303.62,2025-11-22 20:20:00,2026-07-28 13:30:00,34,248,62.0,0.55,0.0,Active & Healthy,Tier 1: High-Priority VIP Winback ($30 Loyalty Credit + Personal Email)
CUST-00590,Matthew Williams,matthew.williams470@example.com,Gold,Organic Search,3,2291.69,2024-08-21 17:54:00,2026-08-15 21:10:00,16,724,362.0,0.04,0.0,Active & Healthy,Tier 1: High-Priority VIP Winback ($30 Loyalty Credit + Personal Email)
CUST-01064,Isabella Thompson,isabella.thompson670@example.com,Silver,Affiliate Referral,3,2283.94,2026-07-24 12:27:00,2026-08-29 06:26:00,3,36,18.0,0.17,0.0,Active & Healthy,Tier 1: High-Priority VIP Winback ($30 Loyalty Credit + Personal Email)
CUST-01029,Mason Rodriguez,mason.rodriguez549@example.com,Silver,Organic Search,2,2267.68,2024-01-10 11:37:00,2026-08-07 03:45:00,25,940,940.0,0.03,0.0,Active & Healthy,Tier 1: High-Priority VIP Winback ($30 Loyalty Credit + Personal Email)
CUST-00660,Michael King,michael.king253@example.com,Gold,Organic Search,5,2243.05,2025-05-25 22:19:00,2026-07-09 13:30:00,53,410,102.5,0.52,0.0,Active & Healthy,Tier 1: High-Priority VIP Winback ($30 Loyalty Credit + Personal Email)
CUST-01534,Benjamin Roberts,benjamin.roberts973@example.com,Standard,Email Marketing,2,2235.44,2025-07-24 20:03:00,2026-08-14 06:26:00,18,385,385.0,0.05,0.0,Active & Healthy,Tier 1: High-Priority VIP Winback ($30 Loyalty Credit + Personal Email)
CUST-00520,Noah Lopez,noah.lopez961@example.com,Gold,Organic Search,6,2234.8,2024-10-01 18:22:00,2026-08-18 22:07:00,13,686,137.2,0.09,0.0,Active & Healthy,Tier 1: High-Priority VIP Winback ($30 Loyalty Credit + Personal Email)
CUST-00541,Sofia Campbell,sofia.campbell650@example.com,Gold,Affiliate Referral,8,2204.64,2025-10-20 18:07:00,2026-07-28 03:47:00,35,280,40.0,0.88,0.0,Active & Healthy,Tier 1: High-Priority VIP Winback ($30 Loyalty Credit + Personal Email)
CUST-00696,Grace Nguyen,grace.nguyen38@example.com,Gold,Social Media (Instagram/TikTok),6,2196.3,2026-05-16 14:38:00,2026-08-30 18:33:00,1,106,21.2,0.05,0.0,Active & Healthy,Tier 1: High-Priority VIP Winback ($30 Loyalty Credit + Personal Email)
CUST-00427,Luke Adams,luke.adams272@example.com,Gold,Paid Search (Google),4,2171.44,2025-07-11 07:45:00,2026-07-15 10:39:00,48,369,123.0,0.39,0.0,Active & Healthy,Tier 1: High-Priority VIP Winback ($30 Loyalty Credit + Personal Email)
CUST-00917,Evelyn Wright,evelyn.wright211@example.com,Silver,Organic Search,3,2152.96,2025-12-31 23:14:00,2026-07-29 22:09:00,33,210,105.0,0.31,0.0,Active & Healthy,Tier 1: High-Priority VIP Winback ($30 Loyalty Credit + Personal Email)
CUST-00349,Luke Harris,luke.harris357@example.com,Gold,Email Marketing,5,2148.1,2025-03-20 02:39:00,2026-08-16 23:18:00,15,515,128.8,0.12,0.0,Active & Healthy,Tier 1: High-Priority VIP Winback ($30 Loyalty Credit + Personal Email)
CUST-00281,Liam Robinson,liam.robinson953@example.com,Gold,Affiliate Referral,6,2147.41,2024-04-01 13:01:00,2026-08-26 19:44:00,5,877,175.4,0.03,0.0,Active & Healthy,Tier 1: High-Priority VIP Winback ($30 Loyalty Credit + Personal Email)
CUST-00655,Mila Jackson,mila.jackson587@example.com,Gold,Affiliate Referral,10,2111.99,2024-05-11 07:01:00,2026-08-03 08:10:00,29,814,90.4,0.32,0.0,Active & Healthy,Tier 1: High-Priority VIP Winback ($30 Loyalty Credit + Personal Email)
CUST-00485,Isabella Scott,isabella.scott432@example.com,Gold,Affiliate Referral,4,2103.66,2026-04-16 06:19:00,2026-08-08 19:43:00,23,115,38.3,0.6,0.0,Active & Healthy,Tier 1: High-Priority VIP Winback ($30 Loyalty Credit + Personal Email)
CUST-00555,Benjamin Miller,benjamin.miller797@example.com,Gold,Social Media (Instagram/TikTok),6,2102.88,2026-02-27 22:24:00,2026-08-07 05:49:00,25,160,32.0,0.78,0.0,Active & Healthy,Tier 1: High-Priority VIP Winback ($30 Loyalty Credit + Personal Email)
CUST-00652,Oliver Lopez,oliver.lopez238@example.com,Gold,Organic Search,7,2101.77,2025-04-26 05:59:00,2026-08-27 13:25:00,4,488,81.3,0.05,0.0,Active & Healthy,Tier 1: High-Priority VIP Winback ($30 Loyalty Credit + Personal Email)
CUST-01317,Matthew Hall,matthew.hall409@example.com,Silver,Social Media (Instagram/TikTok),4,2100.93,2026-01-10 08:44:00,2026-07-20 13:23:00,42,191,63.7,0.66,0.0,Active & Healthy,Tier 1: High-Priority VIP Winback ($30 Loyalty Credit + Personal Email)
CUST-01761,Scarlett White,scarlett.white18@example.com,Standard,Paid Search (Google),2,2092.04,2026-02-11 03:03:00,2026-08-16 20:11:00,15,187,187.0,0.08,0.0,Active & Healthy,Tier 1: High-Priority VIP Winback ($30 Loyalty Credit + Personal Email)
CUST-00384,Camila Adams,camila.adams225@example.com,Gold,Email Marketing,8,2073.48,2025-10-01 21:20:00,2026-08-30 16:52:00,1,333,47.6,0.02,0.0,Active & Healthy,Tier 1: High-Priority VIP Winback ($30 Loyalty Credit + Personal Email)
CUST-02346,Emma Nguyen,emma.nguyen320@example.com,Standard,Affiliate Referral,2,2067.95,2026-05-29 10:17:00,2026-08-30 06:38:00,2,93,93.0,0.02,0.0,Active & Healthy,Tier 1: High-Priority VIP Winback ($30 Loyalty Credit + Personal Email)
CUST-00809,Mila Thompson,mila.thompson730@example.com,Silver,Paid Search (Google),4,2061.19,2024-10-05 00:59:00,2026-08-25 02:42:00,7,689,229.7,0.03,0.0,Active & Healthy,Tier 1: High-Priority VIP Winback ($30 Loyalty Credit + Personal Email)
CUST-00455,Nora King,nora.king730@example.com,Gold,Affiliate Referral,4,2048.84,2023-06-16 21:08:00,2026-07-14 16:42:00,48,1124,374.7,0.13,0.0,Active & Healthy,Tier 1: High-Priority VIP Winback ($30 Loyalty Credit + Personal Email)
CUST-00699,Avery Hill,avery.hill234@example.com,Gold,Email Marketing,7,2045.29,2025-06-01 12:47:00,2026-08-04 08:36:00,28,429,71.5,0.39,0.0,Active & Healthy,Tier 1: High-Priority VIP Winback ($30 Loyalty Credit + Personal Email)
CUST-00505,James Clark,james.clark150@example.com,Gold,Paid Search (Google),6,2032.8,2026-02-08 02:56:00,2026-08-14 03:43:00,18,187,37.4,0.48,0.0,Active & Healthy,Tier 1: High-Priority VIP Winback ($30 Loyalty Credit + Personal Email)
CUST-00104,Samuel Carter,samuel.carter922@example.com,Platinum,Affiliate Referral,7,2029.5,2026-02-24 00:12:00,2026-08-20 21:36:00,11,178,29.7,0.37,0.0,Active & Healthy,Tier 1: High-Priority VIP Winback ($30 Loyalty Credit + Personal Email)
CUST-00659,James Carter,james.carter683@example.com,Gold,Organic Search,7,2025.57,2024-03-31 12:06:00,2026-08-12 06:36:00,20,864,144.0,0.14,0.0,Active & Healthy,Tier 1: High-Priority VIP Winback ($30 Loyalty Credit + Personal Email)
CUST-00544,Luke Perez,luke.perez450@example.com,Gold,Affiliate Referral,3,2019.93,2026-06-02 10:37:00,2026-08-31 16:30:00,0,90,45.0,0.0,0.0,Active & Healthy,Tier 1: High-Priority VIP Winback ($30 Loyalty Credit + Personal Email)
CUST-00295,Nora Williams,nora.williams68@example.com,Gold,Organic Search,8,2013.87,2024-08-05 12:59:00,2026-08-03 07:16:00,29,728,104.0,0.28,0.0,Active & Healthy,Tier 1: High-Priority VIP Winback ($30 Loyalty Credit + Personal Email)
CUST-00742,Jayden Smith,jayden.smith815@example.com,Gold,Affiliate Referral,7,1996.24,2025-12-18 12:00:00,2026-08-03 02:41:00,29,228,38.0,0.76,0.0,Active & Healthy,Tier 1: High-Priority VIP Winback ($30 Loyalty Credit + Personal Email)
CUST-00746,Dylan Williams,dylan.williams186@example.com,Gold,Paid Search (Google),4,1992.4,2024-11-07 10:10:00,2026-08-07 14:03:00,24,638,212.7,0.11,0.0,Active & Healthy,Tier 1: High-Priority VIP Winback ($30 Loyalty Credit + Personal Email)
CUST-01159,Owen Campbell,owen.campbell330@example.com,Silver,Affiliate Referral,3,1971.41,2025-11-11 21:39:00,2026-07-30 23:18:00,32,261,130.5,0.25,0.0,Active & Healthy,Tier 1: High-Priority VIP Winback ($30 Loyalty Credit + Personal Email)
CUST-00404,Carter Carter,carter.carter157@example.com,Gold,Affiliate Referral,8,1967.67,2025-11-16 04:54:00,2026-08-04 20:02:00,27,262,37.4,0.72,0.0,Active & Healthy,Tier 1: High-Priority VIP Winback ($30 Loyalty Credit + Personal Email)
CUST-01443,Mason Hall,mason.hall155@example.com,Silver,Social Media (Instagram/TikTok),3,1939.52,2024-11-26 06:57:00,2026-07-17 23:09:00,45,599,299.5,0.15,0.0,Active & Healthy,Tier 1: High-Priority VIP Winback ($30 Loyalty Credit + Personal Email)
CUST-01301,Aria Roberts,aria.roberts447@example.com,Silver,Social Media (Instagram/TikTok),4,1937.33,2026-03-04 15:43:00,2026-08-12 03:25:00,20,160,53.3,0.38,0.0,Active & Healthy,Tier 1: High-Priority VIP Winback ($30 Loyalty Credit + Personal Email)
CUST-00552,Henry Taylor,henry.taylor684@example.com,Gold,Email Marketing,10,1932.85,2024-11-08 05:16:00,2026-08-31 00:44:00,1,661,73.4,0.01,0.0,Active & Healthy,Tier 1: High-Priority VIP Winback ($30 Loyalty Credit + Personal Email)
CUST-01166,Lucas Lopez,lucas.lopez807@example.com,Silver,Affiliate Referral,3,1920.51,2026-05-11 06:04:00,2026-08-28 14:34:00,3,109,54.5,0.06,0.0,Active & Healthy,Tier 1: High-Priority VIP Winback ($30 Loyalty Credit + Personal Email)
CUST-00258,Zoey Miller,zoey.miller772@example.com,Gold,Paid Search (Google),5,1899.91,2025-01-15 23:22:00,2026-07-24 09:28:00,39,554,138.5,0.28,0.0,Active & Healthy,Tier 1: High-Priority VIP Winback ($30 Loyalty Credit + Personal Email)
CUST-00880,David White,david.white310@example.com,Silver,Affiliate Referral,3,1883.97,2025-12-07 16:44:00,2026-07-18 22:21:00,44,223,111.5,0.39,0.0,Active & Healthy,Tier 1: High-Priority VIP Winback ($30 Loyalty Credit + Personal Email)
CUST-00733,Benjamin Nelson,benjamin.nelson362@example.com,Gold,Email Marketing,6,1879.4,2025-06-25 18:00:00,2026-08-07 19:23:00,24,408,81.6,0.29,0.0,Active & Healthy,Tier 1: High-Priority VIP Winback ($30 Loyalty Credit + Personal Email)
CUST-00582,Grayson Rodriguez,grayson.rodriguez209@example.com,Gold,Affiliate Referral,8,1875.14,2024-08-22 16:26:00,2026-08-04 00:41:00,28,711,101.6,0.28,0.0,Active & Healthy,Tier 1: High-Priority VIP Winback ($30 Loyalty Credit + Personal Email)
CUST-02301,Amelia Moore,amelia.moore908@example.com,Standard,Affiliate Referral,2,1871.46,2026-06-03 10:55:00,2026-08-01 00:53:00,31,59,59.0,0.53,0.0,Active & Healthy,Tier 1: High-Priority VIP Winback ($30 Loyalty Credit + Personal Email)
CUST-01344,Daniel Robinson,daniel.robinson798@example.com,Silver,Paid Search (Google),2,1870.37,2026-06-03 19:21:00,2026-08-13 06:18:00,19,70,70.0,0.27,0.0,Active & Healthy,Tier 1: High-Priority VIP Winback ($30 Loyalty Credit + Personal Email)
CUST-01386,Aiden Jones,aiden.jones121@example.com,Silver,Organic Search,4,1861.95,2024-02-11 18:30:00,2026-07-19 09:27:00,44,889,296.3,0.15,0.0,Active & Healthy,Tier 1: High-Priority VIP Winback ($30 Loyalty Credit + Personal Email)
CUST-01233,Madison Robinson,madison.robinson509@example.com,Silver,Email Marketing,3,1859.78,2024-09-13 10:43:00,2026-08-18 10:38:00,14,704,352.0,0.04,0.0,Active & Healthy,Tier 1: High-Priority VIP Winback ($30 Loyalty Credit + Personal Email)
CUST-00941,Logan Brown,logan.brown180@example.com,Silver,Affiliate Referral,4,1854.67,2023-06-27 10:40:00,2026-07-31 23:53:00,31,1131,377.0,0.08,0.0,Active & Healthy,Tier 1: High-Priority VIP Winback ($30 Loyalty Credit + Personal Email)
CUST-00054,Eleanor Allen,eleanor.allen951@example.com,Platinum,Paid Search (Google),9,1849.87,2025-08-07 05:05:00,2026-08-22 00:45:00,10,380,47.5,0.21,0.0,Active & Healthy,Tier 1: High-Priority VIP Winback ($30 Loyalty Credit + Personal Email)
CUST-00065,Matthew Flores,matthew.flores836@example.com,Platinum,Organic Search,11,1849.45,2025-07-14 04:52:00,2026-08-11 08:55:00,21,393,39.3,0.53,0.0,Active & Healthy,Tier 1: High-Priority VIP Winback ($30 Loyalty Credit + Personal Email)
CUST-00423,Grayson Lee,grayson.lee501@example.com,Gold,Social Media (Instagram/TikTok),5,1845.87,2025-09-20 14:39:00,2026-08-12 20:25:00,19,326,81.5,0.23,0.0,Active & Healthy,Tier 1: High-Priority VIP Winback ($30 Loyalty Credit + Personal Email)
CUST-01202,Dylan Williams,dylan.williams671@example.com,Silver,Paid Search (Google),3,1810.45,2025-03-04 20:57:00,2026-07-18 05:49:00,45,500,250.0,0.18,0.0,Active & Healthy,Tier 1: High-Priority VIP Winback ($30 Loyalty Credit + Personal Email)
CUST-01463,Dylan Baker,dylan.baker386@example.com,Silver,Email Marketing,2,1809.95,2024-01-03 16:15:00,2026-08-27 01:14:00,5,966,966.0,0.01,0.0,Active & Healthy,Tier 1: High-Priority VIP Winback ($30 Loyalty Credit + Personal Email)
CUST-01862,Eleanor Jones,eleanor.jones353@example.com,Standard,Affiliate Referral,2,1806.98,2026-01-07 21:27:00,2026-08-05 15:14:00,26,210,210.0,0.12,0.0,Active & Healthy,Tier 1: High-Priority VIP Winback ($30 Loyalty Credit + Personal Email)
CUST-01032,Evelyn Hall,evelyn.hall562@example.com,Silver,Affiliate Referral,5,1790.83,2025-11-25 10:57:00,2026-08-06 17:23:00,25,254,63.5,0.39,0.0,Active & Healthy,Tier 1: High-Priority VIP Winback ($30 Loyalty Credit + Personal Email)
CUST-00627,Penelope Davis,penelope.davis256@example.com,Gold,Affiliate Referral,4,1789.3,2026-02-05 11:46:00,2026-07-30 01:16:00,33,175,58.3,0.57,0.0,Active & Healthy,Tier 1: High-Priority VIP Winback ($30 Loyalty Credit + Personal Email)
CUST-00750,Avery Rodriguez,avery.rodriguez317@example.com,Gold,Social Media (Instagram/TikTok),6,1782.58,2025-04-03 17:22:00,2026-08-08 21:53:00,23,492,98.4,0.23,0.0,Active & Healthy,Tier 1: High-Priority VIP Winback ($30 Loyalty Credit + Personal Email)
CUST-00537,Sofia Torres,sofia.torres543@example.com,Gold,Email Marketing,8,1761.29,2026-05-10 05:44:00,2026-08-27 05:19:00,5,109,15.6,0.32,0.0,Active & Healthy,Tier 1: High-Priority VIP Winback ($30 Loyalty Credit + Personal Email)
CUST-00268,Layla Jones,layla.jones155@example.com,Gold,Organic Search,8,1761.19,2025-12-23 09:10:00,2026-08-27 01:57:00,5,247,35.3,0.14,0.0,Active & Healthy,Tier 1: High-Priority VIP Winback ($30 Loyalty Credit + Personal Email)
CUST-00519,Dylan Moore,dylan.moore57@example.com,Gold,Social Media (Instagram/TikTok),9,1758.79,2026-04-03 22:30:00,2026-08-31 01:09:00,1,149,18.6,0.05,0.0,Active & Healthy,Tier 1: High-Priority VIP Winback ($30 Loyalty Credit + Personal Email)
CUST-00475,Oliver Thomas,oliver.thomas768@example.com,Gold,Email Marketing,5,1753.38,2024-10-03 12:33:00,2026-07-28 00:24:00,35,662,165.5,0.21,0.0,Active & Healthy,Tier 1: High-Priority VIP Winback ($30 Loyalty Credit + Personal Email)
CUST-00204,Luke Hernandez,luke.hernandez720@example.com,Platinum,Organic Search,8,1750.93,2023-06-30 14:54:00,2026-08-10 01:32:00,22,1136,162.3,0.14,0.0,Active & Healthy,Tier 1: High-Priority VIP Winback ($30 Loyalty Credit + Personal Email)
CUST-01379,David Thomas,david.thomas562@example.com,Silver,Email Marketing,5,1739.67,2026-02-28 08:35:00,2026-08-24 06:57:00,8,177,44.2,0.18,0.0,Active & Healthy,Tier 1: High-Priority VIP Winback ($30 Loyalty Credit + Personal Email)
CUST-01136,Alexander Johnson,alexander.johnson365@example.com,Silver,Social Media (Instagram/TikTok),5,1719.94,2024-10-12 00:12:00,2026-08-03 23:17:00,28,661,165.2,0.17,0.0,Active & Healthy,Tier 1: High-Priority VIP Winback ($30 Loyalty Credit + Personal Email)
CUST-00462,Jackson Smith,jackson.smith773@example.com,Gold,Organic Search,7,1718.43,2025-11-09 22:35:00,2026-08-31 11:52:00,1,295,49.2,0.02,0.0,Active & Healthy,Tier 1: High-Priority VIP Winback ($30 Loyalty Credit + Personal Email)
CUST-00639,Isabella Martin,isabella.martin692@example.com,Gold,Paid Search (Google),6,1710.19,2026-03-05 18:57:00,2026-08-14 01:41:00,18,161,32.2,0.56,0.0,Active & Healthy,Tier 1: High-Priority VIP Winback ($30 Loyalty Credit + Personal Email)
CUST-01480,Noah Williams,noah.williams191@example.com,Silver,Social Media (Instagram/TikTok),3,1709.12,2026-04-23 13:45:00,2026-08-17 16:32:00,14,116,58.0,0.24,0.0,Active & Healthy,Tier 1: High-Priority VIP Winback ($30 Loyalty Credit + Personal Email)
CUST-00433,Dylan Walker,dylan.walker676@example.com,Gold,Social Media (Instagram/TikTok),7,1695.41,2024-03-29 16:33:00,2026-08-05 14:56:00,26,859,143.2,0.18,0.0,Active & Healthy,Tier 1: High-Priority VIP Winback ($30 Loyalty Credit + Personal Email)
CUST-00289,Henry Miller,henry.miller159@example.com,Gold,Paid Search (Google),8,1695.27,2023-07-29 10:19:00,2026-07-23 11:59:00,40,1090,155.7,0.26,0.0,Active & Healthy,Tier 1: High-Priority VIP Winback ($30 Loyalty Credit + Personal Email)
CUST-01267,Aria Robinson,aria.robinson539@example.com,Silver,Affiliate Referral,4,1677.38,2025-07-18 17:26:00,2026-08-22 23:23:00,9,400,133.3,0.07,0.0,Active & Healthy,Tier 1: High-Priority VIP Winback ($30 Loyalty Credit + Personal Email)
CUST-00500,Sofia Young,sofia.young573@example.com,Gold,Social Media (Instagram/TikTok),6,1676.48,2026-05-08 17:07:00,2026-08-20 20:44:00,11,104,20.8,0.53,0.0,Active & Healthy,Tier 1: High-Priority VIP Winback ($30 Loyalty Credit + Personal Email)
CUST-01297,Ella Hill,ella.hill663@example.com,Silver,Organic Search,4,1668.66,2026-05-22 14:18:00,2026-08-30 01:41:00,2,99,33.0,0.06,0.0,Active & Healthy,Tier 1: High-Priority VIP Winback ($30 Loyalty Credit + Personal Email)
CUST-00288,Jacob Roberts,jacob.roberts367@example.com,Gold,Paid Search (Google),7,1660.8,2026-01-15 14:40:00,2026-08-11 07:11:00,21,208,34.7,0.61,0.0,Active & Healthy,Tier 1: High-Priority VIP Winback ($30 Loyalty Credit + Personal Email)
CUST-00620,Ella Green,ella.green776@example.com,Gold,Affiliate Referral,8,1639.18,2024-09-29 13:55:00,2026-07-06 03:49:00,57,645,92.1,0.62,0.0,Active & Healthy,Tier 1: High-Priority VIP Winback ($30 Loyalty Credit + Personal Email)
CUST-00600,Owen Lewis,owen.lewis87@example.com,Gold,Email Marketing,6,1614.88,2023-11-28 03:37:00,2026-07-21 23:43:00,41,967,193.4,0.21,0.0,Active & Healthy,Tier 1: High-Priority VIP Winback ($30 Loyalty Credit + Personal Email)
CUST-01187,William Carter,william.carter447@example.com,Silver,Organic Search,5,1590.05,2025-10-04 09:26:00,2026-08-05 18:46:00,26,305,76.2,0.34,0.0,Active & Healthy,Tier 1: High-Priority VIP Winback ($30 Loyalty Credit + Personal Email)
CUST-00701,Luna Rivera,luna.rivera191@example.com,Gold,Organic Search,5,1581.77,2025-05-26 17:55:00,2026-08-06 10:43:00,26,437,109.2,0.24,0.0,Active & Healthy,Tier 1: High-Priority VIP Winback ($30 Loyalty Credit + Personal Email)
CUST-01371,Lily Roberts,lily.roberts151@example.com,Silver,Email Marketing,3,1580.76,2026-05-23 05:29:00,2026-08-28 13:03:00,3,97,48.5,0.06,0.0,Active & Healthy,Tier 1: High-Priority VIP Winback ($30 Loyalty Credit + Personal Email)
CUST-00795,Scarlett Robinson,scarlett.robinson755@example.com,Silver,Affiliate Referral,3,1572.03,2026-01-18 18:01:00,2026-08-07 11:03:00,25,201,100.5,0.25,0.0,Active & Healthy,Tier 1: High-Priority VIP Winback ($30 Loyalty Credit + Personal Email)
CUST-01216,Lucas Smith,lucas.smith328@example.com,Silver,Affiliate Referral,2,1567.79,2026-07-27 03:56:00,2026-08-16 14:34:00,15,20,20.0,0.75,0.0,Active & Healthy,Tier 1: High-Priority VIP Winback ($30 Loyalty Credit + Personal Email)
CUST-01073,Owen Campbell,owen.campbell199@example.com,Silver,Social Media (Instagram/TikTok),4,1563.92,2025-12-16 10:00:00,2026-07-08 05:59:00,55,204,68.0,0.81,0.0,Active & Healthy,Tier 1: High-Priority VIP Winback ($30 Loyalty Credit + Personal Email)
CUST-00889,Jack Miller,jack.miller220@example.com,Silver,Email Marketing,5,1554.62,2026-05-12 05:50:00,2026-08-16 05:14:00,16,96,24.0,0.67,0.0,Active & Healthy,Tier 1: High-Priority VIP Winback ($30 Loyalty Credit + Personal Email)
CUST-01087,Jacob King,jacob.king682@example.com,Silver,Paid Search (Google),3,1547.94,2025-08-12 08:40:00,2026-08-14 11:54:00,18,367,183.5,0.1,0.0,Active & Healthy,Tier 1: High-Priority VIP Winback ($30 Loyalty Credit + Personal Email)
CUST-01894,Noah White,noah.white656@example.com,Standard,Organic Search,3,1547.91,2026-05-15 21:49:00,2026-08-25 11:52:00,7,102,51.0,0.14,0.0,Active & Healthy,Tier 1: High-Priority VIP Winback ($30 Loyalty Credit + Personal Email)
CUST-01438,Amelia Wilson,amelia.wilson168@example.com,Silver,Paid Search (Google),2,1536.52,2025-02-02 11:28:00,2026-08-27 22:18:00,4,571,571.0,0.01,0.0,Active & Healthy,Tier 1: High-Priority VIP Winback ($30 Loyalty Credit + Personal Email)
CUST-00574,Lucas Thompson,lucas.thompson370@example.com,Gold,Affiliate Referral,7,1529.87,2024-12-31 21:21:00,2026-08-25 16:36:00,6,602,100.3,0.06,0.0,Active & Healthy,Tier 1: High-Priority VIP Winback ($30 Loyalty Credit + Personal Email)
CUST-01139,Abigail Perez,abigail.perez928@example.com,Silver,Paid Search (Google),3,1529.62,2026-03-18 13:06:00,2026-08-16 08:59:00,16,151,75.5,0.21,0.0,Active & Healthy,Tier 1: High-Priority VIP Winback ($30 Loyalty Credit + Personal Email)
CUST-01191,Charlotte Walker,charlotte.walker751@example.com,Silver,Social Media (Instagram/TikTok),4,1507.04,2026-01-25 03:17:00,2026-07-12 00:16:00,51,168,56.0,0.91,0.0,Active & Healthy,Tier 1: High-Priority VIP Winback ($30 Loyalty Credit + Personal Email)
CUST-00299,Nora Miller,nora.miller840@example.com,Gold,Organic Search,6,1502.47,2024-11-10 06:21:00,2026-08-27 01:05:00,5,655,131.0,0.04,0.0,Active & Healthy,Tier 1: High-Priority VIP Winback ($30 Loyalty Credit + Personal Email)
CUST-00569,Mila Lewis,mila.lewis616@example.com,Gold,Organic Search,3,1482.67,2024-10-30 13:49:00,2026-07-30 18:03:00,32,638,319.0,0.1,0.0,Active & Healthy,Tier 1: High-Priority VIP Winback ($30 Loyalty Credit + Personal Email)
CUST-01329,Amelia Davis,amelia.davis519@example.com,Silver,Paid Search (Google),2,1463.9,2025-12-26 06:56:00,2026-08-13 02:19:00,19,230,230.0,0.08,0.0,Active & Healthy,Tier 1: High-Priority VIP Winback ($30 Loyalty Credit + Personal Email)
CUST-00642,Camila Hernandez,camila.hernandez390@example.com,Gold,Organic Search,10,1462.06,2024-04-13 23:16:00,2026-08-30 11:08:00,2,868,96.4,0.02,0.0,Active & Healthy,Tier 1: High-Priority VIP Winback ($30 Loyalty Credit + Personal Email)
CUST-00991,Hannah Mitchell,hannah.mitchell214@example.com,Silver,Social Media (Instagram/TikTok),3,1453.41,2025-09-30 05:29:00,2026-07-18 10:32:00,45,291,145.5,0.31,0.0,Active & Healthy,Tier 1: High-Priority VIP Winback ($30 Loyalty Credit + Personal Email)
CUST-00716,Hannah Harris,hannah.harris369@example.com,Gold,Organic Search,9,1452.69,2024-11-18 16:17:00,2026-07-11 10:02:00,52,600,75.0,0.69,0.0,Active & Healthy,Tier 1: High-Priority VIP Winback ($30 Loyalty Credit + Personal Email)
CUST-00152,Mason Green,mason.green899@example.com,Platinum,Organic Search,9,1446.59,2025-03-14 10:13:00,2026-07-11 20:01:00,51,484,60.5,0.84,0.0,Active & Healthy,Tier 1: High-Priority VIP Winback ($30 Loyalty Credit + Personal Email)
CUST-01051,Logan Brown,logan.brown282@example.com,Silver,Organic Search,4,1440.11,2024-11-28 14:52:00,2026-07-29 05:56:00,34,608,202.7,0.17,0.0,Active & Healthy,Tier 1: High-Priority VIP Winback ($30 Loyalty Credit + Personal Email)
CUST-00259,Isabella Nguyen,isabella.nguyen989@example.com,Gold,Social Media (Instagram/TikTok),6,1439.34,2025-07-30 00:17:00,2026-08-26 10:48:00,6,392,78.4,0.08,0.0,Active & Healthy,Tier 1: High-Priority VIP Winback ($30 Loyalty Credit + Personal Email)
CUST-01125,Ella Wilson,ella.wilson569@example.com,Silver,Affiliate Referral,3,1434.15,2024-03-16 07:13:00,2026-07-28 08:29:00,35,864,432.0,0.08,0.0,Active & Healthy,Tier 1: High-Priority VIP Winback ($30 Loyalty Credit + Personal Email)
CUST-01213,Abigail Gonzalez,abigail.gonzalez358@example.com,Silver,Social Media (Instagram/TikTok),4,1420.43,2025-07-08 06:01:00,2026-08-27 23:22:00,4,416,138.7,0.03,0.0,Active & Healthy,Tier 1: High-Priority VIP Winback ($30 Loyalty Credit + Personal Email)
CUST-02000,Sofia Baker,sofia.baker633@example.com,Standard,Email Marketing,3,1413.91,2026-07-11 03:49:00,2026-08-21 05:18:00,11,41,20.5,0.54,0.0,Active & Healthy,Tier 1: High-Priority VIP Winback ($30 Loyalty Credit + Personal Email)
CUST-00664,Isabella Ramirez,isabella.ramirez688@example.com,Gold,Social Media (Instagram/TikTok),5,1409.47,2024-08-20 09:51:00,2026-08-11 19:31:00,20,721,180.2,0.11,0.0,Active & Healthy,Tier 1: High-Priority VIP Winback ($30 Loyalty Credit + Personal Email)
CUST-00871,Ethan Baker,ethan.baker86@example.com,Silver,Affiliate Referral,3,1406.63,2024-02-14 22:08:00,2026-08-27 06:58:00,5,924,462.0,0.01,0.0,Active & Healthy,Tier 1: High-Priority VIP Winback ($30 Loyalty Credit + Personal Email)
CUST-00380,Aria Rodriguez,aria.rodriguez650@example.com,Gold,Affiliate Referral,5,1399.4,2025-12-02 05:16:00,2026-07-25 23:10:00,37,236,59.0,0.63,0.0,Active & Healthy,Tier 1: High-Priority VIP Winback ($30 Loyalty Credit + Personal Email)
CUST-00633,Aiden Green,aiden.green739@example.com,Gold,Email Marketing,5,1385.71,2024-11-26 09:03:00,2026-08-15 13:47:00,16,627,156.8,0.1,0.0,Active & Healthy,Tier 1: High-Priority VIP Winback ($30 Loyalty Credit + Personal Email)
CUST-01320,Grayson Harris,grayson.harris74@example.com,Silver,Social Media (Instagram/TikTok),3,1379.65,2025-07-02 23:35:00,2026-08-04 13:40:00,27,398,199.0,0.14,0.0,Active & Healthy,Tier 1: High-Priority VIP Winback ($30 Loyalty Credit + Personal Email)
CUST-00399,Evelyn Taylor,evelyn.taylor754@example.com,Gold,Social Media (Instagram/TikTok),8,1378.28,2024-10-17 11:08:00,2026-08-22 15:25:00,9,674,96.3,0.09,0.0,Active & Healthy,Tier 1: High-Priority VIP Winback ($30 Loyalty Credit + Personal Email)
CUST-01001,Emma Baker,emma.baker225@example.com,Silver,Organic Search,3,1373.95,2025-10-16 23:30:00,2026-08-25 12:53:00,6,313,156.5,0.04,0.0,Active & Healthy,Tier 1: High-Priority VIP Winback ($30 Loyalty Credit + Personal Email)
CUST-00887,Benjamin Miller,benjamin.miller181@example.com,Silver,Affiliate Referral,4,1362.93,2025-07-09 20:31:00,2026-07-09 00:22:00,54,364,121.3,0.45,0.0,Active & Healthy,Tier 1: High-Priority VIP Winback ($30 Loyalty Credit + Personal Email)
CUST-00734,Avery Scott,avery.scott72@example.com,Gold,Affiliate Referral,5,1361.83,2024-08-29 22:36:00,2026-07-26 02:48:00,37,695,173.8,0.21,0.0,Active & Healthy,Tier 1: High-Priority VIP Winback ($30 Loyalty Credit + Personal Email)
CUST-00280,Grace Jones,grace.jones416@example.com,Gold,Email Marketing,3,1345.93,2023-12-16 08:00:00,2026-08-18 12:56:00,13,976,488.0,0.03,0.0,Active & Healthy,Tier 1: High-Priority VIP Winback ($30 Loyalty Credit + Personal Email)
CUST-00847,Amelia Carter,amelia.carter434@example.com,Silver,Affiliate Referral,4,1340.69,2025-12-29 17:19:00,2026-08-05 04:55:00,27,218,72.7,0.37,0.0,Active & Healthy,Tier 1: High-Priority VIP Winback ($30 Loyalty Credit + Personal Email)
CUST-00403,Harper Rodriguez,harper.rodriguez109@example.com,Gold,Social Media (Instagram/TikTok),7,1335.41,2024-07-14 22:17:00,2026-08-12 10:02:00,20,758,126.3,0.16,0.0,Active & Healthy,Tier 1: High-Priority VIP Winback ($30 Loyalty Credit + Personal Email)
CUST-00766,Jack Harris,jack.harris882@example.com,Silver,Social Media (Instagram/TikTok),4,1315.62,2025-03-20 14:50:00,2026-08-20 18:34:00,11,518,172.7,0.06,0.0,Active & Healthy,Tier 1: High-Priority VIP Winback ($30 Loyalty Credit + Personal Email)
CUST-00932,Jackson Harris,jackson.harris939@example.com,Silver,Email Marketing,4,1314.11,2025-06-13 03:23:00,2026-07-29 07:35:00,34,411,137.0,0.25,0.0,Active & Healthy,Tier 1: High-Priority VIP Winback ($30 Loyalty Credit + Personal Email)
CUST-01840,Madison Nelson,madison.nelson776@example.com,Standard,Email Marketing,2,1311.15,2026-05-23 11:23:00,2026-07-30 21:13:00,32,68,68.0,0.47,0.0,Active & Healthy,Tier 1: High-Priority VIP Winback ($30 Loyalty Credit + Personal Email)
CUST-00412,Dylan Taylor,dylan.taylor681@example.com,Gold,Affiliate Referral,6,1304.17,2025-10-23 02:03:00,2026-07-24 23:50:00,38,275,55.0,0.69,0.0,Active & Healthy,Tier 1: High-Priority VIP Winback ($30 Loyalty Credit + Personal Email)
CUST-00309,Charlotte Adams,charlotte.adams696@example.com,Gold,Social Media (Instagram/TikTok),4,1301.79,2025-06-19 18:00:00,2026-08-17 16:18:00,14,424,141.3,0.1,0.0,Active & Healthy,Tier 1: High-Priority VIP Winback ($30 Loyalty Credit + Personal Email)
CUST-00366,Evelyn Jones,evelyn.jones472@example.com,Gold,Email Marketing,5,1278.17,2026-06-03 04:03:00,2026-08-15 18:42:00,16,74,18.5,0.86,0.0,Active & Healthy,Tier 1: High-Priority VIP Winback ($30 Loyalty Credit + Personal Email)
CUST-01377,Sophia White,sophia.white385@example.com,Silver,Affiliate Referral,3,1275.46,2026-01-25 20:51:00,2026-08-18 20:30:00,13,205,102.5,0.13,0.0,Active & Healthy,Tier 1: High-Priority VIP Winback ($30 Loyalty Credit + Personal Email)
CUST-00578,Penelope Clark,penelope.clark620@example.com,Gold,Email Marketing,6,1275.27,2025-11-07 07:26:00,2026-07-28 10:31:00,35,263,52.6,0.67,0.0,Active & Healthy,Tier 1: High-Priority VIP Winback ($30 Loyalty Credit + Personal Email)
CUST-00802,Oliver Hall,oliver.hall128@example.com,Silver,Email Marketing,4,1267.0,2025-02-10 13:29:00,2026-08-20 23:40:00,11,556,185.3,0.06,0.0,Active & Healthy,Tier 1: High-Priority VIP Winback ($30 Loyalty Credit + Personal Email)
CUST-00488,Jacob Brown,jacob.brown284@example.com,Gold,Affiliate Referral,8,1263.68,2026-03-30 06:40:00,2026-08-28 00:34:00,4,151,21.6,0.19,0.0,Active & Healthy,Tier 1: High-Priority VIP Winback ($30 Loyalty Credit + Personal Email)
CUST-00610,Jackson Garcia,jackson.garcia390@example.com,Gold,Paid Search (Google),6,1254.74,2026-03-13 01:12:00,2026-08-28 09:33:00,4,168,33.6,0.12,0.0,Active & Healthy,Tier 1: High-Priority VIP Winback ($30 Loyalty Credit + Personal Email)
CUST-00645,Hannah Robinson,hannah.robinson533@example.com,Gold,Email Marketing,8,1249.84,2023-12-23 00:37:00,2026-07-15 22:13:00,47,936,133.7,0.35,0.0,Active & Healthy,Tier 1: High-Priority VIP Winback ($30 Loyalty Credit + Personal Email)
CUST-00547,Grayson Torres,grayson.torres810@example.com,Gold,Email Marketing,7,1228.18,2024-05-21 16:40:00,2026-08-19 20:28:00,12,820,136.7,0.09,0.0,Active & Healthy,Tier 1: High-Priority VIP Winback ($30 Loyalty Credit + Personal Email)
CUST-02123,Aiden Davis,aiden.davis169@example.com,Standard,Organic Search,2,1223.21,2026-05-20 08:22:00,2026-08-04 09:13:00,28,76,76.0,0.37,0.0,Active & Healthy,Tier 1: High-Priority VIP Winback ($30 Loyalty Credit + Personal Email)
CUST-00983,Luke Harris,luke.harris586@example.com,Silver,Social Media (Instagram/TikTok),5,1210.92,2024-08-11 12:16:00,2026-07-29 16:30:00,33,717,179.2,0.18,0.0,Active & Healthy,Tier 1: High-Priority VIP Winback ($30 Loyalty Credit + Personal Email)
CUST-02449,Avery Lewis,avery.lewis815@example.com,Standard,Affiliate Referral,2,1202.01,2025-03-21 05:28:00,2026-07-29 14:16:00,33,495,495.0,0.07,0.0,Active & Healthy,Tier 1: High-Priority VIP Winback ($30 Loyalty Credit + Personal Email)
CUST-02191,Elijah Green,elijah.green464@example.com,Standard,Organic Search,3,1199.84,2025-11-27 09:16:00,2026-08-10 18:37:00,21,256,128.0,0.16,0.0,Active & Healthy,Tier 1: High-Priority VIP Winback ($30 Loyalty Credit + Personal Email)
CUST-00356,Layla White,layla.white535@example.com,Gold,Paid Search (Google),4,1197.64,2026-06-03 00:46:00,2026-08-18 08:10:00,14,76,25.3,0.55,0.0,Active & Healthy,Tier 1: High-Priority VIP Winback ($30 Loyalty Credit + Personal Email)
CUST-00588,Sophia Carter,sophia.carter746@example.com,Gold,Paid Search (Google),6,1196.14,2025-07-04 08:31:00,2026-07-16 09:54:00,47,377,75.4,0.62,0.0,Active & Healthy,Tier 1: High-Priority VIP Winback ($30 Loyalty Credit + Personal Email)
CUST-01021,Scarlett Rivera,scarlett.rivera283@example.com,Silver,Email Marketing,3,1184.4,2026-01-30 19:35:00,2026-07-05 20:27:00,57,156,78.0,0.73,0.0,Active & Healthy,Tier 1: High-Priority VIP Winback ($30 Loyalty Credit + Personal Email)
CUST-00705,Zoey Green,zoey.green993@example.com,Gold,Social Media (Instagram/TikTok),4,1180.94,2026-01-31 02:31:00,2026-07-18 09:14:00,45,168,56.0,0.8,0.0,Active & Healthy,Tier 1: High-Priority VIP Winback ($30 Loyalty Credit + Personal Email)
CUST-01037,Aiden Walker,aiden.walker557@example.com,Silver,Email Marketing,2,1179.98,2026-04-27 07:51:00,2026-08-15 12:02:00,16,110,110.0,0.15,0.0,Active & Healthy,Tier 1: High-Priority VIP Winback ($30 Loyalty Credit + Personal Email)
CUST-00729,Wyatt Walker,wyatt.walker510@example.com,Gold,Organic Search,5,1178.83,2024-07-17 10:31:00,2026-08-19 15:21:00,12,763,190.8,0.06,0.0,Active & Healthy,Tier 1: High-Priority VIP Winback ($30 Loyalty Credit + Personal Email)
CUST-00967,Logan Walker,logan.walker958@example.com,Silver,Organic Search,5,1168.49,2024-12-16 05:38:00,2026-07-21 04:21:00,42,582,145.5,0.29,0.0,Active & Healthy,Tier 1: High-Priority VIP Winback ($30 Loyalty Credit + Personal Email)
CUST-01241,Henry Lopez,henry.lopez688@example.com,Silver,Affiliate Referral,4,1160.82,2023-02-25 17:26:00,2026-08-01 00:57:00,31,1252,417.3,0.07,0.0,Active & Healthy,Tier 1: High-Priority VIP Winback ($30 Loyalty Credit + Personal Email)
CUST-00692,Dylan King,dylan.king376@example.com,Gold,Paid Search (Google),3,1156.49,2026-04-28 05:43:00,2026-08-15 03:08:00,17,109,54.5,0.31,0.0,Active & Healthy,Tier 1: High-Priority VIP Winback ($30 Loyalty Credit + Personal Email)
CUST-00910,Elijah Jackson,elijah.jackson644@example.com,Silver,Social Media (Instagram/TikTok),5,1151.14,2023-09-13 18:48:00,2026-08-04 17:28:00,27,1056,264.0,0.1,0.0,Active & Healthy,Tier 1: High-Priority VIP Winback ($30 Loyalty Credit + Personal Email)
CUST-01616,David Smith,david.smith115@example.com,Standard,Email Marketing,2,1151.07,2026-06-16 16:00:00,2026-08-06 02:46:00,26,50,50.0,0.52,0.0,Active & Healthy,Tier 1: High-Priority VIP Winback ($30 Loyalty Credit + Personal Email)
CUST-01204,Isabella King,isabella.king316@example.com,Silver,Social Media (Instagram/TikTok),5,1150.39,2026-03-27 11:40:00,2026-08-16 22:55:00,15,142,35.5,0.42,0.0,Active & Healthy,Tier 1: High-Priority VIP Winback ($30 Loyalty Credit + Personal Email)
CUST-00577,Victoria Davis,victoria.davis197@example.com,Gold,Paid Search (Google),5,1149.94,2026-06-08 21:44:00,2026-08-15 18:30:00,16,68,17.0,0.94,0.0,Active & Healthy,Tier 1: High-Priority VIP Winback ($30 Loyalty Credit + Personal Email)
CUST-00896,Sophia Hall,sophia.hall878@example.com,Silver,Affiliate Referral,4,1145.23,2025-07-13 19:26:00,2026-08-29 05:22:00,3,411,137.0,0.02,0.0,Active & Healthy,Tier 1: High-Priority VIP Winback ($30 Loyalty Credit + Personal Email)
CUST-00674,Oliver Baker,oliver.baker316@example.com,Gold,Organic Search,5,1140.43,2024-12-03 02:20:00,2026-07-13 01:23:00,50,587,146.8,0.34,0.0,Active & Healthy,Tier 1: High-Priority VIP Winback ($30 Loyalty Credit + Personal Email)
CUST-00179,Layla Allen,layla.allen854@example.com,Platinum,Affiliate Referral,9,1129.51,2026-02-18 16:09:00,2026-08-31 13:06:00,0,194,24.2,0.0,0.0,Active & Healthy,Tier 1: High-Priority VIP Winback ($30 Loyalty Credit + Personal Email)
CUST-00545,Evelyn Martin,evelyn.martin338@example.com,Gold,Paid Search (Google),6,1116.33,2026-05-03 01:28:00,2026-08-29 10:40:00,3,118,23.6,0.13,0.0,Active & Healthy,Tier 1: High-Priority VIP Winback ($30 Loyalty Credit + Personal Email)
CUST-02285,Elizabeth Allen,elizabeth.allen939@example.com,Standard,Email Marketing,3,1108.45,2025-12-07 21:00:00,2026-07-30 17:59:00,32,235,117.5,0.27,0.0,Active & Healthy,Tier 1: High-Priority VIP Winback ($30 Loyalty Credit + Personal Email)
CUST-01436,Grace Martinez,grace.martinez23@example.com,Silver,Social Media (Instagram/TikTok),2,1105.95,2025-08-30 08:58:00,2026-08-29 21:09:00,2,365,365.0,0.01,0.0,Active & Healthy,Tier 1: High-Priority VIP Winback ($30 Loyalty Credit + Personal Email)
CUST-00722,Zoey Adams,zoey.adams178@example.com,Gold,Paid Search (Google),7,1103.73,2025-02-14 14:11:00,2026-08-07 19:25:00,24,539,89.8,0.27,0.0,Active & Healthy,Tier 1: High-Priority VIP Winback ($30 Loyalty Credit + Personal Email)
CUST-00515,Noah Garcia,noah.garcia425@example.com,Gold,Affiliate Referral,5,1086.14,2025-08-10 13:29:00,2026-08-07 07:09:00,25,362,90.5,0.28,0.0,Active & Healthy,Tier 1: High-Priority VIP Winback ($30 Loyalty Credit + Personal Email)
CUST-00576,Benjamin Baker,benjamin.baker147@example.com,Gold,Paid Search (Google),5,1052.34,2023-06-18 17:52:00,2026-07-05 16:10:00,57,1113,278.2,0.2,0.0,Active & Healthy,Tier 1: High-Priority VIP Winback ($30 Loyalty Credit + Personal Email)
CUST-00575,Ethan Baker,ethan.baker732@example.com,Gold,Affiliate Referral,7,1033.35,2024-06-21 03:55:00,2026-07-05 07:22:00,58,744,124.0,0.47,0.0,Active & Healthy,Tier 1: High-Priority VIP Winback ($30 Loyalty Credit + Personal Email)
CUST-01089,Grace Baker,grace.baker479@example.com,Silver,Email Marketing,5,1031.21,2026-03-04 03:13:00,2026-08-20 19:54:00,11,170,42.5,0.26,0.0,Active & Healthy,Tier 1: High-Priority VIP Winback ($30 Loyalty Credit + Personal Email)
CUST-00878,William Allen,william.allen173@example.com,Silver,Affiliate Referral,4,1021.15,2026-01-14 02:07:00,2026-08-19 21:31:00,12,218,72.7,0.17,0.0,Active & Healthy,Tier 1: High-Priority VIP Winback ($30 Loyalty Credit + Personal Email)
CUST-00589,Jack Miller,jack.miller763@example.com,Gold,Paid Search (Google),6,1017.93,2026-03-11 03:41:00,2026-08-09 10:28:00,23,151,30.2,0.76,0.0,Active & Healthy,Tier 1: High-Priority VIP Winback ($30 Loyalty Credit + Personal Email)
CUST-00088,Mila White,mila.white451@example.com,Platinum,Social Media (Instagram/TikTok),10,1006.92,2026-03-03 14:25:00,2026-08-25 20:52:00,6,175,19.4,0.31,0.0,Active & Healthy,Tier 1: High-Priority VIP Winback ($30 Loyalty Credit + Personal Email)
CUST-00921,Carter Sanchez,carter.sanchez238@example.com,Silver,Social Media (Instagram/TikTok),4,1001.94,2025-11-09 20:18:00,2026-08-01 03:40:00,31,264,88.0,0.35,0.0,Active & Healthy,Tier 1: High-Priority VIP Winback ($30 Loyalty Credit + Personal Email)
CUST-01091,Luna Nelson,luna.nelson171@example.com,Silver,Email Marketing,3,996.95,2026-02-20 01:38:00,2026-08-25 06:44:00,7,186,93.0,0.08,0.0,Active & Healthy,Tier 1: High-Priority VIP Winback ($30 Loyalty Credit + Personal Email)
CUST-00553,Mia Lewis,mia.lewis622@example.com,Gold,Email Marketing,7,969.41,2025-10-01 20:56:00,2026-07-18 07:56:00,45,289,48.2,0.93,0.0,Active & Healthy,Tier 1: High-Priority VIP Winback ($30 Loyalty Credit + Personal Email)
CUST-01283,Camila Carter,camila.carter849@example.com,Silver,Paid Search (Google),4,956.83,2023-03-30 09:12:00,2026-07-27 09:04:00,36,1215,405.0,0.09,0.0,Active & Healthy,Tier 1: High-Priority VIP Winback ($30 Loyalty Credit + Personal Email)
CUST-01225,Luke Brown,luke.brown143@example.com,Silver,Organic Search,5,949.0,2025-02-05 19:41:00,2026-08-20 22:04:00,11,561,140.2,0.08,0.0,Active & Healthy,Tier 1: High-Priority VIP Winback ($30 Loyalty Credit + Personal Email)
CUST-00703,Carter Jones,carter.jones392@example.com,Gold,Email Marketing,6,948.89,2026-03-23 12:58:00,2026-08-31 01:18:00,1,161,32.2,0.03,0.0,Active & Healthy,Tier 1: High-Priority VIP Winback ($30 Loyalty Credit + Personal Email)
CUST-00888,James Green,james.green77@example.com,Silver,Paid Search (Google),4,946.26,2026-03-11 19:04:00,2026-08-29 04:13:00,3,170,56.7,0.05,0.0,Active & Healthy,Tier 1: High-Priority VIP Winback ($30 Loyalty Credit + Personal Email)
CUST-02067,Jayden Allen,jayden.allen734@example.com,Standard,Social Media (Instagram/TikTok),2,945.59,2026-02-24 10:34:00,2026-07-06 05:02:00,57,132,132.0,0.43,0.0,Active & Healthy,Tier 1: High-Priority VIP Winback ($30 Loyalty Credit + Personal Email)
CUST-00775,Daniel Baker,daniel.baker557@example.com,Silver,Social Media (Instagram/TikTok),5,933.06,2025-03-03 22:18:00,2026-08-20 14:53:00,11,535,133.8,0.08,0.0,Active & Healthy,Tier 1: High-Priority VIP Winback ($30 Loyalty Credit + Personal Email)
CUST-02258,Samuel Martinez,samuel.martinez781@example.com,Standard,Email Marketing,3,931.93,2025-07-02 11:18:00,2026-07-06 14:31:00,56,369,184.5,0.3,0.0,Active & Healthy,Tier 1: High-Priority VIP Winback ($30 Loyalty Credit + Personal Email)
CUST-01242,Grayson Davis,grayson.davis616@example.com,Silver,Social Media (Instagram/TikTok),3,921.65,2025-10-10 21:53:00,2026-07-24 00:39:00,39,286,143.0,0.27,0.0,Active & Healthy,Tier 1: High-Priority VIP Winback ($30 Loyalty Credit + Personal Email)
CUST-02205,Madison Wilson,madison.wilson105@example.com,Standard,Email Marketing,2,916.45,2023-04-07 00:07:00,2026-08-31 20:08:00,0,1243,1243.0,0.0,0.0,Active & Healthy,Tier 1: High-Priority VIP Winback ($30 Loyalty Credit + Personal Email)
CUST-00762,Ella Anderson,ella.anderson672@example.com,Silver,Paid Search (Google),3,914.46,2026-05-20 04:33:00,2026-08-10 06:58:00,22,82,41.0,0.54,0.0,Active & Healthy,Tier 1: High-Priority VIP Winback ($30 Loyalty Credit + Personal Email)
CUST-01487,Olivia Carter,olivia.carter922@example.com,Silver,Email Marketing,4,904.94,2024-05-15 06:26:00,2026-08-20 22:07:00,11,828,276.0,0.04,0.0,Active & Healthy,Tier 1: High-Priority VIP Winback ($30 Loyalty Credit + Personal Email)
CUST-00388,Luke Clark,luke.clark505@example.com,Gold,Social Media (Instagram/TikTok),6,903.26,2023-10-19 08:10:00,2026-07-05 17:31:00,57,990,198.0,0.29,0.0,Active & Healthy,Tier 1: High-Priority VIP Winback ($30 Loyalty Credit + Personal Email)
CUST-01328,Elijah Robinson,elijah.robinson635@example.com,Silver,Organic Search,4,902.69,2025-12-08 22:00:00,2026-07-31 17:04:00,31,235,78.3,0.4,0.0,Active & Healthy,Tier 1: High-Priority VIP Winback ($30 Loyalty Credit + Personal Email)
CUST-00453,Dylan Carter,dylan.carter560@example.com,Gold,Paid Search (Google),4,900.17,2026-03-12 14:07:00,2026-08-20 02:31:00,12,161,53.7,0.22,0.0,Active & Healthy,Tier 1: High-Priority VIP Winback ($30 Loyalty Credit + Personal Email)
CUST-01558,David Thomas,david.thomas492@example.com,Standard,Affiliate Referral,3,879.21,2026-02-02 04:20:00,2026-07-05 01:57:00,58,153,76.5,0.76,0.0,Active & Healthy,Tier 1: High-Priority VIP Winback ($30 Loyalty Credit + Personal Email)
CUST-00473,Riley Flores,riley.flores794@example.com,Gold,Paid Search (Google),9,877.87,2024-01-03 11:05:00,2026-08-29 16:32:00,2,969,121.1,0.02,0.0,Active & Healthy,Tier 1: High-Priority VIP Winback ($30 Loyalty Credit + Personal Email)
CUST-00897,Amelia Jackson,amelia.jackson815@example.com,Silver,Affiliate Referral,4,875.66,2024-04-08 00:56:00,2026-07-20 15:28:00,42,834,278.0,0.15,0.0,Active & Healthy,Tier 1: High-Priority VIP Winback ($30 Loyalty Credit + Personal Email)
CUST-00558,Daniel Allen,daniel.allen774@example.com,Gold,Affiliate Referral,6,875.36,2025-10-06 00:08:00,2026-08-03 10:37:00,29,301,60.2,0.48,0.0,Active & Healthy,Tier 1: High-Priority VIP Winback ($30 Loyalty Credit + Personal Email)
CUST-00883,Sofia Williams,sofia.williams708@example.com,Silver,Organic Search,4,874.14,2024-11-09 09:29:00,2026-08-06 18:08:00,25,635,211.7,0.12,0.0,Active & Healthy,Tier 1: High-Priority VIP Winback ($30 Loyalty Credit + Personal Email)
CUST-01776,Lucas Perez,lucas.perez968@example.com,Standard,Email Marketing,3,865.94,2025-07-08 03:32:00,2026-07-28 06:17:00,35,385,192.5,0.18,0.0,Active & Healthy,Tier 1: High-Priority VIP Winback ($30 Loyalty Credit + Personal Email)
CUST-00768,Wyatt Nguyen,wyatt.nguyen114@example.com,Silver,Social Media (Instagram/TikTok),4,864.53,2025-08-26 12:27:00,2026-08-23 23:59:00,8,362,120.7,0.07,0.0,Active & Healthy,Tier 1: High-Priority VIP Winback ($30 Loyalty Credit + Personal Email)
CUST-00863,Jackson Martinez,jackson.martinez869@example.com,Silver,Social Media (Instagram/TikTok),4,848.46,2026-06-11 07:12:00,2026-08-30 01:11:00,2,80,26.7,0.07,0.0,Active & Healthy,Tier 1: High-Priority VIP Winback ($30 Loyalty Credit + Personal Email)
CUST-00524,Evelyn Hall,evelyn.hall751@example.com,Gold,Social Media (Instagram/TikTok),3,839.45,2025-12-15 07:37:00,2026-08-07 15:32:00,24,235,117.5,0.2,0.0,Active & Healthy,Tier 1: High-Priority VIP Winback ($30 Loyalty Credit + Personal Email)
CUST-01519,Harper King,harper.king690@example.com,Standard,Affiliate Referral,2,829.44,2025-09-22 23:07:00,2026-08-25 18:38:00,6,337,337.0,0.02,0.0,Active & Healthy,Tier 1: High-Priority VIP Winback ($30 Loyalty Credit + Personal Email)
CUST-00271,Benjamin Brown,benjamin.brown169@example.com,Gold,Organic Search,5,828.48,2025-12-29 14:14:00,2026-08-20 05:54:00,12,234,58.5,0.21,0.0,Active & Healthy,Tier 1: High-Priority VIP Winback ($30 Loyalty Credit + Personal Email)
CUST-01331,Madison Davis,madison.davis710@example.com,Silver,Paid Search (Google),3,800.88,2025-07-05 16:42:00,2026-08-24 22:31:00,7,415,207.5,0.03,0.0,Active & Healthy,Tier 1: High-Priority VIP Winback ($30 Loyalty Credit + Personal Email)
CUST-00899,Olivia Walker,olivia.walker170@example.com,Silver,Paid Search (Google),4,796.82,2023-10-24 17:40:00,2026-07-04 08:35:00,59,984,328.0,0.18,0.0,Active & Healthy,Standard Loyalty Points & Regular Marketing Flow
CUST-00976,Mila King,mila.king25@example.com,Silver,Organic Search,5,793.66,2026-05-20 07:09:00,2026-08-29 04:40:00,3,101,25.2,0.12,0.0,Active & Healthy,Standard Loyalty Points & Regular Marketing Flow
CUST-00415,Lucas Gonzalez,lucas.gonzalez29@example.com,Gold,Email Marketing,5,781.51,2024-03-15 16:18:00,2026-07-28 08:19:00,35,865,216.2,0.16,0.0,Active & Healthy,Standard Loyalty Points & Regular Marketing Flow
CUST-01339,Michael Martinez,michael.martinez665@example.com,Silver,Email Marketing,4,779.98,2025-09-23 19:28:00,2026-08-04 01:17:00,28,314,104.7,0.27,0.0,Active & Healthy,Standard Loyalty Points & Regular Marketing Flow
CUST-00781,Harper Walker,harper.walker64@example.com,Silver,Affiliate Referral,3,772.2,2026-02-02 15:25:00,2026-08-15 22:28:00,16,194,97.0,0.16,0.0,Active & Healthy,Standard Loyalty Points & Regular Marketing Flow
CUST-01722,Wyatt Wright,wyatt.wright93@example.com,Standard,Organic Search,3,770.45,2026-05-23 07:40:00,2026-08-04 05:50:00,28,73,36.5,0.77,0.0,Active & Healthy,Standard Loyalty Points & Regular Marketing Flow
CUST-01358,Isabella Moore,isabella.moore149@example.com,Silver,Email Marketing,3,767.44,2025-02-14 12:12:00,2026-07-14 14:47:00,48,515,257.5,0.19,0.0,Active & Healthy,Standard Loyalty Points & Regular Marketing Flow
CUST-01354,Daniel Jones,daniel.jones492@example.com,Silver,Organic Search,2,719.96,2025-09-13 09:37:00,2026-08-25 08:34:00,7,346,346.0,0.02,0.0,Active & Healthy,Standard Loyalty Points & Regular Marketing Flow
CUST-02488,Owen Green,owen.green607@example.com,Standard,Social Media (Instagram/TikTok),2,718.84,2026-04-29 06:17:00,2026-08-17 00:14:00,15,110,110.0,0.14,0.0,Active & Healthy,Standard Loyalty Points & Regular Marketing Flow
CUST-00881,Dylan Scott,dylan.scott853@example.com,Silver,Organic Search,5,713.23,2026-03-11 18:22:00,2026-08-17 10:13:00,15,159,39.8,0.38,0.0,Active & Healthy,Standard Loyalty Points & Regular Marketing Flow
CUST-01062,Abigail White,abigail.white799@example.com,Silver,Paid Search (Google),4,683.94,2024-10-27 00:48:00,2026-07-20 12:44:00,42,631,210.3,0.2,0.0,Active & Healthy,Standard Loyalty Points & Regular Marketing Flow
CUST-00957,Harper King,harper.king17@example.com,Silver,Paid Search (Google),2,679.94,2026-05-27 20:14:00,2026-07-19 13:28:00,43,53,53.0,0.81,0.0,Active & Healthy,Standard Loyalty Points & Regular Marketing Flow
CUST-00561,Riley Garcia,riley.garcia128@example.com,Gold,Social Media (Instagram/TikTok),5,679.37,2023-11-13 11:13:00,2026-08-26 12:58:00,5,1017,254.2,0.02,0.0,Active & Healthy,Standard Loyalty Points & Regular Marketing Flow
CUST-01298,Charlotte Hill,charlotte.hill143@example.com,Silver,Affiliate Referral,3,674.42,2026-02-21 18:00:00,2026-08-06 04:24:00,26,165,82.5,0.32,0.0,Active & Healthy,Standard Loyalty Points & Regular Marketing Flow
CUST-01249,Samuel Martin,samuel.martin593@example.com,Silver,Social Media (Instagram/TikTok),3,671.45,2026-03-23 21:10:00,2026-08-26 09:19:00,6,156,78.0,0.08,0.0,Active & Healthy,Standard Loyalty Points & Regular Marketing Flow
CUST-00516,Dylan Brown,dylan.brown662@example.com,Gold,Paid Search (Google),3,670.94,2026-07-04 09:40:00,2026-08-21 17:17:00,10,48,24.0,0.42,0.0,Active & Healthy,Standard Loyalty Points & Regular Marketing Flow
CUST-00337,Carter Jones,carter.jones986@example.com,Gold,Affiliate Referral,4,662.9,2026-03-08 03:07:00,2026-08-22 00:53:00,10,167,55.7,0.18,0.0,Active & Healthy,Standard Loyalty Points & Regular Marketing Flow
CUST-01292,Jacob King,jacob.king355@example.com,Silver,Paid Search (Google),4,657.21,2026-05-07 22:37:00,2026-08-29 18:07:00,2,114,38.0,0.05,0.0,Active & Healthy,Standard Loyalty Points & Regular Marketing Flow
CUST-00759,Nora Lopez,nora.lopez993@example.com,Silver,Affiliate Referral,5,654.79,2025-05-08 21:00:00,2026-07-15 10:33:00,48,433,108.2,0.44,0.0,Active & Healthy,Standard Loyalty Points & Regular Marketing Flow
CUST-00274,Joseph Ramirez,joseph.ramirez123@example.com,Gold,Affiliate Referral,4,645.96,2026-03-21 04:36:00,2026-08-20 03:28:00,12,152,50.7,0.24,0.0,Active & Healthy,Standard Loyalty Points & Regular Marketing Flow
CUST-00830,Oliver Smith,oliver.smith668@example.com,Silver,Email Marketing,3,643.46,2025-06-22 13:29:00,2026-08-02 15:54:00,29,406,203.0,0.14,0.0,Active & Healthy,Standard Loyalty Points & Regular Marketing Flow
CUST-01302,Jackson Hernandez,jackson.hernandez809@example.com,Silver,Organic Search,4,640.36,2024-05-19 23:01:00,2026-08-14 23:57:00,17,817,272.3,0.06,0.0,Active & Healthy,Standard Loyalty Points & Regular Marketing Flow
CUST-01033,Jayden Green,jayden.green776@example.com,Silver,Email Marketing,3,634.96,2026-04-01 10:11:00,2026-08-25 07:04:00,7,146,73.0,0.1,0.0,Active & Healthy,Standard Loyalty Points & Regular Marketing Flow
CUST-00962,Chloe Scott,chloe.scott578@example.com,Silver,Social Media (Instagram/TikTok),3,629.93,2024-01-23 10:40:00,2026-08-12 15:24:00,19,932,466.0,0.04,0.0,Active & Healthy,Standard Loyalty Points & Regular Marketing Flow
CUST-00823,Luke Lopez,luke.lopez635@example.com,Silver,Affiliate Referral,5,629.44,2024-06-30 10:30:00,2026-07-23 02:42:00,40,753,188.2,0.21,0.0,Active & Healthy,Standard Loyalty Points & Regular Marketing Flow
CUST-01002,Madison White,madison.white637@example.com,Silver,Paid Search (Google),3,613.1,2023-11-16 08:13:00,2026-08-31 09:30:00,1,1019,509.5,0.0,0.0,Active & Healthy,Standard Loyalty Points & Regular Marketing Flow
CUST-00860,Aiden Ramirez,aiden.ramirez837@example.com,Silver,Organic Search,2,609.48,2025-06-10 08:59:00,2026-08-05 13:19:00,26,421,421.0,0.06,0.0,Active & Healthy,Standard Loyalty Points & Regular Marketing Flow
CUST-00287,David Roberts,david.roberts182@example.com,Gold,Organic Search,3,603.64,2025-07-18 03:05:00,2026-08-01 12:12:00,30,379,189.5,0.16,0.0,Active & Healthy,Standard Loyalty Points & Regular Marketing Flow
CUST-01107,Emma Green,emma.green806@example.com,Silver,Organic Search,3,602.94,2025-11-16 06:55:00,2026-08-15 02:30:00,17,272,136.0,0.12,0.0,Active & Healthy,Standard Loyalty Points & Regular Marketing Flow
CUST-00530,Benjamin Moore,benjamin.moore167@example.com,Gold,Paid Search (Google),5,600.34,2026-06-06 10:32:00,2026-08-21 23:11:00,10,77,19.2,0.52,0.0,Active & Healthy,Standard Loyalty Points & Regular Marketing Flow
CUST-00560,Abigail Thompson,abigail.thompson35@example.com,Gold,Social Media (Instagram/TikTok),5,597.05,2023-01-05 19:26:00,2026-07-07 02:38:00,56,1278,319.5,0.18,0.0,Active & Healthy,Standard Loyalty Points & Regular Marketing Flow
CUST-02127,Charlotte King,charlotte.king396@example.com,Standard,Email Marketing,2,592.78,2024-04-03 02:56:00,2026-07-28 18:06:00,34,847,847.0,0.04,0.0,Active & Healthy,Standard Loyalty Points & Regular Marketing Flow
CUST-01272,Emily Williams,emily.williams721@example.com,Silver,Affiliate Referral,4,578.11,2024-10-22 21:42:00,2026-08-27 21:29:00,4,674,224.7,0.02,0.0,Active & Healthy,Standard Loyalty Points & Regular Marketing Flow
CUST-01983,Layla Robinson,layla.robinson95@example.com,Standard,Email Marketing,2,576.11,2026-06-22 05:48:00,2026-08-10 02:28:00,22,49,49.0,0.45,0.0,Active & Healthy,Standard Loyalty Points & Regular Marketing Flow
CUST-01464,Amelia Sanchez,amelia.sanchez458@example.com,Silver,Organic Search,3,571.96,2026-02-25 22:54:00,2026-08-23 14:13:00,8,179,89.5,0.09,0.0,Active & Healthy,Standard Loyalty Points & Regular Marketing Flow
CUST-02256,David Hall,david.hall637@example.com,Standard,Social Media (Instagram/TikTok),2,555.68,2025-01-22 04:28:00,2026-07-14 13:22:00,48,538,538.0,0.09,0.0,Active & Healthy,Standard Loyalty Points & Regular Marketing Flow
CUST-01010,Samuel Young,samuel.young317@example.com,Silver,Affiliate Referral,5,548.94,2025-09-06 01:49:00,2026-07-29 15:37:00,33,327,81.8,0.4,0.0,Active & Healthy,Standard Loyalty Points & Regular Marketing Flow
CUST-00813,Mia Campbell,mia.campbell750@example.com,Silver,Paid Search (Google),2,528.45,2024-02-17 17:05:00,2026-08-10 18:49:00,21,905,905.0,0.02,0.0,Active & Healthy,Standard Loyalty Points & Regular Marketing Flow
CUST-01012,Ella Taylor,ella.taylor497@example.com,Silver,Organic Search,2,527.61,2026-04-28 00:59:00,2026-07-09 10:28:00,54,72,72.0,0.75,0.0,Active & Healthy,Standard Loyalty Points & Regular Marketing Flow
CUST-01384,Scarlett Lewis,scarlett.lewis645@example.com,Silver,Organic Search,2,524.37,2026-04-29 11:38:00,2026-07-06 14:29:00,56,68,68.0,0.82,0.0,Active & Healthy,Standard Loyalty Points & Regular Marketing Flow
CUST-01042,Sebastian Jackson,sebastian.jackson674@example.com,Silver,Social Media (Instagram/TikTok),4,524.02,2025-10-23 09:36:00,2026-07-23 17:57:00,39,273,91.0,0.43,0.0,Active & Healthy,Standard Loyalty Points & Regular Marketing Flow
CUST-00325,Olivia Clark,olivia.clark64@example.com,Gold,Social Media (Instagram/TikTok),7,513.98,2025-06-05 11:59:00,2026-07-22 01:19:00,41,412,68.7,0.6,0.0,Active & Healthy,Standard Loyalty Points & Regular Marketing Flow
CUST-01261,Jack Flores,jack.flores194@example.com,Silver,Email Marketing,4,510.93,2025-09-14 00:28:00,2026-07-28 05:18:00,35,317,105.7,0.33,0.0,Active & Healthy,Standard Loyalty Points & Regular Marketing Flow
CUST-01777,Henry White,henry.white838@example.com,Standard,Paid Search (Google),2,510.59,2026-03-10 04:26:00,2026-08-20 19:18:00,11,164,164.0,0.07,0.0,Active & Healthy,Standard Loyalty Points & Regular Marketing Flow
CUST-01351,Madison Clark,madison.clark213@example.com,Silver,Social Media (Instagram/TikTok),2,494.97,2026-07-30 18:56:00,2026-08-30 14:16:00,1,31,31.0,0.03,0.0,Active & Healthy,Standard Loyalty Points & Regular Marketing Flow
CUST-01401,Olivia Sanchez,olivia.sanchez963@example.com,Silver,Email Marketing,3,490.67,2023-06-29 13:52:00,2026-07-28 00:45:00,35,1124,562.0,0.06,0.0,Active & Healthy,Standard Loyalty Points & Regular Marketing Flow
CUST-00428,Mila Wright,mila.wright287@example.com,Gold,Social Media (Instagram/TikTok),3,486.2,2026-06-03 04:33:00,2026-08-13 08:48:00,19,71,35.5,0.54,0.0,Active & Healthy,Standard Loyalty Points & Regular Marketing Flow
CUST-01232,Camila White,camila.white411@example.com,Silver,Social Media (Instagram/TikTok),2,483.63,2026-07-17 14:00:00,2026-08-31 16:37:00,0,45,45.0,0.0,0.0,Active & Healthy,Standard Loyalty Points & Regular Marketing Flow
CUST-02085,Emma Hill,emma.hill112@example.com,Standard,Organic Search,2,482.45,2025-12-10 16:20:00,2026-08-21 10:55:00,11,254,254.0,0.04,0.0,Active & Healthy,Standard Loyalty Points & Regular Marketing Flow
CUST-02420,Jackson Adams,jackson.adams839@example.com,Standard,Organic Search,2,475.02,2026-06-01 00:08:00,2026-08-02 21:45:00,29,63,63.0,0.46,0.0,Active & Healthy,Standard Loyalty Points & Regular Marketing Flow
CUST-01112,Mason Perez,mason.perez94@example.com,Silver,Organic Search,4,468.83,2025-10-11 23:39:00,2026-07-30 22:39:00,32,292,97.3,0.33,0.0,Active & Healthy,Standard Loyalty Points & Regular Marketing Flow
CUST-00482,Samuel Hall,samuel.hall436@example.com,Gold,Social Media (Instagram/TikTok),4,467.74,2025-12-16 08:11:00,2026-08-27 16:59:00,4,254,84.7,0.05,0.0,Active & Healthy,Standard Loyalty Points & Regular Marketing Flow
CUST-01334,Emily Hall,emily.hall388@example.com,Silver,Email Marketing,3,463.96,2025-01-10 02:02:00,2026-07-18 14:07:00,44,555,277.5,0.16,0.0,Active & Healthy,Standard Loyalty Points & Regular Marketing Flow
CUST-01364,Madison Ramirez,madison.ramirez603@example.com,Silver,Paid Search (Google),4,463.71,2025-12-09 19:40:00,2026-07-12 22:17:00,50,215,71.7,0.7,0.0,Active & Healthy,Standard Loyalty Points & Regular Marketing Flow
CUST-01264,Sebastian Clark,sebastian.clark958@example.com,Silver,Social Media (Instagram/TikTok),3,454.07,2025-12-28 16:27:00,2026-07-30 22:25:00,32,214,107.0,0.3,0.0,Active & Healthy,Standard Loyalty Points & Regular Marketing Flow
CUST-01565,Carter Ramirez,carter.ramirez299@example.com,Standard,Social Media (Instagram/TikTok),2,452.97,2025-12-14 02:22:00,2026-08-02 21:06:00,29,232,232.0,0.12,0.0,Active & Healthy,Standard Loyalty Points & Regular Marketing Flow
CUST-01067,Grace Campbell,grace.campbell147@example.com,Silver,Email Marketing,4,450.92,2022-10-18 02:13:00,2026-07-24 23:43:00,38,1376,458.7,0.08,0.0,Active & Healthy,Standard Loyalty Points & Regular Marketing Flow
CUST-01692,Aria Wilson,aria.wilson261@example.com,Standard,Affiliate Referral,2,433.18,2026-05-17 06:51:00,2026-07-21 05:43:00,42,65,65.0,0.65,0.0,Active & Healthy,Standard Loyalty Points & Regular Marketing Flow
CUST-02035,Benjamin Carter,benjamin.carter449@example.com,Standard,Paid Search (Google),2,427.09,2026-03-05 14:15:00,2026-08-22 07:11:00,10,170,170.0,0.06,0.0,Active & Healthy,Standard Loyalty Points & Regular Marketing Flow
CUST-02486,James Ramirez,james.ramirez78@example.com,Standard,Affiliate Referral,2,426.45,2026-07-06 13:50:00,2026-08-26 15:24:00,5,51,51.0,0.1,0.0,Active & Healthy,Standard Loyalty Points & Regular Marketing Flow
CUST-01194,Hannah Young,hannah.young837@example.com,Silver,Paid Search (Google),4,422.1,2026-03-01 18:04:00,2026-07-20 09:39:00,43,141,47.0,0.91,0.0,Active & Healthy,Standard Loyalty Points & Regular Marketing Flow
CUST-00859,Eleanor Nguyen,eleanor.nguyen594@example.com,Silver,Email Marketing,2,409.03,2026-08-16 02:10:00,2026-08-31 02:45:00,1,15,15.0,0.07,0.0,Active & Healthy,Standard Loyalty Points & Regular Marketing Flow
CUST-02417,Mason Smith,mason.smith297@example.com,Standard,Social Media (Instagram/TikTok),3,404.45,2026-04-15 22:10:00,2026-08-26 06:31:00,6,132,66.0,0.09,0.0,Active & Healthy,Standard Loyalty Points & Regular Marketing Flow
CUST-02290,Grace Walker,grace.walker607@example.com,Standard,Paid Search (Google),2,397.67,2025-12-17 02:20:00,2026-08-11 07:38:00,21,237,237.0,0.09,0.0,Active & Healthy,Standard Loyalty Points & Regular Marketing Flow
CUST-00461,Lily Baker,lily.baker836@example.com,Gold,Email Marketing,3,392.59,2023-03-03 17:56:00,2026-07-22 09:03:00,41,1237,618.5,0.07,0.0,Active & Healthy,Standard Loyalty Points & Regular Marketing Flow
CUST-02038,Amelia Hall,amelia.hall757@example.com,Standard,Paid Search (Google),2,380.97,2026-03-20 03:06:00,2026-08-08 14:54:00,23,141,141.0,0.16,0.0,Active & Healthy,Standard Loyalty Points & Regular Marketing Flow
CUST-00975,Layla Thompson,layla.thompson695@example.com,Silver,Affiliate Referral,2,377.98,2025-04-19 15:00:00,2026-07-06 09:35:00,57,443,443.0,0.13,0.0,Active & Healthy,Standard Loyalty Points & Regular Marketing Flow
CUST-01987,Owen Johnson,owen.johnson997@example.com,Standard,Organic Search,2,374.27,2025-09-27 17:18:00,2026-07-29 12:57:00,33,305,305.0,0.11,0.0,Active & Healthy,Standard Loyalty Points & Regular Marketing Flow
CUST-02084,Jayden Adams,jayden.adams422@example.com,Standard,Paid Search (Google),3,371.93,2025-06-07 00:39:00,2026-07-08 05:59:00,55,396,198.0,0.28,0.0,Active & Healthy,Standard Loyalty Points & Regular Marketing Flow
CUST-01452,Henry Allen,henry.allen593@example.com,Silver,Affiliate Referral,4,371.36,2024-11-11 16:29:00,2026-07-31 17:54:00,31,627,209.0,0.15,0.0,Active & Healthy,Standard Loyalty Points & Regular Marketing Flow
CUST-01188,Scarlett Walker,scarlett.walker147@example.com,Silver,Social Media (Instagram/TikTok),3,369.54,2026-07-08 05:29:00,2026-08-18 20:19:00,13,42,21.0,0.62,0.0,Active & Healthy,Standard Loyalty Points & Regular Marketing Flow
CUST-01003,Camila Thomas,camila.thomas285@example.com,Silver,Social Media (Instagram/TikTok),4,365.27,2026-02-13 03:12:00,2026-07-21 03:25:00,42,158,52.7,0.8,0.0,Active & Healthy,Standard Loyalty Points & Regular Marketing Flow
CUST-00934,James Allen,james.allen913@example.com,Silver,Paid Search (Google),4,349.47,2025-04-08 23:01:00,2026-07-18 10:47:00,45,465,155.0,0.29,0.0,Active & Healthy,Standard Loyalty Points & Regular Marketing Flow
CUST-01131,Amelia Johnson,amelia.johnson309@example.com,Silver,Email Marketing,3,346.28,2026-06-25 03:56:00,2026-08-23 23:10:00,8,60,30.0,0.27,0.0,Active & Healthy,Standard Loyalty Points & Regular Marketing Flow
CUST-01474,Olivia Lopez,olivia.lopez401@example.com,Silver,Social Media (Instagram/TikTok),3,339.37,2026-06-07 13:04:00,2026-08-12 07:47:00,20,66,33.0,0.61,0.0,Active & Healthy,Standard Loyalty Points & Regular Marketing Flow
CUST-01133,Grayson Hill,grayson.hill554@example.com,Silver,Paid Search (Google),2,334.17,2025-03-06 01:15:00,2026-07-18 20:03:00,44,500,500.0,0.09,0.0,Active & Healthy,Standard Loyalty Points & Regular Marketing Flow
CUST-01434,Emily Wright,emily.wright340@example.com,Silver,Social Media (Instagram/TikTok),2,332.18,2024-12-02 18:31:00,2026-07-10 23:19:00,52,585,585.0,0.09,0.0,Active & Healthy,Standard Loyalty Points & Regular Marketing Flow
CUST-01337,James Smith,james.smith193@example.com,Silver,Affiliate Referral,4,328.54,2026-05-21 08:26:00,2026-08-15 07:20:00,17,86,28.7,0.59,0.0,Active & Healthy,Standard Loyalty Points & Regular Marketing Flow
CUST-01349,Ethan Hernandez,ethan.hernandez814@example.com,Silver,Affiliate Referral,3,322.4,2025-09-03 22:48:00,2026-08-28 07:29:00,4,358,179.0,0.02,0.0,Active & Healthy,Standard Loyalty Points & Regular Marketing Flow
CUST-01482,Grayson Carter,grayson.carter122@example.com,Silver,Email Marketing,4,319.95,2026-04-18 07:02:00,2026-08-31 06:06:00,1,135,45.0,0.02,0.0,Active & Healthy,Standard Loyalty Points & Regular Marketing Flow
CUST-01979,Sophia Thomas,sophia.thomas47@example.com,Standard,Social Media (Instagram/TikTok),2,314.95,2023-06-29 05:57:00,2026-08-12 09:32:00,20,1140,1140.0,0.02,0.0,Active & Healthy,Standard Loyalty Points & Regular Marketing Flow
CUST-01475,Abigail Martin,abigail.martin646@example.com,Silver,Organic Search,2,298.27,2024-11-07 08:23:00,2026-08-11 21:54:00,20,643,643.0,0.03,0.0,Active & Healthy,Standard Loyalty Points & Regular Marketing Flow
CUST-00429,Evelyn Miller,evelyn.miller640@example.com,Gold,Paid Search (Google),3,291.45,2026-02-06 09:37:00,2026-07-23 18:45:00,39,167,83.5,0.47,0.0,Active & Healthy,Standard Loyalty Points & Regular Marketing Flow
CUST-01614,Grayson Walker,grayson.walker30@example.com,Standard,Affiliate Referral,2,287.73,2026-05-30 08:12:00,2026-08-31 06:50:00,1,93,93.0,0.01,0.0,Active & Healthy,Standard Loyalty Points & Regular Marketing Flow
CUST-01323,Harper Wilson,harper.wilson836@example.com,Silver,Affiliate Referral,2,270.99,2026-03-14 01:33:00,2026-07-31 16:06:00,31,140,140.0,0.22,0.0,Active & Healthy,Standard Loyalty Points & Regular Marketing Flow
CUST-00807,Harper Jackson,harper.jackson126@example.com,Silver,Email Marketing,2,267.48,2025-01-31 12:37:00,2026-08-26 11:09:00,6,572,572.0,0.01,0.0,Active & Healthy,Standard Loyalty Points & Regular Marketing Flow
CUST-01015,Mila Torres,mila.torres599@example.com,Silver,Affiliate Referral,4,264.94,2026-03-16 11:04:00,2026-08-24 02:14:00,8,161,53.7,0.15,0.0,Active & Healthy,Standard Loyalty Points & Regular Marketing Flow
CUST-01954,Ella Mitchell,ella.mitchell210@example.com,Standard,Organic Search,3,256.38,2026-03-02 16:26:00,2026-07-22 08:18:00,41,142,71.0,0.58,0.0,Active & Healthy,Standard Loyalty Points & Regular Marketing Flow
CUST-00901,Chloe Smith,chloe.smith576@example.com,Silver,Paid Search (Google),3,243.66,2025-08-13 02:28:00,2026-08-06 13:19:00,25,358,179.0,0.14,0.0,Active & Healthy,Standard Loyalty Points & Regular Marketing Flow
CUST-01058,Carter Brown,carter.brown894@example.com,Silver,Organic Search,3,234.41,2025-07-05 09:48:00,2026-08-31 16:12:00,0,422,211.0,0.0,0.0,Active & Healthy,Standard Loyalty Points & Regular Marketing Flow
CUST-01199,William Martin,william.martin317@example.com,Silver,Social Media (Instagram/TikTok),3,230.77,2025-11-06 23:08:00,2026-08-20 18:43:00,11,287,143.5,0.08,0.0,Active & Healthy,Standard Loyalty Points & Regular Marketing Flow
CUST-01011,Oliver Sanchez,oliver.sanchez111@example.com,Silver,Organic Search,3,224.46,2024-01-12 23:05:00,2026-07-27 03:47:00,36,926,463.0,0.08,0.0,Active & Healthy,Standard Loyalty Points & Regular Marketing Flow
CUST-01636,Oliver Lewis,oliver.lewis828@example.com,Standard,Organic Search,2,196.62,2023-12-31 02:50:00,2026-07-07 12:52:00,55,919,919.0,0.06,0.0,Active & Healthy,Standard Loyalty Points & Regular Marketing Flow
CUST-00382,Abigail Hernandez,abigail.hernandez684@example.com,Gold,Social Media (Instagram/TikTok),2,189.96,2026-02-20 10:02:00,2026-07-22 12:04:00,40,152,152.0,0.26,0.0,Active & Healthy,Standard Loyalty Points & Regular Marketing Flow
CUST-00905,Elizabeth Anderson,elizabeth.anderson641@example.com,Silver,Paid Search (Google),3,183.57,2024-04-09 08:38:00,2026-08-15 12:55:00,16,858,429.0,0.04,0.0,Active & Healthy,Standard Loyalty Points & Regular Marketing Flow
CUST-01324,Jayden Baker,jayden.baker901@example.com,Silver,Paid Search (Google),3,175.57,2025-06-03 10:11:00,2026-07-25 01:16:00,38,417,208.5,0.18,0.0,Active & Healthy,Standard Loyalty Points & Regular Marketing Flow
CUST-00751,Sebastian Campbell,sebastian.campbell436@example.com,Silver,Organic Search,2,160.98,2026-02-03 14:45:00,2026-08-07 19:48:00,24,185,185.0,0.13,0.0,Active & Healthy,Standard Loyalty Points & Regular Marketing Flow
CUST-01679,Scarlett Young,scarlett.young38@example.com,Standard,Paid Search (Google),2,153.19,2025-07-14 14:53:00,2026-08-19 22:10:00,12,401,401.0,0.03,0.0,Active & Healthy,Standard Loyalty Points & Regular Marketing Flow
CUST-01265,Noah Williams,noah.williams591@example.com,Silver,Social Media (Instagram/TikTok),2,152.73,2026-05-31 12:50:00,2026-08-22 17:00:00,9,83,83.0,0.11,0.0,Active & Healthy,Standard Loyalty Points & Regular Marketing Flow
CUST-01135,Sofia King,sofia.king322@example.com,Silver,Email Marketing,2,149.99,2025-05-05 13:54:00,2026-07-22 16:38:00,40,443,443.0,0.09,0.0,Active & Healthy,Standard Loyalty Points & Regular Marketing Flow
CUST-01017,Grayson Roberts,grayson.roberts764@example.com,Silver,Email Marketing,3,136.97,2023-04-16 00:25:00,2026-07-21 11:17:00,42,1192,596.0,0.07,0.0,Active & Healthy,Standard Loyalty Points & Regular Marketing Flow
CUST-02173,Alexander Hall,alexander.hall457@example.com,Standard,Affiliate Referral,2,129.52,2026-05-19 06:05:00,2026-08-20 18:10:00,11,94,94.0,0.12,0.0,Active & Healthy,Standard Loyalty Points & Regular Marketing Flow
CUST-01085,Matthew Jones,matthew.jones977@example.com,Silver,Organic Search,2,126.7,2025-10-28 16:22:00,2026-08-14 17:53:00,17,290,290.0,0.06,0.0,Active & Healthy,Standard Loyalty Points & Regular Marketing Flow
CUST-01431,Sebastian White,sebastian.white439@example.com,Silver,Organic Search,2,123.38,2026-05-25 17:57:00,2026-07-22 02:43:00,41,57,57.0,0.72,0.0,Active & Healthy,Standard Loyalty Points & Regular Marketing Flow
CUST-02343,Hannah White,hannah.white693@example.com,Standard,Email Marketing,2,114.46,2025-12-02 06:56:00,2026-08-03 13:02:00,28,244,244.0,0.11,0.0,Active & Healthy,Standard Loyalty Points & Regular Marketing Flow
CUST-01151,Avery Hill,avery.hill247@example.com,Silver,Organic Search,2,101.09,2026-05-09 11:16:00,2026-08-18 23:40:00,13,102,102.0,0.13,0.0,Active & Healthy,Standard Loyalty Points & Regular Marketing Flow
CUST-01372,Elizabeth White,elizabeth.white651@example.com,Silver,Organic Search,2,101.09,2026-07-29 20:46:00,2026-08-20 06:05:00,12,21,21.0,0.57,0.0,Active & Healthy,Standard Loyalty Points & Regular Marketing Flow
CUST-00835,Samuel Davis,samuel.davis519@example.com,Silver,Organic Search,2,90.97,2026-05-20 14:24:00,2026-07-21 10:06:00,42,62,62.0,0.68,0.0,Active & Healthy,Standard Loyalty Points & Regular Marketing Flow
