customer_id,customer_name,email,city,state,signup_date,acquisition_channel,customer_tier,total_orders,total_lifetime_spend,customer_avg_order_value,last_order_date,first_order_date,recency_days,r_score,f_score,m_score,rfm_score_combined,rfm_index_numeric,rfm_segment,monetary_rank
CUST-00157,Benjamin Thomas,benjamin.thomas131@example.com,San Francisco,CA,2024-09-30,Affiliate Referral,Platinum,23,14346.05,623.74,2025-03-30 13:42:00,2024-10-01 14:18:00,519,2,5,5,255,255,At Risk VIPs (High Value),1
CUST-00018,Noah Lee,noah.lee420@example.com,Dallas,TX,2022-10-14,Paid Search (Google),Platinum,22,12948.61,588.57,2026-07-02 02:49:00,2023-04-01 03:05:00,61,4,5,5,455,455,Champions (VIP),2
CUST-00131,Jack Nelson,jack.nelson389@example.com,Chicago,IL,2025-04-02,Social Media (Instagram/TikTok),Platinum,24,12885.35,536.89,2026-08-09 04:21:00,2025-05-02 22:39:00,23,5,5,5,555,555,Champions (VIP),3
CUST-00234,Chloe Wilson,chloe.wilson464@example.com,Atlanta,GA,2023-09-27,Social Media (Instagram/TikTok),Platinum,24,12762.89,531.79,2026-07-01 23:11:00,2023-10-01 16:31:00,61,4,5,5,455,455,Champions (VIP),4
CUST-00001,Lucas Johnson,lucas.johnson769@example.com,Dallas,TX,2023-10-15,Paid Search (Google),Platinum,22,12388.61,563.12,2026-07-04 01:10:00,2023-11-24 23:01:00,59,4,5,5,455,455,Champions (VIP),5
CUST-00042,Sofia Walker,sofia.walker836@example.com,Boston,MA,2023-06-25,Organic Search,Platinum,23,12276.25,533.75,2026-07-16 23:15:00,2023-10-18 00:47:00,46,4,5,5,455,455,Champions (VIP),6
CUST-00155,Lucas Jones,lucas.jones420@example.com,Miami,FL,2022-10-30,Affiliate Referral,Platinum,20,12155.49,607.77,2025-01-24 03:48:00,2022-11-11 11:24:00,585,1,5,5,155,155,At Risk VIPs (High Value),7
CUST-00126,Lucas Roberts,lucas.roberts848@example.com,Philadelphia,PA,2024-02-28,Organic Search,Platinum,23,11766.95,511.61,2026-08-01 22:24:00,2024-03-07 22:02:00,30,5,5,5,555,555,Champions (VIP),8
CUST-00176,Amelia Hernandez,amelia.hernandez347@example.com,Boston,MA,2026-04-21,Email Marketing,Platinum,21,11724.53,558.31,2026-08-25 01:57:00,2026-04-28 10:33:00,7,5,5,5,555,555,Champions (VIP),9
CUST-00106,Camila Carter,camila.carter263@example.com,Kansas City,MO,2025-12-27,Social Media (Instagram/TikTok),Platinum,24,11430.88,476.29,2026-08-27 14:33:00,2025-12-29 17:14:00,4,5,5,5,555,555,Champions (VIP),10
CUST-00103,Evelyn Robinson,evelyn.robinson693@example.com,Portland,OR,2025-07-19,Affiliate Referral,Platinum,12,11268.07,939.01,2026-07-23 12:13:00,2025-08-03 10:06:00,39,5,5,5,555,555,Champions (VIP),11
CUST-00142,Henry Hall,henry.hall497@example.com,Minneapolis,MN,2026-05-28,Email Marketing,Platinum,24,11219.06,467.46,2026-08-28 18:19:00,2026-05-28 06:28:00,3,5,5,5,555,555,Champions (VIP),12
CUST-00191,Grayson Martinez,grayson.martinez467@example.com,San Francisco,CA,2025-02-16,Social Media (Instagram/TikTok),Platinum,19,11073.03,582.79,2026-06-30 11:17:00,2025-02-26 04:31:00,63,4,5,5,455,455,Champions (VIP),13
CUST-00101,Amelia Roberts,amelia.roberts445@example.com,San Diego,CA,2023-05-27,Affiliate Referral,Platinum,19,10918.21,574.64,2025-03-05 09:14:00,2023-07-12 23:13:00,545,2,5,5,255,255,At Risk VIPs (High Value),14
CUST-00008,Elijah Thompson,elijah.thompson877@example.com,Seattle,WA,2025-10-19,Social Media (Instagram/TikTok),Platinum,14,10828.01,773.43,2026-08-30 17:47:00,2025-10-27 03:12:00,1,5,5,5,555,555,Champions (VIP),15
CUST-00108,Aiden Thomas,aiden.thomas288@example.com,San Jose,CA,2024-03-16,Affiliate Referral,Platinum,24,10728.18,447.01,2026-07-27 10:11:00,2024-05-09 04:38:00,36,5,5,5,555,555,Champions (VIP),16
CUST-00192,David Scott,david.scott791@example.com,San Francisco,CA,2024-07-12,Email Marketing,Platinum,20,10585.94,529.3,2026-06-03 20:14:00,2024-08-31 04:27:00,89,4,5,5,455,455,Champions (VIP),17
CUST-00129,Amelia Hall,amelia.hall801@example.com,Austin,TX,2026-04-02,Affiliate Referral,Platinum,21,10458.68,498.03,2026-08-31 08:09:00,2026-04-07 10:03:00,1,5,5,5,555,555,Champions (VIP),18
CUST-00141,Jacob Garcia,jacob.garcia257@example.com,Raleigh,NC,2024-09-10,Email Marketing,Platinum,18,10426.2,579.23,2026-08-18 06:30:00,2025-04-27 20:43:00,14,5,5,5,555,555,Champions (VIP),19
CUST-00100,Hannah Sanchez,hannah.sanchez259@example.com,Phoenix,AZ,2026-02-03,Organic Search,Platinum,24,10399.6,433.32,2026-08-20 17:53:00,2026-02-07 09:39:00,11,5,5,5,555,555,Champions (VIP),20
CUST-00075,Michael Baker,michael.baker265@example.com,Las Vegas,NV,2022-12-28,Social Media (Instagram/TikTok),Platinum,21,10346.38,492.68,2026-06-25 19:03:00,2023-03-22 23:03:00,67,4,5,5,455,455,Champions (VIP),21
CUST-00082,William Roberts,william.roberts295@example.com,Seattle,WA,2026-01-04,Affiliate Referral,Platinum,23,10340.13,449.57,2026-08-30 16:02:00,2026-01-13 08:51:00,1,5,5,5,555,555,Champions (VIP),22
CUST-00063,Ella Allen,ella.allen281@example.com,Phoenix,AZ,2024-05-15,Organic Search,Platinum,21,10063.36,479.21,2025-03-20 03:14:00,2024-05-30 10:12:00,530,2,5,5,255,255,At Risk VIPs (High Value),23
CUST-00223,Luna Davis,luna.davis489@example.com,Chicago,IL,2023-03-16,Paid Search (Google),Platinum,24,10010.46,417.1,2026-06-29 23:21:00,2023-04-14 08:08:00,63,4,5,5,455,455,Champions (VIP),24
CUST-00006,Alexander Hall,alexander.hall442@example.com,San Jose,CA,2023-12-22,Paid Search (Google),Platinum,20,9989.54,499.48,2026-07-13 16:23:00,2024-01-07 18:27:00,49,4,5,5,455,455,Champions (VIP),25
CUST-00209,Lily Green,lily.green270@example.com,Atlanta,GA,2023-11-05,Organic Search,Platinum,22,9976.19,453.46,2025-04-01 03:41:00,2023-12-16 20:57:00,518,2,5,5,255,255,At Risk VIPs (High Value),26
CUST-00066,Matthew Nelson,matthew.nelson116@example.com,Phoenix,AZ,2023-11-24,Organic Search,Platinum,23,9878.72,429.51,2026-08-24 16:27:00,2024-02-27 03:23:00,7,5,5,5,555,555,Champions (VIP),27
CUST-00044,Lily Campbell,lily.campbell65@example.com,Las Vegas,NV,2026-01-29,Organic Search,Platinum,22,9825.13,446.6,2026-08-29 08:06:00,2026-02-14 16:31:00,3,5,5,5,555,555,Champions (VIP),28
CUST-00185,Daniel Davis,daniel.davis482@example.com,Houston,TX,2026-01-17,Paid Search (Google),Platinum,19,9802.86,515.94,2026-08-31 19:16:00,2026-01-31 11:13:00,0,5,5,5,555,555,Champions (VIP),29
CUST-00031,Carter Martin,carter.martin255@example.com,Los Angeles,CA,2023-10-07,Affiliate Referral,Platinum,21,9707.7,462.27,2026-08-24 05:19:00,2024-03-12 03:08:00,8,5,5,5,555,555,Champions (VIP),30
CUST-00110,Ella Jones,ella.jones434@example.com,Boston,MA,2024-04-08,Affiliate Referral,Platinum,14,9685.08,691.79,2026-08-20 13:48:00,2024-07-22 17:10:00,11,5,5,5,555,555,Champions (VIP),31
CUST-00145,Joseph Ramirez,joseph.ramirez773@example.com,San Francisco,CA,2024-04-08,Social Media (Instagram/TikTok),Platinum,11,9661.95,878.36,2026-03-23 22:04:00,2024-07-11 14:23:00,161,3,5,5,355,355,Loyal Customers,32
CUST-00096,David Garcia,david.garcia848@example.com,Columbus,OH,2023-09-25,Social Media (Instagram/TikTok),Platinum,22,9650.42,438.66,2026-07-16 00:00:00,2024-02-08 20:28:00,47,4,5,5,455,455,Champions (VIP),33
CUST-00417,Dylan Mitchell,dylan.mitchell754@example.com,Los Angeles,CA,2026-05-16,Paid Search (Google),Gold,10,9600.47,960.05,2026-08-06 19:29:00,2026-05-21 19:28:00,25,5,5,5,555,555,Champions (VIP),34
CUST-00247,Nora Allen,nora.allen236@example.com,Charlotte,NC,2022-08-28,Affiliate Referral,Platinum,16,9498.56,593.66,2026-08-25 11:30:00,2022-11-24 12:07:00,7,5,5,5,555,555,Champions (VIP),35
CUST-00250,Mia Garcia,mia.garcia339@example.com,Charlotte,NC,2023-03-31,Organic Search,Platinum,21,9471.9,451.04,2026-05-09 15:24:00,2023-04-12 16:42:00,114,4,5,5,455,455,Champions (VIP),36
CUST-00133,Carter Green,carter.green922@example.com,Kansas City,MO,2024-12-28,Paid Search (Google),Platinum,20,9091.07,454.55,2026-08-06 20:03:00,2025-02-28 09:00:00,25,5,5,5,555,555,Champions (VIP),37
CUST-00079,Owen Williams,owen.williams889@example.com,Miami,FL,2023-08-30,Paid Search (Google),Platinum,25,9047.64,361.91,2025-03-08 07:12:00,2023-09-11 07:21:00,542,2,5,5,255,255,At Risk VIPs (High Value),38
CUST-00563,Eleanor Thompson,eleanor.thompson497@example.com,Houston,TX,2024-11-14,Email Marketing,Gold,9,8946.54,994.06,2026-06-26 13:38:00,2024-12-20 00:53:00,66,4,5,5,455,455,Champions (VIP),39
CUST-00051,Camila Robinson,camila.robinson302@example.com,Boston,MA,2026-04-27,Affiliate Referral,Platinum,21,8917.47,424.64,2026-08-24 16:09:00,2026-05-02 00:45:00,7,5,5,5,555,555,Champions (VIP),40
CUST-00205,Madison Brown,madison.brown310@example.com,Seattle,WA,2024-07-07,Email Marketing,Platinum,19,8838.57,465.19,2026-06-19 12:22:00,2024-08-03 21:53:00,73,4,5,5,455,455,Champions (VIP),41
CUST-00249,Layla Ramirez,layla.ramirez712@example.com,Houston,TX,2025-03-01,Email Marketing,Platinum,22,8801.37,400.06,2025-04-01 06:27:00,2025-03-02 03:14:00,518,2,5,5,255,255,At Risk VIPs (High Value),42
CUST-00004,Olivia Scott,olivia.scott213@example.com,Salt Lake City,UT,2026-01-21,Affiliate Referral,Platinum,24,8784.72,366.03,2026-07-31 16:23:00,2026-01-25 22:20:00,31,5,5,5,555,555,Champions (VIP),43
CUST-00215,Aria Smith,aria.smith589@example.com,Tampa,FL,2026-04-05,Organic Search,Platinum,24,8698.65,362.44,2026-08-30 23:16:00,2026-04-13 05:57:00,1,5,5,5,555,555,Champions (VIP),44
CUST-00137,Sofia Carter,sofia.carter485@example.com,Nashville,TN,2025-11-01,Email Marketing,Platinum,18,8685.4,482.52,2026-07-31 20:39:00,2025-11-02 10:47:00,31,5,5,5,555,555,Champions (VIP),45
CUST-00140,Aria Hill,aria.hill728@example.com,Dallas,TX,2025-07-13,Organic Search,Platinum,20,8680.74,434.04,2026-08-21 04:06:00,2025-07-21 08:53:00,11,5,5,5,555,555,Champions (VIP),46
CUST-00195,Owen Harris,owen.harris689@example.com,Indianapolis,IN,2026-01-26,Paid Search (Google),Platinum,23,8610.64,374.38,2026-08-13 05:40:00,2026-01-29 19:39:00,19,5,5,5,555,555,Champions (VIP),47
CUST-00144,Sofia Martin,sofia.martin689@example.com,Nashville,TN,2024-06-25,Email Marketing,Platinum,20,8578.67,428.93,2026-07-15 10:45:00,2024-07-05 21:28:00,48,4,5,5,455,455,Champions (VIP),48
CUST-00202,Noah Flores,noah.flores80@example.com,San Diego,CA,2025-12-14,Social Media (Instagram/TikTok),Platinum,22,8475.27,385.24,2026-08-30 11:05:00,2025-12-28 18:19:00,2,5,5,5,555,555,Champions (VIP),49
CUST-00047,Elizabeth Moore,elizabeth.moore483@example.com,San Diego,CA,2022-11-02,Email Marketing,Platinum,14,8443.23,603.09,2025-02-21 14:48:00,2022-11-15 06:19:00,556,2,5,5,255,255,At Risk VIPs (High Value),50
CUST-00166,Mila Ramirez,mila.ramirez127@example.com,San Francisco,CA,2023-09-04,Paid Search (Google),Platinum,18,8381.46,465.64,2026-08-04 22:44:00,2023-12-27 23:11:00,27,5,5,5,555,555,Champions (VIP),51
CUST-00020,Logan Taylor,logan.taylor152@example.com,San Diego,CA,2025-07-24,Affiliate Referral,Platinum,23,8374.96,364.13,2026-08-10 08:44:00,2025-07-25 20:13:00,22,5,5,5,555,555,Champions (VIP),52
CUST-00078,Sofia Moore,sofia.moore173@example.com,Indianapolis,IN,2026-05-07,Organic Search,Platinum,21,8372.12,398.67,2026-08-23 01:48:00,2026-05-11 12:29:00,9,5,5,5,555,555,Champions (VIP),53
CUST-00023,Oliver Davis,oliver.davis166@example.com,Minneapolis,MN,2023-04-24,Email Marketing,Platinum,19,8327.69,438.3,2026-07-14 09:06:00,2023-06-06 10:15:00,49,4,5,5,455,455,Champions (VIP),54
CUST-00218,Evelyn Green,evelyn.green109@example.com,Minneapolis,MN,2026-01-14,Organic Search,Platinum,16,8234.75,514.67,2026-08-21 05:48:00,2026-01-19 02:38:00,11,5,5,5,555,555,Champions (VIP),55
CUST-00246,Nora Roberts,nora.roberts380@example.com,Portland,OR,2025-09-28,Organic Search,Platinum,20,8185.55,409.28,2026-08-14 19:15:00,2025-10-06 21:04:00,17,5,5,5,555,555,Champions (VIP),56
CUST-00546,Eleanor Lee,eleanor.lee191@example.com,Denver,CO,2024-03-15,Social Media (Instagram/TikTok),Gold,10,8161.12,816.11,2026-08-17 20:30:00,2024-05-16 06:24:00,14,5,5,5,555,555,Champions (VIP),57
CUST-00248,Matthew Robinson,matthew.robinson668@example.com,New York,NY,2022-10-03,Email Marketing,Platinum,23,8105.04,352.39,2025-02-01 22:21:00,2022-10-06 21:38:00,576,1,5,5,155,155,At Risk VIPs (High Value),58
CUST-00481,Oliver Thompson,oliver.thompson974@example.com,Minneapolis,MN,2026-03-06,Email Marketing,Gold,7,8031.33,1147.33,2026-08-19 10:00:00,2026-04-03 22:26:00,13,5,5,5,555,555,Champions (VIP),59
CUST-00235,Elijah Baker,elijah.baker386@example.com,San Francisco,CA,2026-01-11,Social Media (Instagram/TikTok),Platinum,21,7986.4,380.3,2026-08-18 03:32:00,2026-02-20 01:19:00,14,5,5,5,555,555,Champions (VIP),60
CUST-00180,Lily Clark,lily.clark65@example.com,San Antonio,TX,2025-04-27,Social Media (Instagram/TikTok),Platinum,21,7954.04,378.76,2026-08-13 07:58:00,2025-04-30 21:08:00,19,5,5,5,555,555,Champions (VIP),61
CUST-00159,Matthew Nguyen,matthew.nguyen449@example.com,Austin,TX,2025-08-08,Affiliate Referral,Platinum,24,7948.41,331.18,2026-08-26 00:50:00,2025-08-11 00:47:00,6,5,5,5,555,555,Champions (VIP),62
CUST-00072,Emma Davis,emma.davis87@example.com,Salt Lake City,UT,2023-04-02,Affiliate Referral,Platinum,23,7911.01,343.96,2025-03-20 02:07:00,2023-04-13 22:58:00,530,2,5,5,255,255,At Risk VIPs (High Value),63
CUST-00194,Avery Roberts,avery.roberts430@example.com,Los Angeles,CA,2024-03-13,Email Marketing,Platinum,13,7802.69,600.21,2025-02-06 19:20:00,2024-05-31 10:04:00,571,2,5,5,255,255,At Risk VIPs (High Value),64
CUST-00230,Hannah Davis,hannah.davis109@example.com,San Diego,CA,2025-06-05,Paid Search (Google),Platinum,14,7787.68,556.26,2026-08-15 20:46:00,2025-08-10 08:51:00,16,5,5,5,555,555,Champions (VIP),65
CUST-00201,Samuel Green,samuel.green745@example.com,Columbus,OH,2025-02-24,Affiliate Referral,Platinum,11,7778.98,707.18,2026-07-01 16:25:00,2025-05-03 16:34:00,61,4,5,5,455,455,Champions (VIP),66
CUST-00058,Riley Nelson,riley.nelson607@example.com,Nashville,TN,2025-05-06,Social Media (Instagram/TikTok),Platinum,19,7742.07,407.48,2026-08-03 10:37:00,2025-05-26 07:06:00,29,5,5,5,555,555,Champions (VIP),67
CUST-00199,Dylan Taylor,dylan.taylor356@example.com,Charlotte,NC,2026-04-19,Email Marketing,Platinum,8,7705.24,963.15,2026-08-10 12:54:00,2026-04-20 12:44:00,21,5,5,5,555,555,Champions (VIP),68
CUST-00894,Samuel Johnson,samuel.johnson408@example.com,Las Vegas,NV,2023-01-29,Affiliate Referral,Silver,5,7667.51,1533.5,2025-02-12 05:14:00,2023-04-20 16:06:00,566,2,4,5,245,245,At Risk VIPs (High Value),69
CUST-01278,Abigail Nelson,abigail.nelson467@example.com,Seattle,WA,2023-05-26,Social Media (Instagram/TikTok),Silver,5,7664.72,1532.94,2026-05-08 11:47:00,2023-10-07 12:58:00,116,4,4,5,445,445,Champions (VIP),70
CUST-00039,Avery Jones,avery.jones937@example.com,Los Angeles,CA,2024-04-07,Organic Search,Platinum,17,7619.96,448.23,2026-06-29 05:10:00,2024-10-13 14:58:00,64,4,5,5,455,455,Champions (VIP),71
CUST-00046,Jacob Gonzalez,jacob.gonzalez559@example.com,Atlanta,GA,2023-03-15,Email Marketing,Platinum,19,7548.23,397.28,2026-06-04 19:38:00,2023-04-16 04:45:00,88,4,5,5,455,455,Champions (VIP),72
CUST-00197,Elijah Lewis,elijah.lewis112@example.com,Portland,OR,2024-12-22,Organic Search,Platinum,13,7445.99,572.77,2026-08-27 01:58:00,2025-01-06 06:03:00,5,5,5,5,555,555,Champions (VIP),73
CUST-01109,Abigail Lee,abigail.lee524@example.com,Salt Lake City,UT,2023-08-27,Paid Search (Google),Silver,3,7435.33,2478.44,2025-05-10 16:45:00,2024-05-03 02:04:00,478,2,3,5,235,235,At Risk VIPs (High Value),74
CUST-00053,Isabella Mitchell,isabella.mitchell331@example.com,Los Angeles,CA,2022-09-11,Affiliate Referral,Platinum,20,7407.89,370.39,2026-08-18 08:53:00,2022-12-23 08:11:00,14,5,5,5,555,555,Champions (VIP),75
CUST-00081,Olivia Nelson,olivia.nelson207@example.com,Denver,CO,2024-04-03,Social Media (Instagram/TikTok),Platinum,22,7396.3,336.2,2026-07-07 07:17:00,2024-05-04 23:03:00,56,4,5,5,455,455,Champions (VIP),76
CUST-00649,Abigail Lopez,abigail.lopez963@example.com,Tampa,FL,2022-08-12,Affiliate Referral,Gold,7,7374.86,1053.55,2025-07-09 02:18:00,2023-05-02 06:57:00,419,2,5,5,255,255,At Risk VIPs (High Value),77
CUST-00014,Chloe Thompson,chloe.thompson224@example.com,Las Vegas,NV,2023-11-29,Organic Search,Platinum,25,7290.77,291.63,2026-07-31 21:50:00,2023-11-29 00:39:00,31,5,5,5,555,555,Champions (VIP),78
CUST-00178,Jayden Garcia,jayden.garcia332@example.com,Dallas,TX,2024-03-24,Organic Search,Platinum,15,7275.17,485.01,2026-08-17 00:42:00,2024-04-04 10:17:00,15,5,5,5,555,555,Champions (VIP),79
CUST-00228,Daniel Adams,daniel.adams74@example.com,Minneapolis,MN,2025-01-06,Social Media (Instagram/TikTok),Platinum,16,7237.27,452.33,2025-03-29 19:56:00,2025-01-09 08:57:00,520,2,5,5,255,255,At Risk VIPs (High Value),80
CUST-00069,Grayson Taylor,grayson.taylor937@example.com,Tampa,FL,2022-09-13,Organic Search,Platinum,19,7209.74,379.46,2025-03-31 14:38:00,2022-10-06 21:11:00,518,2,5,5,255,255,At Risk VIPs (High Value),81
CUST-00203,Avery Mitchell,avery.mitchell102@example.com,Boston,MA,2022-12-19,Organic Search,Platinum,17,7180.61,422.39,2026-06-30 23:32:00,2023-08-21 08:10:00,62,4,5,5,455,455,Champions (VIP),82
CUST-00168,Aiden Lewis,aiden.lewis137@example.com,Atlanta,GA,2026-04-11,Social Media (Instagram/TikTok),Platinum,18,7165.49,398.08,2026-08-31 20:49:00,2026-04-11 23:11:00,0,5,5,5,555,555,Champions (VIP),83
CUST-00067,Amelia Mitchell,amelia.mitchell576@example.com,Phoenix,AZ,2023-12-10,Social Media (Instagram/TikTok),Platinum,15,7123.29,474.89,2026-08-07 07:21:00,2023-12-13 09:54:00,25,5,5,5,555,555,Champions (VIP),84
CUST-00128,Mila Jones,mila.jones616@example.com,Salt Lake City,UT,2025-12-06,Paid Search (Google),Platinum,19,7107.11,374.06,2026-08-31 17:11:00,2025-12-07 01:56:00,0,5,5,5,555,555,Champions (VIP),85
CUST-00117,Olivia Sanchez,olivia.sanchez616@example.com,Nashville,TN,2026-02-17,Organic Search,Platinum,16,7019.65,438.73,2026-08-07 00:25:00,2026-02-22 02:06:00,25,5,5,5,555,555,Champions (VIP),86
CUST-00034,Camila King,camila.king903@example.com,Charlotte,NC,2024-10-14,Paid Search (Google),Platinum,19,6966.77,366.67,2025-04-01 18:44:00,2024-10-15 09:57:00,517,2,5,5,255,255,At Risk VIPs (High Value),87
CUST-00965,Ella Allen,ella.allen420@example.com,Indianapolis,IN,2024-04-24,Affiliate Referral,Silver,3,6932.68,2310.89,2026-06-25 13:50:00,2024-07-15 20:27:00,67,4,3,5,435,435,Loyal Customers,88
CUST-00005,Riley Anderson,riley.anderson469@example.com,Nashville,TN,2023-12-22,Organic Search,Platinum,16,6922.09,432.63,2026-07-18 02:57:00,2023-12-31 18:27:00,45,4,5,5,455,455,Champions (VIP),89
CUST-00017,Daniel Baker,daniel.baker342@example.com,Kansas City,MO,2022-09-23,Paid Search (Google),Platinum,17,6890.12,405.3,2026-02-21 11:36:00,2022-10-10 10:54:00,192,3,5,5,355,355,Loyal Customers,90
CUST-00211,Luke Thompson,luke.thompson611@example.com,Austin,TX,2025-12-30,Email Marketing,Platinum,19,6870.15,361.59,2026-08-30 20:58:00,2026-01-14 19:43:00,1,5,5,5,555,555,Champions (VIP),91
CUST-00341,David Rodriguez,david.rodriguez55@example.com,Seattle,WA,2025-06-23,Social Media (Instagram/TikTok),Gold,7,6850.85,978.69,2026-06-22 12:55:00,2025-07-28 13:36:00,70,4,5,5,455,455,Champions (VIP),92
CUST-00032,Benjamin Garcia,benjamin.garcia759@example.com,Miami,FL,2022-10-20,Affiliate Referral,Platinum,23,6848.11,297.74,2026-07-29 20:35:00,2022-11-19 09:05:00,33,5,5,5,555,555,Champions (VIP),93
CUST-00025,Jackson Scott,jackson.scott891@example.com,New York,NY,2026-03-25,Organic Search,Platinum,15,6834.19,455.61,2026-08-31 18:58:00,2026-04-10 23:40:00,0,5,5,5,555,555,Champions (VIP),94
CUST-00038,Daniel Smith,daniel.smith82@example.com,Salt Lake City,UT,2025-12-14,Organic Search,Platinum,22,6804.3,309.29,2026-08-16 01:30:00,2025-12-19 01:19:00,16,5,5,5,555,555,Champions (VIP),95
CUST-00239,Michael Jones,michael.jones859@example.com,Columbus,OH,2025-07-10,Paid Search (Google),Platinum,18,6786.7,377.04,2026-07-02 05:47:00,2025-07-11 18:25:00,61,4,5,5,455,455,Champions (VIP),96
CUST-00158,Daniel Roberts,daniel.roberts545@example.com,Denver,CO,2024-12-09,Email Marketing,Platinum,22,6782.29,308.29,2025-03-31 07:59:00,2024-12-19 12:18:00,519,2,5,5,255,255,At Risk VIPs (High Value),97
CUST-00292,Madison Green,madison.green333@example.com,Phoenix,AZ,2024-11-17,Organic Search,Gold,8,6774.85,846.86,2026-07-06 07:52:00,2025-04-21 21:52:00,57,4,5,5,455,455,Champions (VIP),98
CUST-00113,Grace Martin,grace.martin781@example.com,Denver,CO,2024-10-06,Affiliate Referral,Platinum,24,6768.27,282.01,2026-06-07 23:32:00,2024-10-28 07:17:00,85,4,5,5,455,455,Champions (VIP),99
CUST-00048,Elijah Brown,elijah.brown677@example.com,San Francisco,CA,2022-07-01,Organic Search,Platinum,17,6694.89,393.82,2025-12-10 10:14:00,2022-08-04 03:56:00,265,3,5,5,355,355,Loyal Customers,100
CUST-00163,Nora Hall,nora.hall618@example.com,Miami,FL,2024-01-18,Organic Search,Platinum,21,6693.24,318.73,2026-08-30 20:40:00,2024-01-31 17:56:00,1,5,5,5,555,555,Champions (VIP),101
CUST-00187,Riley Walker,riley.walker493@example.com,San Diego,CA,2024-12-22,Affiliate Referral,Platinum,17,6667.57,392.21,2026-08-27 19:09:00,2025-03-16 04:00:00,4,5,5,5,555,555,Champions (VIP),102
CUST-00164,Avery Jackson,avery.jackson733@example.com,Austin,TX,2026-05-10,Email Marketing,Platinum,21,6661.13,317.2,2026-08-30 11:51:00,2026-05-11 21:12:00,2,5,5,5,555,555,Champions (VIP),103
CUST-00027,Zoey Hernandez,zoey.hernandez474@example.com,New York,NY,2023-11-22,Affiliate Referral,Platinum,15,6645.45,443.03,2025-03-10 23:37:00,2023-12-04 02:19:00,539,2,5,5,255,255,At Risk VIPs (High Value),104
CUST-00091,Mason Gonzalez,mason.gonzalez440@example.com,Las Vegas,NV,2024-07-16,Paid Search (Google),Platinum,19,6622.75,348.57,2025-03-15 08:41:00,2024-07-16 01:43:00,535,2,5,5,255,255,At Risk VIPs (High Value),105
CUST-00070,Jack Moore,jack.moore55@example.com,New York,NY,2024-04-14,Paid Search (Google),Platinum,16,6620.28,413.77,2026-06-17 20:24:00,2024-06-01 08:00:00,75,4,5,5,455,455,Champions (VIP),106
CUST-00791,Emma Lee,emma.lee785@example.com,Kansas City,MO,2025-05-23,Paid Search (Google),Silver,4,6578.9,1644.72,2026-08-12 22:09:00,2025-09-04 22:55:00,19,5,3,5,535,535,Loyal Customers,107
CUST-00136,Madison Thomas,madison.thomas860@example.com,Chicago,IL,2023-12-24,Email Marketing,Platinum,21,6485.54,308.84,2025-02-05 20:39:00,2024-02-09 14:48:00,572,1,5,5,155,155,At Risk VIPs (High Value),108
CUST-00443,Jacob Lopez,jacob.lopez635@example.com,Tampa,FL,2025-12-30,Email Marketing,Gold,9,6470.06,718.9,2026-08-08 01:20:00,2026-01-04 05:47:00,24,5,5,5,555,555,Champions (VIP),109
CUST-00245,Riley King,riley.king126@example.com,Raleigh,NC,2022-10-09,Email Marketing,Platinum,14,6442.62,460.19,2025-03-17 11:47:00,2022-10-23 09:19:00,533,2,5,5,255,255,At Risk VIPs (High Value),110
CUST-00572,Jayden Davis,jayden.davis278@example.com,Las Vegas,NV,2025-02-27,Affiliate Referral,Gold,8,6441.61,805.2,2025-03-27 00:12:00,2025-03-02 22:19:00,523,2,5,5,255,255,At Risk VIPs (High Value),111
CUST-00080,Jayden Thompson,jayden.thompson322@example.com,Kansas City,MO,2023-09-10,Paid Search (Google),Platinum,13,6402.85,492.53,2026-08-08 15:12:00,2023-09-19 00:20:00,23,5,5,5,555,555,Champions (VIP),112
CUST-00219,Victoria Lewis,victoria.lewis44@example.com,Nashville,TN,2024-06-17,Paid Search (Google),Platinum,16,6393.76,399.61,2026-08-23 14:53:00,2024-09-23 17:03:00,8,5,5,5,555,555,Champions (VIP),113
CUST-00024,William Harris,william.harris400@example.com,Charlotte,NC,2025-01-14,Affiliate Referral,Platinum,15,6391.86,426.12,2026-08-05 02:47:00,2025-03-03 05:36:00,27,5,5,5,555,555,Champions (VIP),114
CUST-00057,Sofia Nguyen,sofia.nguyen618@example.com,Los Angeles,CA,2025-11-20,Organic Search,Platinum,14,6381.46,455.82,2026-08-20 20:04:00,2025-11-28 00:44:00,11,5,5,5,555,555,Champions (VIP),115
CUST-00107,Grayson Green,grayson.green254@example.com,Dallas,TX,2024-11-17,Organic Search,Platinum,21,6368.57,303.27,2026-07-23 06:51:00,2024-11-19 10:29:00,40,4,5,5,455,455,Champions (VIP),116
CUST-00161,Ella Taylor,ella.taylor686@example.com,Chicago,IL,2023-04-18,Paid Search (Google),Platinum,13,6348.32,488.33,2026-06-08 15:15:00,2023-05-18 10:43:00,84,4,5,5,455,455,Champions (VIP),117
CUST-00147,Jacob Lee,jacob.lee132@example.com,Raleigh,NC,2025-06-02,Paid Search (Google),Platinum,18,6328.89,351.61,2026-08-12 22:48:00,2025-06-02 22:34:00,19,5,5,5,555,555,Champions (VIP),118
CUST-00244,Madison Johnson,madison.johnson188@example.com,Dallas,TX,2022-09-16,Paid Search (Google),Platinum,21,6292.72,299.65,2025-03-27 21:22:00,2022-11-07 19:54:00,522,2,5,5,255,255,At Risk VIPs (High Value),119
CUST-00111,Lily Clark,lily.clark73@example.com,San Antonio,TX,2024-10-08,Email Marketing,Platinum,12,6280.28,523.36,2025-03-12 06:15:00,2024-10-12 07:45:00,538,2,5,5,255,255,At Risk VIPs (High Value),120
CUST-00186,Hannah Rivera,hannah.rivera308@example.com,Portland,OR,2026-05-15,Social Media (Instagram/TikTok),Platinum,21,6255.77,297.89,2026-08-31 14:49:00,2026-05-29 11:12:00,0,5,5,5,555,555,Champions (VIP),121
CUST-00675,Layla Lewis,layla.lewis579@example.com,Raleigh,NC,2025-07-01,Paid Search (Google),Gold,9,6227.12,691.9,2026-07-17 07:13:00,2025-09-11 08:55:00,46,4,5,5,455,455,Champions (VIP),122
CUST-00007,Ella Carter,ella.carter354@example.com,Houston,TX,2022-12-07,Email Marketing,Platinum,13,6196.7,476.67,2026-06-29 20:54:00,2022-12-07 02:16:00,63,4,5,5,455,455,Champions (VIP),123
CUST-00061,Jayden Lee,jayden.lee961@example.com,Columbus,OH,2022-10-27,Organic Search,Platinum,15,6104.24,406.95,2026-05-17 18:35:00,2023-05-30 08:30:00,106,4,5,5,455,455,Champions (VIP),124
CUST-00085,Amelia Hill,amelia.hill454@example.com,Seattle,WA,2024-03-04,Email Marketing,Platinum,16,6060.75,378.8,2026-03-16 13:04:00,2024-04-02 04:12:00,168,3,5,5,355,355,Loyal Customers,125
CUST-00076,John Flores,john.flores777@example.com,Phoenix,AZ,2023-09-28,Paid Search (Google),Platinum,21,6055.02,288.33,2026-07-22 00:39:00,2023-10-01 03:33:00,41,4,5,5,455,455,Champions (VIP),126
CUST-00013,Owen Moore,owen.moore474@example.com,Minneapolis,MN,2024-06-17,Paid Search (Google),Platinum,19,5959.34,313.65,2026-08-22 01:30:00,2024-06-20 10:22:00,10,5,5,5,555,555,Champions (VIP),127
CUST-00451,Daniel Anderson,daniel.anderson990@example.com,Phoenix,AZ,2025-02-04,Paid Search (Google),Gold,9,5958.27,662.03,2026-08-05 14:52:00,2025-02-10 17:39:00,26,5,5,5,555,555,Champions (VIP),128
CUST-00150,Carter Lopez,carter.lopez319@example.com,New York,NY,2026-05-21,Affiliate Referral,Platinum,18,5921.4,328.97,2026-08-28 09:14:00,2026-05-23 21:15:00,4,5,5,5,555,555,Champions (VIP),129
CUST-00121,Jackson Garcia,jackson.garcia491@example.com,New York,NY,2025-06-09,Organic Search,Platinum,17,5912.55,347.8,2026-08-30 05:28:00,2025-06-17 05:44:00,2,5,5,5,555,555,Champions (VIP),130
CUST-00071,Camila Hernandez,camila.hernandez769@example.com,Atlanta,GA,2025-07-04,Email Marketing,Platinum,15,5900.23,393.35,2026-08-07 22:38:00,2025-08-02 12:21:00,24,5,5,5,555,555,Champions (VIP),131
CUST-00243,Emma Thompson,emma.thompson818@example.com,Indianapolis,IN,2023-10-01,Affiliate Referral,Platinum,18,5869.26,326.07,2025-02-28 21:44:00,2023-11-04 05:23:00,549,2,5,5,255,255,At Risk VIPs (High Value),132
CUST-00229,John Davis,john.davis153@example.com,Los Angeles,CA,2022-08-16,Social Media (Instagram/TikTok),Platinum,10,5867.76,586.78,2025-03-09 00:50:00,2022-09-05 05:37:00,541,2,5,5,255,255,At Risk VIPs (High Value),133
CUST-00302,Luna Baker,luna.baker622@example.com,Los Angeles,CA,2025-12-14,Social Media (Instagram/TikTok),Gold,5,5842.64,1168.53,2026-08-31 00:51:00,2026-02-03 05:52:00,1,5,4,5,545,545,Champions (VIP),134
CUST-00216,Hannah Jackson,hannah.jackson804@example.com,Indianapolis,IN,2023-09-15,Affiliate Referral,Platinum,20,5834.74,291.74,2026-08-16 20:50:00,2023-11-01 12:02:00,15,5,5,5,555,555,Champions (VIP),135
CUST-00214,Scarlett Hall,scarlett.hall312@example.com,New York,NY,2026-02-08,Email Marketing,Platinum,21,5783.05,275.38,2026-08-19 18:54:00,2026-02-13 02:07:00,12,5,5,5,555,555,Champions (VIP),136
CUST-00606,Luna Baker,luna.baker790@example.com,Los Angeles,CA,2022-09-03,Organic Search,Gold,9,5768.36,640.93,2026-04-07 06:43:00,2023-04-20 19:05:00,147,3,5,5,355,355,Loyal Customers,137
CUST-00210,Lily Jackson,lily.jackson703@example.com,San Francisco,CA,2023-04-20,Organic Search,Platinum,19,5757.1,303.01,2026-08-04 13:16:00,2023-08-27 12:24:00,27,5,5,5,555,555,Champions (VIP),138
CUST-00181,Hannah Green,hannah.green462@example.com,Columbus,OH,2022-09-14,Paid Search (Google),Platinum,15,5750.42,383.36,2025-01-17 19:43:00,2022-12-04 09:57:00,591,1,5,5,155,155,At Risk VIPs (High Value),139
CUST-00467,Benjamin Baker,benjamin.baker997@example.com,Las Vegas,NV,2025-06-09,Paid Search (Google),Gold,7,5732.15,818.88,2026-07-02 17:25:00,2025-07-05 12:11:00,60,4,5,5,455,455,Champions (VIP),140
CUST-00146,Jayden Moore,jayden.moore323@example.com,Dallas,TX,2023-09-16,Organic Search,Platinum,11,5709.17,519.02,2026-06-24 13:00:00,2023-12-02 00:50:00,68,4,5,5,455,455,Champions (VIP),141
CUST-00238,Liam Brown,liam.brown815@example.com,San Jose,CA,2023-10-12,Paid Search (Google),Platinum,18,5705.87,316.99,2026-07-24 01:18:00,2023-11-10 02:49:00,39,5,5,5,555,555,Champions (VIP),142
CUST-00407,Evelyn Lee,evelyn.lee963@example.com,Charlotte,NC,2024-03-14,Paid Search (Google),Gold,4,5683.91,1420.98,2025-01-30 10:49:00,2024-07-26 16:15:00,579,1,3,5,135,135,At Risk VIPs (High Value),143
CUST-00052,Grayson Martinez,grayson.martinez204@example.com,Austin,TX,2023-08-20,Organic Search,Platinum,14,5672.28,405.16,2026-08-22 05:31:00,2023-09-01 17:27:00,10,5,5,5,555,555,Champions (VIP),144
CUST-00188,Logan Harris,logan.harris205@example.com,Charlotte,NC,2025-04-06,Paid Search (Google),Platinum,17,5671.74,333.63,2026-08-19 21:27:00,2025-06-27 15:31:00,12,5,5,5,555,555,Champions (VIP),145
CUST-00093,Aiden Wilson,aiden.wilson450@example.com,Indianapolis,IN,2025-08-31,Affiliate Referral,Platinum,15,5664.21,377.61,2026-08-24 21:14:00,2025-09-05 09:17:00,7,5,5,5,555,555,Champions (VIP),146
CUST-00056,William Baker,william.baker892@example.com,San Diego,CA,2024-09-04,Organic Search,Platinum,19,5649.23,297.33,2025-03-11 02:48:00,2024-09-05 11:43:00,539,2,5,5,255,255,At Risk VIPs (High Value),147
CUST-00143,Nora Johnson,nora.johnson105@example.com,Austin,TX,2023-08-28,Email Marketing,Platinum,13,5639.96,433.84,2025-01-04 23:42:00,2023-11-08 15:16:00,604,1,5,5,155,155,At Risk VIPs (High Value),148
CUST-00592,Joseph Rivera,joseph.rivera634@example.com,Minneapolis,MN,2024-10-24,Paid Search (Google),Gold,8,5596.47,699.56,2025-03-30 20:01:00,2024-11-25 20:46:00,519,2,5,5,255,255,At Risk VIPs (High Value),149
CUST-00060,Camila Sanchez,camila.sanchez144@example.com,Las Vegas,NV,2026-01-12,Social Media (Instagram/TikTok),Platinum,15,5593.29,372.89,2026-08-12 06:09:00,2026-01-15 18:20:00,20,5,5,5,555,555,Champions (VIP),150
CUST-00089,Samuel Nelson,samuel.nelson878@example.com,Houston,TX,2024-02-06,Affiliate Referral,Platinum,12,5586.05,465.5,2026-08-29 04:02:00,2024-03-18 13:07:00,3,5,5,5,555,555,Champions (VIP),151
CUST-00173,Sophia Carter,sophia.carter784@example.com,Philadelphia,PA,2025-01-19,Affiliate Referral,Platinum,16,5573.84,348.37,2026-06-26 04:46:00,2025-02-11 08:08:00,67,4,5,5,455,455,Champions (VIP),152
CUST-00175,Charlotte Walker,charlotte.walker366@example.com,Boston,MA,2024-04-13,Social Media (Instagram/TikTok),Platinum,22,5554.25,252.47,2025-02-25 21:30:00,2024-05-03 14:07:00,552,2,5,5,255,255,At Risk VIPs (High Value),153
CUST-00151,Mason Moore,mason.moore56@example.com,Los Angeles,CA,2025-07-08,Social Media (Instagram/TikTok),Platinum,7,5535.74,790.82,2026-08-30 16:42:00,2025-08-25 19:44:00,1,5,5,5,555,555,Champions (VIP),154
CUST-00182,Sebastian Scott,sebastian.scott144@example.com,Austin,TX,2024-11-14,Email Marketing,Platinum,20,5531.14,276.56,2026-08-30 02:31:00,2024-12-01 00:45:00,2,5,5,5,555,555,Champions (VIP),155
CUST-00177,Aiden Nelson,aiden.nelson977@example.com,Denver,CO,2025-07-01,Organic Search,Platinum,19,5514.95,290.26,2026-08-29 04:11:00,2025-07-14 18:51:00,3,5,5,5,555,555,Champions (VIP),156
CUST-00748,Oliver Mitchell,oliver.mitchell496@example.com,Dallas,TX,2024-07-02,Organic Search,Gold,6,5468.71,911.45,2026-08-31 11:39:00,2024-12-09 14:01:00,1,5,4,5,545,545,Champions (VIP),157
CUST-00087,Sophia Rivera,sophia.rivera456@example.com,New York,NY,2025-04-30,Affiliate Referral,Platinum,15,5459.14,363.94,2026-07-02 17:12:00,2025-05-24 10:32:00,60,4,5,5,455,455,Champions (VIP),158
CUST-00536,Emma Jackson,emma.jackson433@example.com,Denver,CO,2022-11-21,Affiliate Referral,Gold,5,5432.51,1086.5,2025-03-27 08:48:00,2024-04-03 20:52:00,523,2,4,5,245,245,At Risk VIPs (High Value),159
CUST-00030,James Hill,james.hill341@example.com,Miami,FL,2022-07-10,Organic Search,Platinum,17,5427.99,319.29,2026-08-02 07:22:00,2022-11-16 02:19:00,30,5,5,5,555,555,Champions (VIP),160
CUST-00489,Sophia Jones,sophia.jones202@example.com,Indianapolis,IN,2025-09-16,Affiliate Referral,Gold,9,5413.58,601.51,2026-08-24 20:06:00,2025-09-29 16:47:00,7,5,5,5,555,555,Champions (VIP),161
CUST-00055,Isabella Allen,isabella.allen92@example.com,Tampa,FL,2023-06-16,Organic Search,Platinum,13,5409.36,416.1,2025-01-26 12:59:00,2023-06-29 04:47:00,582,1,5,5,155,155,At Risk VIPs (High Value),162
CUST-00365,Aiden Hall,aiden.hall948@example.com,Miami,FL,2023-07-15,Organic Search,Gold,7,5408.06,772.58,2026-07-01 14:45:00,2023-08-03 22:00:00,61,4,5,5,455,455,Champions (VIP),163
CUST-00037,William Perez,william.perez31@example.com,Nashville,TN,2025-07-09,Paid Search (Google),Platinum,17,5386.29,316.84,2026-08-17 15:02:00,2025-08-12 11:05:00,14,5,5,5,555,555,Champions (VIP),164
CUST-00200,Benjamin Perez,benjamin.perez882@example.com,Las Vegas,NV,2025-05-28,Email Marketing,Platinum,23,5379.99,233.91,2026-08-27 09:02:00,2025-06-25 04:43:00,5,5,5,5,555,555,Champions (VIP),165
CUST-00003,Jack Williams,jack.williams40@example.com,Chicago,IL,2023-08-22,Paid Search (Google),Platinum,19,5338.71,280.98,2026-07-30 06:36:00,2023-10-05 14:51:00,33,5,5,5,555,555,Champions (VIP),166
CUST-00468,Joseph Davis,joseph.davis192@example.com,San Francisco,CA,2024-08-13,Affiliate Referral,Gold,8,5327.53,665.94,2025-04-01 07:31:00,2024-09-10 03:55:00,518,2,5,5,255,255,At Risk VIPs (High Value),167
CUST-00139,Grayson Wilson,grayson.wilson373@example.com,Indianapolis,IN,2023-11-12,Social Media (Instagram/TikTok),Platinum,11,5293.53,481.23,2026-03-28 04:34:00,2023-12-05 05:15:00,157,3,5,5,355,355,Loyal Customers,168
CUST-00702,Liam Martinez,liam.martinez610@example.com,Salt Lake City,UT,2023-03-18,Organic Search,Gold,8,5285.12,660.64,2026-04-26 21:53:00,2024-02-05 03:55:00,127,3,5,5,355,355,Loyal Customers,169
CUST-00189,William Moore,william.moore801@example.com,Indianapolis,IN,2024-09-27,Social Media (Instagram/TikTok),Platinum,15,5282.14,352.14,2025-03-23 18:28:00,2024-10-10 07:45:00,526,2,5,5,255,255,At Risk VIPs (High Value),170
CUST-00190,Sebastian Smith,sebastian.smith299@example.com,Raleigh,NC,2024-02-02,Affiliate Referral,Platinum,18,5275.79,293.1,2026-06-09 10:23:00,2024-02-05 18:17:00,84,4,5,5,455,455,Champions (VIP),171
CUST-00915,Lily Lewis,lily.lewis377@example.com,Columbus,OH,2024-02-16,Email Marketing,Silver,2,5270.96,2635.48,2025-11-19 20:33:00,2025-06-28 14:42:00,285,3,2,5,325,325,Promising / Needs Attention,172
CUST-00617,Samuel White,samuel.white912@example.com,Austin,TX,2023-03-08,Email Marketing,Gold,6,5267.26,877.88,2026-08-16 18:50:00,2024-08-28 02:13:00,15,5,4,5,545,545,Champions (VIP),173
CUST-00827,Daniel Nelson,daniel.nelson904@example.com,San Jose,CA,2025-04-29,Affiliate Referral,Silver,5,5216.44,1043.29,2026-02-20 06:23:00,2025-06-10 05:49:00,193,3,4,5,345,345,Loyal Customers,174
CUST-00875,Madison Hill,madison.hill62@example.com,Columbus,OH,2025-12-02,Affiliate Referral,Silver,4,5178.12,1294.53,2026-03-28 02:02:00,2025-12-22 06:12:00,157,3,3,5,335,335,Loyal Customers,175
CUST-00318,Chloe Baker,chloe.baker979@example.com,Nashville,TN,2024-11-19,Email Marketing,Gold,4,5173.18,1293.3,2025-02-04 14:25:00,2024-11-25 06:05:00,573,1,3,5,135,135,At Risk VIPs (High Value),176
CUST-00174,Luke Moore,luke.moore195@example.com,Nashville,TN,2024-11-09,Email Marketing,Platinum,20,5155.01,257.75,2025-03-27 14:03:00,2024-11-17 00:02:00,522,2,5,5,255,255,At Risk VIPs (High Value),177
CUST-00118,Benjamin Adams,benjamin.adams448@example.com,Phoenix,AZ,2025-01-01,Paid Search (Google),Platinum,21,5134.74,244.51,2026-08-14 23:55:00,2025-02-14 07:28:00,17,5,5,5,555,555,Champions (VIP),178
CUST-00793,Joseph Martin,joseph.martin142@example.com,Houston,TX,2024-07-25,Affiliate Referral,Silver,2,5125.41,2562.7,2025-10-24 22:24:00,2025-09-06 04:53:00,311,2,2,5,225,225,About to Sleep,179
CUST-00171,Jackson Johnson,jackson.johnson103@example.com,San Diego,CA,2026-03-12,Affiliate Referral,Platinum,24,5105.32,212.72,2026-08-27 09:46:00,2026-03-13 16:59:00,5,5,5,5,555,555,Champions (VIP),180
CUST-00721,Charlotte Perez,charlotte.perez618@example.com,Charlotte,NC,2025-02-13,Organic Search,Gold,9,5077.88,564.21,2026-03-16 07:32:00,2025-04-24 17:17:00,169,3,5,5,355,355,Loyal Customers,181
CUST-00119,Oliver Taylor,oliver.taylor398@example.com,San Jose,CA,2023-08-08,Email Marketing,Platinum,16,5073.35,317.08,2025-03-23 05:21:00,2024-01-04 06:51:00,527,2,5,5,255,255,At Risk VIPs (High Value),182
CUST-00799,Liam Nguyen,liam.nguyen526@example.com,Philadelphia,PA,2023-02-08,Social Media (Instagram/TikTok),Silver,4,5061.41,1265.35,2025-09-02 21:37:00,2023-05-15 02:13:00,363,2,4,5,245,245,At Risk VIPs (High Value),183
CUST-00074,Mason Williams,mason.williams325@example.com,Seattle,WA,2022-08-21,Social Media (Instagram/TikTok),Platinum,11,5059.54,459.96,2026-05-26 00:55:00,2022-10-19 18:47:00,98,4,5,5,455,455,Champions (VIP),184
CUST-00169,Layla Moore,layla.moore522@example.com,San Francisco,CA,2025-03-08,Email Marketing,Platinum,11,5052.24,459.29,2025-03-25 20:19:00,2025-03-08 14:09:00,524,2,5,5,255,255,At Risk VIPs (High Value),185
CUST-00135,Eleanor Robinson,eleanor.robinson456@example.com,Kansas City,MO,2025-09-26,Social Media (Instagram/TikTok),Platinum,14,5051.85,360.85,2026-08-12 20:23:00,2025-10-28 23:37:00,19,5,5,5,555,555,Champions (VIP),186
CUST-00282,Jack Torres,jack.torres424@example.com,Salt Lake City,UT,2026-01-02,Email Marketing,Gold,5,4993.35,998.67,2026-08-16 03:13:00,2026-03-16 12:37:00,16,5,4,5,545,545,Champions (VIP),187
CUST-00059,Camila Wilson,camila.wilson695@example.com,Salt Lake City,UT,2024-03-05,Paid Search (Google),Platinum,21,4986.97,237.47,2026-08-21 14:39:00,2024-04-07 11:08:00,10,5,5,5,555,555,Champions (VIP),188
CUST-00196,Hannah Williams,hannah.williams139@example.com,Portland,OR,2025-09-21,Social Media (Instagram/TikTok),Platinum,14,4983.89,355.99,2026-08-22 13:12:00,2025-10-29 11:52:00,9,5,5,5,555,555,Champions (VIP),189
CUST-00206,Logan Thomas,logan.thomas553@example.com,Boston,MA,2025-08-03,Paid Search (Google),Platinum,15,4981.62,332.11,2026-08-12 12:23:00,2025-08-15 18:01:00,19,5,5,5,555,555,Champions (VIP),190
CUST-00010,Benjamin Scott,benjamin.scott310@example.com,Kansas City,MO,2025-12-09,Affiliate Referral,Platinum,18,4923.88,273.55,2026-08-31 01:30:00,2026-01-12 07:27:00,1,5,5,5,555,555,Champions (VIP),191
CUST-00127,Olivia Martin,olivia.martin599@example.com,Las Vegas,NV,2024-07-08,Email Marketing,Platinum,22,4913.83,223.36,2025-03-19 02:33:00,2024-07-15 02:49:00,531,2,5,5,255,255,At Risk VIPs (High Value),192
CUST-00019,Samuel Wilson,samuel.wilson681@example.com,Miami,FL,2024-08-19,Email Marketing,Platinum,10,4896.55,489.66,2026-07-26 17:12:00,2024-09-18 10:54:00,36,5,5,5,555,555,Champions (VIP),193
CUST-01390,Scarlett Gonzalez,scarlett.gonzalez74@example.com,New York,NY,2023-09-19,Affiliate Referral,Silver,4,4894.4,1223.6,2025-12-29 13:11:00,2024-07-06 00:16:00,245,3,4,5,345,345,Loyal Customers,194
CUST-00049,Henry Hernandez,henry.hernandez426@example.com,Miami,FL,2025-02-10,Paid Search (Google),Platinum,15,4890.61,326.04,2026-08-27 10:06:00,2025-02-21 01:18:00,5,5,5,5,555,555,Champions (VIP),195
CUST-00902,Harper Williams,harper.williams15@example.com,Nashville,TN,2025-10-04,Email Marketing,Silver,4,4862.42,1215.61,2026-06-20 01:54:00,2025-10-10 08:29:00,73,4,4,5,445,445,Champions (VIP),196
CUST-02161,Amelia Garcia,amelia.garcia194@example.com,Raleigh,NC,2023-01-08,Email Marketing,Standard,1,4859.96,4859.96,2024-09-15 20:39:00,2024-09-15 20:39:00,715,1,1,5,115,115,About to Sleep,197
CUST-00538,Emily Rodriguez,emily.rodriguez285@example.com,Austin,TX,2023-12-02,Email Marketing,Gold,8,4857.61,607.2,2026-07-24 20:56:00,2024-07-02 15:06:00,38,5,5,5,555,555,Champions (VIP),198
CUST-01929,Henry Thomas,henry.thomas226@example.com,Philadelphia,PA,2026-02-11,Organic Search,Standard,3,4854.94,1618.31,2026-06-19 07:58:00,2026-05-21 08:05:00,74,4,3,5,435,435,Loyal Customers,199
CUST-01974,Noah Garcia,noah.garcia137@example.com,Portland,OR,2024-02-02,Social Media (Instagram/TikTok),Standard,2,4852.41,2426.2,2024-05-12 19:29:00,2024-03-30 10:14:00,841,1,2,5,125,125,About to Sleep,200
CUST-00222,Sebastian Hernandez,sebastian.hernandez273@example.com,Kansas City,MO,2025-02-11,Social Media (Instagram/TikTok),Platinum,13,4820.51,370.81,2026-08-24 04:49:00,2025-02-25 22:01:00,8,5,5,5,555,555,Champions (VIP),201
CUST-00526,Wyatt Roberts,wyatt.roberts344@example.com,New York,NY,2025-12-20,Social Media (Instagram/TikTok),Gold,8,4818.0,602.25,2026-07-09 03:39:00,2025-12-30 16:28:00,54,4,5,5,455,455,Champions (VIP),202
CUST-00242,Jackson Lopez,jackson.lopez122@example.com,Las Vegas,NV,2022-07-23,Paid Search (Google),Platinum,19,4767.8,250.94,2026-05-21 21:33:00,2022-07-27 10:00:00,102,4,5,5,455,455,Champions (VIP),203
CUST-00021,Camila Mitchell,camila.mitchell608@example.com,Boston,MA,2025-09-08,Email Marketing,Platinum,14,4753.06,339.5,2026-07-24 14:04:00,2025-10-03 16:54:00,38,5,5,5,555,555,Champions (VIP),204
CUST-00213,Eleanor Miller,eleanor.miller252@example.com,Denver,CO,2025-08-15,Social Media (Instagram/TikTok),Platinum,22,4752.32,216.01,2026-08-28 02:11:00,2025-08-15 15:49:00,4,5,5,5,555,555,Champions (VIP),205
CUST-00730,Penelope Lopez,penelope.lopez389@example.com,Denver,CO,2024-06-26,Paid Search (Google),Gold,4,4737.44,1184.36,2025-12-31 01:46:00,2024-12-20 09:14:00,244,3,4,5,345,345,Loyal Customers,206
CUST-00297,Sophia Lewis,sophia.lewis940@example.com,Indianapolis,IN,2025-08-14,Paid Search (Google),Gold,8,4718.8,589.85,2026-07-07 13:48:00,2025-11-15 22:57:00,55,4,5,5,455,455,Champions (VIP),207
CUST-00605,Luna Scott,luna.scott601@example.com,Phoenix,AZ,2025-08-03,Email Marketing,Gold,7,4702.79,671.83,2026-08-18 18:21:00,2025-08-12 23:54:00,13,5,5,5,555,555,Champions (VIP),208
CUST-00224,Wyatt Scott,wyatt.scott384@example.com,Chicago,IL,2024-08-17,Organic Search,Platinum,11,4691.97,426.54,2026-05-28 15:21:00,2025-04-08 17:09:00,95,4,5,5,455,455,Champions (VIP),209
CUST-00220,Charlotte Jackson,charlotte.jackson344@example.com,Raleigh,NC,2024-09-28,Paid Search (Google),Platinum,13,4688.89,360.68,2026-04-12 21:13:00,2024-11-04 10:36:00,141,3,5,5,355,355,Loyal Customers,210
CUST-01477,Grayson Allen,grayson.allen277@example.com,San Francisco,CA,2024-05-04,Affiliate Referral,Silver,2,4674.95,2337.47,2025-10-03 10:05:00,2025-09-23 11:08:00,333,2,2,5,225,225,About to Sleep,211
CUST-00708,Victoria Campbell,victoria.campbell715@example.com,Austin,TX,2023-02-16,Paid Search (Google),Gold,6,4672.34,778.72,2024-09-27 23:57:00,2023-06-25 10:25:00,703,1,4,5,145,145,At Risk VIPs (High Value),212
CUST-00900,Wyatt Wright,wyatt.wright312@example.com,Minneapolis,MN,2023-03-23,Social Media (Instagram/TikTok),Silver,3,4628.9,1542.97,2025-11-04 14:25:00,2023-09-10 20:51:00,300,3,3,5,335,335,Loyal Customers,213
CUST-01591,Elizabeth Ramirez,elizabeth.ramirez655@example.com,Boston,MA,2022-12-08,Organic Search,Standard,2,4619.94,2309.97,2025-11-09 23:06:00,2024-07-16 20:42:00,295,3,2,5,325,325,Promising / Needs Attention,214
CUST-00290,Abigail Carter,abigail.carter787@example.com,Minneapolis,MN,2022-11-02,Paid Search (Google),Gold,4,4604.22,1151.06,2025-07-22 12:27:00,2024-04-16 15:33:00,405,2,4,5,245,245,At Risk VIPs (High Value),215
CUST-00050,Layla Brown,layla.brown178@example.com,Denver,CO,2022-06-05,Email Marketing,Platinum,13,4591.03,353.16,2024-09-02 04:27:00,2022-07-27 19:27:00,729,1,5,5,155,155,At Risk VIPs (High Value),216
CUST-00351,Benjamin Ramirez,benjamin.ramirez626@example.com,Kansas City,MO,2023-06-05,Affiliate Referral,Gold,9,4579.94,508.88,2026-01-02 17:46:00,2023-10-24 19:34:00,241,3,5,5,355,355,Loyal Customers,217
CUST-00114,Daniel Young,daniel.young234@example.com,Dallas,TX,2024-11-09,Email Marketing,Platinum,9,4574.97,508.33,2026-08-22 10:37:00,2025-03-23 17:45:00,10,5,5,5,555,555,Champions (VIP),218
CUST-00120,Madison Perez,madison.perez789@example.com,Denver,CO,2023-12-22,Email Marketing,Platinum,13,4571.23,351.63,2025-03-13 08:48:00,2024-02-17 13:59:00,537,2,5,5,255,255,At Risk VIPs (High Value),219
CUST-00683,Ethan Thompson,ethan.thompson229@example.com,Philadelphia,PA,2023-12-16,Social Media (Instagram/TikTok),Gold,6,4563.37,760.56,2026-06-08 06:12:00,2024-06-17 20:09:00,85,4,4,5,445,445,Champions (VIP),220
CUST-00300,Ethan Williams,ethan.williams263@example.com,Salt Lake City,UT,2024-11-13,Email Marketing,Gold,10,4537.58,453.76,2026-08-13 04:32:00,2024-12-06 09:32:00,19,5,5,5,555,555,Champions (VIP),221
CUST-00803,Harper Scott,harper.scott268@example.com,Miami,FL,2026-05-08,Paid Search (Google),Silver,5,4520.43,904.09,2026-08-18 19:32:00,2026-05-29 05:45:00,13,5,4,5,545,545,Champions (VIP),222
CUST-00720,Emily Harris,emily.harris174@example.com,Raleigh,NC,2022-11-01,Affiliate Referral,Gold,9,4510.52,501.17,2025-03-26 14:48:00,2023-02-23 08:43:00,523,2,5,5,255,255,At Risk VIPs (High Value),223
CUST-00015,Emily Wright,emily.wright756@example.com,San Diego,CA,2023-05-01,Email Marketing,Platinum,18,4508.07,250.45,2026-07-12 05:42:00,2023-05-19 09:56:00,51,4,5,5,455,455,Champions (VIP),224
CUST-01581,David Williams,david.williams681@example.com,Charlotte,NC,2024-12-14,Social Media (Instagram/TikTok),Standard,1,4499.97,4499.97,2025-08-02 19:21:00,2025-08-02 19:21:00,394,2,1,5,215,215,About to Sleep,225
CUST-01435,Sebastian Baker,sebastian.baker724@example.com,Salt Lake City,UT,2024-06-12,Organic Search,Silver,4,4496.48,1124.12,2025-03-16 17:09:00,2024-07-25 13:44:00,533,2,4,5,245,245,At Risk VIPs (High Value),226
CUST-00090,Victoria Nelson,victoria.nelson428@example.com,San Jose,CA,2024-09-02,Social Media (Instagram/TikTok),Platinum,12,4480.81,373.4,2025-02-16 14:28:00,2024-09-16 17:08:00,561,2,5,5,255,255,At Risk VIPs (High Value),227
CUST-00303,William Perez,william.perez106@example.com,San Francisco,CA,2026-03-21,Email Marketing,Gold,9,4470.39,496.71,2026-08-23 16:52:00,2026-04-06 22:08:00,8,5,5,5,555,555,Champions (VIP),228
CUST-00285,Amelia Thomas,amelia.thomas456@example.com,Nashville,TN,2024-08-29,Affiliate Referral,Gold,7,4451.2,635.89,2026-07-30 02:06:00,2024-08-29 06:56:00,33,5,5,5,555,555,Champions (VIP),229
CUST-00026,Sebastian Roberts,sebastian.roberts666@example.com,San Jose,CA,2023-01-15,Social Media (Instagram/TikTok),Platinum,19,4412.53,232.24,2026-06-26 03:05:00,2023-01-26 10:21:00,67,4,5,5,455,455,Champions (VIP),230
CUST-00717,Eleanor Torres,eleanor.torres676@example.com,Columbus,OH,2026-04-08,Paid Search (Google),Gold,5,4410.36,882.07,2026-08-29 04:41:00,2026-06-01 19:54:00,3,5,4,5,545,545,Champions (VIP),231
CUST-00231,Penelope Robinson,penelope.robinson389@example.com,Las Vegas,NV,2026-04-27,Affiliate Referral,Platinum,14,4409.65,314.97,2026-08-15 07:23:00,2026-05-21 12:08:00,17,5,5,5,555,555,Champions (VIP),232
CUST-00634,Layla Garcia,layla.garcia665@example.com,San Francisco,CA,2025-06-06,Affiliate Referral,Gold,9,4392.8,488.09,2026-06-07 14:50:00,2025-07-05 10:17:00,85,4,5,5,455,455,Champions (VIP),233
CUST-01824,Victoria Nguyen,victoria.nguyen217@example.com,Portland,OR,2026-04-03,Email Marketing,Standard,1,4382.96,4382.96,2026-06-21 11:18:00,2026-06-21 11:18:00,72,4,1,5,415,415,Potential Loyalists,234
CUST-00772,Layla Nelson,layla.nelson337@example.com,Las Vegas,NV,2023-03-14,Organic Search,Silver,5,4380.38,876.08,2026-07-28 04:59:00,2023-04-02 06:45:00,35,5,4,5,545,545,Champions (VIP),235
CUST-00741,Penelope Scott,penelope.scott416@example.com,San Francisco,CA,2024-03-29,Social Media (Instagram/TikTok),Gold,10,4378.11,437.81,2026-05-22 10:31:00,2024-07-10 00:31:00,102,4,5,5,455,455,Champions (VIP),236
CUST-00398,Dylan Jackson,dylan.jackson559@example.com,New York,NY,2023-01-07,Email Marketing,Gold,9,4367.18,485.24,2026-07-23 03:47:00,2023-04-01 02:48:00,40,4,5,5,455,455,Champions (VIP),237
CUST-00236,Isabella Sanchez,isabella.sanchez292@example.com,San Antonio,TX,2023-02-06,Email Marketing,Platinum,13,4363.77,335.67,2026-03-03 20:23:00,2023-05-03 18:19:00,181,3,5,5,355,355,Loyal Customers,238
CUST-00964,Avery Lewis,avery.lewis811@example.com,Salt Lake City,UT,2023-04-28,Organic Search,Silver,5,4359.66,871.93,2025-12-14 00:27:00,2023-09-24 23:45:00,261,3,4,5,345,345,Loyal Customers,239
CUST-00758,Harper Baker,harper.baker41@example.com,San Diego,CA,2024-07-02,Email Marketing,Silver,3,4356.56,1452.19,2026-03-30 16:03:00,2025-10-05 14:27:00,154,3,3,5,335,335,Loyal Customers,240
CUST-01295,Joseph Anderson,joseph.anderson752@example.com,Austin,TX,2023-10-29,Paid Search (Google),Silver,4,4342.44,1085.61,2026-07-28 18:38:00,2024-08-08 09:08:00,34,5,4,5,545,545,Champions (VIP),241
CUST-00700,James Perez,james.perez949@example.com,Charlotte,NC,2023-07-18,Paid Search (Google),Gold,8,4332.31,541.54,2026-08-05 03:35:00,2024-02-09 01:33:00,27,5,5,5,555,555,Champions (VIP),242
CUST-00615,Jack Hall,jack.hall145@example.com,Miami,FL,2022-10-24,Paid Search (Google),Gold,10,4331.32,433.13,2025-03-14 17:47:00,2023-02-02 16:37:00,535,2,5,5,255,255,At Risk VIPs (High Value),243
CUST-00073,Noah White,noah.white606@example.com,San Francisco,CA,2023-03-31,Email Marketing,Platinum,11,4327.33,393.39,2026-08-13 10:05:00,2023-09-09 04:28:00,19,5,5,5,555,555,Champions (VIP),244
CUST-00566,Sofia King,sofia.king188@example.com,San Francisco,CA,2023-04-24,Social Media (Instagram/TikTok),Gold,7,4326.87,618.12,2026-08-22 12:44:00,2023-04-26 01:19:00,9,5,5,5,555,555,Champions (VIP),245
CUST-00396,Charlotte Sanchez,charlotte.sanchez527@example.com,Atlanta,GA,2023-10-07,Paid Search (Google),Gold,4,4311.89,1077.97,2026-07-29 04:40:00,2024-06-24 10:17:00,34,5,4,5,545,545,Champions (VIP),246
CUST-00207,Emily Lopez,emily.lopez90@example.com,Charlotte,NC,2024-07-23,Affiliate Referral,Platinum,8,4308.86,538.61,2026-07-23 00:06:00,2025-02-07 21:53:00,40,4,5,5,455,455,Champions (VIP),247
CUST-00381,Charlotte Allen,charlotte.allen666@example.com,Philadelphia,PA,2025-09-25,Affiliate Referral,Gold,7,4299.71,614.24,2026-08-15 08:18:00,2025-12-10 07:22:00,17,5,5,5,555,555,Champions (VIP),248
CUST-00338,Liam Harris,liam.harris904@example.com,Miami,FL,2022-08-29,Email Marketing,Gold,5,4292.89,858.58,2026-03-24 16:29:00,2022-10-21 04:11:00,160,3,4,5,345,345,Loyal Customers,249
CUST-01208,Penelope Lopez,penelope.lopez619@example.com,Houston,TX,2024-02-22,Social Media (Instagram/TikTok),Silver,4,4283.81,1070.95,2025-02-04 19:08:00,2024-03-17 01:40:00,573,1,4,5,145,145,At Risk VIPs (High Value),250
CUST-00273,Luke Clark,luke.clark289@example.com,San Antonio,TX,2025-04-15,Organic Search,Gold,9,4280.93,475.66,2026-08-24 19:58:00,2025-05-28 00:42:00,7,5,5,5,555,555,Champions (VIP),251
CUST-00098,Dylan Flores,dylan.flores880@example.com,Columbus,OH,2022-10-28,Email Marketing,Platinum,20,4268.98,213.45,2026-08-30 23:01:00,2022-12-13 07:10:00,1,5,5,5,555,555,Champions (VIP),252
CUST-00305,Abigail Perez,abigail.perez93@example.com,Nashville,TN,2026-02-19,Paid Search (Google),Gold,7,4253.99,607.71,2026-08-02 17:16:00,2026-02-28 14:15:00,29,5,5,5,555,555,Champions (VIP),253
CUST-00094,Madison Robinson,madison.robinson462@example.com,Atlanta,GA,2026-03-15,Paid Search (Google),Platinum,12,4238.31,353.19,2026-08-16 01:35:00,2026-04-01 18:24:00,16,5,5,5,555,555,Champions (VIP),254
CUST-02049,Elizabeth Taylor,elizabeth.taylor981@example.com,Miami,FL,2024-06-14,Social Media (Instagram/TikTok),Standard,2,4224.95,2112.47,2025-04-12 08:07:00,2025-03-27 09:39:00,507,2,2,5,225,225,About to Sleep,255
CUST-00370,Evelyn Thomas,evelyn.thomas819@example.com,Miami,FL,2022-07-24,Social Media (Instagram/TikTok),Gold,9,4189.06,465.45,2026-01-19 04:07:00,2022-10-13 03:33:00,225,3,5,5,355,355,Loyal Customers,256
CUST-00002,Evelyn Mitchell,evelyn.mitchell114@example.com,Las Vegas,NV,2025-06-21,Organic Search,Platinum,12,4181.36,348.45,2026-05-18 17:51:00,2025-06-27 19:17:00,105,4,5,5,455,455,Champions (VIP),257
CUST-01884,Jackson Harris,jackson.harris484@example.com,Austin,TX,2024-12-15,Social Media (Instagram/TikTok),Standard,1,4180.95,4180.95,2025-01-23 03:26:00,2025-01-23 03:26:00,586,1,1,5,115,115,About to Sleep,258
CUST-00167,Sebastian Martinez,sebastian.martinez83@example.com,Los Angeles,CA,2023-05-06,Social Media (Instagram/TikTok),Platinum,14,4174.3,298.16,2026-08-23 08:57:00,2023-08-28 17:48:00,9,5,5,5,555,555,Champions (VIP),259
CUST-01319,Evelyn Williams,evelyn.williams207@example.com,New York,NY,2025-09-27,Paid Search (Google),Silver,4,4170.4,1042.6,2026-06-16 15:29:00,2025-11-10 05:34:00,76,4,4,5,445,445,Champions (VIP),260
CUST-00064,Sofia White,sofia.white301@example.com,Philadelphia,PA,2024-11-14,Affiliate Referral,Platinum,15,4161.3,277.42,2026-08-18 14:29:00,2025-01-16 00:03:00,13,5,5,5,555,555,Champions (VIP),261
CUST-00253,Zoey Miller,zoey.miller822@example.com,Salt Lake City,UT,2023-01-21,Affiliate Referral,Gold,10,4150.61,415.06,2026-08-03 21:51:00,2023-10-16 18:10:00,28,5,5,5,555,555,Champions (VIP),262
CUST-00666,Samuel Lewis,samuel.lewis288@example.com,San Diego,CA,2022-10-31,Paid Search (Google),Gold,8,4137.87,517.23,2024-12-20 13:16:00,2023-01-07 14:55:00,619,1,5,5,155,155,At Risk VIPs (High Value),263
CUST-00172,Liam Carter,liam.carter698@example.com,Kansas City,MO,2023-12-04,Affiliate Referral,Platinum,15,4105.84,273.72,2026-06-02 20:39:00,2023-12-11 09:44:00,90,4,5,5,455,455,Champions (VIP),264
CUST-00668,Amelia Hernandez,amelia.hernandez470@example.com,Atlanta,GA,2024-03-05,Email Marketing,Gold,7,4083.57,583.37,2026-04-20 23:41:00,2024-10-31 03:39:00,133,3,5,5,355,355,Loyal Customers,265
CUST-00217,Grace Anderson,grace.anderson661@example.com,San Antonio,TX,2025-11-23,Social Media (Instagram/TikTok),Platinum,11,4071.93,370.18,2026-08-27 15:38:00,2025-12-21 23:41:00,4,5,5,5,555,555,Champions (VIP),266
CUST-00579,Jack Lopez,jack.lopez508@example.com,Minneapolis,MN,2025-06-05,Paid Search (Google),Gold,4,4067.41,1016.85,2026-08-26 23:16:00,2025-06-06 13:23:00,5,5,4,5,545,545,Champions (VIP),267
CUST-00833,Owen Sanchez,owen.sanchez846@example.com,San Diego,CA,2022-11-09,Email Marketing,Silver,4,4062.6,1015.65,2026-04-26 03:36:00,2024-07-05 20:33:00,128,3,4,5,345,345,Loyal Customers,268
CUST-00386,Matthew Walker,matthew.walker260@example.com,Indianapolis,IN,2026-04-03,Email Marketing,Gold,8,4048.38,506.05,2026-08-19 18:21:00,2026-04-14 17:34:00,12,5,5,5,555,555,Champions (VIP),269
CUST-00731,Nora Williams,nora.williams279@example.com,Atlanta,GA,2025-01-08,Social Media (Instagram/TikTok),Gold,9,4041.55,449.06,2025-03-29 05:26:00,2025-01-19 15:44:00,521,2,5,5,255,255,At Risk VIPs (High Value),270
CUST-00097,Daniel Gonzalez,daniel.gonzalez160@example.com,New York,NY,2022-09-03,Paid Search (Google),Platinum,10,4030.2,403.02,2026-03-22 18:37:00,2022-10-23 01:46:00,162,3,5,5,355,355,Loyal Customers,271
CUST-00148,Jacob Wilson,jacob.wilson766@example.com,Miami,FL,2023-12-19,Affiliate Referral,Platinum,15,4021.56,268.1,2025-03-24 13:53:00,2024-01-22 13:34:00,525,2,5,5,255,255,At Risk VIPs (High Value),272
CUST-00212,Jackson Robinson,jackson.robinson875@example.com,Austin,TX,2023-07-13,Email Marketing,Platinum,12,4014.43,334.54,2026-05-27 02:03:00,2023-08-18 14:40:00,97,4,5,5,455,455,Champions (VIP),273
CUST-00379,Aiden Garcia,aiden.garcia266@example.com,San Antonio,TX,2025-12-22,Affiliate Referral,Gold,10,4011.56,401.16,2026-08-23 11:06:00,2026-01-20 12:53:00,9,5,5,5,555,555,Champions (VIP),274
CUST-02395,Mia Brown,mia.brown139@example.com,Atlanta,GA,2023-06-05,Social Media (Instagram/TikTok),Standard,3,3992.41,1330.8,2025-03-16 14:16:00,2023-06-17 17:29:00,533,2,3,5,235,235,At Risk VIPs (High Value),275
CUST-00251,Mason Moore,mason.moore649@example.com,Minneapolis,MN,2025-09-11,Affiliate Referral,Gold,10,3988.49,398.85,2026-08-18 21:32:00,2025-09-18 21:36:00,13,5,5,5,555,555,Champions (VIP),276
CUST-00350,Chloe King,chloe.king283@example.com,Indianapolis,IN,2022-11-17,Email Marketing,Gold,7,3983.58,569.08,2025-04-01 07:38:00,2023-01-01 04:42:00,518,2,5,5,255,255,At Risk VIPs (High Value),277
CUST-00193,Madison Gonzalez,madison.gonzalez724@example.com,San Diego,CA,2025-08-15,Email Marketing,Platinum,12,3970.15,330.85,2026-07-03 15:32:00,2025-08-17 15:07:00,59,4,5,5,455,455,Champions (VIP),278
CUST-00233,Elijah Young,elijah.young640@example.com,Boston,MA,2023-12-25,Organic Search,Platinum,9,3969.24,441.03,2026-05-20 09:59:00,2024-07-24 09:19:00,104,4,5,5,455,455,Champions (VIP),279
CUST-00641,Alexander Young,alexander.young985@example.com,Seattle,WA,2025-05-07,Affiliate Referral,Gold,10,3966.17,396.62,2026-08-04 16:56:00,2025-09-13 06:09:00,27,5,5,5,555,555,Champions (VIP),280
CUST-00132,Emma Clark,emma.clark852@example.com,Miami,FL,2023-01-03,Email Marketing,Platinum,9,3960.81,440.09,2026-03-24 19:22:00,2023-07-27 12:17:00,160,3,5,5,355,355,Loyal Customers,281
CUST-00408,Wyatt Flores,wyatt.flores767@example.com,Kansas City,MO,2024-02-03,Affiliate Referral,Gold,8,3956.93,494.62,2026-01-12 17:49:00,2024-02-27 05:52:00,231,3,5,5,355,355,Loyal Customers,282
CUST-00316,Henry Lewis,henry.lewis635@example.com,Austin,TX,2024-12-06,Paid Search (Google),Gold,5,3937.52,787.5,2026-05-15 00:26:00,2024-12-30 15:12:00,109,4,4,5,445,445,Champions (VIP),283
CUST-00184,Victoria Scott,victoria.scott24@example.com,San Francisco,CA,2024-09-13,Organic Search,Platinum,12,3930.17,327.51,2026-01-11 04:21:00,2024-10-08 11:02:00,233,3,5,5,355,355,Loyal Customers,284
CUST-00291,Hannah Robinson,hannah.robinson782@example.com,Nashville,TN,2025-08-30,Email Marketing,Gold,6,3927.32,654.55,2026-08-17 16:13:00,2025-09-27 12:57:00,14,5,4,5,545,545,Champions (VIP),285
CUST-00744,Elijah Miller,elijah.miller586@example.com,Columbus,OH,2022-12-24,Social Media (Instagram/TikTok),Gold,4,3889.41,972.35,2025-08-22 17:57:00,2025-05-05 23:35:00,374,2,4,5,245,245,At Risk VIPs (High Value),286
CUST-00045,Isabella Sanchez,isabella.sanchez755@example.com,San Jose,CA,2023-01-10,Paid Search (Google),Platinum,10,3889.35,388.94,2026-06-08 23:40:00,2023-03-31 16:10:00,84,4,5,5,455,455,Champions (VIP),287
CUST-00528,Zoey Lopez,zoey.lopez706@example.com,Nashville,TN,2026-02-13,Email Marketing,Gold,7,3869.55,552.79,2026-08-30 22:08:00,2026-05-16 04:43:00,1,5,5,5,555,555,Champions (VIP),288
CUST-00122,Joseph Anderson,joseph.anderson675@example.com,Chicago,IL,2026-01-25,Organic Search,Platinum,10,3862.31,386.23,2026-08-20 19:34:00,2026-01-25 08:48:00,11,5,5,5,555,555,Champions (VIP),289
CUST-00329,Dylan Lewis,dylan.lewis640@example.com,New York,NY,2022-11-10,Organic Search,Gold,8,3851.46,481.43,2026-01-17 22:30:00,2023-01-21 17:11:00,226,3,5,5,355,355,Loyal Customers,290
CUST-01219,Madison Gonzalez,madison.gonzalez207@example.com,Austin,TX,2023-12-19,Affiliate Referral,Silver,3,3846.42,1282.14,2026-06-23 08:00:00,2025-12-02 19:43:00,70,4,3,5,435,435,Loyal Customers,291
CUST-00092,Matthew Sanchez,matthew.sanchez571@example.com,Kansas City,MO,2022-06-01,Social Media (Instagram/TikTok),Platinum,11,3835.17,348.65,2025-12-23 20:10:00,2022-09-06 12:26:00,251,3,5,5,355,355,Loyal Customers,292
CUST-00632,Sophia Brown,sophia.brown981@example.com,Indianapolis,IN,2024-08-24,Affiliate Referral,Gold,5,3829.88,765.98,2026-01-29 05:14:00,2024-10-27 06:56:00,215,3,4,5,345,345,Loyal Customers,293
CUST-02264,Ella Robinson,ella.robinson848@example.com,Denver,CO,2023-06-20,Email Marketing,Standard,2,3828.93,1914.46,2025-03-20 01:23:00,2023-10-01 20:28:00,530,2,2,5,225,225,About to Sleep,294
CUST-00022,Carter Anderson,carter.anderson151@example.com,Portland,OR,2025-03-07,Organic Search,Platinum,10,3822.99,382.3,2025-03-28 21:46:00,2025-03-10 09:49:00,521,2,5,5,255,255,At Risk VIPs (High Value),295
CUST-00170,Benjamin Hill,benjamin.hill50@example.com,Boston,MA,2024-03-22,Affiliate Referral,Platinum,17,3813.68,224.33,2025-03-14 05:38:00,2024-04-09 11:23:00,536,2,5,5,255,255,At Risk VIPs (High Value),296
CUST-00689,Grayson Thompson,grayson.thompson944@example.com,Nashville,TN,2025-03-25,Social Media (Instagram/TikTok),Gold,5,3812.88,762.58,2026-05-05 04:05:00,2025-04-16 00:52:00,119,3,4,5,345,345,Loyal Customers,297
CUST-00445,Elizabeth Rodriguez,elizabeth.rodriguez498@example.com,San Jose,CA,2023-10-22,Organic Search,Gold,6,3797.05,632.84,2025-03-19 01:59:00,2023-10-23 14:08:00,531,2,4,5,245,245,At Risk VIPs (High Value),298
CUST-00390,Layla Rodriguez,layla.rodriguez788@example.com,Seattle,WA,2025-04-20,Affiliate Referral,Gold,7,3796.86,542.41,2026-07-06 21:12:00,2025-05-12 12:33:00,56,4,5,5,455,455,Champions (VIP),299
CUST-00531,Penelope Lee,penelope.lee379@example.com,Houston,TX,2022-12-05,Organic Search,Gold,8,3795.73,474.47,2025-11-20 19:31:00,2023-09-04 11:28:00,284,3,5,5,355,355,Loyal Customers,300
CUST-00154,Luna Lopez,luna.lopez998@example.com,Los Angeles,CA,2023-10-31,Email Marketing,Platinum,13,3793.09,291.78,2025-11-28 03:13:00,2023-11-08 03:07:00,277,3,5,5,355,355,Loyal Customers,301
CUST-01260,Riley Robinson,riley.robinson925@example.com,Indianapolis,IN,2026-04-25,Affiliate Referral,Silver,3,3768.64,1256.21,2026-05-25 04:51:00,2026-04-28 21:44:00,99,4,3,5,435,435,Loyal Customers,302
CUST-00363,Elizabeth Young,elizabeth.young540@example.com,Denver,CO,2025-07-25,Organic Search,Gold,9,3754.07,417.12,2026-06-30 19:28:00,2025-09-27 05:00:00,62,4,5,5,455,455,Champions (VIP),303
CUST-01402,Samuel Martinez,samuel.martinez14@example.com,Raleigh,NC,2025-06-23,Affiliate Referral,Silver,4,3744.7,936.17,2026-08-23 01:55:00,2026-01-29 14:37:00,9,5,4,5,545,545,Champions (VIP),304
CUST-00747,Layla Williams,layla.williams415@example.com,San Jose,CA,2026-04-15,Paid Search (Google),Gold,6,3737.87,622.98,2026-08-11 20:06:00,2026-05-07 12:54:00,20,5,4,5,545,545,Champions (VIP),305
CUST-00149,Aiden Miller,aiden.miller862@example.com,San Antonio,TX,2024-01-28,Paid Search (Google),Platinum,10,3729.31,372.93,2025-12-10 00:06:00,2024-06-14 06:53:00,265,3,5,5,355,355,Loyal Customers,306
CUST-00911,Grayson Lewis,grayson.lewis346@example.com,Charlotte,NC,2026-02-10,Social Media (Instagram/TikTok),Silver,5,3728.7,745.74,2026-07-18 17:24:00,2026-02-14 21:03:00,44,4,4,5,445,445,Champions (VIP),307
CUST-00237,Charlotte Nelson,charlotte.nelson227@example.com,Minneapolis,MN,2025-12-31,Affiliate Referral,Platinum,17,3724.28,219.08,2026-08-24 14:58:00,2026-01-08 14:47:00,7,5,5,5,555,555,Champions (VIP),308
CUST-00449,Lily Martin,lily.martin173@example.com,Denver,CO,2026-04-06,Affiliate Referral,Gold,9,3720.94,413.44,2026-08-27 20:37:00,2026-05-21 04:07:00,4,5,5,5,555,555,Champions (VIP),309
CUST-00678,Mila Sanchez,mila.sanchez391@example.com,Las Vegas,NV,2025-12-12,Organic Search,Gold,8,3719.82,464.98,2026-07-11 14:10:00,2026-01-02 11:30:00,51,4,5,5,455,455,Champions (VIP),310
CUST-00829,Joseph Nelson,joseph.nelson702@example.com,Minneapolis,MN,2024-07-28,Paid Search (Google),Silver,3,3714.9,1238.3,2026-06-17 22:03:00,2024-10-22 22:41:00,75,4,3,5,435,435,Loyal Customers,311
CUST-00653,Layla Jones,layla.jones908@example.com,Atlanta,GA,2023-12-31,Social Media (Instagram/TikTok),Gold,7,3676.94,525.28,2026-02-09 15:03:00,2024-03-03 12:43:00,203,3,5,5,355,355,Loyal Customers,312
CUST-00456,Lucas Brown,lucas.brown858@example.com,San Francisco,CA,2025-04-01,Paid Search (Google),Gold,6,3676.88,612.81,2026-06-19 21:13:00,2025-07-12 22:39:00,73,4,4,5,445,445,Champions (VIP),313
CUST-00463,Sophia Ramirez,sophia.ramirez362@example.com,Salt Lake City,UT,2022-10-09,Affiliate Referral,Gold,8,3671.01,458.88,2024-11-07 10:35:00,2022-12-17 02:41:00,663,1,5,5,155,155,At Risk VIPs (High Value),314
CUST-00115,Olivia Harris,olivia.harris354@example.com,Las Vegas,NV,2026-03-22,Email Marketing,Platinum,15,3664.72,244.31,2026-08-28 09:43:00,2026-04-02 09:39:00,4,5,5,5,555,555,Champions (VIP),315
CUST-00611,Oliver Sanchez,oliver.sanchez650@example.com,Austin,TX,2026-05-03,Paid Search (Google),Gold,8,3657.04,457.13,2026-08-17 17:44:00,2026-05-15 07:41:00,14,5,5,5,555,555,Champions (VIP),316
CUST-00225,Camila Wright,camila.wright136@example.com,Atlanta,GA,2024-06-24,Social Media (Instagram/TikTok),Platinum,16,3654.28,228.39,2026-08-08 05:49:00,2024-07-12 15:27:00,24,5,5,5,555,555,Champions (VIP),317
CUST-01247,Logan Nelson,logan.nelson162@example.com,Atlanta,GA,2025-05-24,Social Media (Instagram/TikTok),Silver,4,3652.18,913.05,2026-05-25 11:32:00,2025-12-05 08:20:00,99,4,4,5,445,445,Champions (VIP),318
CUST-00162,Ethan Scott,ethan.scott86@example.com,Philadelphia,PA,2022-06-06,Email Marketing,Platinum,11,3643.17,331.2,2026-07-27 12:56:00,2023-08-14 04:54:00,35,5,5,5,555,555,Champions (VIP),319
CUST-00264,Daniel Ramirez,daniel.ramirez875@example.com,San Francisco,CA,2025-11-25,Affiliate Referral,Gold,8,3639.33,454.92,2026-07-16 06:29:00,2025-11-25 13:33:00,47,4,5,5,455,455,Champions (VIP),320
CUST-00198,Logan Clark,logan.clark901@example.com,Minneapolis,MN,2023-04-13,Organic Search,Platinum,10,3639.31,363.93,2026-08-31 20:06:00,2023-08-11 03:49:00,0,5,5,5,555,555,Champions (VIP),321
CUST-00996,Aria Young,aria.young197@example.com,Columbus,OH,2025-04-12,Social Media (Instagram/TikTok),Silver,4,3631.32,907.83,2026-04-09 10:08:00,2025-12-23 07:46:00,145,3,4,5,345,345,Loyal Customers,322
CUST-01028,Penelope Martin,penelope.martin244@example.com,San Diego,CA,2024-01-03,Email Marketing,Silver,4,3622.61,905.65,2025-03-06 09:08:00,2024-01-05 05:12:00,544,2,4,5,245,245,At Risk VIPs (High Value),323
CUST-00409,Luna Allen,luna.allen858@example.com,Portland,OR,2025-05-26,Email Marketing,Gold,6,3612.65,602.11,2026-08-28 00:53:00,2025-10-09 04:11:00,4,5,4,5,545,545,Champions (VIP),324
CUST-00138,Luna Johnson,luna.johnson516@example.com,Tampa,FL,2024-03-27,Paid Search (Google),Platinum,11,3607.0,327.91,2026-04-13 14:35:00,2024-03-29 22:51:00,140,3,5,5,355,355,Loyal Customers,325
CUST-00359,Carter Harris,carter.harris982@example.com,Nashville,TN,2022-08-06,Affiliate Referral,Gold,6,3605.57,600.93,2025-11-09 12:42:00,2022-12-17 01:53:00,295,3,4,5,345,345,Loyal Customers,326
CUST-00474,William Miller,william.miller618@example.com,Los Angeles,CA,2024-12-01,Affiliate Referral,Gold,7,3584.05,512.01,2026-05-13 11:14:00,2025-04-05 19:53:00,111,4,5,5,455,455,Champions (VIP),327
CUST-00938,Eleanor Walker,eleanor.walker225@example.com,Nashville,TN,2023-04-27,Email Marketing,Silver,5,3573.24,714.65,2025-04-06 23:04:00,2023-08-29 04:13:00,512,2,4,5,245,245,At Risk VIPs (High Value),328
CUST-00334,Liam Green,liam.green537@example.com,Nashville,TN,2023-10-09,Paid Search (Google),Gold,6,3566.75,594.46,2025-01-26 04:17:00,2024-05-03 19:53:00,583,1,4,5,145,145,At Risk VIPs (High Value),329
CUST-00662,John Hall,john.hall927@example.com,Seattle,WA,2024-12-25,Organic Search,Gold,7,3565.3,509.33,2026-05-22 03:39:00,2025-07-07 23:37:00,102,4,5,5,455,455,Champions (VIP),330
CUST-02110,Avery Harris,avery.harris95@example.com,Nashville,TN,2024-10-11,Affiliate Referral,Standard,1,3549.95,3549.95,2025-07-24 14:38:00,2025-07-24 14:38:00,403,2,1,5,215,215,About to Sleep,331
CUST-00521,Michael Nguyen,michael.nguyen157@example.com,Columbus,OH,2026-05-30,Email Marketing,Gold,8,3547.4,443.43,2026-08-21 10:44:00,2026-06-14 10:05:00,11,5,5,5,555,555,Champions (VIP),332
CUST-01142,Victoria Hill,victoria.hill347@example.com,Atlanta,GA,2025-06-15,Paid Search (Google),Silver,3,3533.42,1177.81,2026-03-04 18:48:00,2025-07-04 17:31:00,180,3,3,5,335,335,Loyal Customers,333
CUST-00972,Aiden Gonzalez,aiden.gonzalez44@example.com,Indianapolis,IN,2025-10-10,Affiliate Referral,Silver,4,3519.77,879.94,2026-07-28 12:55:00,2025-11-15 02:35:00,34,5,4,5,545,545,Champions (VIP),334
CUST-00564,Samuel Jones,samuel.jones317@example.com,Los Angeles,CA,2026-05-26,Organic Search,Gold,8,3516.81,439.6,2026-08-26 09:21:00,2026-06-07 02:29:00,6,5,5,5,555,555,Champions (VIP),335
CUST-00656,Sofia Robinson,sofia.robinson387@example.com,Nashville,TN,2025-03-07,Paid Search (Google),Gold,7,3512.34,501.76,2026-07-28 10:07:00,2025-03-17 06:20:00,35,5,5,5,555,555,Champions (VIP),336
CUST-00035,Mila Rivera,mila.rivera329@example.com,Denver,CO,2026-03-07,Social Media (Instagram/TikTok),Platinum,9,3500.11,388.9,2026-08-17 07:46:00,2026-03-17 17:47:00,15,5,5,5,555,555,Champions (VIP),337
CUST-01999,Sebastian Brown,sebastian.brown950@example.com,Raleigh,NC,2025-12-31,Social Media (Instagram/TikTok),Standard,2,3498.65,1749.33,2026-04-22 15:01:00,2026-03-18 07:46:00,131,3,2,5,325,325,Promising / Needs Attention,338
CUST-00459,Charlotte Allen,charlotte.allen466@example.com,Indianapolis,IN,2022-09-22,Email Marketing,Gold,5,3481.87,696.37,2025-03-19 16:41:00,2022-12-12 13:49:00,530,2,4,5,245,245,At Risk VIPs (High Value),339
CUST-00557,David Ramirez,david.ramirez118@example.com,New York,NY,2022-12-19,Social Media (Instagram/TikTok),Gold,6,3478.3,579.72,2026-08-31 07:47:00,2023-09-20 06:23:00,1,5,4,5,545,545,Champions (VIP),340
CUST-00240,Ella Anderson,ella.anderson346@example.com,Columbus,OH,2023-03-30,Affiliate Referral,Platinum,14,3477.16,248.37,2026-05-10 18:31:00,2023-06-13 13:58:00,113,4,5,5,455,455,Champions (VIP),341
CUST-01244,Amelia Baker,amelia.baker843@example.com,Charlotte,NC,2024-07-16,Social Media (Instagram/TikTok),Silver,4,3473.45,868.36,2025-04-01 12:45:00,2024-08-22 22:19:00,517,2,4,5,245,245,At Risk VIPs (High Value),342
CUST-00735,Riley Wright,riley.wright713@example.com,Tampa,FL,2025-01-28,Affiliate Referral,Gold,6,3464.39,577.4,2026-04-03 02:48:00,2025-01-30 04:47:00,151,3,4,5,345,345,Loyal Customers,343
CUST-00501,Jackson Carter,jackson.carter851@example.com,Miami,FL,2026-01-05,Email Marketing,Gold,8,3462.89,432.86,2026-07-18 04:09:00,2026-01-10 00:25:00,45,4,5,5,455,455,Champions (VIP),344
CUST-00414,Owen Martinez,owen.martinez851@example.com,Las Vegas,NV,2023-10-10,Organic Search,Gold,8,3449.87,431.23,2025-02-22 07:57:00,2024-03-03 10:26:00,556,2,5,5,255,255,At Risk VIPs (High Value),345
CUST-00040,Henry Moore,henry.moore695@example.com,Miami,FL,2023-08-13,Affiliate Referral,Platinum,11,3446.82,313.35,2026-03-06 13:59:00,2024-04-02 20:34:00,178,3,5,5,355,355,Loyal Customers,346
CUST-01290,Sebastian Moore,sebastian.moore831@example.com,Houston,TX,2023-11-05,Affiliate Referral,Silver,3,3417.93,1139.31,2025-02-10 14:08:00,2023-11-28 04:03:00,567,2,3,5,235,235,At Risk VIPs (High Value),347
CUST-01124,Nora Walker,nora.walker33@example.com,San Jose,CA,2023-08-03,Affiliate Referral,Silver,2,3415.65,1707.83,2025-09-05 01:35:00,2025-01-22 19:49:00,361,2,2,5,225,225,About to Sleep,348
CUST-00460,Mason Allen,mason.allen435@example.com,Atlanta,GA,2025-07-29,Organic Search,Gold,6,3402.48,567.08,2026-08-02 08:07:00,2025-11-29 04:12:00,30,5,4,5,545,545,Champions (VIP),349
CUST-00029,Mila Martinez,mila.martinez392@example.com,Columbus,OH,2023-04-27,Affiliate Referral,Platinum,9,3401.54,377.95,2025-01-31 21:40:00,2023-06-22 05:42:00,577,1,5,5,155,155,At Risk VIPs (High Value),350
CUST-00864,Michael Carter,michael.carter564@example.com,Los Angeles,CA,2024-06-04,Email Marketing,Silver,3,3389.94,1129.98,2025-01-14 02:41:00,2024-09-09 05:09:00,595,1,3,5,135,135,At Risk VIPs (High Value),351
CUST-00028,Ethan Allen,ethan.allen944@example.com,Houston,TX,2025-12-02,Social Media (Instagram/TikTok),Platinum,13,3381.03,260.08,2026-08-23 03:51:00,2025-12-03 03:02:00,9,5,5,5,555,555,Champions (VIP),352
CUST-00465,John Lopez,john.lopez797@example.com,Phoenix,AZ,2026-01-04,Email Marketing,Gold,4,3377.9,844.48,2026-08-13 10:48:00,2026-02-12 18:41:00,19,5,4,5,545,545,Champions (VIP),353
CUST-00612,Jack Adams,jack.adams103@example.com,Salt Lake City,UT,2022-12-12,Organic Search,Gold,10,3367.65,336.76,2026-07-22 14:35:00,2023-04-17 02:49:00,40,4,5,5,455,455,Champions (VIP),354
CUST-01378,William Scott,william.scott736@example.com,Columbus,OH,2023-07-25,Paid Search (Google),Silver,5,3365.13,673.03,2026-02-17 19:39:00,2023-10-05 19:30:00,195,3,4,5,345,345,Loyal Customers,355
CUST-00752,Jacob Lewis,jacob.lewis226@example.com,Kansas City,MO,2024-09-11,Email Marketing,Silver,5,3362.38,672.48,2025-03-25 21:19:00,2024-09-19 18:01:00,524,2,4,5,245,245,At Risk VIPs (High Value),356
CUST-00041,Mason Campbell,mason.campbell967@example.com,Nashville,TN,2025-08-24,Email Marketing,Platinum,7,3361.71,480.24,2026-07-17 16:51:00,2025-09-09 05:25:00,45,4,5,5,455,455,Champions (VIP),357
CUST-00498,Liam Taylor,liam.taylor576@example.com,Nashville,TN,2025-08-30,Email Marketing,Gold,4,3350.63,837.66,2026-06-18 12:37:00,2025-10-26 00:39:00,74,4,4,5,445,445,Champions (VIP),358
CUST-01335,Sofia Nguyen,sofia.nguyen51@example.com,Phoenix,AZ,2022-12-22,Affiliate Referral,Silver,4,3341.93,835.48,2025-10-14 05:04:00,2023-10-07 10:52:00,322,2,4,5,245,245,At Risk VIPs (High Value),359
CUST-00430,Sofia Brown,sofia.brown695@example.com,Portland,OR,2023-09-06,Paid Search (Google),Gold,3,3319.91,1106.64,2026-07-01 18:18:00,2024-01-29 01:50:00,61,4,3,5,435,435,Loyal Customers,360
CUST-00644,William Taylor,william.taylor739@example.com,Nashville,TN,2025-12-07,Organic Search,Gold,7,3317.75,473.96,2026-08-04 01:12:00,2026-02-09 16:34:00,28,5,5,5,555,555,Champions (VIP),361
CUST-00084,Lucas Taylor,lucas.taylor192@example.com,Nashville,TN,2023-11-26,Organic Search,Platinum,13,3317.21,255.17,2026-07-09 01:28:00,2024-02-07 14:31:00,54,4,5,5,455,455,Champions (VIP),362
CUST-01168,Ethan Robinson,ethan.robinson614@example.com,Salt Lake City,UT,2023-07-19,Email Marketing,Silver,2,3316.96,1658.48,2024-08-27 20:05:00,2023-11-30 15:26:00,734,1,2,5,125,125,About to Sleep,363
CUST-00447,Matthew Nguyen,matthew.nguyen750@example.com,Nashville,TN,2022-06-24,Social Media (Instagram/TikTok),Gold,6,3312.65,552.11,2025-01-30 16:51:00,2022-11-13 13:15:00,578,1,4,5,145,145,At Risk VIPs (High Value),364
CUST-00760,Joseph Thompson,joseph.thompson177@example.com,Kansas City,MO,2023-11-12,Organic Search,Silver,4,3305.92,826.48,2025-02-09 23:15:00,2023-12-05 08:42:00,568,2,4,5,245,245,At Risk VIPs (High Value),365
CUST-00068,Michael Rivera,michael.rivera361@example.com,San Antonio,TX,2026-04-08,Social Media (Instagram/TikTok),Platinum,12,3304.08,275.34,2026-08-29 00:24:00,2026-04-11 02:41:00,3,5,5,5,555,555,Champions (VIP),366
CUST-00556,Emily Adams,emily.adams637@example.com,Los Angeles,CA,2025-07-28,Email Marketing,Gold,7,3294.86,470.69,2026-08-11 12:33:00,2025-09-17 22:34:00,20,5,5,5,555,555,Champions (VIP),367
CUST-01697,Emily Jackson,emily.jackson157@example.com,Philadelphia,PA,2023-11-06,Organic Search,Standard,2,3291.23,1645.61,2024-05-12 20:46:00,2024-04-06 16:01:00,841,1,2,5,125,125,About to Sleep,368
CUST-00503,Evelyn Campbell,evelyn.campbell569@example.com,Miami,FL,2023-06-12,Affiliate Referral,Gold,8,3282.52,410.31,2026-06-14 11:13:00,2024-01-07 15:56:00,79,4,5,5,455,455,Champions (VIP),369
CUST-00368,William Scott,william.scott565@example.com,Austin,TX,2024-02-05,Paid Search (Google),Gold,6,3277.77,546.29,2026-02-28 11:39:00,2024-02-09 00:04:00,185,3,4,5,345,345,Loyal Customers,370
CUST-00977,Charlotte Scott,charlotte.scott301@example.com,Raleigh,NC,2025-07-20,Affiliate Referral,Silver,5,3270.33,654.07,2026-08-04 04:50:00,2026-01-28 07:27:00,28,5,4,5,545,545,Champions (VIP),371
CUST-01469,Sebastian Carter,sebastian.carter818@example.com,Indianapolis,IN,2026-01-09,Email Marketing,Silver,4,3268.6,817.15,2026-04-11 22:47:00,2026-02-23 02:33:00,142,3,4,5,345,345,Loyal Customers,372
CUST-01306,Zoey Wilson,zoey.wilson638@example.com,Minneapolis,MN,2023-01-04,Email Marketing,Silver,4,3267.93,816.98,2025-02-26 21:43:00,2023-07-03 09:18:00,551,2,4,5,245,245,At Risk VIPs (High Value),373
CUST-00493,Henry Scott,henry.scott339@example.com,Columbus,OH,2024-01-01,Email Marketing,Gold,10,3265.86,326.59,2025-03-19 07:13:00,2024-02-14 15:41:00,531,2,5,5,255,255,At Risk VIPs (High Value),374
CUST-01084,Isabella Flores,isabella.flores282@example.com,Portland,OR,2022-08-23,Organic Search,Silver,4,3264.79,816.2,2026-05-19 05:35:00,2025-04-03 05:43:00,105,4,4,5,445,445,Champions (VIP),375
CUST-01269,Victoria Flores,victoria.flores64@example.com,San Jose,CA,2025-05-31,Organic Search,Silver,3,3252.32,1084.11,2026-01-26 23:08:00,2025-06-26 12:59:00,217,3,3,5,335,335,Loyal Customers,376
CUST-02189,Amelia Garcia,amelia.garcia675@example.com,New York,NY,2025-11-14,Email Marketing,Standard,3,3251.42,1083.81,2026-07-02 18:34:00,2025-12-15 17:43:00,60,4,3,5,435,435,Loyal Customers,377
CUST-01137,Matthew Thomas,matthew.thomas523@example.com,Dallas,TX,2022-10-05,Social Media (Instagram/TikTok),Silver,5,3250.89,650.18,2026-03-16 00:07:00,2022-10-25 19:35:00,169,3,4,5,345,345,Loyal Customers,378
CUST-01736,Oliver Lee,oliver.lee452@example.com,Tampa,FL,2024-09-11,Social Media (Instagram/TikTok),Standard,1,3229.98,3229.98,2026-02-08 20:55:00,2026-02-08 20:55:00,204,3,1,5,315,315,Promising / Needs Attention,379
CUST-00636,Michael Martinez,michael.martinez559@example.com,San Jose,CA,2024-08-09,Affiliate Referral,Gold,6,3218.79,536.47,2026-04-23 11:12:00,2024-09-28 07:48:00,131,3,4,5,345,345,Loyal Customers,380
CUST-00855,Matthew Hall,matthew.hall570@example.com,Tampa,FL,2024-03-04,Affiliate Referral,Silver,2,3209.97,1604.99,2026-04-08 17:09:00,2026-03-10 06:58:00,145,3,2,5,325,325,Promising / Needs Attention,381
CUST-00016,Owen Moore,owen.moore957@example.com,Minneapolis,MN,2026-04-10,Affiliate Referral,Platinum,9,3206.86,356.32,2026-08-05 19:10:00,2026-05-03 18:47:00,26,5,5,5,555,555,Champions (VIP),382
CUST-00226,Owen Green,owen.green972@example.com,Seattle,WA,2023-01-08,Paid Search (Google),Platinum,9,3198.51,355.39,2026-03-27 04:36:00,2023-02-14 14:23:00,158,3,5,5,355,355,Loyal Customers,383
CUST-00269,Charlotte Mitchell,charlotte.mitchell553@example.com,San Antonio,TX,2024-07-10,Email Marketing,Gold,9,3196.89,355.21,2026-06-25 00:04:00,2024-09-25 23:23:00,68,4,5,5,455,455,Champions (VIP),384
CUST-00156,Oliver Martinez,oliver.martinez162@example.com,Indianapolis,IN,2025-07-27,Social Media (Instagram/TikTok),Platinum,7,3195.37,456.48,2026-06-16 11:55:00,2025-07-29 00:14:00,77,4,5,5,455,455,Champions (VIP),385
CUST-00105,Jack Scott,jack.scott466@example.com,Philadelphia,PA,2025-01-28,Email Marketing,Platinum,12,3193.64,266.14,2026-07-22 16:42:00,2025-04-19 10:57:00,40,4,5,5,455,455,Champions (VIP),386
CUST-00424,Aiden Davis,aiden.davis597@example.com,Las Vegas,NV,2025-06-17,Email Marketing,Gold,7,3193.13,456.16,2026-07-26 16:21:00,2025-09-11 21:55:00,36,5,5,5,555,555,Champions (VIP),387
CUST-00714,Joseph Taylor,joseph.taylor815@example.com,Houston,TX,2022-06-03,Organic Search,Gold,8,3186.1,398.26,2025-09-19 16:47:00,2022-06-11 17:20:00,346,2,5,5,255,255,At Risk VIPs (High Value),388
CUST-01327,Mason Smith,mason.smith186@example.com,Minneapolis,MN,2022-09-11,Social Media (Instagram/TikTok),Silver,5,3181.84,636.37,2025-03-21 13:48:00,2023-05-30 11:39:00,528,2,4,5,245,245,At Risk VIPs (High Value),389
CUST-00330,Jackson Wilson,jackson.wilson865@example.com,Phoenix,AZ,2025-06-28,Affiliate Referral,Gold,9,3161.71,351.3,2026-06-04 22:47:00,2025-09-15 09:59:00,88,4,5,5,455,455,Champions (VIP),390
CUST-00320,Alexander Gonzalez,alexander.gonzalez830@example.com,Charlotte,NC,2023-03-11,Social Media (Instagram/TikTok),Gold,7,3161.4,451.63,2026-04-15 12:47:00,2023-11-21 01:21:00,138,3,5,5,355,355,Loyal Customers,391
CUST-00333,Jayden Jones,jayden.jones123@example.com,Kansas City,MO,2025-03-20,Affiliate Referral,Gold,9,3127.4,347.49,2025-03-29 23:58:00,2025-03-20 07:55:00,520,2,5,5,255,255,At Risk VIPs (High Value),392
CUST-00548,Aria Sanchez,aria.sanchez383@example.com,Houston,TX,2025-07-29,Paid Search (Google),Gold,8,3125.8,390.73,2026-06-20 09:19:00,2025-09-24 10:14:00,73,4,5,5,455,455,Champions (VIP),393
CUST-00310,Liam White,liam.white326@example.com,Philadelphia,PA,2023-08-13,Social Media (Instagram/TikTok),Gold,8,3120.27,390.03,2025-04-01 07:17:00,2023-09-09 15:42:00,518,2,5,5,255,255,At Risk VIPs (High Value),394
CUST-00477,Scarlett Anderson,scarlett.anderson845@example.com,Raleigh,NC,2025-08-23,Social Media (Instagram/TikTok),Gold,6,3102.79,517.13,2026-06-17 15:37:00,2025-12-31 15:02:00,75,4,4,5,445,445,Champions (VIP),395
CUST-00262,Ella Martinez,ella.martinez682@example.com,Miami,FL,2023-09-03,Organic Search,Gold,8,3096.88,387.11,2026-06-30 14:49:00,2023-11-27 06:36:00,62,4,5,5,455,455,Champions (VIP),396
CUST-00704,Elijah Perez,elijah.perez319@example.com,San Jose,CA,2023-03-07,Paid Search (Google),Gold,7,3094.16,442.02,2025-08-05 19:24:00,2024-03-21 08:32:00,391,2,5,5,255,255,At Risk VIPs (High Value),397
CUST-01236,Layla Rivera,layla.rivera825@example.com,Houston,TX,2024-03-29,Affiliate Referral,Silver,2,3093.69,1546.85,2026-06-05 00:25:00,2025-04-06 03:38:00,88,4,2,5,425,425,Potential Loyalists,398
CUST-00369,Ethan White,ethan.white530@example.com,San Diego,CA,2023-02-04,Paid Search (Google),Gold,8,3087.5,385.94,2026-02-28 02:20:00,2023-10-18 04:51:00,185,3,5,5,355,355,Loyal Customers,399
CUST-00718,Alexander Lewis,alexander.lewis85@example.com,Indianapolis,IN,2022-08-08,Social Media (Instagram/TikTok),Gold,5,3083.35,616.67,2025-05-21 05:26:00,2022-09-07 17:35:00,468,2,4,5,245,245,At Risk VIPs (High Value),400
CUST-00435,Avery Wright,avery.wright766@example.com,Raleigh,NC,2022-08-16,Paid Search (Google),Gold,8,3083.13,385.39,2026-01-10 00:03:00,2022-10-04 20:21:00,234,3,5,5,355,355,Loyal Customers,401
CUST-01440,Liam Walker,liam.walker366@example.com,Austin,TX,2026-04-16,Social Media (Instagram/TikTok),Silver,5,3069.87,613.97,2026-07-06 16:29:00,2026-06-02 11:40:00,56,4,4,5,445,445,Champions (VIP),402
CUST-01061,Sophia Nguyen,sophia.nguyen812@example.com,Salt Lake City,UT,2025-01-29,Affiliate Referral,Silver,4,3068.63,767.16,2026-08-21 14:46:00,2025-10-23 06:13:00,10,5,4,5,545,545,Champions (VIP),403
CUST-00865,Amelia Flores,amelia.flores898@example.com,Las Vegas,NV,2025-07-25,Paid Search (Google),Silver,4,3067.17,766.79,2026-06-20 13:57:00,2025-09-14 21:11:00,72,4,4,5,445,445,Champions (VIP),404
CUST-00421,Eleanor Gonzalez,eleanor.gonzalez990@example.com,San Diego,CA,2023-12-24,Affiliate Referral,Gold,3,3060.37,1020.12,2025-09-28 17:01:00,2024-05-13 23:26:00,337,2,3,5,235,235,At Risk VIPs (High Value),405
CUST-00083,Layla Baker,layla.baker873@example.com,San Francisco,CA,2024-04-09,Organic Search,Platinum,13,3057.78,235.21,2026-07-06 19:08:00,2024-07-05 00:16:00,56,4,5,5,455,455,Champions (VIP),406
CUST-00260,Harper Clark,harper.clark372@example.com,Tampa,FL,2026-02-22,Email Marketing,Gold,8,3057.03,382.13,2026-08-09 11:02:00,2026-02-25 13:48:00,23,5,5,5,555,555,Champions (VIP),407
CUST-00317,Henry Martin,henry.martin998@example.com,Indianapolis,IN,2025-01-16,Paid Search (Google),Gold,6,3046.59,507.77,2026-08-12 12:42:00,2025-06-19 20:29:00,19,5,4,5,545,545,Champions (VIP),408
CUST-01321,Hannah Wright,hannah.wright998@example.com,Kansas City,MO,2024-12-07,Organic Search,Silver,4,3042.97,760.74,2025-12-16 06:09:00,2025-08-14 20:36:00,259,3,4,5,345,345,Loyal Customers,409
CUST-00183,Harper Johnson,harper.johnson655@example.com,Charlotte,NC,2023-10-04,Paid Search (Google),Platinum,10,3037.48,303.75,2026-04-20 22:06:00,2023-10-08 13:16:00,133,3,5,5,355,355,Loyal Customers,410
CUST-00011,Carter Torres,carter.torres206@example.com,Salt Lake City,UT,2022-10-21,Organic Search,Platinum,15,3027.95,201.86,2026-04-30 15:44:00,2022-11-30 15:42:00,123,3,5,5,355,355,Loyal Customers,411
CUST-01912,Grayson Baker,grayson.baker788@example.com,Houston,TX,2022-06-20,Organic Search,Standard,1,3021.44,3021.44,2023-02-25 15:34:00,2023-02-25 15:34:00,1283,1,1,5,115,115,About to Sleep,412
CUST-00540,Matthew Walker,matthew.walker811@example.com,Chicago,IL,2024-06-09,Social Media (Instagram/TikTok),Gold,6,3018.42,503.07,2026-08-03 23:55:00,2024-06-15 04:12:00,28,5,4,5,545,545,Champions (VIP),413
CUST-00478,Madison Thomas,madison.thomas319@example.com,Phoenix,AZ,2026-02-12,Affiliate Referral,Gold,6,3005.88,500.98,2026-08-28 00:20:00,2026-04-15 18:16:00,4,5,4,5,545,545,Champions (VIP),414
CUST-00480,Ethan Green,ethan.green705@example.com,Boston,MA,2025-07-13,Email Marketing,Gold,3,2992.68,997.56,2026-08-20 00:00:00,2025-09-28 17:14:00,12,5,3,5,535,535,Loyal Customers,415
CUST-00628,Mia King,mia.king920@example.com,New York,NY,2024-06-09,Social Media (Instagram/TikTok),Gold,9,2991.84,332.43,2025-03-31 19:55:00,2024-06-23 03:22:00,518,2,5,5,255,255,At Risk VIPs (High Value),416
CUST-01423,Olivia Smith,olivia.smith167@example.com,Dallas,TX,2024-02-05,Email Marketing,Silver,4,2989.9,747.48,2026-01-27 17:43:00,2024-03-11 09:58:00,216,3,4,5,345,345,Loyal Customers,417
CUST-01123,Emma Perez,emma.perez720@example.com,Indianapolis,IN,2023-01-14,Social Media (Instagram/TikTok),Silver,3,2988.93,996.31,2026-08-28 07:36:00,2023-08-26 19:00:00,4,5,3,5,535,535,Loyal Customers,418
CUST-01040,Zoey Sanchez,zoey.sanchez265@example.com,Philadelphia,PA,2026-01-13,Email Marketing,Silver,4,2973.93,743.48,2026-07-14 15:16:00,2026-02-11 03:12:00,48,4,4,5,445,445,Champions (VIP),419
CUST-00492,Sofia Hall,sofia.hall628@example.com,Salt Lake City,UT,2023-07-24,Email Marketing,Gold,4,2972.94,743.24,2026-04-26 16:23:00,2024-03-05 05:13:00,127,3,4,5,345,345,Loyal Customers,420
CUST-00769,Aiden Martin,aiden.martin710@example.com,Houston,TX,2025-02-11,Organic Search,Silver,3,2971.14,990.38,2026-08-14 02:32:00,2026-01-21 10:12:00,18,5,3,5,535,535,Loyal Customers,421
CUST-00241,James Moore,james.moore889@example.com,Phoenix,AZ,2023-02-22,Affiliate Referral,Platinum,12,2968.45,247.37,2025-03-08 04:44:00,2023-04-07 21:43:00,542,2,5,5,255,255,At Risk VIPs (High Value),422
CUST-00293,Dylan Lewis,dylan.lewis656@example.com,Austin,TX,2023-12-15,Affiliate Referral,Gold,9,2965.84,329.54,2026-08-04 16:01:00,2024-01-12 10:45:00,27,5,5,5,555,555,Champions (VIP),423
CUST-01192,Jack Hill,jack.hill878@example.com,San Jose,CA,2023-11-14,Affiliate Referral,Silver,4,2961.4,740.35,2024-10-16 06:53:00,2024-03-25 21:42:00,685,1,4,5,145,145,At Risk VIPs (High Value),424
CUST-00387,Matthew Robinson,matthew.robinson84@example.com,Salt Lake City,UT,2022-10-01,Paid Search (Google),Gold,9,2960.61,328.96,2025-03-18 20:04:00,2023-03-11 16:28:00,531,2,5,5,255,255,At Risk VIPs (High Value),425
CUST-00437,Elizabeth Mitchell,elizabeth.mitchell995@example.com,Tampa,FL,2024-01-14,Organic Search,Gold,9,2959.79,328.87,2025-03-25 08:53:00,2024-03-09 16:11:00,525,2,5,5,255,255,At Risk VIPs (High Value),426
CUST-00153,Emma Torres,emma.torres301@example.com,Miami,FL,2025-02-05,Email Marketing,Platinum,9,2953.67,328.19,2026-05-01 19:03:00,2025-02-28 00:17:00,122,3,5,5,355,355,Loyal Customers,427
CUST-00393,Penelope Flores,penelope.flores438@example.com,San Diego,CA,2023-04-24,Social Media (Instagram/TikTok),Gold,9,2942.51,326.95,2026-08-18 07:23:00,2023-12-27 14:02:00,14,5,5,5,555,555,Champions (VIP),428
CUST-00916,Amelia Lopez,amelia.lopez671@example.com,Charlotte,NC,2022-11-15,Social Media (Instagram/TikTok),Silver,5,2921.21,584.24,2026-07-27 17:30:00,2022-12-14 01:02:00,35,5,4,5,545,545,Champions (VIP),429
CUST-00434,Aiden Adams,aiden.adams70@example.com,Columbus,OH,2022-12-01,Affiliate Referral,Gold,7,2919.89,417.13,2026-03-03 22:06:00,2023-05-29 14:06:00,181,3,5,5,355,355,Loyal Customers,430
CUST-00123,Olivia Thomas,olivia.thomas214@example.com,Kansas City,MO,2022-07-12,Affiliate Referral,Platinum,15,2918.08,194.54,2026-04-27 14:58:00,2022-11-05 02:32:00,126,3,5,5,355,355,Loyal Customers,431
CUST-00086,Lucas Harris,lucas.harris931@example.com,Nashville,TN,2023-06-25,Social Media (Instagram/TikTok),Platinum,10,2916.13,291.61,2024-10-18 08:53:00,2023-09-04 13:43:00,683,1,5,5,155,155,At Risk VIPs (High Value),432
CUST-01065,Amelia Rodriguez,amelia.rodriguez509@example.com,San Diego,CA,2024-03-10,Affiliate Referral,Silver,5,2914.92,582.98,2026-07-29 11:11:00,2024-07-18 14:05:00,34,5,4,5,545,545,Champions (VIP),433
CUST-00663,Elijah Allen,elijah.allen146@example.com,Minneapolis,MN,2024-08-16,Organic Search,Gold,7,2913.68,416.24,2026-08-20 09:33:00,2024-10-14 07:34:00,12,5,5,5,555,555,Champions (VIP),434
CUST-00232,Riley Nguyen,riley.nguyen770@example.com,Raleigh,NC,2023-04-13,Email Marketing,Platinum,17,2909.45,171.14,2026-07-09 19:30:00,2023-08-25 10:40:00,53,4,5,5,455,455,Champions (VIP),435
CUST-00594,Joseph Wright,joseph.wright297@example.com,Charlotte,NC,2025-06-08,Paid Search (Google),Gold,9,2909.45,323.27,2026-08-09 08:29:00,2025-07-05 15:25:00,23,5,5,5,555,555,Champions (VIP),435
CUST-00673,Charlotte Rivera,charlotte.rivera264@example.com,Seattle,WA,2024-08-20,Affiliate Referral,Gold,6,2908.37,484.73,2026-05-03 04:53:00,2024-08-24 04:27:00,121,3,4,5,345,345,Loyal Customers,436
CUST-00314,Owen Martinez,owen.martinez176@example.com,Philadelphia,PA,2026-04-19,Affiliate Referral,Gold,7,2907.89,415.41,2026-07-26 05:35:00,2026-04-21 00:16:00,37,5,5,5,555,555,Champions (VIP),437
CUST-00749,Luna Martin,luna.martin328@example.com,Dallas,TX,2025-03-03,Organic Search,Gold,5,2903.96,580.79,2026-06-06 11:04:00,2025-03-15 23:07:00,87,4,4,5,445,445,Champions (VIP),438
CUST-00543,Wyatt Perez,wyatt.perez871@example.com,Charlotte,NC,2024-07-18,Social Media (Instagram/TikTok),Gold,6,2902.26,483.71,2026-08-20 23:44:00,2025-02-27 01:07:00,11,5,4,5,545,545,Champions (VIP),439
CUST-00479,Daniel Clark,daniel.clark317@example.com,Dallas,TX,2022-10-03,Affiliate Referral,Gold,4,2895.17,723.79,2026-04-11 21:47:00,2024-04-13 22:55:00,142,3,4,5,345,345,Loyal Customers,440
CUST-00255,Jayden Sanchez,jayden.sanchez435@example.com,Raleigh,NC,2022-12-12,Social Media (Instagram/TikTok),Gold,7,2893.62,413.37,2026-02-01 16:04:00,2023-09-04 21:19:00,211,3,5,5,355,355,Loyal Customers,441
CUST-01896,Jackson Thomas,jackson.thomas626@example.com,Nashville,TN,2026-02-17,Paid Search (Google),Standard,1,2889.98,2889.98,2026-03-16 15:47:00,2026-03-16 15:47:00,168,3,1,5,315,315,Promising / Needs Attention,442
CUST-00580,Emily Young,emily.young305@example.com,Phoenix,AZ,2023-06-19,Social Media (Instagram/TikTok),Gold,9,2881.88,320.21,2025-02-14 10:43:00,2023-06-22 15:46:00,564,2,5,5,255,255,At Risk VIPs (High Value),443
CUST-01470,Grace Walker,grace.walker692@example.com,Charlotte,NC,2024-09-06,Email Marketing,Silver,2,2880.14,1440.07,2025-08-03 17:44:00,2024-11-23 04:16:00,393,2,2,5,225,225,About to Sleep,444
CUST-01495,Elijah Young,elijah.young112@example.com,Salt Lake City,UT,2026-03-14,Paid Search (Google),Silver,3,2878.44,959.48,2026-05-20 05:31:00,2026-04-07 16:46:00,104,4,3,5,435,435,Loyal Customers,445
CUST-00095,Dylan Mitchell,dylan.mitchell183@example.com,Las Vegas,NV,2022-11-21,Social Media (Instagram/TikTok),Platinum,14,2874.07,205.29,2024-12-09 00:53:00,2022-12-22 12:21:00,631,1,5,5,155,155,At Risk VIPs (High Value),446
CUST-02242,Sophia Moore,sophia.moore441@example.com,Houston,TX,2023-02-10,Email Marketing,Standard,3,2873.08,957.69,2026-01-24 11:53:00,2024-06-05 20:56:00,220,3,3,5,335,335,Loyal Customers,447
CUST-00971,Hannah Lewis,hannah.lewis20@example.com,San Antonio,TX,2026-02-05,Affiliate Referral,Silver,4,2865.82,716.45,2026-05-31 06:05:00,2026-03-10 04:52:00,93,4,4,5,445,445,Champions (VIP),448
CUST-01399,Noah Nelson,noah.nelson334@example.com,Seattle,WA,2023-03-30,Social Media (Instagram/TikTok),Silver,3,2861.41,953.8,2026-05-19 09:03:00,2024-01-18 06:48:00,105,4,3,5,435,435,Loyal Customers,449
CUST-00698,Victoria Lopez,victoria.lopez512@example.com,Los Angeles,CA,2022-12-02,Organic Search,Gold,9,2853.21,317.02,2025-11-27 17:46:00,2023-11-30 20:06:00,277,3,5,5,355,355,Loyal Customers,450
CUST-01024,Henry Nelson,henry.nelson267@example.com,Raleigh,NC,2026-05-06,Organic Search,Silver,4,2850.93,712.73,2026-08-14 04:34:00,2026-05-20 04:33:00,18,5,4,5,545,545,Champions (VIP),451
CUST-02270,Victoria Torres,victoria.torres673@example.com,Houston,TX,2023-03-29,Email Marketing,Standard,1,2849.97,2849.97,2026-05-31 06:07:00,2026-05-31 06:07:00,93,4,1,5,415,415,Potential Loyalists,452
CUST-00208,Henry Young,henry.young944@example.com,Nashville,TN,2023-03-21,Paid Search (Google),Platinum,12,2848.31,237.36,2026-06-26 01:15:00,2023-10-31 03:49:00,67,4,5,5,455,455,Champions (VIP),453
CUST-00436,Riley Lopez,riley.lopez966@example.com,Los Angeles,CA,2024-08-22,Email Marketing,Gold,9,2846.36,316.26,2026-08-24 22:31:00,2024-09-27 11:01:00,7,5,5,5,555,555,Champions (VIP),454
CUST-00728,Scarlett Garcia,scarlett.garcia494@example.com,Tampa,FL,2023-01-23,Social Media (Instagram/TikTok),Gold,6,2841.25,473.54,2025-02-07 09:08:00,2023-02-08 05:27:00,571,2,4,5,245,245,At Risk VIPs (High Value),455
CUST-02300,Carter Wilson,carter.wilson772@example.com,Chicago,IL,2023-07-02,Email Marketing,Standard,1,2839.95,2839.95,2023-07-21 01:51:00,2023-07-21 01:51:00,1138,1,1,5,115,115,About to Sleep,456
CUST-00753,Chloe Brown,chloe.brown537@example.com,Indianapolis,IN,2023-04-22,Organic Search,Silver,5,2835.23,567.05,2026-05-09 16:22:00,2024-09-06 09:45:00,114,4,4,5,445,445,Champions (VIP),457
CUST-00724,Camila Nelson,camila.nelson298@example.com,Austin,TX,2023-09-30,Organic Search,Gold,9,2832.53,314.73,2025-11-29 00:24:00,2023-12-09 00:34:00,276,3,5,5,355,355,Loyal Customers,458
CUST-00476,Avery Wright,avery.wright232@example.com,Columbus,OH,2022-09-24,Paid Search (Google),Gold,9,2821.77,313.53,2025-12-03 00:30:00,2022-12-11 03:39:00,272,3,5,5,355,355,Loyal Customers,459
CUST-00134,Zoey Lopez,zoey.lopez761@example.com,Portland,OR,2026-01-23,Social Media (Instagram/TikTok),Platinum,10,2798.15,279.81,2026-08-18 07:50:00,2026-03-02 23:05:00,14,5,5,5,555,555,Champions (VIP),460
CUST-00586,Emily Roberts,emily.roberts478@example.com,Nashville,TN,2025-03-11,Affiliate Referral,Gold,9,2786.53,309.61,2026-07-18 18:26:00,2025-06-13 13:38:00,44,4,5,5,455,455,Champions (VIP),461
CUST-00294,Isabella Thompson,isabella.thompson529@example.com,Chicago,IL,2024-02-26,Email Marketing,Gold,7,2785.4,397.91,2025-03-27 01:22:00,2024-02-29 18:21:00,523,2,5,5,255,255,At Risk VIPs (High Value),462
CUST-01466,Amelia Mitchell,amelia.mitchell957@example.com,Philadelphia,PA,2022-10-11,Social Media (Instagram/TikTok),Silver,4,2784.14,696.03,2026-07-16 00:14:00,2024-04-29 04:32:00,47,4,4,5,445,445,Champions (VIP),463
CUST-00036,Luke King,luke.king472@example.com,Houston,TX,2023-10-21,Paid Search (Google),Platinum,13,2781.32,213.95,2026-04-07 17:04:00,2023-12-10 11:20:00,146,3,5,5,355,355,Loyal Customers,464
CUST-00062,Jayden Flores,jayden.flores586@example.com,Houston,TX,2022-10-29,Affiliate Referral,Platinum,11,2780.13,252.74,2026-02-21 03:13:00,2023-01-18 07:18:00,192,3,5,5,355,355,Loyal Customers,465
CUST-00756,Sofia Williams,sofia.williams477@example.com,Los Angeles,CA,2024-06-08,Paid Search (Google),Silver,5,2779.5,555.9,2026-08-19 23:41:00,2025-08-04 00:15:00,12,5,4,5,545,545,Champions (VIP),466
CUST-00514,Sofia Hall,sofia.hall241@example.com,Austin,TX,2026-04-01,Organic Search,Gold,6,2771.27,461.88,2026-08-08 21:41:00,2026-04-09 20:52:00,23,5,4,5,545,545,Champions (VIP),467
CUST-00682,Wyatt Young,wyatt.young40@example.com,Denver,CO,2026-03-31,Email Marketing,Gold,5,2767.71,553.54,2026-06-24 17:22:00,2026-04-05 20:27:00,68,4,4,5,445,445,Champions (VIP),468
CUST-00395,Lily Young,lily.young910@example.com,Austin,TX,2025-03-15,Organic Search,Gold,7,2765.58,395.08,2025-03-24 11:03:00,2025-03-16 10:01:00,526,2,5,5,255,255,At Risk VIPs (High Value),469
CUST-00130,Harper Torres,harper.torres811@example.com,Los Angeles,CA,2024-05-12,Affiliate Referral,Platinum,9,2750.41,305.6,2026-07-13 03:03:00,2024-06-27 04:15:00,50,4,5,5,455,455,Champions (VIP),470
CUST-00559,Daniel Lewis,daniel.lewis393@example.com,Denver,CO,2025-01-04,Affiliate Referral,Gold,10,2739.95,274.0,2026-06-15 12:05:00,2025-02-24 18:05:00,77,4,5,5,455,455,Champions (VIP),471
CUST-00441,David Hernandez,david.hernandez758@example.com,Atlanta,GA,2026-01-18,Social Media (Instagram/TikTok),Gold,5,2734.52,546.9,2026-07-25 02:32:00,2026-03-16 21:45:00,38,5,4,5,545,545,Champions (VIP),472
CUST-01362,Ella Nguyen,ella.nguyen494@example.com,Kansas City,MO,2025-01-03,Social Media (Instagram/TikTok),Silver,5,2728.62,545.72,2025-12-29 08:46:00,2025-01-07 19:59:00,246,3,4,5,345,345,Loyal Customers,473
CUST-00371,Chloe Robinson,chloe.robinson832@example.com,San Francisco,CA,2023-02-21,Affiliate Referral,Gold,6,2727.5,454.58,2025-02-11 09:56:00,2023-07-11 12:30:00,567,2,4,5,245,245,At Risk VIPs (High Value),474
CUST-01074,Henry Lee,henry.lee748@example.com,Chicago,IL,2026-02-08,Affiliate Referral,Silver,4,2721.47,680.37,2026-07-09 16:16:00,2026-03-16 15:20:00,53,4,4,5,445,445,Champions (VIP),475
CUST-00286,Benjamin Sanchez,benjamin.sanchez901@example.com,Austin,TX,2024-04-26,Paid Search (Google),Gold,8,2721.25,340.16,2026-08-12 13:33:00,2024-10-06 11:16:00,19,5,5,5,555,555,Champions (VIP),476
CUST-00165,Mia Baker,mia.baker249@example.com,Dallas,TX,2025-12-02,Affiliate Referral,Platinum,19,2714.22,142.85,2026-08-15 00:44:00,2025-12-08 00:06:00,17,5,5,5,555,555,Champions (VIP),477
CUST-00671,Alexander Baker,alexander.baker321@example.com,Kansas City,MO,2026-05-14,Affiliate Referral,Gold,6,2713.08,452.18,2026-08-06 15:43:00,2026-06-08 06:16:00,25,5,4,5,545,545,Champions (VIP),478
CUST-01553,Scarlett Taylor,scarlett.taylor251@example.com,Charlotte,NC,2024-12-10,Paid Search (Google),Standard,3,2711.91,903.97,2025-03-05 18:43:00,2024-12-25 06:46:00,544,2,3,5,235,235,At Risk VIPs (High Value),479
CUST-00266,Olivia Lopez,olivia.lopez289@example.com,Salt Lake City,UT,2024-02-23,Social Media (Instagram/TikTok),Gold,6,2711.86,451.98,2025-01-19 04:08:00,2024-04-25 04:25:00,590,1,4,5,145,145,At Risk VIPs (High Value),480
CUST-00686,Eleanor Brown,eleanor.brown99@example.com,Dallas,TX,2024-07-24,Paid Search (Google),Gold,3,2710.71,903.57,2025-10-24 15:09:00,2024-07-24 17:43:00,311,2,3,5,235,235,At Risk VIPs (High Value),481
CUST-00527,Nora Young,nora.young243@example.com,Seattle,WA,2025-07-07,Email Marketing,Gold,5,2710.12,542.02,2026-07-16 21:06:00,2025-11-10 02:55:00,46,4,4,5,445,445,Champions (VIP),482
CUST-00099,Riley Green,riley.green599@example.com,San Antonio,TX,2026-04-27,Email Marketing,Platinum,11,2709.53,246.32,2026-08-28 17:05:00,2026-05-04 12:47:00,3,5,5,5,555,555,Champions (VIP),483
CUST-00252,Madison Harris,madison.harris621@example.com,Portland,OR,2024-01-25,Email Marketing,Gold,5,2705.83,541.17,2025-02-04 10:49:00,2024-04-22 03:03:00,574,1,4,5,145,145,At Risk VIPs (High Value),484
CUST-01146,Samuel Jones,samuel.jones580@example.com,San Francisco,CA,2023-01-29,Paid Search (Google),Silver,5,2696.83,539.37,2026-07-22 12:26:00,2023-02-16 19:20:00,40,4,4,5,445,445,Champions (VIP),485
CUST-01044,Scarlett Davis,scarlett.davis662@example.com,Atlanta,GA,2025-11-17,Email Marketing,Silver,3,2689.3,896.43,2026-07-23 08:43:00,2026-03-30 04:35:00,40,4,3,5,435,435,Loyal Customers,486
CUST-00985,Lucas Taylor,lucas.taylor79@example.com,Denver,CO,2025-12-19,Paid Search (Google),Silver,3,2688.73,896.24,2026-07-26 07:00:00,2026-02-14 09:11:00,37,5,3,5,535,535,Loyal Customers,487
CUST-00542,Mila Robinson,mila.robinson119@example.com,Phoenix,AZ,2024-02-14,Organic Search,Gold,7,2682.2,383.17,2026-08-29 11:26:00,2024-06-01 16:31:00,3,5,5,5,555,555,Champions (VIP),488
CUST-00924,Emily Carter,emily.carter536@example.com,Phoenix,AZ,2024-11-30,Paid Search (Google),Silver,5,2679.52,535.9,2025-12-09 03:11:00,2024-12-04 00:20:00,266,3,4,4,344,344,Loyal Customers,489
CUST-01478,Liam Carter,liam.carter42@example.com,Boston,MA,2023-01-30,Email Marketing,Silver,5,2676.3,535.26,2026-05-26 16:53:00,2023-12-12 04:43:00,97,4,4,4,444,444,Champions (VIP),490
CUST-00283,Scarlett Davis,scarlett.davis424@example.com,New York,NY,2024-03-27,Paid Search (Google),Gold,7,2674.33,382.05,2025-03-01 07:34:00,2024-05-01 23:32:00,549,2,5,4,254,254,At Risk VIPs (High Value),491
CUST-01695,Zoey Lopez,zoey.lopez434@example.com,New York,NY,2025-05-17,Social Media (Instagram/TikTok),Standard,3,2672.9,890.97,2025-10-26 10:12:00,2025-06-07 22:06:00,310,2,3,4,234,234,At Risk VIPs (High Value),492
CUST-00362,Samuel Adams,samuel.adams295@example.com,San Diego,CA,2023-01-19,Organic Search,Gold,8,2670.17,333.77,2024-11-19 19:20:00,2023-04-12 20:08:00,650,1,5,4,154,154,At Risk VIPs (High Value),493
CUST-00997,Wyatt Anderson,wyatt.anderson778@example.com,Nashville,TN,2023-02-18,Organic Search,Silver,2,2657.92,1328.96,2025-10-25 10:51:00,2025-05-27 09:08:00,311,2,2,4,224,224,About to Sleep,494
CUST-01103,Ethan Young,ethan.young855@example.com,Salt Lake City,UT,2026-05-10,Affiliate Referral,Silver,3,2656.9,885.63,2026-07-22 06:33:00,2026-05-22 21:13:00,41,4,3,4,434,434,Loyal Customers,495
CUST-01254,Zoey Hall,zoey.hall614@example.com,Denver,CO,2025-12-02,Social Media (Instagram/TikTok),Silver,3,2651.46,883.82,2026-05-30 02:32:00,2026-03-14 18:52:00,94,4,3,4,434,434,Loyal Customers,496
CUST-01055,Elijah King,elijah.king691@example.com,San Antonio,TX,2025-01-24,Email Marketing,Silver,3,2648.69,882.9,2026-05-03 15:10:00,2026-01-20 06:37:00,120,3,3,4,334,334,Loyal Customers,497
CUST-02076,Aria Lopez,aria.lopez272@example.com,New York,NY,2025-06-05,Affiliate Referral,Standard,3,2636.43,878.81,2026-06-08 15:56:00,2025-11-26 03:14:00,84,4,3,4,434,434,Loyal Customers,498
CUST-00342,Ethan Roberts,ethan.roberts711@example.com,Atlanta,GA,2026-04-25,Email Marketing,Gold,7,2635.24,376.46,2026-08-24 22:10:00,2026-05-12 05:17:00,7,5,5,4,554,554,Champions (VIP),499
CUST-00761,Aiden Johnson,aiden.johnson405@example.com,Los Angeles,CA,2023-04-30,Affiliate Referral,Silver,3,2632.29,877.43,2025-03-14 01:12:00,2023-09-09 16:09:00,536,2,3,4,234,234,At Risk VIPs (High Value),500
CUST-02336,Harper King,harper.king109@example.com,San Diego,CA,2023-07-24,Organic Search,Standard,3,2631.43,877.14,2026-02-09 06:05:00,2024-12-01 10:22:00,204,3,3,4,334,334,Loyal Customers,501
CUST-01027,Benjamin Miller,benjamin.miller278@example.com,Charlotte,NC,2023-04-15,Organic Search,Silver,2,2628.96,1314.48,2026-06-18 09:46:00,2024-06-12 04:19:00,75,4,2,4,424,424,Potential Loyalists,502
CUST-02099,Ethan Ramirez,ethan.ramirez553@example.com,San Jose,CA,2025-10-11,Paid Search (Google),Standard,3,2627.39,875.8,2026-05-26 15:11:00,2025-11-19 07:57:00,97,4,3,4,434,434,Loyal Customers,503
CUST-00613,Ella Walker,ella.walker89@example.com,Phoenix,AZ,2025-09-28,Paid Search (Google),Gold,7,2626.98,375.28,2026-08-29 06:40:00,2025-11-01 02:08:00,3,5,5,4,554,554,Champions (VIP),504
CUST-02215,Grayson Green,grayson.green88@example.com,San Antonio,TX,2026-04-08,Email Marketing,Standard,3,2621.61,873.87,2026-08-11 03:51:00,2026-06-10 14:13:00,21,5,3,4,534,534,Loyal Customers,505
CUST-00944,Emily Anderson,emily.anderson860@example.com,Boston,MA,2025-10-13,Paid Search (Google),Silver,5,2618.93,523.79,2026-06-21 18:44:00,2025-11-14 08:20:00,71,4,4,4,444,444,Champions (VIP),506
CUST-00570,Ella Wilson,ella.wilson295@example.com,Columbus,OH,2026-05-12,Organic Search,Gold,5,2613.94,522.79,2026-08-30 22:05:00,2026-05-18 10:50:00,1,5,4,4,544,544,Champions (VIP),507
CUST-01396,Alexander Rivera,alexander.rivera558@example.com,Austin,TX,2023-06-09,Paid Search (Google),Silver,5,2613.87,522.77,2024-12-21 19:17:00,2023-08-18 05:13:00,618,1,4,4,144,144,At Risk VIPs (High Value),508
CUST-00931,Owen White,owen.white611@example.com,Minneapolis,MN,2022-11-07,Affiliate Referral,Silver,3,2607.22,869.07,2025-08-28 05:06:00,2024-04-14 03:09:00,369,2,3,4,234,234,At Risk VIPs (High Value),509
CUST-00820,Sebastian Harris,sebastian.harris716@example.com,Tampa,FL,2025-02-04,Email Marketing,Silver,4,2604.18,651.04,2026-03-28 17:18:00,2026-01-24 12:42:00,156,3,4,4,344,344,Loyal Customers,510
CUST-00706,Ethan Rivera,ethan.rivera585@example.com,Salt Lake City,UT,2025-11-08,Social Media (Instagram/TikTok),Gold,6,2603.38,433.9,2026-08-21 16:44:00,2025-12-03 03:25:00,10,5,4,4,544,544,Champions (VIP),511
CUST-00221,Mila Rodriguez,mila.rodriguez815@example.com,San Francisco,CA,2024-06-19,Affiliate Referral,Platinum,12,2600.45,216.7,2025-03-18 16:58:00,2024-07-29 17:45:00,531,2,5,4,254,254,At Risk VIPs (High Value),512
CUST-00625,Michael King,michael.king631@example.com,Portland,OR,2023-06-22,Email Marketing,Gold,6,2600.09,433.35,2025-01-14 16:24:00,2023-08-08 08:53:00,594,1,4,4,144,144,At Risk VIPs (High Value),513
CUST-00033,Mason Rodriguez,mason.rodriguez685@example.com,Miami,FL,2025-06-30,Paid Search (Google),Platinum,8,2594.16,324.27,2026-08-31 15:06:00,2025-07-25 02:20:00,0,5,5,4,554,554,Champions (VIP),514
CUST-00533,Mason Garcia,mason.garcia201@example.com,Boston,MA,2024-12-06,Affiliate Referral,Gold,7,2592.15,370.31,2026-07-17 08:08:00,2024-12-17 21:03:00,46,4,5,4,454,454,Champions (VIP),515
CUST-00573,Samuel Hill,samuel.hill407@example.com,Charlotte,NC,2024-08-12,Affiliate Referral,Gold,6,2589.4,431.57,2026-04-20 16:04:00,2024-10-12 18:49:00,133,3,4,4,344,344,Loyal Customers,516
CUST-00937,Avery Clark,avery.clark840@example.com,San Jose,CA,2023-01-19,Email Marketing,Silver,3,2585.39,861.8,2026-07-26 03:00:00,2024-07-14 07:26:00,37,5,3,4,534,534,Loyal Customers,517
CUST-00102,Lily Brown,lily.brown580@example.com,San Diego,CA,2023-02-04,Email Marketing,Platinum,11,2579.11,234.46,2026-08-14 21:38:00,2023-03-13 09:53:00,17,5,5,4,554,554,Champions (VIP),518
CUST-00431,Oliver Miller,oliver.miller433@example.com,San Jose,CA,2025-01-23,Organic Search,Gold,2,2569.97,1284.99,2025-04-01 07:00:00,2025-03-25 01:04:00,518,2,2,4,224,224,About to Sleep,519
CUST-00313,Noah Nelson,noah.nelson354@example.com,Columbus,OH,2025-11-17,Paid Search (Google),Gold,9,2563.7,284.86,2026-07-23 13:54:00,2026-02-12 20:38:00,39,5,5,4,554,554,Champions (VIP),520
CUST-00391,Amelia Lee,amelia.lee257@example.com,Atlanta,GA,2023-02-06,Social Media (Instagram/TikTok),Gold,8,2557.9,319.74,2024-06-11 09:19:00,2023-05-04 20:26:00,812,1,5,4,154,154,At Risk VIPs (High Value),521
CUST-00687,Riley Gonzalez,riley.gonzalez668@example.com,Indianapolis,IN,2025-05-12,Paid Search (Google),Gold,10,2554.54,255.45,2026-08-16 10:35:00,2025-06-24 19:05:00,16,5,5,4,554,554,Champions (VIP),522
CUST-01582,Mason Wilson,mason.wilson893@example.com,Los Angeles,CA,2026-01-09,Social Media (Instagram/TikTok),Standard,1,2549.93,2549.93,2026-08-02 02:27:00,2026-08-02 02:27:00,30,5,1,4,514,514,Potential Loyalists,523
CUST-01437,Chloe Roberts,chloe.roberts506@example.com,Boston,MA,2024-04-27,Paid Search (Google),Silver,4,2547.18,636.79,2026-04-20 06:40:00,2025-08-30 20:39:00,134,3,4,4,344,344,Loyal Customers,524
CUST-00952,Jack Anderson,jack.anderson970@example.com,Indianapolis,IN,2025-02-12,Email Marketing,Silver,3,2543.45,847.82,2026-03-03 03:27:00,2025-07-02 13:22:00,182,3,3,4,334,334,Loyal Customers,525
CUST-00534,John Miller,john.miller36@example.com,Chicago,IL,2024-05-25,Affiliate Referral,Gold,6,2534.37,422.39,2025-03-22 08:25:00,2024-06-26 11:11:00,528,2,4,4,244,244,At Risk VIPs (High Value),526
CUST-01387,Logan Young,logan.young164@example.com,Tampa,FL,2023-07-24,Affiliate Referral,Silver,5,2529.51,505.9,2026-05-07 10:41:00,2023-10-10 21:49:00,117,4,4,4,444,444,Champions (VIP),527
CUST-00672,Sophia Wilson,sophia.wilson865@example.com,Tampa,FL,2024-04-02,Paid Search (Google),Gold,7,2528.07,361.15,2025-01-31 08:03:00,2024-04-18 05:30:00,578,1,5,4,154,154,At Risk VIPs (High Value),528
CUST-01311,Eleanor Ramirez,eleanor.ramirez423@example.com,Tampa,FL,2022-10-22,Affiliate Referral,Silver,3,2524.62,841.54,2024-04-24 06:46:00,2023-01-01 08:44:00,860,1,3,4,134,134,At Risk VIPs (High Value),529
CUST-00452,Jayden Mitchell,jayden.mitchell630@example.com,Seattle,WA,2024-09-29,Affiliate Referral,Gold,7,2520.13,360.02,2025-03-30 21:11:00,2024-10-10 00:02:00,519,2,5,4,254,254,At Risk VIPs (High Value),530
CUST-01189,David King,david.king433@example.com,Portland,OR,2023-08-04,Paid Search (Google),Silver,2,2509.96,1254.98,2025-08-18 04:06:00,2025-08-05 17:17:00,379,2,2,4,224,224,About to Sleep,531
CUST-00469,Mason Campbell,mason.campbell238@example.com,Kansas City,MO,2022-06-08,Organic Search,Gold,9,2505.08,278.34,2024-10-17 18:37:00,2023-02-20 11:59:00,683,1,5,4,154,154,At Risk VIPs (High Value),532
CUST-00319,Aiden Roberts,aiden.roberts401@example.com,Portland,OR,2025-05-16,Email Marketing,Gold,7,2501.16,357.31,2026-06-05 21:40:00,2025-05-27 01:51:00,87,4,5,4,454,454,Champions (VIP),533
CUST-00616,Penelope Garcia,penelope.garcia758@example.com,Indianapolis,IN,2022-12-27,Organic Search,Gold,4,2496.7,624.17,2026-03-27 10:35:00,2024-02-20 12:41:00,158,3,4,4,344,344,Loyal Customers,534
CUST-00849,Evelyn Young,evelyn.young14@example.com,Portland,OR,2022-09-08,Affiliate Referral,Silver,5,2489.83,497.97,2026-04-26 21:08:00,2022-09-18 03:45:00,127,3,4,4,344,344,Loyal Customers,535
CUST-00301,Alexander White,alexander.white391@example.com,Austin,TX,2024-08-02,Email Marketing,Gold,3,2487.29,829.1,2025-01-11 00:12:00,2024-10-17 10:23:00,598,1,3,4,134,134,At Risk VIPs (High Value),536
CUST-01405,Eleanor Williams,eleanor.williams152@example.com,Las Vegas,NV,2025-07-03,Organic Search,Silver,4,2475.5,618.88,2026-07-08 19:18:00,2025-12-01 15:58:00,54,4,4,4,444,444,Champions (VIP),537
CUST-00116,Emily Robinson,emily.robinson951@example.com,Phoenix,AZ,2025-11-26,Affiliate Referral,Platinum,12,2463.02,205.25,2026-08-12 11:56:00,2026-01-27 16:09:00,20,5,5,4,554,554,Champions (VIP),538
CUST-02337,Dylan Johnson,dylan.johnson862@example.com,Portland,OR,2024-11-25,Email Marketing,Standard,3,2460.44,820.15,2026-03-23 02:59:00,2025-09-19 04:20:00,162,3,3,4,334,334,Loyal Customers,539
CUST-00587,Lucas Torres,lucas.torres126@example.com,Dallas,TX,2025-06-17,Social Media (Instagram/TikTok),Gold,8,2452.36,306.55,2026-08-05 14:13:00,2025-10-04 08:45:00,26,5,5,4,554,554,Champions (VIP),540
CUST-01145,Zoey Roberts,zoey.roberts158@example.com,Minneapolis,MN,2025-07-31,Paid Search (Google),Silver,4,2446.5,611.63,2026-03-11 01:11:00,2025-09-04 21:04:00,174,3,4,4,344,344,Loyal Customers,541
CUST-00904,John Adams,john.adams881@example.com,Portland,OR,2023-03-19,Paid Search (Google),Silver,3,2445.69,815.23,2025-05-30 23:26:00,2024-02-04 22:13:00,458,2,3,4,234,234,At Risk VIPs (High Value),542
CUST-00261,Oliver Jackson,oliver.jackson624@example.com,Austin,TX,2024-05-21,Organic Search,Gold,6,2445.61,407.6,2025-03-14 20:41:00,2024-08-11 05:47:00,535,2,4,4,244,244,At Risk VIPs (High Value),543
CUST-01381,Grace Moore,grace.moore525@example.com,Las Vegas,NV,2024-10-14,Social Media (Instagram/TikTok),Silver,4,2444.41,611.1,2026-03-19 12:09:00,2024-12-27 11:51:00,165,3,4,4,344,344,Loyal Customers,544
CUST-02010,Sophia Hill,sophia.hill469@example.com,Philadelphia,PA,2026-03-13,Affiliate Referral,Standard,2,2437.54,1218.77,2026-05-30 04:56:00,2026-05-15 18:14:00,94,4,2,4,424,424,Potential Loyalists,545
CUST-01527,Carter Walker,carter.walker742@example.com,Seattle,WA,2024-02-22,Organic Search,Standard,1,2437.45,2437.45,2026-05-02 00:25:00,2026-05-02 00:25:00,122,3,1,4,314,314,Promising / Needs Attention,546
CUST-00842,Grace Green,grace.green997@example.com,Indianapolis,IN,2024-01-19,Affiliate Referral,Silver,4,2436.91,609.23,2025-04-30 02:47:00,2024-05-08 07:02:00,489,2,4,4,244,244,At Risk VIPs (High Value),547
CUST-00284,Jayden Hall,jayden.hall951@example.com,Seattle,WA,2022-11-28,Email Marketing,Gold,8,2433.08,304.13,2026-08-18 10:27:00,2023-04-28 16:59:00,14,5,5,4,554,554,Champions (VIP),548
CUST-00770,Luna Moore,luna.moore665@example.com,San Jose,CA,2023-12-20,Social Media (Instagram/TikTok),Silver,5,2431.15,486.23,2026-06-13 10:21:00,2024-11-15 07:09:00,80,4,4,4,444,444,Champions (VIP),549
CUST-00788,Alexander Young,alexander.young814@example.com,Columbus,OH,2022-11-28,Paid Search (Google),Silver,5,2429.74,485.95,2025-10-07 03:07:00,2023-06-25 21:03:00,329,2,4,4,244,244,At Risk VIPs (High Value),550
CUST-01120,Logan Lewis,logan.lewis55@example.com,Kansas City,MO,2023-09-22,Paid Search (Google),Silver,4,2429.66,607.41,2026-05-29 05:24:00,2025-04-25 02:39:00,95,4,4,4,444,444,Champions (VIP),551
CUST-00619,Emma Flores,emma.flores675@example.com,Philadelphia,PA,2024-11-18,Social Media (Instagram/TikTok),Gold,9,2404.54,267.17,2026-05-01 07:16:00,2024-12-08 09:04:00,123,3,5,4,354,354,Loyal Customers,552
CUST-00646,Emily White,emily.white171@example.com,Dallas,TX,2022-12-28,Affiliate Referral,Gold,7,2399.18,342.74,2026-08-14 10:23:00,2023-04-17 13:12:00,18,5,5,4,554,554,Champions (VIP),553
CUST-01227,Ethan Rivera,ethan.rivera620@example.com,Nashville,TN,2025-12-11,Email Marketing,Silver,4,2397.91,599.48,2026-08-23 09:09:00,2026-01-31 23:03:00,9,5,4,4,544,544,Champions (VIP),554
CUST-01231,Lily Walker,lily.walker247@example.com,San Diego,CA,2023-03-22,Affiliate Referral,Silver,5,2390.76,478.15,2026-07-12 08:08:00,2023-05-13 19:15:00,51,4,4,4,444,444,Champions (VIP),555
CUST-00323,Benjamin Carter,benjamin.carter174@example.com,Dallas,TX,2024-12-07,Affiliate Referral,Gold,7,2382.75,340.39,2026-07-01 23:30:00,2024-12-27 23:21:00,61,4,5,4,454,454,Champions (VIP),556
CUST-00585,Scarlett Williams,scarlett.williams291@example.com,San Diego,CA,2025-06-06,Social Media (Instagram/TikTok),Gold,9,2378.5,264.28,2026-07-19 20:21:00,2025-09-07 02:46:00,43,4,5,4,454,454,Champions (VIP),557
CUST-01113,Layla Taylor,layla.taylor97@example.com,Denver,CO,2025-03-24,Email Marketing,Silver,4,2375.26,593.82,2025-03-30 13:13:00,2025-03-27 16:46:00,519,2,4,4,244,244,At Risk VIPs (High Value),558
CUST-00077,Ethan Clark,ethan.clark35@example.com,Philadelphia,PA,2024-04-11,Email Marketing,Platinum,9,2374.8,263.87,2026-03-22 07:19:00,2024-08-04 11:13:00,163,3,5,4,354,354,Loyal Customers,559
CUST-01385,Jacob Robinson,jacob.robinson99@example.com,Chicago,IL,2024-08-09,Paid Search (Google),Silver,3,2356.93,785.64,2025-01-30 23:42:00,2024-10-05 04:10:00,578,1,3,4,134,134,At Risk VIPs (High Value),560
CUST-02130,Owen Hernandez,owen.hernandez65@example.com,Indianapolis,IN,2024-06-30,Email Marketing,Standard,2,2351.44,1175.72,2024-11-08 22:11:00,2024-10-05 07:01:00,661,1,2,4,124,124,About to Sleep,561
CUST-01701,John Lee,john.lee274@example.com,Denver,CO,2023-02-03,Organic Search,Standard,1,2344.95,2344.95,2024-07-28 19:14:00,2024-07-28 19:14:00,764,1,1,4,114,114,About to Sleep,562
CUST-00490,Ella Walker,ella.walker223@example.com,Tampa,FL,2024-04-12,Social Media (Instagram/TikTok),Gold,8,2340.78,292.6,2025-03-01 06:11:00,2024-04-25 04:49:00,549,2,5,4,254,254,At Risk VIPs (High Value),563
CUST-01850,Olivia Smith,olivia.smith355@example.com,Kansas City,MO,2023-06-29,Organic Search,Standard,2,2338.45,1169.22,2025-09-20 16:06:00,2025-03-29 03:15:00,345,2,2,4,224,224,About to Sleep,564
CUST-00609,Matthew Hernandez,matthew.hernandez905@example.com,Dallas,TX,2022-12-09,Social Media (Instagram/TikTok),Gold,6,2330.8,388.47,2025-04-01 12:49:00,2024-03-19 17:50:00,517,2,4,4,244,244,At Risk VIPs (High Value),565
CUST-00739,Jack Garcia,jack.garcia709@example.com,Boston,MA,2023-07-19,Paid Search (Google),Gold,4,2326.15,581.54,2025-11-17 18:43:00,2024-03-02 18:53:00,287,3,4,4,344,344,Loyal Customers,566
CUST-01082,Michael Adams,michael.adams513@example.com,Kansas City,MO,2022-11-11,Email Marketing,Silver,4,2324.11,581.03,2026-01-18 05:34:00,2024-01-20 08:08:00,226,3,4,4,344,344,Loyal Customers,567
CUST-00732,Daniel Moore,daniel.moore587@example.com,Los Angeles,CA,2023-04-06,Organic Search,Gold,8,2323.36,290.42,2025-03-23 06:10:00,2023-08-22 21:13:00,527,2,5,4,254,254,At Risk VIPs (High Value),568
CUST-01127,Owen Nguyen,owen.nguyen937@example.com,Las Vegas,NV,2025-05-14,Organic Search,Silver,3,2318.94,772.98,2026-08-16 04:36:00,2025-09-09 12:09:00,16,5,3,4,534,534,Loyal Customers,569
CUST-00867,Oliver Harris,oliver.harris406@example.com,Boston,MA,2026-04-04,Social Media (Instagram/TikTok),Silver,2,2314.43,1157.21,2026-07-19 09:25:00,2026-05-19 00:15:00,44,4,2,4,424,424,Potential Loyalists,570
CUST-01228,Grace Martin,grace.martin350@example.com,Kansas City,MO,2023-07-11,Affiliate Referral,Silver,3,2313.78,771.26,2026-04-16 13:09:00,2025-05-26 02:56:00,137,3,3,4,334,334,Loyal Customers,571
CUST-00509,John Smith,john.smith27@example.com,Portland,OR,2023-12-15,Affiliate Referral,Gold,5,2311.48,462.3,2025-08-12 14:41:00,2024-08-28 19:28:00,384,2,4,4,244,244,At Risk VIPs (High Value),572
CUST-00160,Isabella Flores,isabella.flores993@example.com,Raleigh,NC,2022-12-21,Paid Search (Google),Platinum,16,2309.63,144.35,2026-08-18 14:24:00,2023-02-07 21:37:00,13,5,5,4,554,554,Champions (VIP),573
CUST-00504,Isabella King,isabella.king44@example.com,Kansas City,MO,2022-10-31,Organic Search,Gold,7,2305.07,329.3,2025-12-19 01:16:00,2023-03-17 01:42:00,256,3,5,4,354,354,Loyal Customers,574
CUST-00837,James Garcia,james.garcia820@example.com,Charlotte,NC,2025-11-19,Social Media (Instagram/TikTok),Silver,5,2303.62,460.72,2026-07-28 13:30:00,2025-11-22 20:20:00,34,5,4,4,544,544,Champions (VIP),575
CUST-00590,Matthew Williams,matthew.williams470@example.com,Dallas,TX,2024-05-14,Organic Search,Gold,3,2291.69,763.9,2026-08-15 21:10:00,2024-08-21 17:54:00,16,5,3,4,534,534,Loyal Customers,576
CUST-01064,Isabella Thompson,isabella.thompson670@example.com,Phoenix,AZ,2026-05-07,Affiliate Referral,Silver,3,2283.94,761.31,2026-08-29 06:26:00,2026-07-24 12:27:00,3,5,3,4,534,534,Loyal Customers,577
CUST-00307,Mason Hill,mason.hill735@example.com,Chicago,IL,2024-02-25,Affiliate Referral,Gold,4,2282.33,570.58,2025-03-09 06:20:00,2024-04-17 18:58:00,541,2,4,4,244,244,At Risk VIPs (High Value),578
CUST-00599,Grayson Martinez,grayson.martinez601@example.com,Minneapolis,MN,2023-12-03,Email Marketing,Gold,8,2279.35,284.92,2025-02-07 11:44:00,2024-03-22 19:27:00,571,2,5,4,254,254,At Risk VIPs (High Value),579
CUST-01029,Mason Rodriguez,mason.rodriguez549@example.com,Kansas City,MO,2023-05-16,Organic Search,Silver,2,2267.68,1133.84,2026-08-07 03:45:00,2024-01-10 11:37:00,25,5,2,4,524,524,Potential Loyalists,580
CUST-00400,Sophia Sanchez,sophia.sanchez62@example.com,Nashville,TN,2025-07-25,Paid Search (Google),Gold,4,2266.55,566.64,2026-04-11 04:35:00,2025-08-20 00:43:00,143,3,4,4,344,344,Loyal Customers,581
CUST-01285,Avery Harris,avery.harris709@example.com,Salt Lake City,UT,2024-08-07,Email Marketing,Silver,4,2263.55,565.89,2025-02-08 11:33:00,2024-10-02 12:21:00,570,2,4,4,244,244,At Risk VIPs (High Value),582
CUST-00927,William Taylor,william.taylor388@example.com,San Diego,CA,2022-08-27,Paid Search (Google),Silver,2,2262.97,1131.49,2025-01-25 19:10:00,2023-02-09 00:08:00,583,1,2,4,124,124,About to Sleep,583
CUST-01409,Nora Baker,nora.baker697@example.com,Chicago,IL,2025-04-14,Email Marketing,Silver,4,2262.42,565.61,2026-04-29 14:21:00,2025-09-21 11:30:00,124,3,4,4,344,344,Loyal Customers,584
CUST-00654,Madison Garcia,madison.garcia576@example.com,Atlanta,GA,2022-06-17,Social Media (Instagram/TikTok),Gold,6,2258.79,376.46,2025-12-31 01:44:00,2023-08-22 22:18:00,244,3,4,4,344,344,Loyal Customers,585
CUST-00870,Mila Roberts,mila.roberts752@example.com,San Antonio,TX,2024-01-24,Email Marketing,Silver,5,2257.9,451.58,2026-04-16 01:18:00,2024-04-30 03:10:00,138,3,4,4,344,344,Loyal Customers,586
CUST-02105,Lucas Torres,lucas.torres447@example.com,Raleigh,NC,2023-12-23,Paid Search (Google),Standard,3,2255.68,751.89,2026-06-08 13:14:00,2025-04-06 09:03:00,84,4,3,4,434,434,Loyal Customers,587
CUST-01902,Sebastian Mitchell,sebastian.mitchell224@example.com,Raleigh,NC,2024-08-24,Social Media (Instagram/TikTok),Standard,1,2254.98,2254.98,2025-02-10 19:24:00,2025-02-10 19:24:00,567,2,1,4,214,214,About to Sleep,588
CUST-00892,Jackson Scott,jackson.scott82@example.com,Nashville,TN,2023-09-10,Social Media (Instagram/TikTok),Silver,4,2254.1,563.52,2024-12-09 16:30:00,2023-09-24 06:31:00,630,1,4,4,144,144,At Risk VIPs (High Value),589
CUST-00523,Penelope Baker,penelope.baker928@example.com,San Francisco,CA,2024-04-10,Email Marketing,Gold,5,2243.9,448.78,2026-05-18 19:49:00,2024-07-04 20:32:00,105,4,4,4,444,444,Champions (VIP),590
CUST-00660,Michael King,michael.king253@example.com,Boston,MA,2025-03-04,Organic Search,Gold,5,2243.05,448.61,2026-07-09 13:30:00,2025-05-25 22:19:00,53,4,4,4,444,444,Champions (VIP),591
CUST-00377,Isabella Davis,isabella.davis540@example.com,Phoenix,AZ,2024-02-13,Paid Search (Google),Gold,6,2242.05,373.67,2025-01-09 17:20:00,2024-03-09 12:36:00,599,1,4,4,144,144,At Risk VIPs (High Value),592
CUST-02138,Jacob Lee,jacob.lee779@example.com,Denver,CO,2024-05-29,Paid Search (Google),Standard,1,2241.21,2241.21,2025-07-03 02:52:00,2025-07-03 02:52:00,425,2,1,4,214,214,About to Sleep,593
CUST-01534,Benjamin Roberts,benjamin.roberts973@example.com,Miami,FL,2025-01-20,Email Marketing,Standard,2,2235.44,1117.72,2026-08-14 06:26:00,2025-07-24 20:03:00,18,5,2,4,524,524,Potential Loyalists,594
CUST-02018,James Flores,james.flores481@example.com,San Jose,CA,2024-02-02,Social Media (Instagram/TikTok),Standard,2,2235.19,1117.6,2025-12-03 22:50:00,2025-01-20 14:53:00,271,3,2,4,324,324,Promising / Needs Attention,595
CUST-00520,Noah Lopez,noah.lopez961@example.com,Tampa,FL,2024-03-06,Organic Search,Gold,6,2234.8,372.47,2026-08-18 22:07:00,2024-10-01 18:22:00,13,5,4,4,544,544,Champions (VIP),596
CUST-00961,John Scott,john.scott812@example.com,San Francisco,CA,2025-02-13,Paid Search (Google),Silver,5,2230.96,446.19,2025-03-21 11:37:00,2025-02-20 03:57:00,529,2,4,4,244,244,At Risk VIPs (High Value),597
CUST-00483,Owen Lopez,owen.lopez782@example.com,San Francisco,CA,2025-01-25,Paid Search (Google),Gold,5,2227.48,445.5,2026-06-30 01:48:00,2025-03-19 02:57:00,63,4,4,4,444,444,Champions (VIP),598
CUST-01666,Evelyn Rivera,evelyn.rivera396@example.com,Portland,OR,2023-10-21,Organic Search,Standard,2,2219.96,1109.98,2026-05-02 10:03:00,2024-02-17 19:19:00,122,3,2,4,324,324,Promising / Needs Attention,599
CUST-01039,Avery Smith,avery.smith571@example.com,Seattle,WA,2023-06-22,Email Marketing,Silver,2,2214.97,1107.49,2025-03-22 01:17:00,2023-09-16 23:03:00,528,2,2,4,224,224,About to Sleep,600
CUST-01134,Jayden Scott,jayden.scott958@example.com,Salt Lake City,UT,2022-07-15,Organic Search,Silver,5,2211.63,442.33,2024-07-25 03:32:00,2023-10-21 01:10:00,768,1,4,4,144,144,At Risk VIPs (High Value),601
CUST-00694,Isabella Carter,isabella.carter980@example.com,San Diego,CA,2025-08-23,Email Marketing,Gold,4,2209.71,552.43,2026-06-16 18:33:00,2025-12-11 21:57:00,76,4,4,4,444,444,Champions (VIP),602
CUST-00541,Sofia Campbell,sofia.campbell650@example.com,Miami,FL,2025-09-29,Affiliate Referral,Gold,8,2204.64,275.58,2026-07-28 03:47:00,2025-10-20 18:07:00,35,5,5,4,554,554,Champions (VIP),603
CUST-00383,Sophia Johnson,sophia.johnson93@example.com,Los Angeles,CA,2026-01-04,Affiliate Referral,Gold,7,2201.54,314.51,2026-07-23 08:36:00,2026-01-20 18:37:00,40,4,5,4,454,454,Champions (VIP),604
CUST-00373,John Roberts,john.roberts429@example.com,Kansas City,MO,2025-08-21,Organic Search,Gold,5,2197.57,439.51,2026-03-19 11:54:00,2025-08-26 23:43:00,166,3,4,4,344,344,Loyal Customers,605
CUST-00696,Grace Nguyen,grace.nguyen38@example.com,Salt Lake City,UT,2026-05-05,Social Media (Instagram/TikTok),Gold,6,2196.3,366.05,2026-08-30 18:33:00,2026-05-16 14:38:00,1,5,4,4,544,544,Champions (VIP),606
CUST-00511,Ethan Miller,ethan.miller950@example.com,Houston,TX,2025-05-09,Paid Search (Google),Gold,6,2195.04,365.84,2026-05-21 09:26:00,2025-05-13 10:34:00,103,4,4,4,444,444,Champions (VIP),607
CUST-00568,Elizabeth Green,elizabeth.green683@example.com,Boston,MA,2024-08-19,Organic Search,Gold,7,2190.67,312.95,2025-03-29 17:28:00,2024-08-22 13:29:00,520,2,5,4,254,254,At Risk VIPs (High Value),608
CUST-01152,Grace Garcia,grace.garcia714@example.com,Columbus,OH,2025-02-01,Paid Search (Google),Silver,4,2186.96,546.74,2026-06-23 01:34:00,2025-06-26 15:51:00,70,4,4,4,444,444,Champions (VIP),609
CUST-00982,Jackson Wright,jackson.wright842@example.com,Indianapolis,IN,2025-08-21,Social Media (Instagram/TikTok),Silver,3,2177.76,725.92,2026-06-23 01:30:00,2025-10-22 23:33:00,70,4,3,4,434,434,Loyal Customers,610
CUST-00427,Luke Adams,luke.adams272@example.com,Raleigh,NC,2025-02-06,Paid Search (Google),Gold,4,2171.44,542.86,2026-07-15 10:39:00,2025-07-11 07:45:00,48,4,4,4,444,444,Champions (VIP),611
CUST-00874,David Robinson,david.robinson736@example.com,Phoenix,AZ,2022-08-21,Paid Search (Google),Silver,5,2168.75,433.75,2025-07-07 16:29:00,2023-03-17 19:51:00,420,2,4,4,244,244,At Risk VIPs (High Value),612
CUST-02371,Grace Thompson,grace.thompson643@example.com,San Francisco,CA,2023-03-10,Organic Search,Standard,2,2167.48,1083.74,2024-06-25 09:11:00,2024-04-04 17:41:00,798,1,2,4,124,124,About to Sleep,613
CUST-01154,Grayson Walker,grayson.walker150@example.com,Philadelphia,PA,2023-07-01,Paid Search (Google),Silver,5,2164.27,432.85,2026-03-31 16:30:00,2023-07-08 06:37:00,153,3,4,4,344,344,Loyal Customers,614
CUST-01304,Ethan Lewis,ethan.lewis81@example.com,Miami,FL,2023-07-16,Affiliate Referral,Silver,4,2162.68,540.67,2026-02-04 18:16:00,2024-05-02 11:49:00,208,3,4,4,344,344,Loyal Customers,615
CUST-01282,Emily Wilson,emily.wilson601@example.com,Raleigh,NC,2024-05-07,Organic Search,Silver,5,2160.03,432.01,2026-01-31 01:46:00,2024-08-08 22:31:00,213,3,4,4,344,344,Loyal Customers,616
CUST-00886,Sophia Jackson,sophia.jackson929@example.com,Minneapolis,MN,2023-06-30,Social Media (Instagram/TikTok),Silver,4,2158.29,539.57,2026-02-08 00:50:00,2024-01-20 05:25:00,205,3,4,4,344,344,Loyal Customers,617
CUST-00471,Owen Anderson,owen.anderson263@example.com,Atlanta,GA,2024-05-09,Paid Search (Google),Gold,7,2157.28,308.18,2025-01-23 10:20:00,2024-07-18 22:38:00,586,1,5,4,154,154,At Risk VIPs (High Value),618
CUST-00737,Logan Davis,logan.davis982@example.com,Columbus,OH,2024-12-06,Paid Search (Google),Gold,7,2155.4,307.91,2026-07-02 23:50:00,2025-07-09 01:03:00,60,4,5,4,454,454,Champions (VIP),619
CUST-00917,Evelyn Wright,evelyn.wright211@example.com,Dallas,TX,2025-12-05,Organic Search,Silver,3,2152.96,717.65,2026-07-29 22:09:00,2025-12-31 23:14:00,33,5,3,4,534,534,Loyal Customers,620
CUST-00349,Luke Harris,luke.harris357@example.com,Philadelphia,PA,2025-03-13,Email Marketing,Gold,5,2148.1,429.62,2026-08-16 23:18:00,2025-03-20 02:39:00,15,5,4,4,544,544,Champions (VIP),621
CUST-00281,Liam Robinson,liam.robinson953@example.com,Chicago,IL,2024-03-03,Affiliate Referral,Gold,6,2147.41,357.9,2026-08-26 19:44:00,2024-04-01 13:01:00,5,5,4,4,544,544,Champions (VIP),622
CUST-01497,Emily Flores,emily.flores316@example.com,Seattle,WA,2024-11-09,Paid Search (Google),Silver,3,2146.77,715.59,2025-11-08 03:48:00,2025-01-22 17:45:00,297,3,3,4,334,334,Loyal Customers,623
CUST-00603,Grace Jones,grace.jones824@example.com,San Francisco,CA,2024-08-23,Paid Search (Google),Gold,5,2140.38,428.08,2026-06-25 13:51:00,2024-10-23 04:47:00,67,4,4,4,444,444,Champions (VIP),624
CUST-00973,Avery Flores,avery.flores183@example.com,Las Vegas,NV,2022-08-13,Social Media (Instagram/TikTok),Silver,4,2129.26,532.32,2024-08-27 11:27:00,2023-06-10 22:43:00,735,1,4,4,144,144,At Risk VIPs (High Value),625
CUST-01048,Avery Garcia,avery.garcia164@example.com,New York,NY,2025-03-07,Paid Search (Google),Silver,4,2128.4,532.1,2026-06-05 06:09:00,2026-03-28 19:57:00,88,4,4,4,444,444,Champions (VIP),626
CUST-01263,James Torres,james.torres520@example.com,Tampa,FL,2023-09-28,Affiliate Referral,Silver,3,2122.93,707.64,2025-10-20 12:06:00,2024-04-21 03:13:00,315,2,3,4,234,234,At Risk VIPs (High Value),627
CUST-00622,Penelope Thompson,penelope.thompson996@example.com,Boston,MA,2024-03-06,Paid Search (Google),Gold,6,2117.92,352.99,2026-02-13 21:48:00,2025-07-19 12:49:00,199,3,4,4,344,344,Loyal Customers,628
CUST-00655,Mila Jackson,mila.jackson587@example.com,Indianapolis,IN,2024-02-13,Affiliate Referral,Gold,10,2111.99,211.2,2026-08-03 08:10:00,2024-05-11 07:01:00,29,5,5,4,554,554,Champions (VIP),629
CUST-00485,Isabella Scott,isabella.scott432@example.com,Boston,MA,2025-07-16,Affiliate Referral,Gold,4,2103.66,525.91,2026-08-08 19:43:00,2026-04-16 06:19:00,23,5,4,4,544,544,Champions (VIP),630
CUST-01281,John Roberts,john.roberts402@example.com,San Diego,CA,2026-02-13,Email Marketing,Silver,3,2102.92,700.97,2026-06-23 20:37:00,2026-02-14 18:26:00,69,4,3,4,434,434,Loyal Customers,631
CUST-00555,Benjamin Miller,benjamin.miller797@example.com,San Diego,CA,2026-02-06,Social Media (Instagram/TikTok),Gold,6,2102.88,350.48,2026-08-07 05:49:00,2026-02-27 22:24:00,25,5,4,4,544,544,Champions (VIP),632
CUST-00652,Oliver Lopez,oliver.lopez238@example.com,Indianapolis,IN,2025-04-22,Organic Search,Gold,7,2101.77,300.25,2026-08-27 13:25:00,2025-04-26 05:59:00,4,5,5,4,554,554,Champions (VIP),633
CUST-01317,Matthew Hall,matthew.hall409@example.com,Houston,TX,2025-12-13,Social Media (Instagram/TikTok),Silver,4,2100.93,525.23,2026-07-20 13:23:00,2026-01-10 08:44:00,42,4,4,4,444,444,Champions (VIP),634
CUST-00709,James Hall,james.hall981@example.com,Nashville,TN,2024-08-10,Affiliate Referral,Gold,5,2098.09,419.62,2026-05-19 06:26:00,2024-08-11 15:14:00,105,4,4,4,444,444,Champions (VIP),635
CUST-01476,Hannah Robinson,hannah.robinson216@example.com,Austin,TX,2026-02-15,Email Marketing,Silver,4,2092.9,523.23,2026-06-17 04:29:00,2026-03-31 01:55:00,76,4,4,4,444,444,Champions (VIP),636
CUST-01761,Scarlett White,scarlett.white18@example.com,Portland,OR,2025-09-14,Paid Search (Google),Standard,2,2092.04,1046.02,2026-08-16 20:11:00,2026-02-11 03:03:00,15,5,2,4,524,524,Potential Loyalists,637
CUST-01617,Riley Young,riley.young764@example.com,Nashville,TN,2025-10-03,Affiliate Referral,Standard,1,2084.94,2084.94,2025-12-27 04:11:00,2025-12-27 04:11:00,248,3,1,4,314,314,Promising / Needs Attention,638
CUST-02297,Lucas Moore,lucas.moore712@example.com,Portland,OR,2026-01-01,Organic Search,Standard,1,2079.97,2079.97,2026-04-07 01:37:00,2026-04-07 01:37:00,147,3,1,4,314,314,Promising / Needs Attention,639
CUST-00384,Camila Adams,camila.adams225@example.com,Columbus,OH,2025-08-15,Email Marketing,Gold,8,2073.48,259.19,2026-08-30 16:52:00,2025-10-01 21:20:00,1,5,5,4,554,554,Champions (VIP),640
CUST-00335,Scarlett Ramirez,scarlett.ramirez11@example.com,Charlotte,NC,2024-05-23,Paid Search (Google),Gold,4,2073.27,518.32,2024-10-09 23:46:00,2024-06-04 23:27:00,691,1,4,4,144,144,At Risk VIPs (High Value),641
CUST-02346,Emma Nguyen,emma.nguyen320@example.com,Los Angeles,CA,2026-01-12,Affiliate Referral,Standard,2,2067.95,1033.97,2026-08-30 06:38:00,2026-05-29 10:17:00,2,5,2,4,524,524,Potential Loyalists,642
CUST-02135,Sebastian Garcia,sebastian.garcia593@example.com,Nashville,TN,2022-08-31,Affiliate Referral,Standard,2,2064.96,1032.48,2026-02-16 02:49:00,2024-12-10 07:45:00,197,3,2,4,324,324,Promising / Needs Attention,643
CUST-01455,Dylan White,dylan.white724@example.com,Nashville,TN,2023-06-15,Email Marketing,Silver,2,2063.96,1031.98,2025-04-13 09:49:00,2024-01-30 13:18:00,506,2,2,4,224,224,About to Sleep,644
CUST-00809,Mila Thompson,mila.thompson730@example.com,Boston,MA,2024-01-26,Paid Search (Google),Silver,4,2061.19,515.3,2026-08-25 02:42:00,2024-10-05 00:59:00,7,5,4,4,544,544,Champions (VIP),645
CUST-00315,Emily Campbell,emily.campbell458@example.com,Los Angeles,CA,2024-09-19,Social Media (Instagram/TikTok),Gold,3,2056.42,685.47,2026-01-05 05:24:00,2025-01-22 17:45:00,239,3,3,4,334,334,Loyal Customers,646
CUST-00455,Nora King,nora.king730@example.com,Seattle,WA,2022-11-07,Affiliate Referral,Gold,4,2048.84,512.21,2026-07-14 16:42:00,2023-06-16 21:08:00,48,4,4,4,444,444,Champions (VIP),647
CUST-00626,Scarlett Adams,scarlett.adams65@example.com,Indianapolis,IN,2023-10-04,Email Marketing,Gold,5,2047.98,409.6,2026-02-05 22:44:00,2023-10-22 21:31:00,207,3,4,4,344,344,Loyal Customers,648
CUST-01105,Owen Garcia,owen.garcia808@example.com,Los Angeles,CA,2024-04-15,Social Media (Instagram/TikTok),Silver,4,2045.75,511.44,2025-11-12 14:50:00,2024-06-08 00:08:00,292,3,4,4,344,344,Loyal Customers,649
CUST-00699,Avery Hill,avery.hill234@example.com,New York,NY,2025-05-14,Email Marketing,Gold,7,2045.29,292.18,2026-08-04 08:36:00,2025-06-01 12:47:00,28,5,5,4,554,554,Champions (VIP),650
CUST-00410,Matthew Walker,matthew.walker845@example.com,New York,NY,2024-06-24,Social Media (Instagram/TikTok),Gold,4,2044.65,511.16,2026-05-04 03:36:00,2024-09-18 14:42:00,120,3,4,4,344,344,Loyal Customers,651
CUST-02140,Abigail Johnson,abigail.johnson611@example.com,Indianapolis,IN,2024-07-22,Email Marketing,Standard,2,2043.96,1021.98,2026-07-01 21:58:00,2025-03-27 12:37:00,61,4,2,4,424,424,Potential Loyalists,652
CUST-01596,Jack Jackson,jack.jackson592@example.com,Los Angeles,CA,2025-07-03,Organic Search,Standard,3,2041.22,680.41,2026-02-02 10:37:00,2025-07-12 19:12:00,211,3,3,4,334,334,Loyal Customers,653
CUST-01056,Victoria Lee,victoria.lee172@example.com,Minneapolis,MN,2022-08-26,Affiliate Referral,Silver,5,2040.94,408.19,2026-03-22 22:19:00,2022-10-24 15:03:00,162,3,4,4,344,344,Loyal Customers,654
CUST-00298,Madison Hill,madison.hill497@example.com,Portland,OR,2023-04-05,Organic Search,Gold,6,2040.64,340.11,2026-06-01 04:00:00,2023-07-19 14:57:00,92,4,4,4,444,444,Champions (VIP),655
CUST-01325,Avery Jones,avery.jones47@example.com,Raleigh,NC,2023-03-17,Email Marketing,Silver,3,2039.05,679.68,2024-05-15 05:44:00,2023-10-15 15:32:00,839,1,3,4,134,134,At Risk VIPs (High Value),656
CUST-00711,Amelia Young,amelia.young154@example.com,San Jose,CA,2022-11-07,Paid Search (Google),Gold,8,2035.97,254.5,2025-07-01 07:46:00,2022-12-11 00:10:00,427,2,5,4,254,254,At Risk VIPs (High Value),657
CUST-00505,James Clark,james.clark150@example.com,Kansas City,MO,2025-12-13,Paid Search (Google),Gold,6,2032.8,338.8,2026-08-14 03:43:00,2026-02-08 02:56:00,18,5,4,4,544,544,Champions (VIP),658
CUST-00736,Henry Walker,henry.walker316@example.com,Chicago,IL,2024-08-17,Organic Search,Gold,8,2031.17,253.9,2025-03-17 09:09:00,2024-09-14 06:55:00,533,2,5,4,254,254,At Risk VIPs (High Value),659
CUST-00104,Samuel Carter,samuel.carter922@example.com,Atlanta,GA,2025-11-06,Affiliate Referral,Platinum,7,2029.5,289.93,2026-08-20 21:36:00,2026-02-24 00:12:00,11,5,5,4,554,554,Champions (VIP),660
CUST-00595,Madison Rivera,madison.rivera309@example.com,Austin,TX,2025-08-16,Social Media (Instagram/TikTok),Gold,7,2028.4,289.77,2026-06-20 19:42:00,2025-10-26 00:21:00,72,4,5,4,454,454,Champions (VIP),661
CUST-01193,Grace Rodriguez,grace.rodriguez639@example.com,Nashville,TN,2025-03-13,Affiliate Referral,Silver,3,2025.75,675.25,2025-03-28 02:56:00,2025-03-18 05:48:00,522,2,3,4,234,234,At Risk VIPs (High Value),662
CUST-00659,James Carter,james.carter683@example.com,Denver,CO,2024-02-20,Organic Search,Gold,7,2025.57,289.37,2026-08-12 06:36:00,2024-03-31 12:06:00,20,5,5,4,554,554,Champions (VIP),663
CUST-00357,Olivia Martinez,olivia.martinez879@example.com,Charlotte,NC,2026-03-20,Email Marketing,Gold,8,2024.61,253.08,2026-08-13 02:12:00,2026-04-16 01:16:00,19,5,5,4,554,554,Champions (VIP),664
CUST-01147,Samuel Martinez,samuel.martinez754@example.com,New York,NY,2024-03-14,Email Marketing,Silver,2,2023.51,1011.75,2025-08-29 17:24:00,2024-10-02 22:34:00,367,2,2,4,224,224,About to Sleep,665
CUST-00544,Luke Perez,luke.perez450@example.com,Kansas City,MO,2026-01-24,Affiliate Referral,Gold,3,2019.93,673.31,2026-08-31 16:30:00,2026-06-02 10:37:00,0,5,3,4,534,534,Loyal Customers,666
CUST-00507,Jayden White,jayden.white71@example.com,Charlotte,NC,2025-12-28,Affiliate Referral,Gold,8,2015.2,251.9,2026-08-02 19:30:00,2026-02-05 04:36:00,29,5,5,4,554,554,Champions (VIP),667
CUST-00295,Nora Williams,nora.williams68@example.com,Seattle,WA,2024-01-09,Organic Search,Gold,8,2013.87,251.73,2026-08-03 07:16:00,2024-08-05 12:59:00,29,5,5,4,554,554,Champions (VIP),668
CUST-02399,Grace Anderson,grace.anderson464@example.com,Salt Lake City,UT,2024-02-10,Social Media (Instagram/TikTok),Standard,1,2004.97,2004.97,2025-11-11 20:27:00,2025-11-11 20:27:00,293,3,1,4,314,314,Promising / Needs Attention,669
CUST-02129,Mia Hall,mia.hall489@example.com,Miami,FL,2024-03-03,Email Marketing,Standard,2,2000.42,1000.21,2024-11-04 21:21:00,2024-04-21 07:48:00,665,1,2,4,124,124,About to Sleep,670
CUST-00742,Jayden Smith,jayden.smith815@example.com,Salt Lake City,UT,2025-11-28,Affiliate Referral,Gold,7,1996.24,285.18,2026-08-03 02:41:00,2025-12-18 12:00:00,29,5,5,4,554,554,Champions (VIP),671
CUST-02199,David Hernandez,david.hernandez992@example.com,Nashville,TN,2024-10-28,Paid Search (Google),Standard,1,1994.26,1994.26,2026-06-22 05:37:00,2026-06-22 05:37:00,71,4,1,4,414,414,Potential Loyalists,672
CUST-01574,Sebastian Torres,sebastian.torres922@example.com,Las Vegas,NV,2025-09-12,Paid Search (Google),Standard,1,1992.47,1992.47,2026-06-14 02:46:00,2026-06-14 02:46:00,79,4,1,4,414,414,Potential Loyalists,673
CUST-00746,Dylan Williams,dylan.williams186@example.com,Dallas,TX,2024-09-03,Paid Search (Google),Gold,4,1992.4,498.1,2026-08-07 14:03:00,2024-11-07 10:10:00,24,5,4,4,544,544,Champions (VIP),674
CUST-01838,Owen Perez,owen.perez773@example.com,Denver,CO,2023-07-04,Email Marketing,Standard,2,1991.93,995.97,2026-01-01 21:53:00,2024-04-30 02:54:00,242,3,2,4,324,324,Promising / Needs Attention,675
CUST-00740,Camila Lee,camila.lee942@example.com,Raleigh,NC,2022-10-16,Organic Search,Gold,7,1989.78,284.25,2026-06-17 08:09:00,2023-02-23 00:20:00,76,4,5,4,454,454,Champions (VIP),676
CUST-00765,Daniel Taylor,daniel.taylor632@example.com,Indianapolis,IN,2024-02-16,Social Media (Instagram/TikTok),Silver,2,1988.95,994.48,2024-09-13 00:23:00,2024-06-28 01:49:00,718,1,2,4,124,124,About to Sleep,677
CUST-01998,Abigail Nelson,abigail.nelson139@example.com,Phoenix,AZ,2024-07-15,Affiliate Referral,Standard,1,1984.97,1984.97,2025-03-26 23:24:00,2025-03-26 23:24:00,523,2,1,4,214,214,About to Sleep,678
CUST-00522,Mia Martin,mia.martin176@example.com,Nashville,TN,2023-10-06,Affiliate Referral,Gold,6,1982.58,330.43,2025-08-21 08:14:00,2023-10-24 06:26:00,376,2,4,4,244,244,At Risk VIPs (High Value),679
CUST-01568,Oliver Gonzalez,oliver.gonzalez162@example.com,Los Angeles,CA,2023-09-14,Paid Search (Google),Standard,1,1979.96,1979.96,2025-03-24 16:43:00,2025-03-24 16:43:00,525,2,1,4,214,214,About to Sleep,680
CUST-00265,Olivia Hill,olivia.hill961@example.com,Las Vegas,NV,2026-04-21,Social Media (Instagram/TikTok),Gold,4,1979.62,494.91,2026-07-14 14:04:00,2026-05-06 18:44:00,48,4,4,4,444,444,Champions (VIP),681
CUST-01238,John Thomas,john.thomas645@example.com,San Diego,CA,2025-06-27,Paid Search (Google),Silver,2,1974.06,987.03,2026-05-10 15:30:00,2025-11-12 14:13:00,113,4,2,4,424,424,Potential Loyalists,682
CUST-00372,Charlotte Jones,charlotte.jones326@example.com,Denver,CO,2025-02-05,Affiliate Referral,Gold,5,1973.07,394.61,2025-03-26 16:39:00,2025-03-02 22:17:00,523,2,4,4,244,244,At Risk VIPs (High Value),683
CUST-01159,Owen Campbell,owen.campbell330@example.com,Denver,CO,2025-11-04,Affiliate Referral,Silver,3,1971.41,657.14,2026-07-30 23:18:00,2025-11-11 21:39:00,32,5,3,4,534,534,Loyal Customers,684
CUST-00404,Carter Carter,carter.carter157@example.com,San Antonio,TX,2025-10-16,Affiliate Referral,Gold,8,1967.67,245.96,2026-08-04 20:02:00,2025-11-16 04:54:00,27,5,5,4,554,554,Champions (VIP),685
CUST-00876,Matthew Young,matthew.young818@example.com,Nashville,TN,2025-07-01,Social Media (Instagram/TikTok),Silver,3,1965.75,655.25,2025-11-06 12:58:00,2025-07-21 14:39:00,298,3,3,4,334,334,Loyal Customers,686
CUST-00529,Benjamin Roberts,benjamin.roberts643@example.com,Austin,TX,2023-10-18,Organic Search,Gold,6,1962.97,327.16,2026-04-06 03:52:00,2024-01-15 17:12:00,148,3,4,4,344,344,Loyal Customers,687
CUST-02109,Riley Scott,riley.scott519@example.com,San Francisco,CA,2025-05-29,Email Marketing,Standard,2,1962.92,981.46,2026-03-08 10:48:00,2025-10-09 14:38:00,177,3,2,4,324,324,Promising / Needs Attention,688
CUST-01300,Lily Nelson,lily.nelson968@example.com,Chicago,IL,2025-12-30,Email Marketing,Silver,3,1962.44,654.15,2026-04-25 20:16:00,2026-02-02 18:39:00,128,3,3,4,334,334,Loyal Customers,689
CUST-01299,Elizabeth Davis,elizabeth.davis722@example.com,Philadelphia,PA,2023-11-01,Social Media (Instagram/TikTok),Silver,4,1959.54,489.88,2026-05-27 10:03:00,2024-01-06 07:50:00,97,4,4,4,444,444,Champions (VIP),690
CUST-01149,Abigail Roberts,abigail.roberts202@example.com,Houston,TX,2023-02-25,Paid Search (Google),Silver,2,1957.43,978.72,2025-02-18 13:31:00,2025-01-31 05:54:00,559,2,2,4,224,224,About to Sleep,691
CUST-01930,Amelia Ramirez,amelia.ramirez742@example.com,New York,NY,2023-04-25,Social Media (Instagram/TikTok),Standard,2,1954.45,977.23,2025-02-26 04:53:00,2023-07-19 05:29:00,552,2,2,4,224,224,About to Sleep,692
CUST-01184,Riley Lopez,riley.lopez175@example.com,Las Vegas,NV,2024-01-04,Affiliate Referral,Silver,2,1950.42,975.21,2025-01-15 00:40:00,2024-03-22 15:34:00,594,1,2,4,124,124,About to Sleep,693
CUST-00757,Aria White,aria.white853@example.com,Atlanta,GA,2025-03-31,Email Marketing,Silver,5,1943.85,388.77,2026-04-12 21:34:00,2025-06-07 23:55:00,141,3,4,4,344,344,Loyal Customers,694
CUST-00690,Penelope Moore,penelope.moore194@example.com,New York,NY,2024-03-15,Affiliate Referral,Gold,8,1943.6,242.95,2025-03-18 15:04:00,2024-08-23 12:09:00,531,2,5,4,254,254,At Risk VIPs (High Value),695
CUST-01443,Mason Hall,mason.hall155@example.com,Salt Lake City,UT,2023-09-08,Social Media (Instagram/TikTok),Silver,3,1939.52,646.51,2026-07-17 23:09:00,2024-11-26 06:57:00,45,4,3,4,434,434,Loyal Customers,696
CUST-01108,Victoria King,victoria.king52@example.com,San Jose,CA,2025-06-10,Affiliate Referral,Silver,5,1937.35,387.47,2026-06-10 08:19:00,2025-06-28 20:31:00,83,4,4,4,444,444,Champions (VIP),697
CUST-01301,Aria Roberts,aria.roberts447@example.com,Salt Lake City,UT,2026-02-27,Social Media (Instagram/TikTok),Silver,4,1937.33,484.33,2026-08-12 03:25:00,2026-03-04 15:43:00,20,5,4,4,544,544,Champions (VIP),698
CUST-01503,Matthew Ramirez,matthew.ramirez689@example.com,San Francisco,CA,2024-03-03,Paid Search (Google),Standard,2,1932.93,966.47,2024-08-25 20:49:00,2024-05-17 20:29:00,736,1,2,4,124,124,About to Sleep,699
CUST-00552,Henry Taylor,henry.taylor684@example.com,Phoenix,AZ,2024-10-14,Email Marketing,Gold,10,1932.85,193.28,2026-08-31 00:44:00,2024-11-08 05:16:00,1,5,5,4,554,554,Champions (VIP),700
CUST-01604,Elizabeth Garcia,elizabeth.garcia774@example.com,Charlotte,NC,2023-11-14,Organic Search,Standard,2,1928.96,964.48,2024-12-23 23:37:00,2024-07-19 15:47:00,616,1,2,4,124,124,About to Sleep,701
CUST-00903,Benjamin Martin,benjamin.martin225@example.com,Raleigh,NC,2024-05-05,Paid Search (Google),Silver,4,1924.45,481.11,2026-02-08 08:21:00,2024-08-10 19:25:00,205,3,4,4,344,344,Loyal Customers,702
CUST-00394,Samuel Gonzalez,samuel.gonzalez791@example.com,Philadelphia,PA,2025-03-17,Affiliate Referral,Gold,5,1921.95,384.39,2025-03-26 23:41:00,2025-03-18 04:38:00,523,2,4,4,244,244,At Risk VIPs (High Value),703
CUST-01166,Lucas Lopez,lucas.lopez807@example.com,Nashville,TN,2026-04-26,Affiliate Referral,Silver,3,1920.51,640.17,2026-08-28 14:34:00,2026-05-11 06:04:00,3,5,3,4,534,534,Loyal Customers,704
CUST-00990,Sebastian Lopez,sebastian.lopez979@example.com,Raleigh,NC,2026-03-31,Paid Search (Google),Silver,2,1914.87,957.44,2026-06-25 08:09:00,2026-06-10 12:56:00,68,4,2,4,424,424,Potential Loyalists,705
CUST-00978,Joseph Thompson,joseph.thompson996@example.com,Kansas City,MO,2023-12-19,Paid Search (Google),Silver,2,1911.68,955.84,2025-02-12 02:55:00,2024-10-30 04:21:00,566,2,2,4,224,224,About to Sleep,706
CUST-01388,Liam Jackson,liam.jackson436@example.com,Las Vegas,NV,2025-06-13,Paid Search (Google),Silver,2,1906.71,953.36,2026-02-07 21:57:00,2025-07-23 23:08:00,205,3,2,4,324,324,Promising / Needs Attention,707
CUST-01186,Charlotte Roberts,charlotte.roberts316@example.com,San Jose,CA,2024-06-24,Email Marketing,Silver,3,1901.48,633.83,2025-12-10 10:25:00,2024-09-03 09:58:00,265,3,3,4,334,334,Loyal Customers,708
CUST-00258,Zoey Miller,zoey.miller772@example.com,Raleigh,NC,2024-07-03,Paid Search (Google),Gold,5,1899.91,379.98,2026-07-24 09:28:00,2025-01-15 23:22:00,39,5,4,4,544,544,Champions (VIP),709
CUST-02439,Joseph Wilson,joseph.wilson397@example.com,Kansas City,MO,2025-09-06,Organic Search,Standard,1,1895.49,1895.49,2026-05-13 13:27:00,2026-05-13 13:27:00,110,4,1,4,414,414,Potential Loyalists,710
CUST-00584,Grayson Hernandez,grayson.hernandez94@example.com,Nashville,TN,2022-08-03,Paid Search (Google),Gold,6,1894.12,315.69,2025-09-05 22:05:00,2023-04-01 12:48:00,360,2,4,4,244,244,At Risk VIPs (High Value),711
CUST-00470,Matthew Robinson,matthew.robinson699@example.com,Raleigh,NC,2025-06-20,Email Marketing,Gold,4,1884.95,471.24,2026-07-06 12:54:00,2026-02-20 01:27:00,56,4,4,4,444,444,Champions (VIP),712
CUST-01573,Charlotte Wilson,charlotte.wilson899@example.com,Austin,TX,2023-06-05,Paid Search (Google),Standard,1,1884.79,1884.79,2024-01-04 19:20:00,2024-01-04 19:20:00,970,1,1,4,114,114,About to Sleep,713
CUST-00880,David White,david.white310@example.com,San Antonio,TX,2025-11-18,Affiliate Referral,Silver,3,1883.97,627.99,2026-07-18 22:21:00,2025-12-07 16:44:00,44,4,3,4,434,434,Loyal Customers,714
CUST-00733,Benjamin Nelson,benjamin.nelson362@example.com,Indianapolis,IN,2025-06-13,Email Marketing,Gold,6,1879.4,313.23,2026-08-07 19:23:00,2025-06-25 18:00:00,24,5,4,4,544,544,Champions (VIP),715
CUST-00723,Oliver Miller,oliver.miller349@example.com,San Antonio,TX,2023-06-25,Email Marketing,Gold,6,1875.34,312.56,2025-03-14 21:41:00,2024-01-22 22:06:00,535,2,4,4,244,244,At Risk VIPs (High Value),716
CUST-00582,Grayson Rodriguez,grayson.rodriguez209@example.com,Kansas City,MO,2024-07-26,Affiliate Referral,Gold,8,1875.14,234.39,2026-08-04 00:41:00,2024-08-22 16:26:00,28,5,5,4,554,554,Champions (VIP),717
CUST-00256,Jack Lee,jack.lee691@example.com,Dallas,TX,2024-07-06,Paid Search (Google),Gold,5,1872.98,374.6,2026-04-19 13:50:00,2024-08-13 13:26:00,134,3,4,4,344,344,Loyal Customers,718
CUST-02301,Amelia Moore,amelia.moore908@example.com,Minneapolis,MN,2026-03-22,Affiliate Referral,Standard,2,1871.46,935.73,2026-08-01 00:53:00,2026-06-03 10:55:00,31,5,2,4,524,524,Potential Loyalists,719
CUST-01316,Ethan Scott,ethan.scott50@example.com,Denver,CO,2026-02-13,Paid Search (Google),Silver,4,1871.18,467.8,2026-07-02 15:24:00,2026-04-15 05:01:00,60,4,4,4,444,444,Champions (VIP),720
CUST-00850,Zoey Nguyen,zoey.nguyen504@example.com,Portland,OR,2023-05-29,Affiliate Referral,Silver,3,1870.47,623.49,2024-10-03 20:41:00,2023-08-16 16:24:00,697,1,3,4,134,134,At Risk VIPs (High Value),721
CUST-01344,Daniel Robinson,daniel.robinson798@example.com,Minneapolis,MN,2026-02-10,Paid Search (Google),Silver,2,1870.37,935.18,2026-08-13 06:18:00,2026-06-03 19:21:00,19,5,2,4,524,524,Potential Loyalists,722
CUST-01552,Riley Lopez,riley.lopez428@example.com,Indianapolis,IN,2023-03-26,Organic Search,Standard,1,1869.16,1869.16,2025-10-20 06:00:00,2025-10-20 06:00:00,316,2,1,4,214,214,About to Sleep,723
CUST-00922,Evelyn Robinson,evelyn.robinson523@example.com,Portland,OR,2022-12-03,Email Marketing,Silver,3,1864.96,621.65,2025-01-31 23:49:00,2024-03-29 02:01:00,577,1,3,4,134,134,At Risk VIPs (High Value),724
CUST-01386,Aiden Jones,aiden.jones121@example.com,Philadelphia,PA,2023-12-18,Organic Search,Silver,4,1861.95,465.49,2026-07-19 09:27:00,2024-02-11 18:30:00,44,4,4,4,444,444,Champions (VIP),725
CUST-01233,Madison Robinson,madison.robinson509@example.com,New York,NY,2022-10-12,Email Marketing,Silver,3,1859.78,619.93,2026-08-18 10:38:00,2024-09-13 10:43:00,14,5,3,4,534,534,Loyal Customers,726
CUST-01393,Luke Robinson,luke.robinson321@example.com,Nashville,TN,2023-02-26,Social Media (Instagram/TikTok),Silver,2,1859.16,929.58,2023-11-23 10:38:00,2023-07-29 11:54:00,1013,1,2,4,124,124,About to Sleep,727
CUST-01165,Logan Robinson,logan.robinson859@example.com,Minneapolis,MN,2024-12-12,Organic Search,Silver,3,1854.94,618.31,2025-03-30 02:17:00,2025-02-15 15:27:00,520,2,3,4,234,234,At Risk VIPs (High Value),728
CUST-00941,Logan Brown,logan.brown180@example.com,Dallas,TX,2023-06-04,Affiliate Referral,Silver,4,1854.67,463.67,2026-07-31 23:53:00,2023-06-27 10:40:00,31,5,4,4,544,544,Champions (VIP),729
CUST-00124,Abigail Thomas,abigail.thomas139@example.com,Miami,FL,2026-03-03,Organic Search,Platinum,9,1854.36,206.04,2026-08-09 06:36:00,2026-03-31 03:57:00,23,5,5,4,554,554,Champions (VIP),730
CUST-00054,Eleanor Allen,eleanor.allen951@example.com,Tampa,FL,2025-05-23,Paid Search (Google),Platinum,9,1849.87,205.54,2026-08-22 00:45:00,2025-08-07 05:05:00,10,5,5,4,554,554,Champions (VIP),731
CUST-00065,Matthew Flores,matthew.flores836@example.com,Minneapolis,MN,2025-05-19,Organic Search,Platinum,11,1849.45,168.13,2026-08-11 08:55:00,2025-07-14 04:52:00,21,5,5,4,554,554,Champions (VIP),732
CUST-00392,Nora Thomas,nora.thomas154@example.com,Houston,TX,2022-09-12,Social Media (Instagram/TikTok),Gold,4,1849.21,462.3,2025-12-23 18:57:00,2024-04-08 08:00:00,251,3,4,4,344,344,Loyal Customers,733
CUST-02355,Joseph Nguyen,joseph.nguyen642@example.com,Kansas City,MO,2024-09-04,Organic Search,Standard,3,1849.18,616.39,2025-02-10 20:47:00,2024-10-20 06:53:00,567,2,3,4,234,234,At Risk VIPs (High Value),734
CUST-01210,Chloe Lewis,chloe.lewis859@example.com,Austin,TX,2023-08-17,Affiliate Referral,Silver,3,1848.9,616.3,2026-04-30 22:56:00,2023-11-27 08:43:00,123,3,3,4,334,334,Loyal Customers,735
CUST-02021,Benjamin King,benjamin.king536@example.com,Phoenix,AZ,2024-09-19,Organic Search,Standard,2,1847.98,923.99,2025-10-03 16:26:00,2025-05-17 07:34:00,332,2,2,4,224,224,About to Sleep,736
CUST-00423,Grayson Lee,grayson.lee501@example.com,Seattle,WA,2025-07-22,Social Media (Instagram/TikTok),Gold,5,1845.87,369.17,2026-08-12 20:25:00,2025-09-20 14:39:00,19,5,4,4,544,544,Champions (VIP),737
CUST-01382,Oliver Jones,oliver.jones391@example.com,Seattle,WA,2024-12-13,Email Marketing,Silver,2,1845.46,922.73,2026-06-01 10:25:00,2025-02-17 08:34:00,92,4,2,4,424,424,Potential Loyalists,738
CUST-02087,Mason Thomas,mason.thomas798@example.com,Chicago,IL,2023-12-01,Paid Search (Google),Standard,1,1844.95,1844.95,2025-02-16 12:03:00,2025-02-16 12:03:00,561,2,1,4,214,214,About to Sleep,739
CUST-00562,Victoria Perez,victoria.perez476@example.com,Indianapolis,IN,2023-07-29,Affiliate Referral,Gold,4,1843.92,460.98,2026-06-27 17:49:00,2023-09-08 03:37:00,65,4,4,4,444,444,Champions (VIP),740
CUST-02402,Grayson Moore,grayson.moore90@example.com,San Antonio,TX,2023-03-08,Affiliate Referral,Standard,3,1842.33,614.11,2024-09-24 07:19:00,2023-05-29 13:51:00,707,1,3,4,134,134,At Risk VIPs (High Value),741
CUST-01831,Penelope Nelson,penelope.nelson197@example.com,Salt Lake City,UT,2025-08-08,Organic Search,Standard,2,1839.96,919.98,2026-01-18 00:49:00,2025-12-18 06:19:00,226,3,2,4,324,324,Promising / Needs Attention,742
CUST-01485,Grace Roberts,grace.roberts301@example.com,San Jose,CA,2022-10-04,Organic Search,Silver,4,1838.65,459.66,2025-02-06 18:44:00,2022-11-03 04:16:00,571,2,4,4,244,244,At Risk VIPs (High Value),743
CUST-01340,John Thomas,john.thomas970@example.com,Philadelphia,PA,2025-11-02,Organic Search,Silver,2,1838.23,919.12,2026-07-03 08:19:00,2025-11-10 12:22:00,60,4,2,4,424,424,Potential Loyalists,744
CUST-01880,Carter Sanchez,carter.sanchez396@example.com,Philadelphia,PA,2025-01-20,Email Marketing,Standard,3,1828.94,609.65,2025-11-22 18:47:00,2025-01-27 05:03:00,282,3,3,4,334,334,Loyal Customers,745
CUST-02089,Luna Rivera,luna.rivera97@example.com,San Antonio,TX,2023-03-13,Email Marketing,Standard,3,1826.93,608.98,2025-08-26 09:51:00,2024-08-28 03:07:00,371,2,3,4,234,234,At Risk VIPs (High Value),746
CUST-00306,Joseph Martin,joseph.martin681@example.com,Salt Lake City,UT,2026-02-16,Email Marketing,Gold,7,1819.19,259.88,2026-08-08 11:43:00,2026-05-18 04:27:00,24,5,5,4,554,554,Champions (VIP),747
CUST-00631,Liam Nguyen,liam.nguyen79@example.com,New York,NY,2023-11-19,Paid Search (Google),Gold,6,1819.18,303.2,2026-04-17 10:12:00,2024-03-30 11:28:00,137,3,4,4,344,344,Loyal Customers,748
CUST-01348,Jayden Williams,jayden.williams116@example.com,Raleigh,NC,2022-09-16,Affiliate Referral,Silver,2,1817.89,908.95,2023-03-08 13:23:00,2022-11-11 19:01:00,1272,1,2,4,124,124,About to Sleep,749
CUST-01202,Dylan Williams,dylan.williams671@example.com,Phoenix,AZ,2025-02-11,Paid Search (Google),Silver,3,1810.45,603.48,2026-07-18 05:49:00,2025-03-04 20:57:00,45,4,3,4,434,434,Loyal Customers,750
CUST-02192,Scarlett Clark,scarlett.clark226@example.com,San Diego,CA,2024-12-18,Affiliate Referral,Standard,2,1809.98,904.99,2026-06-04 07:07:00,2026-02-08 23:03:00,89,4,2,4,424,424,Potential Loyalists,751
CUST-01463,Dylan Baker,dylan.baker386@example.com,Philadelphia,PA,2022-06-27,Email Marketing,Silver,2,1809.95,904.98,2026-08-27 01:14:00,2024-01-03 16:15:00,5,5,2,4,524,524,Potential Loyalists,752
CUST-01862,Eleanor Jones,eleanor.jones353@example.com,New York,NY,2025-10-29,Affiliate Referral,Standard,2,1806.98,903.49,2026-08-05 15:14:00,2026-01-07 21:27:00,26,5,2,4,524,524,Potential Loyalists,753
CUST-01468,Avery Ramirez,avery.ramirez752@example.com,Miami,FL,2023-12-23,Affiliate Referral,Silver,3,1806.46,602.15,2024-04-22 08:12:00,2024-01-20 21:49:00,862,1,3,4,134,134,At Risk VIPs (High Value),754
CUST-01990,David Roberts,david.roberts289@example.com,Phoenix,AZ,2023-09-06,Social Media (Instagram/TikTok),Standard,1,1799.95,1799.95,2024-04-25 06:03:00,2024-04-25 06:03:00,859,1,1,4,114,114,About to Sleep,755
CUST-01110,Oliver Baker,oliver.baker759@example.com,Denver,CO,2024-11-29,Affiliate Referral,Silver,3,1798.65,599.55,2026-05-25 15:50:00,2025-01-08 12:02:00,98,4,3,4,434,434,Loyal Customers,756
CUST-00670,Victoria Robinson,victoria.robinson281@example.com,Tampa,FL,2023-02-01,Organic Search,Gold,3,1797.77,599.26,2024-04-02 09:17:00,2023-04-09 08:59:00,882,1,3,4,134,134,At Risk VIPs (High Value),757
CUST-00438,Emma Martin,emma.martin591@example.com,Charlotte,NC,2023-01-06,Social Media (Instagram/TikTok),Gold,5,1794.7,358.94,2024-09-13 14:32:00,2023-01-21 23:50:00,717,1,4,4,144,144,At Risk VIPs (High Value),758
CUST-01032,Evelyn Hall,evelyn.hall562@example.com,Philadelphia,PA,2025-09-23,Affiliate Referral,Silver,5,1790.83,358.17,2026-08-06 17:23:00,2025-11-25 10:57:00,25,5,4,4,544,544,Champions (VIP),759
CUST-00627,Penelope Davis,penelope.davis256@example.com,Miami,FL,2025-12-28,Affiliate Referral,Gold,4,1789.3,447.32,2026-07-30 01:16:00,2026-02-05 11:46:00,33,5,4,4,544,544,Champions (VIP),760
CUST-01250,Zoey Rivera,zoey.rivera947@example.com,Seattle,WA,2022-11-30,Affiliate Referral,Silver,5,1789.03,357.81,2025-03-05 06:18:00,2024-01-19 23:58:00,545,2,4,4,244,244,At Risk VIPs (High Value),761
CUST-01284,Lily Sanchez,lily.sanchez497@example.com,Austin,TX,2025-01-31,Affiliate Referral,Silver,3,1787.01,595.67,2026-07-01 23:30:00,2025-03-28 06:33:00,61,4,3,4,434,434,Loyal Customers,762
CUST-02027,Lucas Gonzalez,lucas.gonzalez301@example.com,Los Angeles,CA,2023-03-01,Email Marketing,Standard,3,1786.17,595.39,2024-08-14 08:08:00,2023-10-31 18:57:00,748,1,3,4,134,134,At Risk VIPs (High Value),763
CUST-00750,Avery Rodriguez,avery.rodriguez317@example.com,Raleigh,NC,2024-11-24,Social Media (Instagram/TikTok),Gold,6,1782.58,297.1,2026-08-08 21:53:00,2025-04-03 17:22:00,23,5,4,4,544,544,Champions (VIP),764
CUST-01442,Ethan Rivera,ethan.rivera321@example.com,New York,NY,2023-01-29,Paid Search (Google),Silver,3,1780.47,593.49,2024-09-28 18:02:00,2023-10-05 16:41:00,702,1,3,4,134,134,At Risk VIPs (High Value),765
CUST-00651,Sebastian Jones,sebastian.jones595@example.com,Seattle,WA,2023-01-31,Affiliate Referral,Gold,3,1776.96,592.32,2024-11-23 23:32:00,2023-03-31 23:08:00,646,1,3,4,134,134,At Risk VIPs (High Value),766
CUST-01786,Chloe King,chloe.king721@example.com,Miami,FL,2025-03-10,Email Marketing,Standard,1,1775.42,1775.42,2026-07-14 20:23:00,2026-07-14 20:23:00,48,4,1,4,414,414,Potential Loyalists,767
CUST-01394,Emily Taylor,emily.taylor242@example.com,Miami,FL,2024-07-01,Social Media (Instagram/TikTok),Silver,3,1774.32,591.44,2026-06-06 04:10:00,2026-01-12 23:15:00,87,4,3,4,434,434,Loyal Customers,768
CUST-02060,William Walker,william.walker439@example.com,Portland,OR,2025-03-28,Organic Search,Standard,2,1772.81,886.4,2025-03-31 09:26:00,2025-03-29 03:45:00,519,2,2,4,224,224,About to Sleep,769
CUST-02187,Alexander Wright,alexander.wright456@example.com,Denver,CO,2024-01-05,Email Marketing,Standard,2,1772.14,886.07,2024-11-08 23:20:00,2024-06-02 23:58:00,661,1,2,4,124,124,About to Sleep,770
CUST-01066,Joseph Lewis,joseph.lewis760@example.com,San Antonio,TX,2022-07-14,Email Marketing,Silver,3,1769.85,589.95,2025-12-02 04:46:00,2022-11-16 08:59:00,273,3,3,4,334,334,Loyal Customers,771
CUST-00499,Scarlett Martinez,scarlett.martinez210@example.com,San Jose,CA,2023-09-15,Email Marketing,Gold,4,1769.64,442.41,2024-12-22 05:21:00,2024-02-22 07:56:00,618,1,4,4,144,144,At Risk VIPs (High Value),772
CUST-01415,Aiden Hernandez,aiden.hernandez835@example.com,Raleigh,NC,2024-10-16,Email Marketing,Silver,5,1768.08,353.62,2025-03-22 09:21:00,2025-01-10 06:38:00,528,2,4,4,244,244,At Risk VIPs (High Value),773
CUST-00537,Sofia Torres,sofia.torres543@example.com,Philadelphia,PA,2026-04-04,Email Marketing,Gold,8,1761.29,220.16,2026-08-27 05:19:00,2026-05-10 05:44:00,5,5,5,4,554,554,Champions (VIP),774
CUST-00268,Layla Jones,layla.jones155@example.com,Raleigh,NC,2025-12-18,Organic Search,Gold,8,1761.19,220.15,2026-08-27 01:57:00,2025-12-23 09:10:00,5,5,5,4,554,554,Champions (VIP),775
CUST-00601,Aria Hall,aria.hall968@example.com,Seattle,WA,2024-12-18,Email Marketing,Gold,5,1760.96,352.19,2026-06-23 11:05:00,2025-06-18 07:27:00,70,4,4,4,444,444,Champions (VIP),776
CUST-00321,Oliver Adams,oliver.adams502@example.com,Tampa,FL,2024-06-30,Affiliate Referral,Gold,7,1760.58,251.51,2025-02-08 18:11:00,2024-09-15 18:46:00,569,2,5,4,254,254,At Risk VIPs (High Value),777
CUST-00227,Dylan Johnson,dylan.johnson644@example.com,San Francisco,CA,2024-04-02,Affiliate Referral,Platinum,10,1760.04,176.0,2026-04-03 03:46:00,2024-04-16 00:41:00,151,3,5,4,354,354,Loyal Customers,778
CUST-00519,Dylan Moore,dylan.moore57@example.com,Chicago,IL,2026-04-02,Social Media (Instagram/TikTok),Gold,9,1758.79,195.42,2026-08-31 01:09:00,2026-04-03 22:30:00,1,5,5,4,554,554,Champions (VIP),779
CUST-00347,Grace Roberts,grace.roberts58@example.com,Tampa,FL,2026-02-02,Social Media (Instagram/TikTok),Gold,8,1757.74,219.72,2026-07-27 12:35:00,2026-05-02 00:36:00,35,5,5,4,554,554,Champions (VIP),780
CUST-01246,Evelyn Nguyen,evelyn.nguyen934@example.com,Columbus,OH,2025-12-24,Organic Search,Silver,2,1756.57,878.28,2026-04-12 01:09:00,2026-02-06 17:33:00,142,3,2,4,324,324,Promising / Needs Attention,781
CUST-02043,Daniel Perez,daniel.perez446@example.com,Miami,FL,2022-10-04,Affiliate Referral,Standard,1,1755.73,1755.73,2026-06-14 05:04:00,2026-06-14 05:04:00,79,4,1,4,414,414,Potential Loyalists,782
CUST-01287,Aiden Lewis,aiden.lewis401@example.com,Las Vegas,NV,2024-03-08,Affiliate Referral,Silver,5,1755.08,351.02,2025-10-29 15:21:00,2024-06-05 19:57:00,306,3,4,4,344,344,Loyal Customers,783
CUST-00475,Oliver Thomas,oliver.thomas768@example.com,Los Angeles,CA,2024-09-01,Email Marketing,Gold,5,1753.38,350.68,2026-07-28 00:24:00,2024-10-03 12:33:00,35,5,4,4,544,544,Champions (VIP),784
CUST-00204,Luke Hernandez,luke.hernandez720@example.com,Austin,TX,2022-07-30,Organic Search,Platinum,8,1750.93,218.87,2026-08-10 01:32:00,2023-06-30 14:54:00,22,5,5,4,554,554,Champions (VIP),785
CUST-01303,Owen Harris,owen.harris350@example.com,Los Angeles,CA,2023-11-11,Social Media (Instagram/TikTok),Silver,4,1748.63,437.16,2026-05-25 03:08:00,2025-01-05 21:57:00,99,4,4,4,444,444,Champions (VIP),786
CUST-02299,Grace Young,grace.young41@example.com,San Diego,CA,2025-08-26,Email Marketing,Standard,2,1747.99,874.0,2026-01-22 14:30:00,2026-01-08 15:20:00,221,3,2,4,324,324,Promising / Needs Attention,787
CUST-01404,Logan Torres,logan.torres756@example.com,Atlanta,GA,2024-04-24,Organic Search,Silver,2,1746.99,873.5,2025-02-18 21:22:00,2024-08-25 02:59:00,559,2,2,4,224,224,About to Sleep,788
CUST-02068,Matthew Anderson,matthew.anderson313@example.com,Salt Lake City,UT,2023-12-02,Affiliate Referral,Standard,1,1742.48,1742.48,2025-10-04 12:02:00,2025-10-04 12:02:00,331,2,1,4,214,214,About to Sleep,789
CUST-01379,David Thomas,david.thomas562@example.com,Houston,TX,2026-01-20,Email Marketing,Silver,5,1739.67,347.93,2026-08-24 06:57:00,2026-02-28 08:35:00,8,5,4,4,544,544,Champions (VIP),790
CUST-00667,Evelyn Roberts,evelyn.roberts798@example.com,Nashville,TN,2023-01-10,Paid Search (Google),Gold,9,1732.55,192.51,2026-06-01 09:14:00,2023-09-26 21:08:00,92,4,5,4,454,454,Champions (VIP),791
CUST-00984,Jayden Baker,jayden.baker481@example.com,Nashville,TN,2022-07-27,Email Marketing,Silver,3,1731.9,577.3,2025-12-23 23:49:00,2023-11-10 20:32:00,251,3,3,4,334,334,Loyal Customers,792
CUST-01400,Nora Wright,nora.wright176@example.com,San Francisco,CA,2024-02-08,Organic Search,Silver,3,1728.42,576.14,2025-05-06 19:31:00,2024-04-30 11:56:00,482,2,3,4,234,234,At Risk VIPs (High Value),793
CUST-01286,Camila Martinez,camila.martinez553@example.com,Tampa,FL,2024-11-07,Organic Search,Silver,4,1726.29,431.57,2025-12-19 01:47:00,2025-06-14 09:17:00,256,3,4,4,344,344,Loyal Customers,794
CUST-01825,Aria Gonzalez,aria.gonzalez17@example.com,Phoenix,AZ,2024-11-29,Organic Search,Standard,1,1725.99,1725.99,2025-03-14 04:11:00,2025-03-14 04:11:00,536,2,1,4,214,214,About to Sleep,795
CUST-00819,Luna Lopez,luna.lopez126@example.com,Denver,CO,2024-08-28,Email Marketing,Silver,2,1724.98,862.49,2026-03-10 23:16:00,2024-12-27 11:30:00,174,3,2,4,324,324,Promising / Needs Attention,796
CUST-01602,Samuel Nguyen,samuel.nguyen751@example.com,Atlanta,GA,2026-03-04,Email Marketing,Standard,2,1723.41,861.71,2026-05-16 18:42:00,2026-05-11 09:12:00,107,4,2,4,424,424,Potential Loyalists,797
CUST-00324,Logan Ramirez,logan.ramirez103@example.com,San Diego,CA,2024-12-10,Social Media (Instagram/TikTok),Gold,4,1720.73,430.18,2026-03-09 21:32:00,2025-02-16 07:07:00,175,3,4,4,344,344,Loyal Customers,798
CUST-01136,Alexander Johnson,alexander.johnson365@example.com,Las Vegas,NV,2024-05-21,Social Media (Instagram/TikTok),Silver,5,1719.94,343.99,2026-08-03 23:17:00,2024-10-12 00:12:00,28,5,4,4,544,544,Champions (VIP),799
CUST-00462,Jackson Smith,jackson.smith773@example.com,San Antonio,TX,2025-08-28,Organic Search,Gold,7,1718.43,245.49,2026-08-31 11:52:00,2025-11-09 22:35:00,1,5,5,4,554,554,Champions (VIP),800
CUST-00786,Grayson Perez,grayson.perez656@example.com,Philadelphia,PA,2024-03-03,Organic Search,Silver,3,1717.72,572.57,2026-06-22 08:01:00,2024-08-03 16:10:00,71,4,3,4,434,434,Loyal Customers,801
CUST-00495,Carter Allen,carter.allen913@example.com,Miami,FL,2025-01-10,Organic Search,Gold,5,1717.3,343.46,2025-03-17 20:24:00,2025-01-11 03:53:00,532,2,4,4,244,244,At Risk VIPs (High Value),802
CUST-00532,Victoria Lewis,victoria.lewis378@example.com,Columbus,OH,2023-12-05,Organic Search,Gold,4,1716.92,429.23,2025-05-23 17:45:00,2024-01-05 08:45:00,465,2,4,4,244,244,At Risk VIPs (High Value),803
CUST-01788,Michael Anderson,michael.anderson926@example.com,San Antonio,TX,2024-12-12,Paid Search (Google),Standard,1,1714.98,1714.98,2025-10-22 18:57:00,2025-10-22 18:57:00,313,2,1,4,214,214,About to Sleep,804
CUST-00340,Joseph Thomas,joseph.thomas760@example.com,Las Vegas,NV,2025-12-08,Organic Search,Gold,6,1710.63,285.11,2026-08-06 22:35:00,2026-04-07 18:33:00,25,5,4,4,544,544,Champions (VIP),805
CUST-00639,Isabella Martin,isabella.martin692@example.com,Raleigh,NC,2026-02-07,Paid Search (Google),Gold,6,1710.19,285.03,2026-08-14 01:41:00,2026-03-05 18:57:00,18,5,4,4,544,544,Champions (VIP),806
CUST-00909,David Thompson,david.thompson141@example.com,Las Vegas,NV,2026-02-02,Paid Search (Google),Silver,1,1709.96,1709.96,2026-06-28 05:34:00,2026-06-28 05:34:00,65,4,1,4,414,414,Potential Loyalists,807
CUST-01480,Noah Williams,noah.williams191@example.com,San Francisco,CA,2026-02-10,Social Media (Instagram/TikTok),Silver,3,1709.12,569.71,2026-08-17 16:32:00,2026-04-23 13:45:00,14,5,3,4,534,534,Loyal Customers,808
CUST-00598,Logan Rivera,logan.rivera339@example.com,Kansas City,MO,2023-10-20,Email Marketing,Gold,3,1708.19,569.4,2026-04-26 12:14:00,2023-12-04 09:56:00,127,3,3,4,334,334,Loyal Customers,809
CUST-00378,Alexander Lee,alexander.lee967@example.com,Salt Lake City,UT,2023-09-05,Social Media (Instagram/TikTok),Gold,7,1703.05,243.29,2026-04-26 01:50:00,2024-04-09 00:03:00,128,3,5,4,354,354,Loyal Customers,810
CUST-02167,Zoey Walker,zoey.walker228@example.com,Los Angeles,CA,2023-08-08,Organic Search,Standard,2,1695.78,847.89,2024-08-13 17:09:00,2024-04-02 18:42:00,748,1,2,4,124,124,About to Sleep,811
CUST-00433,Dylan Walker,dylan.walker676@example.com,San Antonio,TX,2024-01-10,Social Media (Instagram/TikTok),Gold,7,1695.41,242.2,2026-08-05 14:56:00,2024-03-29 16:33:00,26,5,5,4,554,554,Champions (VIP),812
CUST-00289,Henry Miller,henry.miller159@example.com,Dallas,TX,2023-07-10,Paid Search (Google),Gold,8,1695.27,211.91,2026-07-23 11:59:00,2023-07-29 10:19:00,40,4,5,4,454,454,Champions (VIP),813
CUST-00508,Eleanor Nelson,eleanor.nelson509@example.com,New York,NY,2022-06-14,Affiliate Referral,Gold,5,1689.15,337.83,2026-05-25 17:36:00,2022-08-14 05:57:00,98,4,4,4,444,444,Champions (VIP),814
CUST-01267,Aria Robinson,aria.robinson539@example.com,Chicago,IL,2025-05-07,Affiliate Referral,Silver,4,1677.38,419.35,2026-08-22 23:23:00,2025-07-18 17:26:00,9,5,4,4,544,544,Champions (VIP),815
CUST-00439,Aiden Robinson,aiden.robinson666@example.com,San Francisco,CA,2025-05-09,Email Marketing,Gold,8,1676.87,209.61,2026-06-07 20:41:00,2025-07-31 18:43:00,85,4,5,4,454,454,Champions (VIP),816
CUST-00500,Sofia Young,sofia.young573@example.com,Minneapolis,MN,2026-04-03,Social Media (Instagram/TikTok),Gold,6,1676.48,279.41,2026-08-20 20:44:00,2026-05-08 17:07:00,11,5,4,4,544,544,Champions (VIP),817
CUST-01946,Daniel Hall,daniel.hall763@example.com,Los Angeles,CA,2023-06-02,Email Marketing,Standard,2,1670.46,835.23,2026-03-23 22:59:00,2025-04-09 17:00:00,161,3,2,4,324,324,Promising / Needs Attention,818
CUST-02261,Charlotte Taylor,charlotte.taylor794@example.com,Austin,TX,2026-05-27,Organic Search,Standard,2,1669.96,834.98,2026-08-28 03:17:00,2026-08-23 23:39:00,4,5,2,4,524,524,Potential Loyalists,819
CUST-00608,Jayden Smith,jayden.smith991@example.com,Boston,MA,2023-07-20,Paid Search (Google),Gold,4,1669.74,417.44,2026-05-23 17:15:00,2025-03-31 11:42:00,100,4,4,4,444,444,Champions (VIP),820
CUST-01297,Ella Hill,ella.hill663@example.com,Houston,TX,2026-05-21,Organic Search,Silver,4,1668.66,417.17,2026-08-30 01:41:00,2026-05-22 14:18:00,2,5,4,4,544,544,Champions (VIP),821
CUST-00854,Evelyn Rodriguez,evelyn.rodriguez432@example.com,Charlotte,NC,2026-05-04,Affiliate Referral,Silver,2,1666.17,833.09,2026-06-16 08:01:00,2026-06-08 06:42:00,77,4,2,4,424,424,Potential Loyalists,822
CUST-01130,Penelope Nelson,penelope.nelson287@example.com,Las Vegas,NV,2026-02-11,Social Media (Instagram/TikTok),Silver,2,1663.5,831.75,2026-06-13 08:44:00,2026-04-24 10:19:00,80,4,2,4,424,424,Potential Loyalists,823
CUST-01141,Avery Clark,avery.clark256@example.com,Nashville,TN,2023-04-09,Email Marketing,Silver,3,1662.64,554.21,2024-04-20 18:31:00,2023-10-18 17:57:00,863,1,3,4,134,134,At Risk VIPs (High Value),824
CUST-01256,Ethan Walker,ethan.walker152@example.com,San Antonio,TX,2025-07-12,Email Marketing,Silver,2,1662.2,831.1,2026-03-19 16:20:00,2026-01-21 16:59:00,165,3,2,4,324,324,Promising / Needs Attention,825
CUST-00288,Jacob Roberts,jacob.roberts367@example.com,Seattle,WA,2026-01-12,Paid Search (Google),Gold,7,1660.8,237.26,2026-08-11 07:11:00,2026-01-15 14:40:00,21,5,5,4,554,554,Champions (VIP),826
CUST-01726,Daniel Mitchell,daniel.mitchell30@example.com,Columbus,OH,2023-12-28,Social Media (Instagram/TikTok),Standard,1,1657.98,1657.98,2024-08-20 02:37:00,2024-08-20 02:37:00,742,1,1,4,114,114,About to Sleep,827
CUST-00591,Luke Davis,luke.davis804@example.com,Indianapolis,IN,2023-09-29,Paid Search (Google),Gold,7,1651.35,235.91,2026-05-16 01:31:00,2024-08-24 14:57:00,108,4,5,4,454,454,Champions (VIP),828
CUST-02268,Penelope Lewis,penelope.lewis898@example.com,Charlotte,NC,2025-04-17,Paid Search (Google),Standard,1,1649.97,1649.97,2026-07-19 22:17:00,2026-07-19 22:17:00,43,4,1,4,414,414,Potential Loyalists,829
CUST-02393,Charlotte Nguyen,charlotte.nguyen20@example.com,San Diego,CA,2024-09-23,Affiliate Referral,Standard,1,1649.97,1649.97,2026-08-06 12:38:00,2026-08-06 12:38:00,25,5,1,4,514,514,Potential Loyalists,829
CUST-00535,Charlotte Hill,charlotte.hill622@example.com,Indianapolis,IN,2024-03-26,Email Marketing,Gold,8,1649.76,206.22,2025-03-19 14:54:00,2024-04-16 19:35:00,530,2,5,4,254,254,At Risk VIPs (High Value),830
CUST-01492,Jayden Nelson,jayden.nelson894@example.com,Boston,MA,2025-08-07,Affiliate Referral,Silver,5,1648.44,329.69,2026-04-25 05:45:00,2025-09-09 23:32:00,129,3,4,4,344,344,Loyal Customers,831
CUST-00806,Evelyn Clark,evelyn.clark860@example.com,Houston,TX,2025-04-13,Affiliate Referral,Silver,2,1647.64,823.82,2025-11-28 09:58:00,2025-06-25 06:25:00,277,3,2,4,324,324,Promising / Needs Attention,832
CUST-00360,Abigail Baker,abigail.baker470@example.com,Seattle,WA,2024-07-01,Email Marketing,Gold,8,1647.59,205.95,2025-03-29 16:40:00,2024-07-09 10:08:00,520,2,5,4,254,254,At Risk VIPs (High Value),833
CUST-00374,Mason Lee,mason.lee667@example.com,Chicago,IL,2024-12-08,Email Marketing,Gold,7,1641.19,234.46,2025-03-31 00:08:00,2024-12-12 12:16:00,519,2,5,4,254,254,At Risk VIPs (High Value),834
CUST-00939,Liam Thomas,liam.thomas54@example.com,Phoenix,AZ,2025-08-18,Affiliate Referral,Silver,3,1639.37,546.46,2025-12-26 02:42:00,2025-10-25 09:29:00,249,3,3,4,334,334,Loyal Customers,835
CUST-00620,Ella Green,ella.green776@example.com,Phoenix,AZ,2024-09-21,Affiliate Referral,Gold,8,1639.18,204.9,2026-07-06 03:49:00,2024-09-29 13:55:00,57,4,5,4,454,454,Champions (VIP),836
CUST-00444,Jack Allen,jack.allen345@example.com,Chicago,IL,2024-08-29,Organic Search,Gold,2,1637.44,818.72,2026-06-04 23:49:00,2026-02-06 17:41:00,88,4,2,4,424,424,Potential Loyalists,837
CUST-00712,Joseph Lee,joseph.lee181@example.com,Minneapolis,MN,2022-11-29,Social Media (Instagram/TikTok),Gold,6,1636.72,272.79,2026-03-30 19:55:00,2023-10-12 08:54:00,154,3,5,4,354,354,Loyal Customers,838
CUST-00432,Evelyn Smith,evelyn.smith997@example.com,San Francisco,CA,2023-04-20,Email Marketing,Gold,8,1636.65,204.58,2025-12-28 07:52:00,2023-07-27 21:24:00,247,3,5,4,354,354,Loyal Customers,839
CUST-00784,Evelyn Gonzalez,evelyn.gonzalez360@example.com,Boston,MA,2025-08-10,Email Marketing,Silver,3,1632.46,544.15,2026-03-23 16:58:00,2025-12-24 16:23:00,161,3,3,4,334,334,Loyal Customers,840
CUST-00353,Victoria Lewis,victoria.lewis627@example.com,Salt Lake City,UT,2024-10-20,Paid Search (Google),Gold,4,1632.29,408.07,2025-02-02 05:00:00,2024-11-21 11:50:00,576,1,4,4,144,144,At Risk VIPs (High Value),841
CUST-01101,Jackson Martin,jackson.martin104@example.com,Nashville,TN,2024-08-27,Affiliate Referral,Silver,4,1630.46,407.62,2026-05-03 15:04:00,2024-12-08 15:59:00,120,3,4,4,344,344,Loyal Customers,842
CUST-02425,Samuel Jones,samuel.jones461@example.com,Philadelphia,PA,2023-11-11,Social Media (Instagram/TikTok),Standard,1,1629.98,1629.98,2025-04-25 11:18:00,2025-04-25 11:18:00,494,2,1,4,214,214,About to Sleep,843
CUST-00125,Ella Robinson,ella.robinson726@example.com,Dallas,TX,2024-06-25,Paid Search (Google),Platinum,11,1628.29,148.03,2026-05-08 02:29:00,2024-08-08 23:59:00,116,4,5,4,454,454,Champions (VIP),844
CUST-00597,Aria Adams,aria.adams139@example.com,Salt Lake City,UT,2023-02-27,Paid Search (Google),Gold,5,1625.7,325.14,2025-03-23 07:11:00,2023-03-30 11:45:00,527,2,4,4,244,244,At Risk VIPs (High Value),845
CUST-02157,Sofia Hall,sofia.hall850@example.com,San Francisco,CA,2022-06-17,Paid Search (Google),Standard,2,1624.97,812.49,2025-09-24 22:01:00,2025-02-12 04:13:00,341,2,2,4,224,224,About to Sleep,846
CUST-00326,Henry Harris,henry.harris93@example.com,Seattle,WA,2023-09-03,Organic Search,Gold,4,1620.73,405.18,2025-01-25 20:27:00,2024-02-04 03:13:00,583,1,4,4,144,144,At Risk VIPs (High Value),847
CUST-01624,Daniel Nguyen,daniel.nguyen940@example.com,Las Vegas,NV,2024-04-25,Affiliate Referral,Standard,1,1619.98,1619.98,2025-12-02 14:37:00,2025-12-02 14:37:00,272,3,1,4,314,314,Promising / Needs Attention,848
CUST-01486,Sophia Rodriguez,sophia.rodriguez867@example.com,Seattle,WA,2024-05-15,Affiliate Referral,Silver,4,1618.8,404.7,2026-06-02 10:19:00,2024-11-08 15:13:00,91,4,4,4,444,444,Champions (VIP),849
CUST-00600,Owen Lewis,owen.lewis87@example.com,Minneapolis,MN,2022-12-08,Email Marketing,Gold,6,1614.88,269.15,2026-07-21 23:43:00,2023-11-28 03:37:00,41,4,5,4,454,454,Champions (VIP),850
CUST-01376,Carter Brown,carter.brown123@example.com,Denver,CO,2024-06-18,Email Marketing,Silver,5,1613.19,322.64,2025-12-27 23:43:00,2024-10-08 18:36:00,247,3,4,4,344,344,Loyal Customers,851
CUST-02315,Noah Walker,noah.walker965@example.com,Seattle,WA,2023-10-23,Email Marketing,Standard,1,1611.95,1611.95,2024-02-17 23:58:00,2024-02-17 23:58:00,926,1,1,4,114,114,About to Sleep,852
CUST-02385,Amelia Williams,amelia.williams518@example.com,Portland,OR,2023-09-05,Social Media (Instagram/TikTok),Standard,2,1611.54,805.77,2025-01-28 19:51:00,2025-01-03 11:31:00,580,1,2,4,124,124,About to Sleep,853
CUST-00112,Liam Carter,liam.carter599@example.com,Denver,CO,2025-02-01,Organic Search,Platinum,11,1607.6,146.15,2025-03-29 15:51:00,2025-02-16 21:25:00,520,2,5,4,254,254,At Risk VIPs (High Value),854
CUST-01847,Amelia Harris,amelia.harris716@example.com,Austin,TX,2024-11-26,Organic Search,Standard,2,1606.93,803.47,2025-07-25 11:24:00,2025-03-19 01:19:00,403,2,2,4,224,224,About to Sleep,855
CUST-01925,Benjamin Thompson,benjamin.thompson448@example.com,Miami,FL,2026-02-08,Organic Search,Standard,2,1605.92,802.96,2026-05-23 00:32:00,2026-05-07 13:01:00,101,4,2,4,424,424,Potential Loyalists,856
CUST-02148,Charlotte Young,charlotte.young106@example.com,Atlanta,GA,2024-03-04,Paid Search (Google),Standard,3,1600.93,533.64,2024-08-31 16:12:00,2024-03-07 22:24:00,730,1,3,4,134,134,At Risk VIPs (High Value),857
CUST-00339,Chloe Taylor,chloe.taylor775@example.com,New York,NY,2024-06-01,Organic Search,Gold,4,1598.64,399.66,2025-02-13 15:41:00,2024-06-01 18:21:00,564,2,4,4,244,244,At Risk VIPs (High Value),858
CUST-01150,Olivia Carter,olivia.carter636@example.com,Charlotte,NC,2023-11-29,Affiliate Referral,Silver,3,1598.56,532.85,2026-06-02 04:50:00,2024-12-28 16:49:00,91,4,3,4,434,434,Loyal Customers,859
CUST-00792,Liam Baker,liam.baker14@example.com,Minneapolis,MN,2023-10-23,Paid Search (Google),Silver,4,1595.84,398.96,2025-07-01 13:37:00,2024-08-28 12:45:00,426,2,4,4,244,244,At Risk VIPs (High Value),860
CUST-00494,Lily Wright,lily.wright674@example.com,Seattle,WA,2024-02-22,Social Media (Instagram/TikTok),Gold,6,1594.68,265.78,2025-02-17 01:47:00,2024-06-30 21:56:00,561,2,5,4,254,254,At Risk VIPs (High Value),861
CUST-00856,Ella Gonzalez,ella.gonzalez224@example.com,Charlotte,NC,2024-01-17,Social Media (Instagram/TikTok),Silver,3,1590.45,530.15,2025-04-05 09:33:00,2024-03-17 12:05:00,514,2,3,4,234,234,At Risk VIPs (High Value),862
CUST-01187,William Carter,william.carter447@example.com,Kansas City,MO,2025-07-02,Organic Search,Silver,5,1590.05,318.01,2026-08-05 18:46:00,2025-10-04 09:26:00,26,5,4,4,544,544,Champions (VIP),863
CUST-00513,Sebastian Sanchez,sebastian.sanchez90@example.com,Seattle,WA,2024-09-09,Email Marketing,Gold,5,1588.94,317.79,2025-03-07 05:20:00,2024-11-18 15:43:00,543,2,4,4,244,244,At Risk VIPs (High Value),864
CUST-00981,Mia Allen,mia.allen311@example.com,San Jose,CA,2023-01-26,Affiliate Referral,Silver,3,1588.07,529.36,2026-05-02 23:14:00,2023-02-10 20:33:00,121,3,3,4,334,334,Loyal Customers,865
CUST-01041,Owen Anderson,owen.anderson279@example.com,Chicago,IL,2024-10-12,Paid Search (Google),Silver,5,1587.17,317.43,2025-03-07 23:05:00,2024-12-27 09:23:00,542,2,4,4,244,244,At Risk VIPs (High Value),866
CUST-01170,Harper Garcia,harper.garcia126@example.com,Salt Lake City,UT,2024-12-07,Social Media (Instagram/TikTok),Silver,4,1585.4,396.35,2025-02-25 23:02:00,2025-01-22 08:49:00,552,2,4,4,244,244,At Risk VIPs (High Value),867
CUST-00845,Jackson Flores,jackson.flores210@example.com,San Antonio,TX,2023-02-03,Email Marketing,Silver,5,1583.41,316.68,2025-10-22 09:12:00,2024-05-31 20:34:00,314,2,4,4,244,244,At Risk VIPs (High Value),868
CUST-00701,Luna Rivera,luna.rivera191@example.com,Indianapolis,IN,2024-03-24,Organic Search,Gold,5,1581.77,316.35,2026-08-06 10:43:00,2025-05-26 17:55:00,26,5,4,4,544,544,Champions (VIP),869
CUST-01371,Lily Roberts,lily.roberts151@example.com,Tampa,FL,2026-05-11,Email Marketing,Silver,3,1580.76,526.92,2026-08-28 13:03:00,2026-05-23 05:29:00,3,5,3,4,534,534,Loyal Customers,870
CUST-00680,Mason Garcia,mason.garcia936@example.com,Tampa,FL,2024-04-10,Organic Search,Gold,6,1575.12,262.52,2025-03-29 19:03:00,2024-05-06 05:11:00,520,2,5,4,254,254,At Risk VIPs (High Value),871
CUST-00637,William Martin,william.martin725@example.com,Boston,MA,2023-10-02,Organic Search,Gold,9,1575.07,175.01,2025-03-03 08:29:00,2023-11-04 22:40:00,547,2,5,4,254,254,At Risk VIPs (High Value),872
CUST-00795,Scarlett Robinson,scarlett.robinson755@example.com,Portland,OR,2025-10-04,Affiliate Referral,Silver,3,1572.03,524.01,2026-08-07 11:03:00,2026-01-18 18:01:00,25,5,3,4,534,534,Loyal Customers,873
CUST-00448,Carter Hall,carter.hall251@example.com,Los Angeles,CA,2026-02-27,Organic Search,Gold,6,1570.89,261.81,2026-07-06 03:45:00,2026-03-14 06:31:00,57,4,5,4,454,454,Champions (VIP),874
CUST-00345,Samuel Martin,samuel.martin537@example.com,Denver,CO,2025-06-17,Email Marketing,Gold,4,1570.06,392.51,2026-02-22 23:03:00,2025-08-16 02:44:00,190,3,4,4,344,344,Loyal Customers,875
CUST-01216,Lucas Smith,lucas.smith328@example.com,Los Angeles,CA,2026-04-08,Affiliate Referral,Silver,2,1567.79,783.89,2026-08-16 14:34:00,2026-07-27 03:56:00,15,5,2,4,524,524,Potential Loyalists,876
CUST-00873,Camila Rodriguez,camila.rodriguez174@example.com,Nashville,TN,2023-11-05,Organic Search,Silver,5,1565.04,313.01,2026-06-25 05:58:00,2023-12-16 10:48:00,68,4,4,4,444,444,Champions (VIP),877
CUST-01073,Owen Campbell,owen.campbell199@example.com,New York,NY,2025-11-21,Social Media (Instagram/TikTok),Silver,4,1563.92,390.98,2026-07-08 05:59:00,2025-12-16 10:00:00,55,4,4,4,444,444,Champions (VIP),878
CUST-01848,James Brown,james.brown800@example.com,Denver,CO,2023-07-19,Paid Search (Google),Standard,1,1559.97,1559.97,2025-06-09 08:11:00,2025-06-09 08:11:00,449,2,1,4,214,214,About to Sleep,879
CUST-01158,Jayden Thomas,jayden.thomas447@example.com,Denver,CO,2022-08-25,Affiliate Referral,Silver,3,1556.87,518.96,2026-04-09 02:12:00,2022-09-26 12:40:00,145,3,3,4,334,334,Loyal Customers,880
CUST-01870,Riley Adams,riley.adams842@example.com,Austin,TX,2022-07-19,Paid Search (Google),Standard,1,1556.46,1556.46,2024-06-03 15:05:00,2024-06-03 15:05:00,819,1,1,4,114,114,About to Sleep,881
CUST-00618,Evelyn Adams,evelyn.adams703@example.com,Phoenix,AZ,2022-10-19,Affiliate Referral,Gold,5,1555.99,311.2,2024-10-20 16:00:00,2023-07-03 13:38:00,680,1,4,4,144,144,At Risk VIPs (High Value),882
CUST-00889,Jack Miller,jack.miller220@example.com,San Francisco,CA,2026-05-10,Email Marketing,Silver,5,1554.62,310.92,2026-08-16 05:14:00,2026-05-12 05:50:00,16,5,4,4,544,544,Champions (VIP),883
CUST-00607,Jayden Johnson,jayden.johnson137@example.com,Tampa,FL,2023-04-20,Email Marketing,Gold,3,1549.92,516.64,2025-03-22 12:45:00,2024-01-10 14:36:00,527,2,3,4,234,234,At Risk VIPs (High Value),884
CUST-01389,Dylan Thompson,dylan.thompson440@example.com,Atlanta,GA,2026-01-11,Organic Search,Silver,5,1549.19,309.84,2026-07-20 17:27:00,2026-04-29 01:17:00,42,4,4,4,444,444,Champions (VIP),885
CUST-01087,Jacob King,jacob.king682@example.com,San Diego,CA,2025-08-11,Paid Search (Google),Silver,3,1547.94,515.98,2026-08-14 11:54:00,2025-08-12 08:40:00,18,5,3,4,534,534,Loyal Customers,886
CUST-01894,Noah White,noah.white656@example.com,Salt Lake City,UT,2026-03-17,Organic Search,Standard,3,1547.91,515.97,2026-08-25 11:52:00,2026-05-15 21:49:00,7,5,3,4,534,534,Loyal Customers,887
CUST-00506,William Rivera,william.rivera164@example.com,New York,NY,2023-08-22,Affiliate Referral,Gold,7,1544.91,220.7,2024-11-12 19:22:00,2023-08-31 09:18:00,657,1,5,4,154,154,At Risk VIPs (High Value),888
CUST-01664,Luna Thomas,luna.thomas834@example.com,Raleigh,NC,2025-09-04,Affiliate Referral,Standard,2,1542.61,771.31,2026-05-15 12:14:00,2026-05-04 00:03:00,108,4,2,4,424,424,Potential Loyalists,889
CUST-01308,Jackson Roberts,jackson.roberts466@example.com,New York,NY,2025-03-16,Paid Search (Google),Silver,2,1541.94,770.97,2026-02-24 08:19:00,2025-05-13 01:07:00,189,3,2,4,324,324,Promising / Needs Attention,890
CUST-01780,Samuel Hill,samuel.hill449@example.com,Minneapolis,MN,2023-10-14,Organic Search,Standard,2,1541.46,770.73,2024-08-30 08:09:00,2024-03-20 07:17:00,732,1,2,4,124,124,About to Sleep,891
CUST-00012,Avery Roberts,avery.roberts306@example.com,Chicago,IL,2023-09-20,Organic Search,Platinum,7,1536.62,219.52,2026-02-16 02:43:00,2024-01-21 19:48:00,197,3,5,4,354,354,Loyal Customers,892
CUST-01438,Amelia Wilson,amelia.wilson168@example.com,Portland,OR,2023-08-27,Paid Search (Google),Silver,2,1536.52,768.26,2026-08-27 22:18:00,2025-02-02 11:28:00,4,5,2,4,524,524,Potential Loyalists,893
CUST-02423,Lily Williams,lily.williams999@example.com,Seattle,WA,2025-02-08,Affiliate Referral,Standard,1,1532.19,1532.19,2026-06-15 02:46:00,2026-06-15 02:46:00,78,4,1,4,414,414,Potential Loyalists,894
CUST-01432,Scarlett Jackson,scarlett.jackson552@example.com,Minneapolis,MN,2022-11-05,Affiliate Referral,Silver,5,1531.89,306.38,2024-10-24 17:54:00,2023-07-06 19:56:00,676,1,4,4,144,144,At Risk VIPs (High Value),895
CUST-00574,Lucas Thompson,lucas.thompson370@example.com,Tampa,FL,2024-12-24,Affiliate Referral,Gold,7,1529.87,218.55,2026-08-25 16:36:00,2024-12-31 21:21:00,6,5,5,4,554,554,Champions (VIP),896
CUST-01139,Abigail Perez,abigail.perez928@example.com,Denver,CO,2026-02-05,Paid Search (Google),Silver,3,1529.62,509.87,2026-08-16 08:59:00,2026-03-18 13:06:00,16,5,3,4,534,534,Loyal Customers,897
CUST-00254,Ella Ramirez,ella.ramirez472@example.com,San Diego,CA,2024-09-25,Social Media (Instagram/TikTok),Gold,7,1529.01,218.43,2025-03-25 07:09:00,2024-09-30 08:28:00,525,2,5,4,254,254,At Risk VIPs (High Value),898
CUST-01500,Layla Anderson,layla.anderson649@example.com,Raleigh,NC,2022-12-06,Affiliate Referral,Silver,4,1524.18,381.05,2025-10-07 17:13:00,2023-03-17 20:53:00,328,2,4,4,244,244,At Risk VIPs (High Value),899
CUST-00565,Liam Perez,liam.perez673@example.com,Houston,TX,2026-03-18,Paid Search (Google),Gold,6,1523.41,253.9,2026-07-13 08:45:00,2026-03-31 16:08:00,50,4,5,4,454,454,Champions (VIP),900
CUST-02014,Harper Jackson,harper.jackson316@example.com,Miami,FL,2024-01-23,Social Media (Instagram/TikTok),Standard,2,1522.46,761.23,2026-06-03 02:46:00,2025-04-04 15:03:00,90,4,2,4,424,424,Potential Loyalists,901
CUST-01049,Luna Clark,luna.clark329@example.com,Indianapolis,IN,2025-03-17,Social Media (Instagram/TikTok),Silver,4,1522.15,380.54,2026-04-20 04:10:00,2025-04-18 19:41:00,134,3,4,4,344,344,Loyal Customers,902
CUST-00539,Logan Jones,logan.jones181@example.com,Boston,MA,2023-12-18,Email Marketing,Gold,5,1520.14,304.03,2026-05-30 02:57:00,2024-05-19 02:10:00,94,4,4,4,444,444,Champions (VIP),903
CUST-01356,Penelope White,penelope.white149@example.com,Atlanta,GA,2023-07-03,Social Media (Instagram/TikTok),Silver,4,1514.62,378.65,2026-06-09 01:44:00,2024-02-28 17:13:00,84,4,4,4,444,444,Champions (VIP),904
CUST-01096,Aiden Hill,aiden.hill26@example.com,Portland,OR,2023-03-04,Social Media (Instagram/TikTok),Silver,4,1511.65,377.91,2024-10-18 02:06:00,2023-05-08 02:12:00,683,1,4,4,144,144,At Risk VIPs (High Value),905
CUST-01359,Riley Hernandez,riley.hernandez788@example.com,San Jose,CA,2023-08-25,Social Media (Instagram/TikTok),Silver,3,1509.03,503.01,2024-12-28 04:40:00,2023-11-02 10:29:00,612,1,3,4,134,134,At Risk VIPs (High Value),906
CUST-00009,Sophia Campbell,sophia.campbell480@example.com,San Francisco,CA,2023-02-11,Email Marketing,Platinum,8,1507.11,188.39,2025-01-10 04:38:00,2023-08-11 16:09:00,599,1,5,4,154,154,At Risk VIPs (High Value),907
CUST-01191,Charlotte Walker,charlotte.walker751@example.com,Salt Lake City,UT,2025-10-21,Social Media (Instagram/TikTok),Silver,4,1507.04,376.76,2026-07-12 00:16:00,2026-01-25 03:17:00,51,4,4,4,444,444,Champions (VIP),908
CUST-01832,Wyatt Hall,wyatt.hall978@example.com,Los Angeles,CA,2023-10-04,Paid Search (Google),Standard,1,1506.72,1506.72,2025-02-10 18:38:00,2025-02-10 18:38:00,567,2,1,4,214,214,About to Sleep,909
CUST-00858,Madison Rivera,madison.rivera128@example.com,Columbus,OH,2024-05-22,Affiliate Referral,Silver,3,1505.95,501.98,2025-03-28 05:56:00,2024-06-28 10:49:00,522,2,3,4,234,234,At Risk VIPs (High Value),910
CUST-01562,Hannah Perez,hannah.perez908@example.com,Atlanta,GA,2023-02-26,Organic Search,Standard,2,1505.18,752.59,2024-08-08 10:13:00,2023-11-29 02:44:00,754,1,2,4,124,124,About to Sleep,911
CUST-00422,Matthew Anderson,matthew.anderson974@example.com,Austin,TX,2024-01-13,Paid Search (Google),Gold,6,1503.46,250.58,2025-03-07 16:48:00,2024-02-02 11:29:00,542,2,5,4,254,254,At Risk VIPs (High Value),912
CUST-00299,Nora Miller,nora.miller840@example.com,Kansas City,MO,2024-05-04,Organic Search,Gold,6,1502.47,250.41,2026-08-27 01:05:00,2024-11-10 06:21:00,5,5,5,4,554,554,Champions (VIP),913
CUST-02182,Jacob Baker,jacob.baker600@example.com,New York,NY,2024-06-28,Social Media (Instagram/TikTok),Standard,3,1499.82,499.94,2025-02-18 14:04:00,2024-10-25 19:26:00,559,2,3,4,234,234,At Risk VIPs (High Value),914
CUST-00328,Logan Rodriguez,logan.rodriguez49@example.com,Austin,TX,2025-01-23,Paid Search (Google),Gold,7,1499.38,214.2,2025-03-26 07:51:00,2025-01-23 20:08:00,524,2,5,4,254,254,At Risk VIPs (High Value),915
CUST-01460,Madison Young,madison.young128@example.com,Denver,CO,2024-01-02,Email Marketing,Silver,3,1494.14,498.05,2025-01-28 11:38:00,2024-09-17 17:59:00,581,1,3,4,134,134,At Risk VIPs (High Value),916
CUST-01895,Logan Taylor,logan.taylor629@example.com,Atlanta,GA,2026-03-26,Paid Search (Google),Standard,2,1491.97,745.99,2026-06-03 23:59:00,2026-03-28 05:16:00,89,4,2,4,424,424,Potential Loyalists,917
CUST-01309,James Williams,james.williams690@example.com,Denver,CO,2023-11-28,Paid Search (Google),Silver,2,1488.13,744.07,2026-05-09 12:27:00,2026-03-13 21:37:00,114,4,2,4,424,424,Potential Loyalists,918
CUST-00754,Victoria Rivera,victoria.rivera528@example.com,Denver,CO,2023-03-05,Affiliate Referral,Silver,2,1487.7,743.85,2023-09-21 12:04:00,2023-03-10 02:34:00,1075,1,2,4,124,124,About to Sleep,919
CUST-00569,Mila Lewis,mila.lewis616@example.com,Boston,MA,2024-08-05,Organic Search,Gold,3,1482.67,494.22,2026-07-30 18:03:00,2024-10-30 13:49:00,32,5,3,4,534,534,Loyal Customers,920
CUST-01329,Amelia Davis,amelia.davis519@example.com,Charlotte,NC,2025-11-12,Paid Search (Google),Silver,2,1463.9,731.95,2026-08-13 02:19:00,2025-12-26 06:56:00,19,5,2,4,524,524,Potential Loyalists,921
CUST-00642,Camila Hernandez,camila.hernandez390@example.com,Phoenix,AZ,2023-12-03,Organic Search,Gold,10,1462.06,146.21,2026-08-30 11:08:00,2024-04-13 23:16:00,2,5,5,4,554,554,Champions (VIP),922
CUST-01310,David Sanchez,david.sanchez598@example.com,New York,NY,2025-04-21,Email Marketing,Silver,3,1460.72,486.91,2026-02-25 16:52:00,2026-01-27 06:20:00,187,3,3,4,334,334,Loyal Customers,923
CUST-02437,Alexander White,alexander.white55@example.com,Austin,TX,2023-04-04,Affiliate Referral,Standard,1,1459.98,1459.98,2024-04-24 16:37:00,2024-04-24 16:37:00,859,1,1,4,114,114,About to Sleep,924
CUST-00810,Sophia Scott,sophia.scott518@example.com,San Antonio,TX,2026-04-10,Email Marketing,Silver,3,1455.18,485.06,2026-06-03 01:39:00,2026-04-29 05:10:00,90,4,3,4,434,434,Loyal Customers,925
CUST-00604,Jack Wilson,jack.wilson516@example.com,Dallas,TX,2024-03-23,Social Media (Instagram/TikTok),Gold,9,1454.41,161.6,2025-11-27 20:00:00,2024-07-04 18:31:00,277,3,5,4,354,354,Loyal Customers,926
CUST-00991,Hannah Mitchell,hannah.mitchell214@example.com,San Diego,CA,2023-10-09,Social Media (Instagram/TikTok),Silver,3,1453.41,484.47,2026-07-18 10:32:00,2025-09-30 05:29:00,45,4,3,4,434,434,Loyal Customers,927
CUST-00716,Hannah Harris,hannah.harris369@example.com,San Francisco,CA,2024-07-08,Organic Search,Gold,9,1452.69,161.41,2026-07-11 10:02:00,2024-11-18 16:17:00,52,4,5,4,454,454,Champions (VIP),928
CUST-00491,Emma Wilson,emma.wilson969@example.com,San Antonio,TX,2023-01-27,Email Marketing,Gold,7,1452.05,207.44,2025-09-10 13:17:00,2023-07-19 18:09:00,355,2,5,4,254,254,At Risk VIPs (High Value),929
CUST-00413,Avery Campbell,avery.campbell62@example.com,Nashville,TN,2025-02-08,Paid Search (Google),Gold,6,1449.83,241.64,2026-03-15 08:17:00,2025-03-06 07:00:00,170,3,5,4,354,354,Loyal Customers,930
CUST-01257,Carter Clark,carter.clark167@example.com,Austin,TX,2026-03-04,Paid Search (Google),Silver,3,1447.96,482.65,2026-06-01 09:20:00,2026-03-17 05:12:00,92,4,3,4,434,434,Loyal Customers,931
CUST-00152,Mason Green,mason.green899@example.com,Columbus,OH,2025-03-02,Organic Search,Platinum,9,1446.59,160.73,2026-07-11 20:01:00,2025-03-14 10:13:00,51,4,5,4,454,454,Champions (VIP),932
CUST-00852,Madison Allen,madison.allen912@example.com,Denver,CO,2024-10-05,Affiliate Referral,Silver,3,1441.45,480.48,2026-02-24 18:11:00,2024-12-16 08:36:00,188,3,3,4,334,334,Loyal Customers,933
CUST-00949,Noah Wright,noah.wright525@example.com,Columbus,OH,2023-01-27,Organic Search,Silver,4,1440.88,360.22,2026-01-09 11:45:00,2023-07-16 18:59:00,235,3,4,4,344,344,Loyal Customers,934
CUST-01051,Logan Brown,logan.brown282@example.com,Columbus,OH,2024-08-12,Organic Search,Silver,4,1440.11,360.03,2026-07-29 05:56:00,2024-11-28 14:52:00,34,5,4,4,544,544,Champions (VIP),935
CUST-00259,Isabella Nguyen,isabella.nguyen989@example.com,San Francisco,CA,2025-07-25,Social Media (Instagram/TikTok),Gold,6,1439.34,239.89,2026-08-26 10:48:00,2025-07-30 00:17:00,6,5,5,4,554,554,Champions (VIP),936
CUST-00868,Oliver Smith,oliver.smith771@example.com,Dallas,TX,2023-07-21,Affiliate Referral,Silver,5,1437.43,287.49,2025-01-21 21:23:00,2023-08-10 18:27:00,587,1,4,4,144,144,At Risk VIPs (High Value),937
CUST-00311,Grayson Gonzalez,grayson.gonzalez241@example.com,Phoenix,AZ,2023-04-14,Organic Search,Gold,7,1435.72,205.1,2026-04-18 23:25:00,2023-04-27 00:27:00,135,3,5,4,354,354,Loyal Customers,938
CUST-01312,Daniel Smith,daniel.smith403@example.com,Salt Lake City,UT,2025-02-12,Organic Search,Silver,5,1435.02,287.0,2025-03-30 23:30:00,2025-02-25 13:36:00,519,2,4,4,244,244,At Risk VIPs (High Value),939
CUST-01125,Ella Wilson,ella.wilson569@example.com,Portland,OR,2023-11-12,Affiliate Referral,Silver,3,1434.15,478.05,2026-07-28 08:29:00,2024-03-16 07:13:00,35,5,3,4,534,534,Loyal Customers,940
CUST-01923,Liam Green,liam.green378@example.com,Tampa,FL,2022-09-02,Social Media (Instagram/TikTok),Standard,3,1432.92,477.64,2024-05-22 06:09:00,2023-08-14 02:55:00,832,1,3,4,134,134,At Risk VIPs (High Value),941
CUST-01140,Charlotte Campbell,charlotte.campbell401@example.com,Portland,OR,2026-03-20,Affiliate Referral,Silver,4,1426.15,356.54,2026-07-04 23:08:00,2026-03-21 21:05:00,58,4,4,4,444,444,Champions (VIP),942
CUST-00640,Harper Smith,harper.smith734@example.com,Phoenix,AZ,2026-05-07,Organic Search,Gold,5,1424.36,284.87,2026-08-06 13:14:00,2026-05-16 12:25:00,25,5,4,4,544,544,Champions (VIP),943
CUST-01213,Abigail Gonzalez,abigail.gonzalez358@example.com,Miami,FL,2025-05-08,Social Media (Instagram/TikTok),Silver,4,1420.43,355.11,2026-08-27 23:22:00,2025-07-08 06:01:00,4,5,4,4,544,544,Champions (VIP),944
CUST-00738,Emily Wilson,emily.wilson837@example.com,San Antonio,TX,2023-02-14,Organic Search,Gold,4,1418.44,354.61,2025-11-15 05:23:00,2023-05-10 14:59:00,290,3,4,4,344,344,Loyal Customers,945
CUST-01270,Dylan Robinson,dylan.robinson534@example.com,Miami,FL,2025-08-19,Social Media (Instagram/TikTok),Silver,4,1416.22,354.06,2026-06-24 02:33:00,2025-11-17 22:54:00,69,4,4,4,444,444,Champions (VIP),946
CUST-02000,Sofia Baker,sofia.baker633@example.com,Boston,MA,2026-05-18,Email Marketing,Standard,3,1413.91,471.3,2026-08-21 05:18:00,2026-07-11 03:49:00,11,5,3,4,534,534,Loyal Customers,947
CUST-00664,Isabella Ramirez,isabella.ramirez688@example.com,Phoenix,AZ,2023-09-28,Social Media (Instagram/TikTok),Gold,5,1409.47,281.89,2026-08-11 19:31:00,2024-08-20 09:51:00,20,5,4,4,544,544,Champions (VIP),948
CUST-02217,Matthew Smith,matthew.smith935@example.com,Philadelphia,PA,2026-02-10,Affiliate Referral,Standard,3,1408.12,469.37,2026-06-25 02:48:00,2026-04-06 16:20:00,68,4,3,4,434,434,Loyal Customers,949
CUST-02125,Jayden Scott,jayden.scott738@example.com,Kansas City,MO,2023-11-11,Affiliate Referral,Standard,1,1407.46,1407.46,2025-01-19 06:45:00,2025-01-19 06:45:00,590,1,1,4,114,114,About to Sleep,950
CUST-00871,Ethan Baker,ethan.baker86@example.com,Philadelphia,PA,2023-05-22,Affiliate Referral,Silver,3,1406.63,468.88,2026-08-27 06:58:00,2024-02-14 22:08:00,5,5,3,4,534,534,Loyal Customers,951
CUST-00380,Aria Rodriguez,aria.rodriguez650@example.com,Austin,TX,2025-11-10,Affiliate Referral,Gold,5,1399.4,279.88,2026-07-25 23:10:00,2025-12-02 05:16:00,37,5,4,4,544,544,Champions (VIP),952
CUST-00713,Nora Smith,nora.smith281@example.com,San Antonio,TX,2023-10-25,Organic Search,Gold,8,1392.96,174.12,2025-03-26 19:57:00,2023-12-25 12:41:00,523,2,5,4,254,254,At Risk VIPs (High Value),953
CUST-01953,Luke Hall,luke.hall504@example.com,Austin,TX,2023-03-24,Paid Search (Google),Standard,2,1391.72,695.86,2025-11-27 04:00:00,2023-05-25 11:12:00,278,3,2,4,324,324,Promising / Needs Attention,954
CUST-01294,Emma Clark,emma.clark110@example.com,Portland,OR,2022-12-30,Email Marketing,Silver,4,1386.08,346.52,2025-08-14 21:39:00,2023-05-30 17:28:00,382,2,4,4,244,244,At Risk VIPs (High Value),955
CUST-01178,James Hill,james.hill913@example.com,Miami,FL,2023-10-01,Paid Search (Google),Silver,3,1386.0,462.0,2025-08-30 18:02:00,2024-04-21 20:49:00,366,2,3,4,234,234,At Risk VIPs (High Value),956
CUST-00633,Aiden Green,aiden.green739@example.com,Portland,OR,2024-09-28,Email Marketing,Gold,5,1385.71,277.14,2026-08-15 13:47:00,2024-11-26 09:03:00,16,5,4,4,544,544,Champions (VIP),957
CUST-02271,Amelia Mitchell,amelia.mitchell122@example.com,San Diego,CA,2022-07-04,Email Marketing,Standard,3,1383.94,461.31,2025-12-09 00:27:00,2024-12-30 16:06:00,266,3,3,4,334,334,Loyal Customers,958
CUST-00343,Elizabeth Rodriguez,elizabeth.rodriguez74@example.com,Salt Lake City,UT,2024-12-24,Organic Search,Gold,5,1383.7,276.74,2025-12-10 19:58:00,2025-04-14 23:08:00,264,3,4,4,344,344,Loyal Customers,959
CUST-00457,Abigail Hernandez,abigail.hernandez345@example.com,Tampa,FL,2025-05-01,Email Marketing,Gold,6,1381.4,230.23,2026-06-27 17:57:00,2025-05-21 19:06:00,65,4,5,4,454,454,Champions (VIP),960
CUST-00884,Penelope Taylor,penelope.taylor563@example.com,Raleigh,NC,2024-01-01,Organic Search,Silver,3,1380.35,460.12,2025-11-12 06:01:00,2025-01-12 20:59:00,293,3,3,4,334,334,Loyal Customers,961
CUST-01320,Grayson Harris,grayson.harris74@example.com,Indianapolis,IN,2025-06-12,Social Media (Instagram/TikTok),Silver,3,1379.65,459.88,2026-08-04 13:40:00,2025-07-02 23:35:00,27,5,3,4,534,534,Loyal Customers,962
CUST-00399,Evelyn Taylor,evelyn.taylor754@example.com,Seattle,WA,2024-09-03,Social Media (Instagram/TikTok),Gold,8,1378.28,172.28,2026-08-22 15:25:00,2024-10-17 11:08:00,9,5,5,4,554,554,Champions (VIP),963
CUST-01001,Emma Baker,emma.baker225@example.com,Denver,CO,2025-09-02,Organic Search,Silver,3,1373.95,457.98,2026-08-25 12:53:00,2025-10-16 23:30:00,6,5,3,4,534,534,Loyal Customers,964
CUST-01026,Dylan Scott,dylan.scott65@example.com,New York,NY,2024-08-22,Affiliate Referral,Silver,5,1368.9,273.78,2026-06-27 04:34:00,2024-08-25 21:45:00,66,4,4,4,444,444,Champions (VIP),965
CUST-01330,William Gonzalez,william.gonzalez446@example.com,San Jose,CA,2026-03-21,Email Marketing,Silver,4,1368.38,342.1,2026-07-08 23:41:00,2026-04-01 19:13:00,54,4,4,4,444,444,Champions (VIP),966
CUST-00861,Olivia Harris,olivia.harris158@example.com,Los Angeles,CA,2026-03-04,Organic Search,Silver,3,1364.34,454.78,2026-07-27 08:07:00,2026-05-27 15:18:00,36,5,3,4,534,534,Loyal Customers,967
CUST-00472,Aria Gonzalez,aria.gonzalez969@example.com,Raleigh,NC,2023-01-18,Organic Search,Gold,3,1363.4,454.47,2025-03-14 08:20:00,2023-02-09 02:50:00,536,2,3,4,234,234,At Risk VIPs (High Value),968
CUST-00887,Benjamin Miller,benjamin.miller181@example.com,Columbus,OH,2025-06-06,Affiliate Referral,Silver,4,1362.93,340.73,2026-07-09 00:22:00,2025-07-09 20:31:00,54,4,4,4,444,444,Champions (VIP),969
CUST-00734,Avery Scott,avery.scott72@example.com,Kansas City,MO,2024-08-01,Affiliate Referral,Gold,5,1361.83,272.37,2026-07-26 02:48:00,2024-08-29 22:36:00,37,5,4,4,544,544,Champions (VIP),970
CUST-01162,Penelope King,penelope.king793@example.com,Minneapolis,MN,2022-09-09,Paid Search (Google),Silver,3,1360.15,453.38,2024-04-13 05:33:00,2022-10-01 17:42:00,871,1,3,4,134,134,At Risk VIPs (High Value),971
CUST-00401,Carter Scott,carter.scott305@example.com,Chicago,IL,2024-07-31,Affiliate Referral,Gold,3,1358.66,452.89,2024-12-19 19:25:00,2024-09-18 00:40:00,620,1,3,4,134,134,At Risk VIPs (High Value),972
CUST-00267,Joseph Smith,joseph.smith195@example.com,Tampa,FL,2023-03-21,Affiliate Referral,Gold,2,1355.97,677.99,2025-04-01 05:11:00,2024-06-25 13:31:00,518,2,2,4,224,224,About to Sleep,973
CUST-01747,Harper Garcia,harper.garcia72@example.com,Los Angeles,CA,2024-07-12,Social Media (Instagram/TikTok),Standard,1,1354.97,1354.97,2025-11-17 11:08:00,2025-11-17 11:08:00,288,3,1,4,314,314,Promising / Needs Attention,974
CUST-00780,David White,david.white276@example.com,Nashville,TN,2024-01-24,Email Marketing,Silver,4,1353.37,338.34,2026-03-03 10:23:00,2024-07-07 18:04:00,182,3,4,4,344,344,Loyal Customers,975
CUST-01795,Avery Taylor,avery.taylor670@example.com,Chicago,IL,2024-06-05,Organic Search,Standard,3,1352.03,450.68,2025-12-31 13:21:00,2025-11-05 14:12:00,243,3,3,3,333,333,Loyal Customers,976
CUST-02042,Oliver Harris,oliver.harris427@example.com,Portland,OR,2024-02-18,Paid Search (Google),Standard,3,1351.38,450.46,2025-02-28 22:46:00,2024-03-17 17:25:00,549,2,3,3,233,233,At Risk VIPs (High Value),977
CUST-01498,Hannah Green,hannah.green877@example.com,Indianapolis,IN,2022-11-02,Affiliate Referral,Silver,3,1350.58,450.19,2026-01-10 11:30:00,2023-07-04 17:12:00,234,3,3,3,333,333,Loyal Customers,978
CUST-01671,Wyatt Taylor,wyatt.taylor608@example.com,Miami,FL,2025-12-25,Email Marketing,Standard,1,1349.98,1349.98,2026-08-23 12:33:00,2026-08-23 12:33:00,8,5,1,3,513,513,Potential Loyalists,979
CUST-01259,Grayson Nelson,grayson.nelson457@example.com,Phoenix,AZ,2022-11-21,Paid Search (Google),Silver,2,1349.16,674.58,2024-10-12 05:04:00,2024-01-17 04:37:00,689,1,2,3,123,123,About to Sleep,980
CUST-02376,Penelope Rivera,penelope.rivera376@example.com,Chicago,IL,2023-04-20,Social Media (Instagram/TikTok),Standard,2,1347.5,673.75,2024-08-25 04:03:00,2024-05-01 08:19:00,737,1,2,3,123,123,About to Sleep,981
CUST-00367,Charlotte Baker,charlotte.baker875@example.com,San Jose,CA,2026-02-27,Social Media (Instagram/TikTok),Gold,6,1346.57,224.43,2026-07-12 10:48:00,2026-02-27 12:09:00,51,4,5,3,453,453,Loyal Customers,982
CUST-00679,Camila Jones,camila.jones32@example.com,Chicago,IL,2023-07-10,Email Marketing,Gold,6,1346.57,224.43,2025-08-22 18:35:00,2023-10-04 00:24:00,374,2,5,3,253,253,At Risk VIPs (High Value),982
CUST-00257,Dylan Jones,dylan.jones103@example.com,Kansas City,MO,2022-11-22,Organic Search,Gold,5,1346.34,269.27,2025-03-19 00:16:00,2023-02-01 18:48:00,531,2,4,3,243,243,At Risk VIPs (High Value),983
CUST-01346,Hannah Lopez,hannah.lopez173@example.com,Las Vegas,NV,2022-08-28,Organic Search,Silver,3,1345.94,448.65,2025-12-19 14:04:00,2024-10-11 10:04:00,255,3,3,3,333,333,Loyal Customers,984
CUST-00280,Grace Jones,grace.jones416@example.com,Tampa,FL,2022-08-26,Email Marketing,Gold,3,1345.93,448.64,2026-08-18 12:56:00,2023-12-16 08:00:00,13,5,3,3,533,533,Loyal Customers,985
CUST-00648,Emma Thomas,emma.thomas57@example.com,Miami,FL,2024-06-15,Email Marketing,Gold,5,1343.39,268.68,2025-02-24 10:35:00,2024-08-17 18:31:00,554,2,4,3,243,243,At Risk VIPs (High Value),986
CUST-01481,Emily Young,emily.young451@example.com,Phoenix,AZ,2024-03-01,Email Marketing,Silver,2,1343.19,671.6,2026-05-31 18:46:00,2025-02-08 04:53:00,92,4,2,3,423,423,Potential Loyalists,987
CUST-01392,Grayson Nguyen,grayson.nguyen691@example.com,Salt Lake City,UT,2025-05-21,Affiliate Referral,Silver,3,1342.33,447.44,2026-06-16 05:04:00,2025-12-07 11:31:00,77,4,3,3,433,433,Loyal Customers,988
CUST-00847,Amelia Carter,amelia.carter434@example.com,Los Angeles,CA,2025-12-18,Affiliate Referral,Silver,4,1340.69,335.17,2026-08-05 04:55:00,2025-12-29 17:19:00,27,5,4,3,543,543,Loyal Customers,989
CUST-01752,Emma Robinson,emma.robinson403@example.com,Atlanta,GA,2024-10-24,Affiliate Referral,Standard,1,1339.96,1339.96,2025-02-10 19:59:00,2025-02-10 19:59:00,567,2,1,3,213,213,About to Sleep,990
CUST-00403,Harper Rodriguez,harper.rodriguez109@example.com,Denver,CO,2024-07-04,Social Media (Instagram/TikTok),Gold,7,1335.41,190.77,2026-08-12 10:02:00,2024-07-14 22:17:00,20,5,5,3,553,553,Loyal Customers,991
CUST-02152,Harper Torres,harper.torres509@example.com,Los Angeles,CA,2024-06-14,Social Media (Instagram/TikTok),Standard,2,1335.17,667.59,2026-01-27 07:56:00,2024-11-16 10:39:00,217,3,2,3,323,323,Promising / Needs Attention,992
CUST-01419,Riley Lopez,riley.lopez579@example.com,Atlanta,GA,2026-05-25,Affiliate Referral,Silver,3,1333.85,444.62,2026-08-08 16:58:00,2026-06-25 06:30:00,23,5,3,3,533,533,Loyal Customers,993
CUST-01793,Nora Robinson,nora.robinson452@example.com,Boston,MA,2024-06-22,Email Marketing,Standard,2,1331.96,665.98,2024-11-27 12:26:00,2024-07-28 18:30:00,642,1,2,3,123,123,About to Sleep,994
CUST-00312,Scarlett Miller,scarlett.miller529@example.com,Columbus,OH,2025-06-10,Affiliate Referral,Gold,5,1330.7,266.14,2026-05-06 02:26:00,2025-06-14 03:28:00,118,3,4,3,343,343,Loyal Customers,995
CUST-00440,Evelyn Allen,evelyn.allen489@example.com,Dallas,TX,2023-06-30,Organic Search,Gold,5,1323.11,264.62,2026-06-25 22:57:00,2023-07-09 08:02:00,67,4,4,3,443,443,Loyal Customers,996
CUST-00405,Layla Allen,layla.allen51@example.com,Los Angeles,CA,2022-08-19,Paid Search (Google),Gold,5,1318.83,263.77,2026-06-05 05:16:00,2023-05-08 14:51:00,88,4,4,3,443,443,Loyal Customers,997
CUST-01099,Abigail Miller,abigail.miller48@example.com,Atlanta,GA,2024-05-29,Paid Search (Google),Silver,2,1317.97,658.99,2026-05-04 21:59:00,2024-08-16 23:47:00,119,3,2,3,323,323,Promising / Needs Attention,998
CUST-00684,Nora Martinez,nora.martinez45@example.com,Charlotte,NC,2025-11-20,Affiliate Referral,Gold,6,1315.93,219.32,2026-05-16 07:53:00,2025-12-16 05:04:00,108,4,5,3,453,453,Loyal Customers,999
CUST-00766,Jack Harris,jack.harris882@example.com,Seattle,WA,2024-12-27,Social Media (Instagram/TikTok),Silver,4,1315.62,328.91,2026-08-20 18:34:00,2025-03-20 14:50:00,11,5,4,3,543,543,Loyal Customers,1000
CUST-00932,Jackson Harris,jackson.harris939@example.com,San Diego,CA,2025-04-23,Email Marketing,Silver,4,1314.11,328.53,2026-07-29 07:35:00,2025-06-13 03:23:00,34,5,4,3,543,543,Loyal Customers,1001
CUST-01318,Grayson Garcia,grayson.garcia916@example.com,Minneapolis,MN,2024-11-13,Paid Search (Google),Silver,3,1312.97,437.66,2026-05-15 18:12:00,2025-03-09 07:07:00,108,4,3,3,433,433,Loyal Customers,1002
CUST-00691,Daniel Johnson,daniel.johnson927@example.com,Indianapolis,IN,2023-12-28,Organic Search,Gold,4,1312.44,328.11,2024-06-20 13:39:00,2024-01-21 20:31:00,802,1,4,3,143,143,At Risk VIPs (High Value),1003
CUST-01230,Charlotte Hall,charlotte.hall489@example.com,Houston,TX,2024-12-20,Social Media (Instagram/TikTok),Silver,4,1311.94,327.99,2025-02-20 03:07:00,2024-12-28 06:53:00,558,2,4,3,243,243,At Risk VIPs (High Value),1004
CUST-01840,Madison Nelson,madison.nelson776@example.com,Atlanta,GA,2025-02-17,Email Marketing,Standard,2,1311.15,655.58,2026-07-30 21:13:00,2026-05-23 11:23:00,32,5,2,3,523,523,Potential Loyalists,1005
CUST-01727,Jacob Garcia,jacob.garcia845@example.com,Charlotte,NC,2025-12-02,Social Media (Instagram/TikTok),Standard,2,1308.36,654.18,2026-04-24 06:44:00,2025-12-14 17:22:00,130,3,2,3,323,323,Promising / Needs Attention,1006
CUST-00554,Riley Wright,riley.wright47@example.com,Indianapolis,IN,2024-06-06,Affiliate Referral,Gold,7,1306.0,186.57,2025-03-13 11:16:00,2024-06-25 03:06:00,537,2,5,3,253,253,At Risk VIPs (High Value),1007
CUST-02451,Evelyn Hill,evelyn.hill276@example.com,Indianapolis,IN,2024-01-09,Social Media (Instagram/TikTok),Standard,2,1304.97,652.49,2025-03-17 11:14:00,2024-06-04 03:50:00,533,2,2,3,223,223,About to Sleep,1008
CUST-01441,Evelyn Lewis,evelyn.lewis921@example.com,Charlotte,NC,2025-05-07,Social Media (Instagram/TikTok),Silver,3,1304.2,434.73,2026-02-08 03:46:00,2025-06-28 11:20:00,205,3,3,3,333,333,Loyal Customers,1009
CUST-00412,Dylan Taylor,dylan.taylor681@example.com,Indianapolis,IN,2025-08-28,Affiliate Referral,Gold,6,1304.17,217.36,2026-07-24 23:50:00,2025-10-23 02:03:00,38,5,5,3,553,553,Loyal Customers,1010
CUST-00309,Charlotte Adams,charlotte.adams696@example.com,Boston,MA,2025-04-07,Social Media (Instagram/TikTok),Gold,4,1301.79,325.45,2026-08-17 16:18:00,2025-06-19 18:00:00,14,5,4,3,543,543,Loyal Customers,1011
CUST-00327,Samuel Miller,samuel.miller869@example.com,Salt Lake City,UT,2026-01-22,Social Media (Instagram/TikTok),Gold,3,1298.92,432.97,2026-07-16 23:36:00,2026-05-28 21:52:00,46,4,3,3,433,433,Loyal Customers,1012
CUST-01072,Camila Wright,camila.wright385@example.com,Atlanta,GA,2022-06-02,Affiliate Referral,Silver,3,1292.7,430.9,2026-06-29 09:01:00,2024-08-11 07:35:00,64,4,3,3,433,433,Loyal Customers,1013
CUST-00442,Elizabeth Smith,elizabeth.smith764@example.com,San Jose,CA,2024-01-26,Affiliate Referral,Gold,4,1292.25,323.06,2026-05-12 23:21:00,2024-09-11 04:00:00,111,4,4,3,443,443,Loyal Customers,1014
CUST-01352,Avery Roberts,avery.roberts122@example.com,San Jose,CA,2023-09-10,Organic Search,Silver,2,1290.95,645.48,2025-01-10 23:44:00,2024-07-15 22:21:00,598,1,2,3,123,123,About to Sleep,1015
CUST-00969,Noah Campbell,noah.campbell403@example.com,Denver,CO,2025-11-09,Affiliate Referral,Silver,3,1290.94,430.31,2026-06-07 18:38:00,2025-11-21 20:34:00,85,4,3,3,433,433,Loyal Customers,1016
CUST-00278,Madison Davis,madison.davis17@example.com,Miami,FL,2024-10-29,Paid Search (Google),Gold,4,1289.38,322.34,2026-01-21 16:31:00,2024-12-28 00:00:00,222,3,4,3,343,343,Loyal Customers,1017
CUST-00851,Ethan Campbell,ethan.campbell844@example.com,Phoenix,AZ,2022-12-30,Email Marketing,Silver,4,1286.92,321.73,2025-11-29 20:45:00,2023-11-25 19:14:00,275,3,4,3,343,343,Loyal Customers,1018
CUST-02356,Sophia Johnson,sophia.johnson882@example.com,Raleigh,NC,2023-04-22,Paid Search (Google),Standard,2,1281.63,640.82,2025-03-04 18:32:00,2025-01-01 08:57:00,545,2,2,3,223,223,About to Sleep,1019
CUST-00771,Matthew Gonzalez,matthew.gonzalez163@example.com,Portland,OR,2023-10-06,Organic Search,Silver,5,1281.25,256.25,2026-02-15 01:33:00,2024-04-09 14:14:00,198,3,4,3,343,343,Loyal Customers,1020
CUST-00366,Evelyn Jones,evelyn.jones472@example.com,Philadelphia,PA,2026-05-31,Email Marketing,Gold,5,1278.17,255.63,2026-08-15 18:42:00,2026-06-03 04:03:00,16,5,4,3,543,543,Loyal Customers,1021
CUST-01179,Dylan Robinson,dylan.robinson429@example.com,Atlanta,GA,2022-11-10,Affiliate Referral,Silver,2,1276.16,638.08,2024-09-09 23:59:00,2024-05-28 06:25:00,721,1,2,3,123,123,About to Sleep,1022
CUST-01377,Sophia White,sophia.white385@example.com,Philadelphia,PA,2026-01-18,Affiliate Referral,Silver,3,1275.46,425.15,2026-08-18 20:30:00,2026-01-25 20:51:00,13,5,3,3,533,533,Loyal Customers,1023
CUST-00578,Penelope Clark,penelope.clark620@example.com,Phoenix,AZ,2025-08-21,Email Marketing,Gold,6,1275.27,212.54,2026-07-28 10:31:00,2025-11-07 07:26:00,35,5,5,3,553,553,Loyal Customers,1024
CUST-01138,Penelope Johnson,penelope.johnson976@example.com,San Francisco,CA,2023-12-26,Paid Search (Google),Silver,3,1270.36,423.45,2025-04-22 13:19:00,2024-08-21 10:22:00,496,2,3,3,233,233,At Risk VIPs (High Value),1025
CUST-01018,Aiden Robinson,aiden.robinson656@example.com,Phoenix,AZ,2023-05-10,Social Media (Instagram/TikTok),Silver,4,1267.93,316.98,2026-05-27 21:36:00,2024-01-24 18:03:00,96,4,4,3,443,443,Loyal Customers,1026
CUST-00802,Oliver Hall,oliver.hall128@example.com,Boston,MA,2024-11-26,Email Marketing,Silver,4,1267.0,316.75,2026-08-20 23:40:00,2025-02-10 13:29:00,11,5,4,3,543,543,Loyal Customers,1027
CUST-01995,Emily Lee,emily.lee979@example.com,Columbus,OH,2024-08-06,Paid Search (Google),Standard,2,1265.53,632.76,2026-03-31 15:03:00,2026-02-25 07:48:00,153,3,2,3,323,323,Promising / Needs Attention,1028
CUST-00688,Liam Harris,liam.harris810@example.com,Salt Lake City,UT,2024-06-05,Email Marketing,Gold,8,1265.49,158.19,2026-03-13 12:49:00,2024-12-08 04:29:00,171,3,5,3,353,353,Loyal Customers,1029
CUST-02053,Penelope Garcia,penelope.garcia918@example.com,Houston,TX,2023-02-23,Affiliate Referral,Standard,1,1264.99,1264.99,2024-02-15 14:19:00,2024-02-15 14:19:00,928,1,1,3,113,113,About to Sleep,1030
CUST-00488,Jacob Brown,jacob.brown284@example.com,Denver,CO,2026-03-11,Affiliate Referral,Gold,8,1263.68,157.96,2026-08-28 00:34:00,2026-03-30 06:40:00,4,5,5,3,553,553,Loyal Customers,1031
CUST-01779,Jacob Gonzalez,jacob.gonzalez555@example.com,Denver,CO,2026-04-23,Social Media (Instagram/TikTok),Standard,2,1263.17,631.59,2026-07-09 22:42:00,2026-06-15 07:41:00,53,4,2,3,423,423,Potential Loyalists,1032
CUST-00970,Aiden Rivera,aiden.rivera996@example.com,Charlotte,NC,2022-09-26,Paid Search (Google),Silver,2,1259.95,629.98,2026-06-20 17:40:00,2024-05-21 15:07:00,72,4,2,3,423,423,Potential Loyalists,1033
CUST-02145,Carter Flores,carter.flores886@example.com,Boston,MA,2022-08-21,Email Marketing,Standard,2,1259.47,629.74,2025-08-22 22:04:00,2024-07-10 02:46:00,374,2,2,3,223,223,About to Sleep,1034
CUST-00571,Amelia Wright,amelia.wright201@example.com,Seattle,WA,2024-03-29,Paid Search (Google),Gold,6,1257.18,209.53,2025-01-15 14:02:00,2024-04-18 04:41:00,593,1,5,3,153,153,At Risk VIPs (High Value),1035
CUST-00821,Emily Davis,emily.davis145@example.com,Salt Lake City,UT,2022-09-29,Paid Search (Google),Silver,4,1255.94,313.99,2024-10-27 18:18:00,2023-12-09 04:36:00,673,1,4,3,143,143,At Risk VIPs (High Value),1036
CUST-01077,Lucas Miller,lucas.miller545@example.com,Las Vegas,NV,2022-10-15,Organic Search,Silver,2,1254.95,627.48,2024-11-22 14:02:00,2023-08-09 13:44:00,647,1,2,3,123,123,About to Sleep,1037
CUST-00610,Jackson Garcia,jackson.garcia390@example.com,Las Vegas,NV,2026-01-19,Paid Search (Google),Gold,6,1254.74,209.12,2026-08-28 09:33:00,2026-03-13 01:12:00,4,5,5,3,553,553,Loyal Customers,1038
CUST-01978,Grace Hill,grace.hill561@example.com,Portland,OR,2023-08-04,Organic Search,Standard,2,1254.7,627.35,2026-03-17 09:58:00,2025-05-25 01:35:00,168,3,2,3,323,323,Promising / Needs Attention,1039
CUST-01551,Zoey Wilson,zoey.wilson624@example.com,San Antonio,TX,2024-01-01,Paid Search (Google),Standard,1,1250.67,1250.67,2026-08-05 18:54:00,2026-08-05 18:54:00,26,5,1,3,513,513,Potential Loyalists,1040
CUST-00906,Lucas Lopez,lucas.lopez697@example.com,Indianapolis,IN,2025-08-05,Organic Search,Silver,2,1249.95,624.98,2026-04-09 00:42:00,2026-03-27 08:59:00,145,3,2,3,323,323,Promising / Needs Attention,1041
CUST-00645,Hannah Robinson,hannah.robinson533@example.com,Seattle,WA,2022-09-22,Email Marketing,Gold,8,1249.84,156.23,2026-07-15 22:13:00,2023-12-23 00:37:00,47,4,5,3,453,453,Loyal Customers,1042
CUST-00602,Madison Nguyen,madison.nguyen12@example.com,Tampa,FL,2022-12-08,Email Marketing,Gold,6,1247.49,207.91,2024-12-09 03:19:00,2023-02-19 17:10:00,631,1,5,3,153,153,At Risk VIPs (High Value),1043
CUST-00425,Wyatt Thompson,wyatt.thompson987@example.com,Columbus,OH,2023-03-27,Social Media (Instagram/TikTok),Gold,4,1246.01,311.5,2026-01-26 00:44:00,2023-12-15 05:21:00,218,3,4,3,343,343,Loyal Customers,1044
CUST-02257,Emily Rodriguez,emily.rodriguez607@example.com,Atlanta,GA,2023-02-01,Paid Search (Google),Standard,1,1244.96,1244.96,2024-12-29 21:35:00,2024-12-29 21:35:00,610,1,1,3,113,113,About to Sleep,1045
CUST-02124,Ethan Allen,ethan.allen174@example.com,New York,NY,2024-08-20,Email Marketing,Standard,2,1244.2,622.1,2026-02-25 08:47:00,2024-10-27 08:07:00,188,3,2,3,323,323,Promising / Needs Attention,1046
CUST-00778,Elizabeth Baker,elizabeth.baker931@example.com,San Jose,CA,2026-01-31,Organic Search,Silver,1,1243.96,1243.96,2026-06-28 22:01:00,2026-06-28 22:01:00,64,4,1,3,413,413,Potential Loyalists,1047
CUST-01116,Sofia Thomas,sofia.thomas83@example.com,Dallas,TX,2024-10-28,Social Media (Instagram/TikTok),Silver,4,1241.58,310.39,2026-06-26 17:22:00,2024-12-10 16:43:00,66,4,4,3,443,443,Loyal Customers,1048
CUST-00308,Owen Adams,owen.adams820@example.com,San Jose,CA,2023-02-17,Affiliate Referral,Gold,3,1240.68,413.56,2025-01-01 17:57:00,2024-08-06 15:03:00,607,1,3,3,133,133,At Risk VIPs (High Value),1049
CUST-00547,Grayson Torres,grayson.torres810@example.com,San Diego,CA,2024-03-29,Email Marketing,Gold,7,1228.18,175.45,2026-08-19 20:28:00,2024-05-21 16:40:00,12,5,5,3,553,553,Loyal Customers,1050
CUST-01411,Isabella Nelson,isabella.nelson379@example.com,Denver,CO,2023-03-30,Email Marketing,Silver,4,1228.0,307.0,2025-11-08 07:46:00,2024-01-11 03:12:00,297,3,4,3,343,343,Loyal Customers,1051
CUST-02467,Logan Williams,logan.williams843@example.com,Raleigh,NC,2023-08-06,Email Marketing,Standard,1,1226.72,1226.72,2023-09-27 18:51:00,2023-09-27 18:51:00,1069,1,1,3,113,113,About to Sleep,1052
CUST-02477,Zoey Young,zoey.young279@example.com,Chicago,IL,2023-03-08,Social Media (Instagram/TikTok),Standard,3,1226.45,408.82,2025-04-20 09:29:00,2023-05-27 15:59:00,499,2,3,3,233,233,At Risk VIPs (High Value),1053
CUST-01171,Benjamin King,benjamin.king734@example.com,Denver,CO,2025-04-13,Affiliate Referral,Silver,3,1226.43,408.81,2026-07-03 03:50:00,2025-06-28 07:19:00,60,4,3,3,433,433,Loyal Customers,1054
CUST-01206,William Martinez,william.martinez297@example.com,Kansas City,MO,2022-08-03,Social Media (Instagram/TikTok),Silver,2,1224.97,612.49,2024-06-28 08:58:00,2023-09-21 10:01:00,795,1,2,3,123,123,About to Sleep,1055
CUST-02123,Aiden Davis,aiden.davis169@example.com,Los Angeles,CA,2026-01-06,Organic Search,Standard,2,1223.21,611.61,2026-08-04 09:13:00,2026-05-20 08:22:00,28,5,2,3,523,523,Potential Loyalists,1056
CUST-02255,Lucas Brown,lucas.brown979@example.com,Austin,TX,2022-11-01,Social Media (Instagram/TikTok),Standard,3,1220.95,406.98,2024-12-12 12:35:00,2022-12-29 02:41:00,627,1,3,3,133,133,At Risk VIPs (High Value),1057
CUST-00783,Owen King,owen.king315@example.com,Boston,MA,2022-09-19,Paid Search (Google),Silver,3,1216.0,405.33,2024-12-12 07:43:00,2024-03-30 00:32:00,628,1,3,3,133,133,At Risk VIPs (High Value),1058
CUST-01173,David Torres,david.torres902@example.com,Las Vegas,NV,2023-04-04,Paid Search (Google),Silver,2,1213.97,606.99,2023-12-15 13:08:00,2023-11-14 17:59:00,990,1,2,3,123,123,About to Sleep,1059
CUST-01627,Alexander Flores,alexander.flores222@example.com,Austin,TX,2026-04-15,Organic Search,Standard,1,1212.97,1212.97,2026-06-28 12:46:00,2026-06-28 12:46:00,64,4,1,3,413,413,Potential Loyalists,1060
CUST-01900,Owen Nguyen,owen.nguyen325@example.com,Raleigh,NC,2024-09-20,Organic Search,Standard,2,1211.83,605.91,2026-05-27 08:37:00,2025-03-28 08:28:00,97,4,2,3,423,423,Potential Loyalists,1061
CUST-02243,Emily Hill,emily.hill344@example.com,Nashville,TN,2024-07-24,Paid Search (Google),Standard,2,1211.05,605.52,2025-06-22 19:03:00,2025-06-18 12:31:00,435,2,2,3,223,223,About to Sleep,1062
CUST-00983,Luke Harris,luke.harris586@example.com,Miami,FL,2023-10-12,Social Media (Instagram/TikTok),Silver,5,1210.92,242.18,2026-07-29 16:30:00,2024-08-11 12:16:00,33,5,4,3,543,543,Loyal Customers,1063
CUST-00866,Penelope Thomas,penelope.thomas533@example.com,Indianapolis,IN,2026-04-26,Social Media (Instagram/TikTok),Silver,4,1209.75,302.44,2026-08-03 10:31:00,2026-05-15 12:44:00,29,5,4,3,543,543,Loyal Customers,1064
CUST-01932,Harper Nelson,harper.nelson149@example.com,San Francisco,CA,2025-12-19,Email Marketing,Standard,2,1205.21,602.61,2026-02-06 20:36:00,2025-12-30 20:55:00,206,3,2,3,323,323,Promising / Needs Attention,1065
CUST-00296,Charlotte Flores,charlotte.flores618@example.com,Portland,OR,2024-07-27,Email Marketing,Gold,9,1203.57,133.73,2026-04-21 02:19:00,2024-08-25 06:07:00,133,3,5,3,353,353,Loyal Customers,1066
CUST-02449,Avery Lewis,avery.lewis815@example.com,Boston,MA,2023-09-14,Affiliate Referral,Standard,2,1202.01,601.0,2026-07-29 14:16:00,2025-03-21 05:28:00,33,5,2,3,523,523,Potential Loyalists,1067
CUST-02191,Elijah Green,elijah.green464@example.com,Portland,OR,2025-09-03,Organic Search,Standard,3,1199.84,399.95,2026-08-10 18:37:00,2025-11-27 09:16:00,21,5,3,3,533,533,Loyal Customers,1068
CUST-01361,Avery Garcia,avery.garcia431@example.com,Tampa,FL,2025-05-04,Email Marketing,Silver,3,1198.26,399.42,2025-12-15 14:33:00,2025-08-21 05:40:00,259,3,3,3,333,333,Loyal Customers,1069
CUST-01019,Riley Green,riley.green637@example.com,Nashville,TN,2024-09-06,Organic Search,Silver,3,1197.96,399.32,2026-04-20 13:16:00,2025-02-26 17:00:00,133,3,3,3,333,333,Loyal Customers,1070
CUST-00356,Layla White,layla.white535@example.com,Indianapolis,IN,2026-03-23,Paid Search (Google),Gold,4,1197.64,299.41,2026-08-18 08:10:00,2026-06-03 00:46:00,14,5,4,3,543,543,Loyal Customers,1071
CUST-00588,Sophia Carter,sophia.carter746@example.com,Atlanta,GA,2025-06-23,Paid Search (Google),Gold,6,1196.14,199.36,2026-07-16 09:54:00,2025-07-04 08:31:00,47,4,5,3,453,453,Loyal Customers,1072
CUST-00418,Michael Scott,michael.scott342@example.com,Las Vegas,NV,2025-02-04,Affiliate Referral,Gold,3,1194.97,398.32,2026-04-08 23:26:00,2025-10-08 02:44:00,145,3,3,3,333,333,Loyal Customers,1073
CUST-02057,Abigail Williams,abigail.williams140@example.com,San Antonio,TX,2024-10-04,Affiliate Referral,Standard,2,1194.17,597.09,2025-01-14 22:51:00,2024-11-06 00:14:00,594,1,2,3,123,123,About to Sleep,1074
CUST-01368,John Wilson,john.wilson145@example.com,Seattle,WA,2024-01-27,Paid Search (Google),Silver,3,1194.04,398.01,2025-01-30 12:39:00,2024-03-28 21:29:00,578,1,3,3,133,133,At Risk VIPs (High Value),1075
CUST-02348,Jayden Moore,jayden.moore19@example.com,Philadelphia,PA,2024-06-02,Affiliate Referral,Standard,1,1185.67,1185.67,2026-05-13 20:55:00,2026-05-13 20:55:00,110,4,1,3,413,413,Potential Loyalists,1076
CUST-01021,Scarlett Rivera,scarlett.rivera283@example.com,Charlotte,NC,2026-01-11,Email Marketing,Silver,3,1184.4,394.8,2026-07-05 20:27:00,2026-01-30 19:35:00,57,4,3,3,433,433,Loyal Customers,1077
CUST-00364,Camila Roberts,camila.roberts276@example.com,Salt Lake City,UT,2024-11-30,Paid Search (Google),Gold,4,1182.75,295.69,2026-06-13 18:47:00,2024-12-06 12:06:00,79,4,4,3,443,443,Loyal Customers,1078
CUST-00043,Elijah Nelson,elijah.nelson451@example.com,Seattle,WA,2024-10-15,Email Marketing,Platinum,11,1182.33,107.48,2026-04-11 15:13:00,2024-12-25 10:59:00,142,3,5,3,353,353,Loyal Customers,1079
CUST-01212,Charlotte Lewis,charlotte.lewis528@example.com,New York,NY,2025-02-13,Affiliate Referral,Silver,4,1181.6,295.4,2026-03-22 03:07:00,2025-02-15 16:00:00,163,3,4,3,343,343,Loyal Customers,1080
CUST-01524,John Taylor,john.taylor893@example.com,Nashville,TN,2022-09-23,Email Marketing,Standard,2,1181.35,590.67,2024-02-08 17:52:00,2023-07-06 13:45:00,935,1,2,3,123,123,About to Sleep,1081
CUST-00705,Zoey Green,zoey.green993@example.com,Miami,FL,2026-01-20,Social Media (Instagram/TikTok),Gold,4,1180.94,295.24,2026-07-18 09:14:00,2026-01-31 02:31:00,45,4,4,3,443,443,Loyal Customers,1082
CUST-01037,Aiden Walker,aiden.walker557@example.com,New York,NY,2026-04-09,Email Marketing,Silver,2,1179.98,589.99,2026-08-15 12:02:00,2026-04-27 07:51:00,16,5,2,3,523,523,Potential Loyalists,1083
CUST-00729,Wyatt Walker,wyatt.walker510@example.com,Las Vegas,NV,2023-11-25,Organic Search,Gold,5,1178.83,235.77,2026-08-19 15:21:00,2024-07-17 10:31:00,12,5,4,3,543,543,Loyal Customers,1084
CUST-02024,Jack Lopez,jack.lopez559@example.com,Indianapolis,IN,2023-12-04,Organic Search,Standard,1,1177.97,1177.97,2025-08-27 02:03:00,2025-08-27 02:03:00,370,2,1,3,213,213,About to Sleep,1085
CUST-02019,Amelia Smith,amelia.smith368@example.com,Raleigh,NC,2023-06-17,Email Marketing,Standard,1,1176.97,1176.97,2026-03-09 13:17:00,2026-03-09 13:17:00,175,3,1,3,313,313,Promising / Needs Attention,1086
CUST-00828,Elijah Ramirez,elijah.ramirez687@example.com,Raleigh,NC,2023-10-23,Email Marketing,Silver,2,1174.29,587.14,2026-01-30 10:31:00,2024-02-14 08:48:00,214,3,2,3,323,323,Promising / Needs Attention,1087
CUST-01366,Noah Ramirez,noah.ramirez553@example.com,Denver,CO,2025-02-06,Organic Search,Silver,4,1169.92,292.48,2026-01-22 00:55:00,2025-03-18 21:08:00,222,3,4,3,343,343,Loyal Customers,1088
CUST-02335,Mila Davis,mila.davis78@example.com,New York,NY,2023-04-10,Affiliate Referral,Standard,2,1168.95,584.48,2025-04-26 03:58:00,2023-07-08 02:20:00,493,2,2,3,223,223,About to Sleep,1089
CUST-00933,Grace Thompson,grace.thompson508@example.com,Indianapolis,IN,2025-02-12,Affiliate Referral,Silver,3,1168.92,389.64,2025-11-23 11:40:00,2025-02-28 02:47:00,282,3,3,3,333,333,Loyal Customers,1090
CUST-00967,Logan Walker,logan.walker958@example.com,Charlotte,NC,2024-11-08,Organic Search,Silver,5,1168.49,233.7,2026-07-21 04:21:00,2024-12-16 05:38:00,42,4,4,3,443,443,Loyal Customers,1091
CUST-01835,Chloe Jones,chloe.jones783@example.com,Houston,TX,2025-03-30,Social Media (Instagram/TikTok),Standard,1,1168.37,1168.37,2026-01-29 04:11:00,2026-01-29 04:11:00,215,3,1,3,313,313,Promising / Needs Attention,1092
CUST-02229,Amelia Hill,amelia.hill402@example.com,Boston,MA,2023-07-15,Affiliate Referral,Standard,2,1167.96,583.98,2025-09-15 13:12:00,2024-02-02 18:46:00,350,2,2,3,223,223,About to Sleep,1093
CUST-00376,Elizabeth Roberts,elizabeth.roberts999@example.com,Phoenix,AZ,2024-11-03,Affiliate Referral,Gold,6,1166.35,194.39,2025-11-30 00:01:00,2024-12-22 11:02:00,275,3,5,3,353,353,Loyal Customers,1094
CUST-00263,Joseph Scott,joseph.scott386@example.com,Houston,TX,2023-12-23,Affiliate Referral,Gold,7,1164.2,166.31,2025-07-19 12:56:00,2023-12-23 01:52:00,408,2,5,3,253,253,At Risk VIPs (High Value),1095
CUST-00693,Alexander Miller,alexander.miller263@example.com,Las Vegas,NV,2023-10-07,Social Media (Instagram/TikTok),Gold,4,1163.96,290.99,2025-02-03 09:39:00,2024-01-24 02:23:00,575,1,4,3,143,143,At Risk VIPs (High Value),1096
CUST-00998,Jack Walker,jack.walker972@example.com,San Francisco,CA,2022-08-06,Affiliate Referral,Silver,2,1162.46,581.23,2026-03-29 04:18:00,2022-11-15 20:29:00,156,3,2,3,323,323,Promising / Needs Attention,1097
CUST-02266,Samuel Carter,samuel.carter977@example.com,Austin,TX,2026-05-22,Email Marketing,Standard,2,1160.94,580.47,2026-06-26 11:38:00,2026-06-09 23:09:00,67,4,2,3,423,423,Potential Loyalists,1098
CUST-01241,Henry Lopez,henry.lopez688@example.com,Las Vegas,NV,2022-11-07,Affiliate Referral,Silver,4,1160.82,290.2,2026-08-01 00:57:00,2023-02-25 17:26:00,31,5,4,3,543,543,Loyal Customers,1099
CUST-01053,Emma Davis,emma.davis796@example.com,Salt Lake City,UT,2023-10-23,Email Marketing,Silver,4,1158.24,289.56,2026-05-29 04:00:00,2024-04-04 06:20:00,95,4,4,3,443,443,Loyal Customers,1100
CUST-00692,Dylan King,dylan.king376@example.com,Columbus,OH,2025-09-09,Paid Search (Google),Gold,3,1156.49,385.5,2026-08-15 03:08:00,2026-04-28 05:43:00,17,5,3,3,533,533,Loyal Customers,1101
CUST-00908,Jackson Miller,jackson.miller212@example.com,Raleigh,NC,2025-09-02,Email Marketing,Silver,3,1155.4,385.13,2026-04-18 14:27:00,2025-12-24 12:30:00,135,3,3,3,333,333,Loyal Customers,1102
CUST-00798,Liam Anderson,liam.anderson239@example.com,Raleigh,NC,2023-02-24,Paid Search (Google),Silver,4,1152.65,288.16,2024-09-06 04:21:00,2023-08-03 05:19:00,725,1,4,3,143,143,At Risk VIPs (High Value),1103
CUST-01092,Grace Lee,grace.lee573@example.com,San Jose,CA,2024-07-01,Email Marketing,Silver,2,1151.96,575.98,2025-01-27 03:15:00,2024-12-19 14:49:00,582,1,2,3,123,123,About to Sleep,1104
CUST-00910,Elijah Jackson,elijah.jackson644@example.com,Chicago,IL,2023-07-02,Social Media (Instagram/TikTok),Silver,5,1151.14,230.23,2026-08-04 17:28:00,2023-09-13 18:48:00,27,5,4,3,543,543,Loyal Customers,1105
CUST-01616,David Smith,david.smith115@example.com,Minneapolis,MN,2026-05-31,Email Marketing,Standard,2,1151.07,575.53,2026-08-06 02:46:00,2026-06-16 16:00:00,26,5,2,3,523,523,Potential Loyalists,1106
CUST-01204,Isabella King,isabella.king316@example.com,Nashville,TN,2026-03-20,Social Media (Instagram/TikTok),Silver,5,1150.39,230.08,2026-08-16 22:55:00,2026-03-27 11:40:00,15,5,4,3,543,543,Loyal Customers,1107
CUST-01268,Charlotte Thomas,charlotte.thomas493@example.com,Minneapolis,MN,2026-02-19,Organic Search,Silver,2,1150.15,575.08,2026-05-20 06:07:00,2026-03-09 07:10:00,104,4,2,3,423,423,Potential Loyalists,1108
CUST-01013,Nora Mitchell,nora.mitchell352@example.com,Dallas,TX,2024-06-09,Social Media (Instagram/TikTok),Silver,1,1149.98,1149.98,2024-10-13 10:20:00,2024-10-13 10:20:00,688,1,1,3,113,113,About to Sleep,1109
CUST-01937,Lucas Torres,lucas.torres386@example.com,Phoenix,AZ,2024-03-03,Email Marketing,Standard,2,1149.98,574.99,2025-03-01 22:42:00,2024-08-19 02:20:00,548,2,2,3,223,223,About to Sleep,1109
CUST-00577,Victoria Davis,victoria.davis197@example.com,Seattle,WA,2026-04-21,Paid Search (Google),Gold,5,1149.94,229.99,2026-08-15 18:30:00,2026-06-08 21:44:00,16,5,4,3,543,543,Loyal Customers,1110
CUST-02249,Oliver Sanchez,oliver.sanchez315@example.com,Salt Lake City,UT,2024-12-17,Email Marketing,Standard,2,1147.96,573.98,2026-06-22 05:09:00,2025-07-05 19:18:00,71,4,2,3,423,423,Potential Loyalists,1111
CUST-02382,Henry Young,henry.young84@example.com,Indianapolis,IN,2025-07-29,Affiliate Referral,Standard,2,1147.78,573.89,2026-01-05 19:37:00,2025-08-06 14:20:00,238,3,2,3,323,323,Promising / Needs Attention,1112
CUST-01383,Harper Walker,harper.walker736@example.com,San Francisco,CA,2026-03-21,Affiliate Referral,Silver,2,1147.47,573.74,2026-06-17 06:53:00,2026-05-05 19:47:00,76,4,2,3,423,423,Potential Loyalists,1113
CUST-00896,Sophia Hall,sophia.hall878@example.com,Chicago,IL,2024-06-02,Affiliate Referral,Silver,4,1145.23,286.31,2026-08-29 05:22:00,2025-07-13 19:26:00,3,5,4,3,543,543,Loyal Customers,1114
CUST-02098,Carter Garcia,carter.garcia927@example.com,Los Angeles,CA,2025-10-21,Paid Search (Google),Standard,2,1141.99,571.0,2026-04-07 21:44:00,2025-11-04 06:37:00,146,3,2,3,323,323,Promising / Needs Attention,1115
CUST-00674,Oliver Baker,oliver.baker316@example.com,Dallas,TX,2023-05-23,Organic Search,Gold,5,1140.43,228.09,2026-07-13 01:23:00,2024-12-03 02:20:00,50,4,4,3,443,443,Loyal Customers,1116
CUST-01657,Penelope Campbell,penelope.campbell746@example.com,Raleigh,NC,2023-02-14,Affiliate Referral,Standard,2,1139.97,569.99,2025-09-07 07:31:00,2024-09-18 14:53:00,359,2,2,3,223,223,About to Sleep,1117
CUST-01456,Amelia Lopez,amelia.lopez864@example.com,Seattle,WA,2024-07-17,Email Marketing,Silver,2,1138.93,569.47,2026-06-15 00:05:00,2025-11-15 07:40:00,78,4,2,3,423,423,Potential Loyalists,1118
CUST-00782,Mia Walker,mia.walker920@example.com,San Antonio,TX,2025-03-21,Organic Search,Silver,5,1137.91,227.58,2025-04-01 09:10:00,2025-03-21 13:52:00,518,2,4,3,243,243,At Risk VIPs (High Value),1119
CUST-01057,Harper Taylor,harper.taylor502@example.com,Minneapolis,MN,2024-02-02,Paid Search (Google),Silver,4,1130.41,282.6,2025-02-04 20:42:00,2024-11-10 04:17:00,573,1,4,3,143,143,At Risk VIPs (High Value),1120
CUST-00581,Nora Flores,nora.flores64@example.com,Tampa,FL,2024-06-05,Organic Search,Gold,7,1129.54,161.36,2026-01-14 21:37:00,2024-07-06 14:24:00,229,3,5,3,353,353,Loyal Customers,1121
CUST-00179,Layla Allen,layla.allen854@example.com,New York,NY,2026-02-06,Affiliate Referral,Platinum,9,1129.51,125.5,2026-08-31 13:06:00,2026-02-18 16:09:00,0,5,5,3,553,553,Loyal Customers,1122
CUST-00794,Victoria Hernandez,victoria.hernandez76@example.com,Kansas City,MO,2022-09-02,Social Media (Instagram/TikTok),Silver,5,1128.86,225.77,2024-08-10 01:35:00,2022-09-26 03:45:00,752,1,4,3,143,143,At Risk VIPs (High Value),1123
CUST-00956,Jacob Smith,jacob.smith736@example.com,Raleigh,NC,2022-06-15,Affiliate Referral,Silver,4,1119.73,279.93,2025-12-29 14:43:00,2023-12-27 15:47:00,245,3,4,3,343,343,Loyal Customers,1124
CUST-01342,Joseph Clark,joseph.clark14@example.com,San Francisco,CA,2023-09-26,Paid Search (Google),Silver,4,1119.28,279.82,2026-02-24 18:40:00,2023-09-27 19:40:00,188,3,4,3,343,343,Loyal Customers,1125
CUST-00872,Harper Harris,harper.harris51@example.com,Boston,MA,2023-12-24,Affiliate Referral,Silver,3,1117.45,372.48,2026-05-03 20:07:00,2025-08-07 05:16:00,120,3,3,3,333,333,Loyal Customers,1126
CUST-00725,Oliver Sanchez,oliver.sanchez595@example.com,San Francisco,CA,2025-03-02,Paid Search (Google),Gold,5,1117.03,223.41,2026-05-26 18:10:00,2025-07-19 17:03:00,97,4,4,3,443,443,Loyal Customers,1127
CUST-01956,Owen Ramirez,owen.ramirez705@example.com,Kansas City,MO,2023-05-11,Organic Search,Standard,3,1116.45,372.15,2026-03-24 21:57:00,2023-07-04 07:41:00,160,3,3,3,333,333,Loyal Customers,1128
CUST-00545,Evelyn Martin,evelyn.martin338@example.com,Charlotte,NC,2026-04-24,Paid Search (Google),Gold,6,1116.33,186.05,2026-08-29 10:40:00,2026-05-03 01:28:00,3,5,5,3,553,553,Loyal Customers,1129
CUST-01603,Camila Perez,camila.perez999@example.com,Tampa,FL,2023-06-19,Paid Search (Google),Standard,1,1114.97,1114.97,2023-10-22 11:41:00,2023-10-22 11:41:00,1045,1,1,3,113,113,About to Sleep,1130
CUST-02139,Elijah Perez,elijah.perez427@example.com,Raleigh,NC,2025-03-28,Organic Search,Standard,2,1114.57,557.28,2025-08-20 11:42:00,2025-06-18 12:21:00,377,2,2,3,223,223,About to Sleep,1131
CUST-01680,Riley Brown,riley.brown969@example.com,Austin,TX,2024-01-02,Paid Search (Google),Standard,2,1113.96,556.98,2026-06-29 11:18:00,2024-11-29 13:41:00,64,4,2,3,423,423,Potential Loyalists,1132
CUST-01343,Harper King,harper.king107@example.com,Charlotte,NC,2024-06-11,Affiliate Referral,Silver,2,1111.97,555.99,2025-07-29 23:49:00,2024-12-27 09:11:00,398,2,2,3,223,223,About to Sleep,1133
CUST-02292,Scarlett Anderson,scarlett.anderson547@example.com,Portland,OR,2023-05-09,Paid Search (Google),Standard,3,1109.94,369.98,2025-06-09 02:52:00,2023-10-15 08:48:00,449,2,3,3,233,233,At Risk VIPs (High Value),1134
CUST-02285,Elizabeth Allen,elizabeth.allen939@example.com,Salt Lake City,UT,2025-11-26,Email Marketing,Standard,3,1108.45,369.48,2026-07-30 17:59:00,2025-12-07 21:00:00,32,5,3,3,533,533,Loyal Customers,1135
CUST-00685,Sofia Adams,sofia.adams312@example.com,Miami,FL,2024-09-21,Affiliate Referral,Gold,5,1108.4,221.68,2025-03-29 12:24:00,2024-09-28 05:50:00,520,2,4,3,243,243,At Risk VIPs (High Value),1136
CUST-01436,Grace Martinez,grace.martinez23@example.com,Phoenix,AZ,2025-04-27,Social Media (Instagram/TikTok),Silver,2,1105.95,552.98,2026-08-29 21:09:00,2025-08-30 08:58:00,2,5,2,3,523,523,Potential Loyalists,1137
CUST-01458,Harper Robinson,harper.robinson122@example.com,Portland,OR,2023-03-06,Email Marketing,Silver,5,1105.32,221.06,2025-10-17 04:05:00,2023-05-22 03:15:00,319,2,4,3,243,243,At Risk VIPs (High Value),1138
CUST-00722,Zoey Adams,zoey.adams178@example.com,Charlotte,NC,2024-11-06,Paid Search (Google),Gold,7,1103.73,157.68,2026-08-07 19:25:00,2025-02-14 14:11:00,24,5,5,3,553,553,Loyal Customers,1139
CUST-00669,Harper Wright,harper.wright376@example.com,Columbus,OH,2023-07-31,Email Marketing,Gold,6,1102.97,183.83,2025-02-07 21:59:00,2023-08-20 00:55:00,570,2,5,3,253,253,At Risk VIPs (High Value),1140
CUST-01086,Elijah Campbell,elijah.campbell246@example.com,San Francisco,CA,2024-07-29,Paid Search (Google),Silver,2,1100.93,550.47,2025-11-05 13:10:00,2024-09-30 15:26:00,299,3,2,3,323,323,Promising / Needs Attention,1141
CUST-01542,Ethan Baker,ethan.baker617@example.com,Kansas City,MO,2024-04-01,Social Media (Instagram/TikTok),Standard,1,1099.99,1099.99,2024-04-02 03:37:00,2024-04-02 03:37:00,882,1,1,3,113,113,About to Sleep,1142
CUST-01593,Hannah King,hannah.king654@example.com,Minneapolis,MN,2025-05-10,Organic Search,Standard,1,1099.99,1099.99,2025-09-16 12:51:00,2025-09-16 12:51:00,349,2,1,3,213,213,About to Sleep,1142
CUST-01992,Harper Lopez,harper.lopez549@example.com,Raleigh,NC,2024-02-18,Affiliate Referral,Standard,1,1099.99,1099.99,2025-02-28 05:46:00,2025-02-28 05:46:00,550,2,1,3,213,213,About to Sleep,1142
CUST-02094,James Anderson,james.anderson34@example.com,San Diego,CA,2024-10-22,Email Marketing,Standard,1,1099.99,1099.99,2026-06-19 06:39:00,2026-06-19 06:39:00,74,4,1,3,413,413,Potential Loyalists,1142
CUST-00331,Jack Davis,jack.davis804@example.com,Austin,TX,2023-09-30,Social Media (Instagram/TikTok),Gold,6,1098.09,183.02,2026-02-19 12:37:00,2024-01-17 17:16:00,193,3,5,3,353,353,Loyal Customers,1143
CUST-00676,Elijah Robinson,elijah.robinson114@example.com,Indianapolis,IN,2023-03-14,Organic Search,Gold,5,1097.79,219.56,2024-10-15 21:34:00,2023-09-13 17:58:00,685,1,4,3,143,143,At Risk VIPs (High Value),1144
CUST-00935,Avery Jones,avery.jones536@example.com,Minneapolis,MN,2023-12-28,Paid Search (Google),Silver,2,1097.64,548.82,2026-01-15 21:48:00,2025-10-22 03:58:00,228,3,2,3,323,323,Promising / Needs Attention,1145
CUST-00715,Penelope Lewis,penelope.lewis760@example.com,Boston,MA,2023-05-07,Email Marketing,Gold,7,1097.17,156.74,2026-04-01 18:10:00,2023-07-29 17:32:00,152,3,5,3,353,353,Loyal Customers,1146
CUST-00375,Joseph Rodriguez,joseph.rodriguez909@example.com,Kansas City,MO,2025-07-04,Affiliate Referral,Gold,4,1094.16,273.54,2026-05-20 02:53:00,2025-10-24 22:34:00,104,4,4,3,443,443,Loyal Customers,1147
CUST-00840,Dylan Rivera,dylan.rivera682@example.com,Seattle,WA,2024-12-13,Organic Search,Silver,2,1092.17,546.09,2026-03-27 03:23:00,2025-06-02 15:59:00,158,3,2,3,323,323,Promising / Needs Attention,1148
CUST-00515,Noah Garcia,noah.garcia425@example.com,Denver,CO,2024-07-12,Affiliate Referral,Gold,5,1086.14,217.23,2026-08-07 07:09:00,2025-08-10 13:29:00,25,5,4,3,543,543,Loyal Customers,1149
CUST-01177,Jackson Smith,jackson.smith479@example.com,Miami,FL,2025-03-18,Affiliate Referral,Silver,3,1080.76,360.25,2026-06-28 03:50:00,2025-07-29 09:43:00,65,4,3,3,433,433,Loyal Customers,1150
CUST-02463,Chloe Baker,chloe.baker674@example.com,Atlanta,GA,2024-07-16,Social Media (Instagram/TikTok),Standard,3,1079.23,359.74,2025-01-08 06:51:00,2024-08-01 17:49:00,601,1,3,3,133,133,At Risk VIPs (High Value),1151
CUST-00510,Aiden Johnson,aiden.johnson524@example.com,Kansas City,MO,2026-04-30,Email Marketing,Gold,4,1077.09,269.27,2026-07-18 07:20:00,2026-05-25 16:20:00,45,4,4,3,443,443,Loyal Customers,1152
CUST-01707,Sofia Carter,sofia.carter578@example.com,Minneapolis,MN,2023-02-13,Social Media (Instagram/TikTok),Standard,2,1077.07,538.53,2024-09-03 13:11:00,2023-03-02 15:16:00,727,1,2,3,123,123,About to Sleep,1153
CUST-00361,Mia Torres,mia.torres150@example.com,Portland,OR,2024-06-21,Email Marketing,Gold,4,1075.66,268.92,2026-03-31 00:18:00,2024-11-08 10:35:00,154,3,4,3,343,343,Loyal Customers,1154
CUST-02056,Matthew Campbell,matthew.campbell495@example.com,Columbus,OH,2023-07-19,Affiliate Referral,Standard,2,1073.2,536.6,2025-05-28 13:12:00,2024-06-19 09:08:00,460,2,2,3,223,223,About to Sleep,1155
CUST-01484,Isabella Sanchez,isabella.sanchez279@example.com,Miami,FL,2025-09-23,Email Marketing,Silver,2,1072.45,536.23,2026-05-14 10:13:00,2025-10-12 17:37:00,110,4,2,3,423,423,Potential Loyalists,1156
CUST-01691,Liam Davis,liam.davis684@example.com,San Francisco,CA,2023-06-04,Organic Search,Standard,1,1071.97,1071.97,2024-10-27 01:20:00,2024-10-27 01:20:00,674,1,1,3,113,113,About to Sleep,1157
CUST-00950,Eleanor Nelson,eleanor.nelson143@example.com,Charlotte,NC,2025-06-09,Organic Search,Silver,4,1069.86,267.47,2026-04-29 19:59:00,2025-07-22 01:38:00,124,3,4,3,343,343,Loyal Customers,1158
CUST-00787,James Lewis,james.lewis290@example.com,San Antonio,TX,2023-05-12,Affiliate Referral,Silver,3,1062.42,354.14,2026-05-10 16:10:00,2023-07-07 19:04:00,113,4,3,3,433,433,Loyal Customers,1159
CUST-02011,Daniel Lopez,daniel.lopez86@example.com,Seattle,WA,2023-03-01,Affiliate Referral,Standard,3,1060.24,353.41,2026-02-05 12:24:00,2023-07-13 21:27:00,207,3,3,3,333,333,Loyal Customers,1160
CUST-00446,Camila Harris,camila.harris251@example.com,Atlanta,GA,2023-11-29,Social Media (Instagram/TikTok),Gold,5,1059.92,211.98,2025-03-22 18:15:00,2024-04-07 23:28:00,527,2,4,3,243,243,At Risk VIPs (High Value),1161
CUST-02414,Penelope Campbell,penelope.campbell964@example.com,Las Vegas,NV,2024-01-10,Affiliate Referral,Standard,2,1059.72,529.86,2025-07-07 20:35:00,2025-01-24 02:42:00,420,2,2,3,223,223,About to Sleep,1162
CUST-00322,Amelia Rivera,amelia.rivera876@example.com,Portland,OR,2023-02-11,Social Media (Instagram/TikTok),Gold,7,1059.45,151.35,2025-06-27 11:02:00,2023-03-03 22:05:00,431,2,5,3,253,253,At Risk VIPs (High Value),1163
CUST-02289,Mia Hernandez,mia.hernandez705@example.com,Columbus,OH,2022-06-20,Affiliate Referral,Standard,1,1054.98,1054.98,2022-11-21 07:30:00,2022-11-21 07:30:00,1380,1,1,3,113,113,About to Sleep,1164
CUST-00665,Camila Lee,camila.lee958@example.com,Indianapolis,IN,2024-08-13,Social Media (Instagram/TikTok),Gold,7,1054.41,150.63,2025-03-15 23:05:00,2024-09-03 09:46:00,534,2,5,3,253,253,At Risk VIPs (High Value),1165
CUST-01185,Ethan Robinson,ethan.robinson777@example.com,Nashville,TN,2024-06-07,Organic Search,Silver,3,1054.35,351.45,2026-06-06 03:55:00,2024-07-01 21:08:00,87,4,3,3,433,433,Loyal Customers,1166
CUST-00576,Benjamin Baker,benjamin.baker147@example.com,San Jose,CA,2023-01-28,Paid Search (Google),Gold,5,1052.34,210.47,2026-07-05 16:10:00,2023-06-18 17:52:00,57,4,4,3,443,443,Loyal Customers,1167
CUST-01237,Mia Martin,mia.martin555@example.com,Atlanta,GA,2024-08-29,Affiliate Referral,Silver,1,1049.98,1049.98,2025-03-21 05:50:00,2025-03-21 05:50:00,529,2,1,3,213,213,About to Sleep,1168
CUST-01036,Matthew Smith,matthew.smith10@example.com,Portland,OR,2023-03-07,Social Media (Instagram/TikTok),Silver,4,1048.58,262.14,2024-12-18 17:59:00,2023-06-18 10:21:00,621,1,4,3,143,143,At Risk VIPs (High Value),1169
CUST-02103,Abigail Roberts,abigail.roberts681@example.com,Phoenix,AZ,2024-03-17,Paid Search (Google),Standard,2,1046.45,523.23,2026-05-17 19:37:00,2024-04-20 12:27:00,106,4,2,3,423,423,Potential Loyalists,1170
CUST-01642,Dylan Perez,dylan.perez303@example.com,Portland,OR,2023-05-17,Organic Search,Standard,1,1044.96,1044.96,2023-08-12 16:18:00,2023-08-12 16:18:00,1115,1,1,3,113,113,About to Sleep,1171
CUST-02055,Nora Miller,nora.miller86@example.com,San Francisco,CA,2025-11-19,Social Media (Instagram/TikTok),Standard,2,1044.94,522.47,2026-06-27 20:36:00,2025-11-29 08:40:00,65,4,2,3,423,423,Potential Loyalists,1172
CUST-01428,Harper White,harper.white534@example.com,Raleigh,NC,2025-08-22,Organic Search,Silver,2,1043.94,521.97,2026-05-15 07:50:00,2025-09-23 03:44:00,109,4,2,3,423,423,Potential Loyalists,1173
CUST-00406,David Walker,david.walker541@example.com,Atlanta,GA,2023-04-02,Affiliate Referral,Gold,5,1042.74,208.55,2024-09-23 12:02:00,2023-04-24 12:17:00,707,1,4,3,143,143,At Risk VIPs (High Value),1174
CUST-00954,Elijah Ramirez,elijah.ramirez147@example.com,Dallas,TX,2025-02-02,Paid Search (Google),Silver,3,1042.35,347.45,2026-02-21 17:13:00,2025-05-06 21:13:00,191,3,3,3,333,333,Loyal Customers,1175
CUST-01195,Scarlett Gonzalez,scarlett.gonzalez11@example.com,Houston,TX,2022-07-20,Email Marketing,Silver,2,1039.98,519.99,2024-07-21 02:11:00,2024-07-12 02:31:00,772,1,2,3,123,123,About to Sleep,1176
CUST-00790,Penelope Smith,penelope.smith48@example.com,San Francisco,CA,2023-07-14,Social Media (Instagram/TikTok),Silver,3,1038.94,346.31,2024-11-01 13:55:00,2023-09-05 18:01:00,668,1,3,3,133,133,At Risk VIPs (High Value),1177
CUST-01031,Lily Wright,lily.wright967@example.com,Dallas,TX,2025-06-28,Email Marketing,Silver,3,1038.93,346.31,2025-10-24 03:34:00,2025-08-16 08:14:00,312,2,3,3,233,233,At Risk VIPs (High Value),1178
CUST-01275,Aiden Young,aiden.young94@example.com,Phoenix,AZ,2025-04-01,Organic Search,Silver,2,1036.45,518.23,2026-01-13 13:03:00,2025-06-14 21:29:00,230,3,2,3,323,323,Promising / Needs Attention,1179
CUST-00575,Ethan Baker,ethan.baker732@example.com,Indianapolis,IN,2024-01-31,Affiliate Referral,Gold,7,1033.35,147.62,2026-07-05 07:22:00,2024-06-21 03:55:00,58,4,5,3,453,453,Loyal Customers,1180
CUST-01271,Riley Thompson,riley.thompson993@example.com,Indianapolis,IN,2024-01-25,Social Media (Instagram/TikTok),Silver,5,1032.64,206.53,2025-03-05 22:15:00,2024-04-16 18:48:00,544,2,4,3,243,243,At Risk VIPs (High Value),1181
CUST-01089,Grace Baker,grace.baker479@example.com,Salt Lake City,UT,2026-02-22,Email Marketing,Silver,5,1031.21,206.24,2026-08-20 19:54:00,2026-03-04 03:13:00,11,5,4,3,543,543,Loyal Customers,1182
CUST-02149,Scarlett Hernandez,scarlett.hernandez79@example.com,Dallas,TX,2025-08-24,Social Media (Instagram/TikTok),Standard,1,1029.96,1029.96,2026-05-14 06:39:00,2026-05-14 06:39:00,110,4,1,3,413,413,Potential Loyalists,1183
CUST-01068,Luke Scott,luke.scott311@example.com,San Francisco,CA,2026-04-28,Email Marketing,Silver,3,1025.59,341.86,2026-06-04 18:48:00,2026-05-19 16:23:00,88,4,3,3,433,433,Loyal Customers,1184
CUST-01714,Sophia Hernandez,sophia.hernandez766@example.com,San Francisco,CA,2025-07-28,Organic Search,Standard,1,1024.16,1024.16,2026-04-20 09:26:00,2026-04-20 09:26:00,134,3,1,3,313,313,Promising / Needs Attention,1185
CUST-00419,Owen Lee,owen.lee989@example.com,Philadelphia,PA,2024-12-28,Affiliate Referral,Gold,4,1023.49,255.87,2026-04-15 04:45:00,2025-01-25 17:05:00,139,3,4,3,343,343,Loyal Customers,1186
CUST-01197,John Williams,john.williams351@example.com,Seattle,WA,2025-07-22,Paid Search (Google),Silver,3,1022.35,340.78,2026-04-25 20:59:00,2026-04-03 19:37:00,128,3,3,3,333,333,Loyal Customers,1187
CUST-00878,William Allen,william.allen173@example.com,Boston,MA,2025-06-17,Affiliate Referral,Silver,4,1021.15,255.29,2026-08-19 21:31:00,2026-01-14 02:07:00,12,5,4,3,543,543,Loyal Customers,1188
CUST-02074,Evelyn Clark,evelyn.clark929@example.com,Charlotte,NC,2024-01-25,Social Media (Instagram/TikTok),Standard,1,1018.58,1018.58,2026-04-21 07:10:00,2026-04-21 07:10:00,133,3,1,3,313,313,Promising / Needs Attention,1189
CUST-01879,Nora Green,nora.green216@example.com,Dallas,TX,2025-02-10,Organic Search,Standard,2,1017.96,508.98,2025-02-21 11:52:00,2025-02-16 04:07:00,557,2,2,3,223,223,About to Sleep,1190
CUST-00589,Jack Miller,jack.miller763@example.com,Kansas City,MO,2026-01-29,Paid Search (Google),Gold,6,1017.93,169.66,2026-08-09 10:28:00,2026-03-11 03:41:00,23,5,5,3,553,553,Loyal Customers,1191
CUST-01425,Grayson Hall,grayson.hall670@example.com,San Diego,CA,2022-07-29,Organic Search,Silver,5,1017.59,203.52,2026-03-19 02:42:00,2023-06-18 09:03:00,166,3,4,3,343,343,Loyal Customers,1192
CUST-00743,Riley Davis,riley.davis434@example.com,Phoenix,AZ,2023-03-31,Affiliate Referral,Gold,5,1009.11,201.82,2025-03-11 23:09:00,2023-05-12 01:18:00,538,2,4,3,243,243,At Risk VIPs (High Value),1193
CUST-01893,Penelope Ramirez,penelope.ramirez763@example.com,San Diego,CA,2023-10-10,Email Marketing,Standard,1,1006.98,1006.98,2026-03-27 15:43:00,2026-03-27 15:43:00,157,3,1,3,313,313,Promising / Needs Attention,1194
CUST-00088,Mila White,mila.white451@example.com,Chicago,IL,2026-02-20,Social Media (Instagram/TikTok),Platinum,10,1006.92,100.69,2026-08-25 20:52:00,2026-03-03 14:25:00,6,5,5,3,553,553,Loyal Customers,1195
CUST-00551,John Baker,john.baker521@example.com,Phoenix,AZ,2025-12-19,Social Media (Instagram/TikTok),Gold,6,1006.79,167.8,2026-07-28 14:44:00,2026-04-29 17:42:00,34,5,5,3,553,553,Loyal Customers,1196
CUST-01427,Eleanor Torres,eleanor.torres456@example.com,Tampa,FL,2023-11-11,Email Marketing,Silver,3,1003.15,334.38,2024-03-18 16:15:00,2023-12-02 03:27:00,896,1,3,3,133,133,At Risk VIPs (High Value),1197
CUST-00921,Carter Sanchez,carter.sanchez238@example.com,Columbus,OH,2025-09-20,Social Media (Instagram/TikTok),Silver,4,1001.94,250.49,2026-08-01 03:40:00,2025-11-09 20:18:00,31,5,4,3,543,543,Loyal Customers,1198
CUST-00416,Abigail Clark,abigail.clark717@example.com,San Antonio,TX,2024-09-18,Affiliate Referral,Gold,3,999.74,333.25,2026-04-14 00:04:00,2024-11-14 09:52:00,140,3,3,3,333,333,Loyal Customers,1199
CUST-01091,Luna Nelson,luna.nelson171@example.com,San Francisco,CA,2025-10-11,Email Marketing,Silver,3,996.95,332.32,2026-08-25 06:44:00,2026-02-20 01:38:00,7,5,3,3,533,533,Loyal Customers,1200
CUST-02440,Abigail Harris,abigail.harris790@example.com,Minneapolis,MN,2022-11-08,Organic Search,Standard,1,995.97,995.97,2023-05-25 06:38:00,2023-05-25 06:38:00,1195,1,1,3,113,113,About to Sleep,1201
CUST-02383,Noah Thompson,noah.thompson82@example.com,Boston,MA,2025-10-08,Affiliate Referral,Standard,2,994.97,497.49,2026-06-14 21:25:00,2025-12-29 12:27:00,78,4,2,3,423,423,Potential Loyalists,1202
CUST-02233,Grace Sanchez,grace.sanchez40@example.com,Houston,TX,2023-06-04,Social Media (Instagram/TikTok),Standard,1,994.47,994.47,2025-12-01 04:30:00,2025-12-01 04:30:00,274,3,1,3,313,313,Promising / Needs Attention,1203
CUST-02003,Victoria Green,victoria.green888@example.com,Chicago,IL,2024-02-16,Email Marketing,Standard,1,989.99,989.99,2025-04-10 11:49:00,2025-04-10 11:49:00,509,2,1,3,213,213,About to Sleep,1204
CUST-02008,Harper Sanchez,harper.sanchez24@example.com,Charlotte,NC,2023-06-25,Organic Search,Standard,1,989.99,989.99,2026-07-20 10:50:00,2026-07-20 10:50:00,43,4,1,3,413,413,Potential Loyalists,1204
CUST-02184,Hannah Adams,hannah.adams476@example.com,Boston,MA,2024-09-18,Social Media (Instagram/TikTok),Standard,2,984.95,492.48,2025-08-18 02:43:00,2024-11-26 18:38:00,379,2,2,3,223,223,About to Sleep,1205
CUST-00841,Elijah Carter,elijah.carter684@example.com,San Diego,CA,2022-06-05,Social Media (Instagram/TikTok),Silver,4,982.92,245.73,2026-01-14 16:33:00,2022-10-14 06:23:00,229,3,4,3,343,343,Loyal Customers,1206
CUST-02303,David Sanchez,david.sanchez613@example.com,Boston,MA,2023-12-18,Social Media (Instagram/TikTok),Standard,1,981.32,981.32,2024-01-18 02:27:00,2024-01-18 02:27:00,957,1,1,3,113,113,About to Sleep,1207
CUST-01994,Aiden Scott,aiden.scott287@example.com,Charlotte,NC,2022-12-20,Organic Search,Standard,1,978.95,978.95,2023-11-06 17:39:00,2023-11-06 17:39:00,1029,1,1,3,113,113,About to Sleep,1208
CUST-02500,Daniel Perez,daniel.perez661@example.com,Kansas City,MO,2022-09-02,Social Media (Instagram/TikTok),Standard,2,976.98,488.49,2024-02-20 07:11:00,2024-01-05 14:38:00,924,1,2,3,123,123,About to Sleep,1209
CUST-01164,Emily Ramirez,emily.ramirez311@example.com,Charlotte,NC,2022-09-20,Affiliate Referral,Silver,3,976.24,325.41,2025-10-08 11:20:00,2024-03-11 18:27:00,328,2,3,3,233,233,At Risk VIPs (High Value),1210
CUST-01783,Grayson Wilson,grayson.wilson754@example.com,Chicago,IL,2025-01-19,Affiliate Referral,Standard,2,975.97,487.99,2025-11-12 01:05:00,2025-10-11 02:17:00,293,3,2,3,323,323,Promising / Needs Attention,1211
CUST-00450,Victoria Hall,victoria.hall130@example.com,Minneapolis,MN,2024-01-26,Social Media (Instagram/TikTok),Gold,8,975.64,121.95,2025-03-04 04:51:00,2024-02-02 12:27:00,546,2,5,3,253,253,At Risk VIPs (High Value),1212
CUST-01413,Joseph Martin,joseph.martin466@example.com,Tampa,FL,2025-07-23,Organic Search,Silver,3,972.76,324.25,2026-04-01 23:04:00,2025-08-08 20:36:00,152,3,3,3,333,333,Loyal Customers,1213
CUST-01126,Eleanor Flores,eleanor.flores757@example.com,Phoenix,AZ,2026-04-24,Organic Search,Silver,4,971.9,242.98,2026-07-03 13:22:00,2026-05-19 01:41:00,59,4,4,3,443,443,Loyal Customers,1214
CUST-00779,Daniel Thompson,daniel.thompson238@example.com,Raleigh,NC,2024-02-19,Email Marketing,Silver,3,970.15,323.38,2025-02-04 20:03:00,2024-03-10 16:43:00,573,1,3,3,133,133,At Risk VIPs (High Value),1215
CUST-00553,Mia Lewis,mia.lewis622@example.com,Miami,FL,2025-09-05,Email Marketing,Gold,7,969.41,138.49,2026-07-18 07:56:00,2025-10-01 20:56:00,45,4,5,3,453,453,Loyal Customers,1216
CUST-01952,Matthew Robinson,matthew.robinson680@example.com,Philadelphia,PA,2025-08-26,Paid Search (Google),Standard,1,966.45,966.45,2026-08-09 07:43:00,2026-08-09 07:43:00,23,5,1,3,513,513,Potential Loyalists,1217
CUST-01234,Lucas Thompson,lucas.thompson500@example.com,Atlanta,GA,2023-05-16,Social Media (Instagram/TikTok),Silver,4,963.74,240.94,2025-03-06 20:35:00,2024-03-24 08:02:00,543,2,4,3,243,243,At Risk VIPs (High Value),1218
CUST-01253,Grace Davis,grace.davis891@example.com,Austin,TX,2022-08-03,Paid Search (Google),Silver,4,963.14,240.78,2026-04-17 14:59:00,2022-08-07 08:29:00,136,3,4,3,343,343,Loyal Customers,1219
CUST-00777,Scarlett Miller,scarlett.miller492@example.com,Phoenix,AZ,2023-11-12,Affiliate Referral,Silver,3,959.72,319.91,2026-06-16 11:44:00,2025-01-22 00:54:00,77,4,3,3,433,433,Loyal Customers,1220
CUST-00638,Sofia Garcia,sofia.garcia956@example.com,Boston,MA,2023-01-24,Email Marketing,Gold,7,958.37,136.91,2026-05-15 07:33:00,2023-08-15 11:59:00,109,4,5,3,453,453,Loyal Customers,1221
CUST-01283,Camila Carter,camila.carter849@example.com,Houston,TX,2022-09-16,Paid Search (Google),Silver,4,956.83,239.21,2026-07-27 09:04:00,2023-03-30 09:12:00,36,5,4,3,543,543,Loyal Customers,1222
CUST-02216,Owen Lee,owen.lee658@example.com,Atlanta,GA,2023-04-26,Paid Search (Google),Standard,1,954.47,954.47,2025-01-21 07:50:00,2025-01-21 07:50:00,588,1,1,3,113,113,About to Sleep,1223
CUST-01885,Owen Scott,owen.scott630@example.com,Miami,FL,2022-10-26,Social Media (Instagram/TikTok),Standard,2,952.5,476.25,2025-05-08 07:09:00,2024-05-09 09:15:00,481,2,2,3,223,223,About to Sleep,1224
CUST-01660,Camila Thomas,camila.thomas862@example.com,Columbus,OH,2024-02-13,Email Marketing,Standard,1,949.98,949.98,2024-09-21 13:01:00,2024-09-21 13:01:00,709,1,1,3,113,113,About to Sleep,1225
CUST-02041,Logan Ramirez,logan.ramirez28@example.com,Charlotte,NC,2023-07-14,Organic Search,Standard,1,949.98,949.98,2024-08-18 08:35:00,2024-08-18 08:35:00,744,1,1,3,113,113,About to Sleep,1225
CUST-00332,Harper Brown,harper.brown254@example.com,Boston,MA,2025-12-30,Affiliate Referral,Gold,3,949.95,316.65,2026-05-08 08:43:00,2026-01-28 23:19:00,116,4,3,3,433,433,Loyal Customers,1226
CUST-01180,James Thomas,james.thomas913@example.com,San Francisco,CA,2023-12-22,Affiliate Referral,Silver,5,949.74,189.95,2026-05-21 23:01:00,2024-08-04 17:14:00,102,4,4,3,443,443,Loyal Customers,1227
CUST-01225,Luke Brown,luke.brown143@example.com,New York,NY,2025-01-20,Organic Search,Silver,5,949.0,189.8,2026-08-20 22:04:00,2025-02-05 19:41:00,11,5,4,3,543,543,Loyal Customers,1228
CUST-00703,Carter Jones,carter.jones392@example.com,Salt Lake City,UT,2026-02-16,Email Marketing,Gold,6,948.89,158.15,2026-08-31 01:18:00,2026-03-23 12:58:00,1,5,5,3,553,553,Loyal Customers,1229
CUST-02390,Zoey Hall,zoey.hall447@example.com,San Francisco,CA,2023-03-10,Organic Search,Standard,2,947.51,473.75,2023-11-08 03:42:00,2023-07-15 07:20:00,1028,1,2,3,123,123,About to Sleep,1230
CUST-00888,James Green,james.green77@example.com,San Antonio,TX,2026-03-04,Paid Search (Google),Silver,4,946.26,236.56,2026-08-29 04:13:00,2026-03-11 19:04:00,3,5,4,3,543,543,Loyal Customers,1231
CUST-02067,Jayden Allen,jayden.allen734@example.com,Raleigh,NC,2025-05-11,Social Media (Instagram/TikTok),Standard,2,945.59,472.8,2026-07-06 05:02:00,2026-02-24 10:34:00,57,4,2,3,423,423,Potential Loyalists,1232
CUST-01365,James Clark,james.clark55@example.com,Los Angeles,CA,2025-01-19,Affiliate Referral,Silver,3,943.92,314.64,2025-11-29 19:51:00,2025-02-20 12:33:00,275,3,3,3,333,333,Loyal Customers,1233
CUST-02034,Emma Ramirez,emma.ramirez501@example.com,Austin,TX,2023-12-30,Email Marketing,Standard,2,943.17,471.59,2026-02-28 09:51:00,2024-12-22 20:25:00,185,3,2,3,323,323,Promising / Needs Attention,1234
CUST-01454,Emily Carter,emily.carter560@example.com,New York,NY,2022-12-20,Paid Search (Google),Silver,5,939.79,187.96,2025-07-12 21:31:00,2023-02-26 09:46:00,415,2,4,3,243,243,At Risk VIPs (High Value),1235
CUST-00583,Hannah Clark,hannah.clark711@example.com,Miami,FL,2024-09-29,Email Marketing,Gold,4,937.92,234.48,2025-02-06 04:11:00,2024-11-06 01:33:00,572,1,4,3,143,143,At Risk VIPs (High Value),1236
CUST-00775,Daniel Baker,daniel.baker557@example.com,Minneapolis,MN,2025-01-30,Social Media (Instagram/TikTok),Silver,5,933.06,186.61,2026-08-20 14:53:00,2025-03-03 22:18:00,11,5,4,3,543,543,Loyal Customers,1237
CUST-01083,Isabella White,isabella.white581@example.com,Raleigh,NC,2024-09-29,Social Media (Instagram/TikTok),Silver,3,932.64,310.88,2025-03-20 18:53:00,2024-12-27 13:42:00,529,2,3,3,233,233,At Risk VIPs (High Value),1238
CUST-02258,Samuel Martinez,samuel.martinez781@example.com,Nashville,TN,2024-09-24,Email Marketing,Standard,3,931.93,310.64,2026-07-06 14:31:00,2025-07-02 11:18:00,56,4,3,3,433,433,Loyal Customers,1239
CUST-00496,Dylan Carter,dylan.carter869@example.com,San Jose,CA,2023-07-22,Social Media (Instagram/TikTok),Gold,5,930.71,186.14,2024-10-06 12:52:00,2023-12-27 10:26:00,694,1,4,3,143,143,At Risk VIPs (High Value),1240
CUST-02037,Sofia Nelson,sofia.nelson850@example.com,Boston,MA,2023-07-12,Email Marketing,Standard,1,929.79,929.79,2024-04-21 12:27:00,2024-04-21 12:27:00,862,1,1,3,113,113,About to Sleep,1241
CUST-01007,Elijah Campbell,elijah.campbell286@example.com,Indianapolis,IN,2023-09-26,Affiliate Referral,Silver,4,928.83,232.21,2025-05-29 16:49:00,2024-10-29 10:09:00,459,2,4,3,243,243,At Risk VIPs (High Value),1242
CUST-01157,Ethan Lewis,ethan.lewis897@example.com,Charlotte,NC,2025-02-28,Social Media (Instagram/TikTok),Silver,4,928.54,232.14,2026-04-12 11:02:00,2025-07-27 19:52:00,142,3,4,3,343,343,Loyal Customers,1243
CUST-01167,Evelyn Sanchez,evelyn.sanchez433@example.com,San Jose,CA,2024-12-10,Organic Search,Silver,3,926.24,308.75,2026-06-13 18:46:00,2025-11-27 06:11:00,79,4,3,3,433,433,Loyal Customers,1244
CUST-01235,Joseph Hill,joseph.hill598@example.com,Phoenix,AZ,2025-04-06,Organic Search,Silver,3,925.95,308.65,2026-03-12 06:02:00,2025-11-15 11:16:00,173,3,3,3,333,333,Loyal Customers,1245
CUST-01242,Grayson Davis,grayson.davis616@example.com,Charlotte,NC,2025-01-04,Social Media (Instagram/TikTok),Silver,3,921.65,307.22,2026-07-24 00:39:00,2025-10-10 21:53:00,39,5,3,3,533,533,Loyal Customers,1246
CUST-00657,Sofia Martinez,sofia.martinez16@example.com,Boston,MA,2022-07-19,Paid Search (Google),Gold,5,918.4,183.68,2025-08-10 05:58:00,2024-06-14 16:40:00,387,2,4,3,243,243,At Risk VIPs (High Value),1247
CUST-01483,Dylan Walker,dylan.walker585@example.com,Tampa,FL,2023-04-17,Affiliate Referral,Silver,4,918.1,229.52,2026-05-13 08:50:00,2023-05-12 05:28:00,111,4,4,3,443,443,Loyal Customers,1248
CUST-01111,Charlotte Anderson,charlotte.anderson452@example.com,Austin,TX,2024-08-16,Paid Search (Google),Silver,2,917.46,458.73,2025-01-08 22:46:00,2024-12-02 02:49:00,600,1,2,3,123,123,About to Sleep,1249
CUST-02205,Madison Wilson,madison.wilson105@example.com,Chicago,IL,2022-07-23,Email Marketing,Standard,2,916.45,458.23,2026-08-31 20:08:00,2023-04-07 00:07:00,0,5,2,3,523,523,Potential Loyalists,1250
CUST-02338,Isabella Davis,isabella.davis317@example.com,Denver,CO,2025-02-15,Paid Search (Google),Standard,1,914.98,914.98,2025-06-17 12:18:00,2025-06-17 12:18:00,440,2,1,3,213,213,About to Sleep,1251
CUST-00710,Noah Lopez,noah.lopez626@example.com,San Jose,CA,2025-11-04,Paid Search (Google),Gold,3,914.96,304.99,2026-03-03 21:56:00,2025-12-13 19:49:00,181,3,3,3,333,333,Loyal Customers,1252
CUST-00762,Ella Anderson,ella.anderson672@example.com,San Diego,CA,2026-03-19,Paid Search (Google),Silver,3,914.46,304.82,2026-08-10 06:58:00,2026-05-20 04:33:00,22,5,3,3,533,533,Loyal Customers,1253
CUST-00839,Oliver Anderson,oliver.anderson874@example.com,Atlanta,GA,2024-04-10,Affiliate Referral,Silver,4,907.94,226.98,2025-03-18 20:27:00,2024-12-13 12:42:00,531,2,4,3,243,243,At Risk VIPs (High Value),1254
CUST-00458,Lucas Baker,lucas.baker220@example.com,Salt Lake City,UT,2025-09-07,Email Marketing,Gold,4,907.07,226.77,2026-05-01 23:36:00,2026-01-11 08:06:00,122,3,4,3,343,343,Loyal Customers,1255
CUST-01293,Samuel Scott,samuel.scott20@example.com,Las Vegas,NV,2022-06-18,Organic Search,Silver,3,906.5,302.17,2025-09-30 13:20:00,2024-05-28 01:43:00,335,2,3,3,233,233,At Risk VIPs (High Value),1256
CUST-01363,Emma Campbell,emma.campbell448@example.com,Raleigh,NC,2023-10-19,Paid Search (Google),Silver,4,905.41,226.35,2025-08-29 09:27:00,2024-03-12 16:20:00,368,2,4,3,243,243,At Risk VIPs (High Value),1257
CUST-02102,Chloe Taylor,chloe.taylor840@example.com,Salt Lake City,UT,2022-11-04,Organic Search,Standard,3,904.96,301.65,2025-05-09 12:11:00,2024-01-09 20:33:00,479,2,3,3,233,233,At Risk VIPs (High Value),1258
CUST-01487,Olivia Carter,olivia.carter922@example.com,Minneapolis,MN,2024-04-29,Email Marketing,Silver,4,904.94,226.24,2026-08-20 22:07:00,2024-05-15 06:26:00,11,5,4,3,543,543,Loyal Customers,1259
CUST-01155,Noah Clark,noah.clark792@example.com,New York,NY,2023-12-05,Email Marketing,Silver,3,903.51,301.17,2026-02-19 11:21:00,2025-05-25 15:43:00,194,3,3,3,333,333,Loyal Customers,1260
CUST-00388,Luke Clark,luke.clark505@example.com,Atlanta,GA,2023-07-23,Social Media (Instagram/TikTok),Gold,6,903.26,150.54,2026-07-05 17:31:00,2023-10-19 08:10:00,57,4,5,3,453,453,Loyal Customers,1261
CUST-01809,Hannah Nelson,hannah.nelson864@example.com,Seattle,WA,2024-04-26,Paid Search (Google),Standard,2,902.95,451.48,2026-01-11 20:36:00,2025-10-13 00:42:00,232,3,2,3,323,323,Promising / Needs Attention,1262
CUST-01328,Elijah Robinson,elijah.robinson635@example.com,Philadelphia,PA,2025-09-23,Organic Search,Silver,4,902.69,225.67,2026-07-31 17:04:00,2025-12-08 22:00:00,31,5,4,3,543,543,Loyal Customers,1263
CUST-00453,Dylan Carter,dylan.carter560@example.com,Indianapolis,IN,2026-02-20,Paid Search (Google),Gold,4,900.17,225.04,2026-08-20 02:31:00,2026-03-12 14:07:00,12,5,4,3,543,543,Loyal Customers,1264
CUST-01296,Noah Johnson,noah.johnson644@example.com,Chicago,IL,2022-09-25,Affiliate Referral,Silver,5,900.01,180.0,2025-02-11 06:26:00,2023-05-10 03:49:00,567,2,4,3,243,243,At Risk VIPs (High Value),1265
CUST-02183,Liam Martin,liam.martin928@example.com,Austin,TX,2025-03-25,Organic Search,Standard,1,899.99,899.99,2026-01-11 17:56:00,2026-01-11 17:56:00,232,3,1,3,313,313,Promising / Needs Attention,1266
CUST-01196,Harper Mitchell,harper.mitchell878@example.com,San Antonio,TX,2025-11-12,Email Marketing,Silver,5,892.73,178.55,2026-05-02 19:55:00,2026-01-02 07:27:00,121,3,4,3,343,343,Loyal Customers,1267
CUST-00497,Samuel Clark,samuel.clark56@example.com,Nashville,TN,2023-08-28,Paid Search (Google),Gold,8,889.79,111.22,2025-04-06 14:01:00,2024-02-25 19:53:00,512,2,5,3,253,253,At Risk VIPs (High Value),1268
CUST-01672,Luke Hall,luke.hall963@example.com,Miami,FL,2024-10-01,Paid Search (Google),Standard,2,886.69,443.35,2026-01-06 17:27:00,2025-02-24 13:12:00,237,3,2,3,323,323,Promising / Needs Attention,1269
CUST-01450,Olivia Garcia,olivia.garcia159@example.com,Tampa,FL,2023-12-21,Affiliate Referral,Silver,5,885.14,177.03,2026-04-16 18:46:00,2024-11-21 02:52:00,137,3,4,3,343,343,Loyal Customers,1270
CUST-00344,Scarlett Gonzalez,scarlett.gonzalez54@example.com,Indianapolis,IN,2023-07-14,Organic Search,Gold,6,884.87,147.48,2025-10-02 09:09:00,2023-12-03 14:41:00,334,2,5,3,253,253,At Risk VIPs (High Value),1271
CUST-02342,Mila Walker,mila.walker501@example.com,Austin,TX,2024-01-14,Organic Search,Standard,1,884.47,884.47,2026-04-11 03:19:00,2026-04-11 03:19:00,143,3,1,3,313,313,Promising / Needs Attention,1272
CUST-00999,Joseph Sanchez,joseph.sanchez891@example.com,Las Vegas,NV,2023-05-24,Email Marketing,Silver,4,883.42,220.85,2025-12-17 03:20:00,2023-10-05 00:04:00,258,3,4,3,343,343,Loyal Customers,1273
CUST-01129,Sebastian Brown,sebastian.brown486@example.com,Minneapolis,MN,2022-06-18,Organic Search,Silver,2,880.95,440.48,2024-05-04 14:34:00,2024-02-02 05:28:00,849,1,2,3,123,123,About to Sleep,1274
CUST-00279,Mason Harris,mason.harris555@example.com,Salt Lake City,UT,2023-09-15,Affiliate Referral,Gold,4,879.89,219.97,2024-12-17 22:38:00,2023-09-29 08:57:00,622,1,4,3,143,143,At Risk VIPs (High Value),1275
CUST-01558,David Thomas,david.thomas492@example.com,Seattle,WA,2025-10-24,Affiliate Referral,Standard,3,879.21,293.07,2026-07-05 01:57:00,2026-02-02 04:20:00,58,4,3,3,433,433,Loyal Customers,1276
CUST-02262,Grace Scott,grace.scott865@example.com,Tampa,FL,2023-10-10,Paid Search (Google),Standard,2,878.18,439.09,2026-03-17 11:43:00,2025-03-31 07:11:00,168,3,2,3,323,323,Promising / Needs Attention,1277
CUST-00473,Riley Flores,riley.flores794@example.com,New York,NY,2023-10-06,Paid Search (Google),Gold,9,877.87,97.54,2026-08-29 16:32:00,2024-01-03 11:05:00,2,5,5,3,553,553,Loyal Customers,1278
CUST-00897,Amelia Jackson,amelia.jackson815@example.com,Las Vegas,NV,2024-02-08,Affiliate Referral,Silver,4,875.66,218.91,2026-07-20 15:28:00,2024-04-08 00:56:00,42,4,4,3,443,443,Loyal Customers,1279
CUST-00558,Daniel Allen,daniel.allen774@example.com,Portland,OR,2025-07-17,Affiliate Referral,Gold,6,875.36,145.89,2026-08-03 10:37:00,2025-10-06 00:08:00,29,5,5,3,553,553,Loyal Customers,1280
CUST-00883,Sofia Williams,sofia.williams708@example.com,San Jose,CA,2024-07-21,Organic Search,Silver,4,874.14,218.53,2026-08-06 18:08:00,2024-11-09 09:29:00,25,5,4,3,543,543,Loyal Customers,1281
CUST-01255,Owen Sanchez,owen.sanchez400@example.com,Boston,MA,2025-06-21,Paid Search (Google),Silver,4,871.17,217.79,2026-06-04 17:48:00,2025-09-24 21:25:00,88,4,4,3,443,443,Loyal Customers,1282
CUST-00629,Mason Harris,mason.harris891@example.com,Kansas City,MO,2025-08-08,Email Marketing,Gold,5,870.84,174.17,2026-07-01 11:26:00,2025-08-27 14:45:00,62,4,4,3,443,443,Loyal Customers,1283
CUST-01190,Isabella Miller,isabella.miller595@example.com,Raleigh,NC,2025-12-10,Affiliate Referral,Silver,2,868.81,434.41,2026-05-31 11:48:00,2026-04-21 01:04:00,93,4,2,3,423,423,Potential Loyalists,1284
CUST-01737,Harper Baker,harper.baker540@example.com,Atlanta,GA,2025-03-11,Social Media (Instagram/TikTok),Standard,2,868.56,434.28,2026-04-02 13:51:00,2025-09-22 04:19:00,151,3,2,3,323,323,Promising / Needs Attention,1285
CUST-01776,Lucas Perez,lucas.perez968@example.com,San Antonio,TX,2024-02-15,Email Marketing,Standard,3,865.94,288.65,2026-07-28 06:17:00,2025-07-08 03:32:00,35,5,3,3,533,533,Loyal Customers,1286
CUST-00768,Wyatt Nguyen,wyatt.nguyen114@example.com,New York,NY,2025-04-13,Social Media (Instagram/TikTok),Silver,4,864.53,216.13,2026-08-23 23:59:00,2025-08-26 12:27:00,8,5,4,3,543,543,Loyal Customers,1287
CUST-01537,Madison Robinson,madison.robinson721@example.com,New York,NY,2022-09-15,Paid Search (Google),Standard,1,863.97,863.97,2025-09-20 13:48:00,2025-09-20 13:48:00,345,2,1,3,213,213,About to Sleep,1288
CUST-01802,Layla Nguyen,layla.nguyen785@example.com,Minneapolis,MN,2022-06-25,Email Marketing,Standard,2,862.35,431.18,2025-09-25 12:38:00,2023-03-10 18:41:00,340,2,2,3,223,223,About to Sleep,1289
CUST-02081,Elizabeth Lopez,elizabeth.lopez203@example.com,Nashville,TN,2025-03-01,Paid Search (Google),Standard,1,861.08,861.08,2025-04-01 04:55:00,2025-04-01 04:55:00,518,2,1,3,213,213,About to Sleep,1290
CUST-01273,Camila Brown,camila.brown654@example.com,Miami,FL,2025-08-28,Paid Search (Google),Silver,4,857.78,214.44,2026-03-12 22:32:00,2025-10-17 18:56:00,172,3,4,3,343,343,Loyal Customers,1291
CUST-01694,Layla Nguyen,layla.nguyen56@example.com,Miami,FL,2022-07-18,Social Media (Instagram/TikTok),Standard,2,856.97,428.49,2026-06-28 18:10:00,2026-05-15 15:25:00,64,4,2,3,423,423,Potential Loyalists,1292
CUST-01430,Lily Hall,lily.hall148@example.com,Seattle,WA,2023-05-01,Organic Search,Silver,4,855.35,213.84,2026-02-15 10:11:00,2024-08-11 04:40:00,198,3,4,3,343,343,Loyal Customers,1293
CUST-02347,Luke Williams,luke.williams939@example.com,Seattle,WA,2023-03-13,Email Marketing,Standard,3,849.94,283.31,2025-04-14 10:34:00,2024-03-18 09:06:00,505,2,3,3,233,233,At Risk VIPs (High Value),1294
CUST-01345,Aria Brown,aria.brown208@example.com,Houston,TX,2023-04-02,Email Marketing,Silver,4,848.9,212.22,2025-05-01 19:27:00,2023-08-23 00:37:00,487,2,4,3,243,243,At Risk VIPs (High Value),1295
CUST-00863,Jackson Martinez,jackson.martinez869@example.com,Los Angeles,CA,2026-04-15,Social Media (Instagram/TikTok),Silver,4,848.46,212.12,2026-08-30 01:11:00,2026-06-11 07:12:00,2,5,4,3,543,543,Loyal Customers,1296
CUST-01347,Carter Jackson,carter.jackson224@example.com,Boston,MA,2023-10-28,Social Media (Instagram/TikTok),Silver,4,844.11,211.03,2026-02-26 05:25:00,2024-05-14 11:22:00,187,3,4,3,343,343,Loyal Customers,1297
CUST-00524,Evelyn Hall,evelyn.hall751@example.com,Chicago,IL,2025-03-22,Social Media (Instagram/TikTok),Gold,3,839.45,279.82,2026-08-07 15:32:00,2025-12-15 07:37:00,24,5,3,3,533,533,Loyal Customers,1298
CUST-00109,Benjamin Rodriguez,benjamin.rodriguez164@example.com,San Diego,CA,2024-07-24,Paid Search (Google),Platinum,8,838.31,104.79,2026-07-01 17:09:00,2024-09-05 04:03:00,61,4,5,3,453,453,Loyal Customers,1299
CUST-02412,Ella Carter,ella.carter38@example.com,San Jose,CA,2025-11-24,Email Marketing,Standard,2,834.7,417.35,2026-06-25 23:24:00,2026-02-26 00:48:00,67,4,2,3,423,423,Potential Loyalists,1300
CUST-00695,Grace Lopez,grace.lopez190@example.com,San Diego,CA,2025-09-26,Social Media (Instagram/TikTok),Gold,4,833.19,208.3,2026-07-02 13:47:00,2025-09-27 18:07:00,60,4,4,3,443,443,Loyal Customers,1301
CUST-02378,Victoria Sanchez,victoria.sanchez643@example.com,Los Angeles,CA,2025-06-23,Organic Search,Standard,1,832.98,832.98,2025-10-19 15:18:00,2025-10-19 15:18:00,316,2,1,3,213,213,About to Sleep,1302
CUST-02373,Benjamin Rodriguez,benjamin.rodriguez811@example.com,Portland,OR,2024-02-01,Organic Search,Standard,3,832.56,277.52,2024-06-26 17:59:00,2024-03-15 00:04:00,796,1,3,3,133,133,At Risk VIPs (High Value),1303
CUST-01496,Luna Young,luna.young524@example.com,Indianapolis,IN,2026-02-26,Social Media (Instagram/TikTok),Silver,5,830.84,166.17,2026-07-24 16:37:00,2026-02-27 07:40:00,38,5,4,3,543,543,Loyal Customers,1304
CUST-01519,Harper King,harper.king690@example.com,Kansas City,MO,2025-09-01,Affiliate Referral,Standard,2,829.44,414.72,2026-08-25 18:38:00,2025-09-22 23:07:00,6,5,2,3,523,523,Potential Loyalists,1305
CUST-00271,Benjamin Brown,benjamin.brown169@example.com,Philadelphia,PA,2025-11-17,Organic Search,Gold,5,828.48,165.7,2026-08-20 05:54:00,2025-12-29 14:14:00,12,5,4,3,543,543,Loyal Customers,1306
CUST-01472,Jackson Young,jackson.young519@example.com,San Diego,CA,2025-12-08,Paid Search (Google),Silver,4,828.28,207.07,2026-05-19 08:39:00,2026-01-04 02:14:00,105,4,4,3,443,443,Loyal Customers,1307
CUST-01447,Isabella Walker,isabella.walker131@example.com,Dallas,TX,2022-08-28,Organic Search,Silver,2,827.09,413.55,2025-04-05 13:52:00,2023-11-11 04:13:00,513,2,2,3,223,223,About to Sleep,1308
CUST-00621,Luke Wilson,luke.wilson98@example.com,Houston,TX,2023-03-14,Organic Search,Gold,5,820.97,164.19,2024-12-22 14:05:00,2023-05-10 20:47:00,617,1,4,3,143,143,At Risk VIPs (High Value),1309
CUST-02119,Logan White,logan.white154@example.com,Chicago,IL,2023-10-15,Organic Search,Standard,2,819.95,409.98,2024-12-07 09:35:00,2024-05-10 22:40:00,633,1,2,3,123,123,About to Sleep,1310
CUST-00276,Wyatt Hill,wyatt.hill66@example.com,New York,NY,2023-07-24,Social Media (Instagram/TikTok),Gold,4,817.95,204.49,2026-02-09 22:19:00,2023-10-14 05:35:00,203,3,4,3,343,343,Loyal Customers,1311
CUST-00789,Zoey Green,zoey.green449@example.com,Denver,CO,2024-10-26,Email Marketing,Silver,2,811.88,405.94,2026-02-20 14:16:00,2025-12-18 18:13:00,192,3,2,3,323,323,Promising / Needs Attention,1312
CUST-02302,Nora King,nora.king189@example.com,Dallas,TX,2026-03-22,Social Media (Instagram/TikTok),Standard,1,809.99,809.99,2026-07-12 23:43:00,2026-07-12 23:43:00,50,4,1,3,413,413,Potential Loyalists,1313
CUST-02375,David Johnson,david.johnson239@example.com,Kansas City,MO,2024-01-15,Social Media (Instagram/TikTok),Standard,1,809.99,809.99,2024-06-19 02:59:00,2024-06-19 02:59:00,804,1,1,3,113,113,About to Sleep,1313
CUST-01221,Abigail Hernandez,abigail.hernandez290@example.com,Houston,TX,2022-07-02,Affiliate Referral,Silver,3,809.46,269.82,2026-04-30 21:04:00,2025-04-08 12:25:00,123,3,3,3,333,333,Loyal Customers,1314
CUST-01279,Henry Young,henry.young195@example.com,Indianapolis,IN,2025-05-16,Organic Search,Silver,4,806.91,201.73,2026-06-12 00:58:00,2025-07-11 02:50:00,81,4,4,3,443,443,Loyal Customers,1315
CUST-01462,John Jackson,john.jackson885@example.com,Boston,MA,2023-06-22,Organic Search,Silver,4,805.48,201.37,2024-12-27 12:42:00,2023-09-13 14:42:00,612,1,4,3,143,143,At Risk VIPs (High Value),1316
CUST-00719,Liam Lee,liam.lee277@example.com,Houston,TX,2022-10-30,Social Media (Instagram/TikTok),Gold,7,801.68,114.53,2024-05-08 09:47:00,2022-11-23 20:38:00,846,1,5,3,153,153,At Risk VIPs (High Value),1317
CUST-01331,Madison Davis,madison.davis710@example.com,Nashville,TN,2025-06-22,Paid Search (Google),Silver,3,800.88,266.96,2026-08-24 22:31:00,2025-07-05 16:42:00,7,5,3,3,533,533,Loyal Customers,1318
CUST-01022,Sebastian Lewis,sebastian.lewis809@example.com,Tampa,FL,2024-06-13,Affiliate Referral,Silver,4,799.91,199.98,2025-02-18 23:34:00,2024-10-17 23:19:00,559,2,4,3,243,243,At Risk VIPs (High Value),1319
CUST-02308,Alexander Martin,alexander.martin508@example.com,Austin,TX,2022-10-11,Social Media (Instagram/TikTok),Standard,2,799.41,399.7,2024-09-30 20:05:00,2023-11-19 19:01:00,700,1,2,3,123,123,About to Sleep,1320
CUST-00899,Olivia Walker,olivia.walker170@example.com,San Francisco,CA,2023-08-25,Paid Search (Google),Silver,4,796.82,199.2,2026-07-04 08:35:00,2023-10-24 17:40:00,59,4,4,3,443,443,Loyal Customers,1321
CUST-00976,Mila King,mila.king25@example.com,Raleigh,NC,2026-05-12,Organic Search,Silver,5,793.66,158.73,2026-08-29 04:40:00,2026-05-20 07:09:00,3,5,4,3,543,543,Loyal Customers,1322
CUST-02464,Luke Lopez,luke.lopez530@example.com,Raleigh,NC,2025-09-17,Social Media (Instagram/TikTok),Standard,2,789.71,394.86,2026-06-30 13:47:00,2026-05-17 12:08:00,62,4,2,3,423,423,Potential Loyalists,1323
CUST-01341,Elizabeth Rivera,elizabeth.rivera521@example.com,Charlotte,NC,2022-11-28,Social Media (Instagram/TikTok),Silver,4,788.95,197.24,2025-03-05 08:36:00,2024-03-16 16:26:00,545,2,4,3,243,243,At Risk VIPs (High Value),1324
CUST-00812,Lucas Torres,lucas.torres695@example.com,Miami,FL,2023-04-02,Organic Search,Silver,4,786.95,196.74,2026-03-27 18:12:00,2023-04-09 06:26:00,157,3,4,3,343,343,Loyal Customers,1325
CUST-01712,Sebastian Hill,sebastian.hill266@example.com,Kansas City,MO,2026-03-24,Email Marketing,Standard,2,786.35,393.18,2026-08-04 21:16:00,2026-08-02 20:28:00,27,5,2,3,523,523,Potential Loyalists,1326
CUST-01975,Emily Ramirez,emily.ramirez977@example.com,Las Vegas,NV,2022-06-01,Paid Search (Google),Standard,1,784.96,784.96,2023-12-21 17:21:00,2023-12-21 17:21:00,984,1,1,3,113,113,About to Sleep,1327
CUST-02344,Amelia Robinson,amelia.robinson436@example.com,Kansas City,MO,2024-10-18,Paid Search (Google),Standard,1,783.03,783.03,2024-11-22 15:08:00,2024-11-22 15:08:00,647,1,1,3,113,113,About to Sleep,1328
CUST-00415,Lucas Gonzalez,lucas.gonzalez29@example.com,Atlanta,GA,2024-03-04,Email Marketing,Gold,5,781.51,156.3,2026-07-28 08:19:00,2024-03-15 16:18:00,35,5,4,3,543,543,Loyal Customers,1329
CUST-01339,Michael Martinez,michael.martinez665@example.com,Dallas,TX,2025-05-07,Email Marketing,Silver,4,779.98,195.0,2026-08-04 01:17:00,2025-09-23 19:28:00,28,5,4,3,543,543,Loyal Customers,1330
CUST-00624,Aiden Roberts,aiden.roberts973@example.com,Salt Lake City,UT,2022-07-25,Social Media (Instagram/TikTok),Gold,6,779.62,129.94,2026-01-31 16:49:00,2022-08-31 14:32:00,212,3,5,3,353,353,Loyal Customers,1331
CUST-01095,Nora Lewis,nora.lewis992@example.com,Denver,CO,2022-06-01,Organic Search,Silver,3,777.41,259.14,2024-07-18 06:00:00,2022-12-03 02:59:00,775,1,3,3,133,133,At Risk VIPs (High Value),1332
CUST-01014,Jackson Thompson,jackson.thompson30@example.com,Boston,MA,2023-02-04,Social Media (Instagram/TikTok),Silver,3,776.09,258.7,2026-06-08 19:20:00,2023-12-25 16:00:00,84,4,3,3,433,433,Loyal Customers,1333
CUST-02175,Mia Campbell,mia.campbell693@example.com,Nashville,TN,2025-11-14,Paid Search (Google),Standard,2,774.93,387.47,2026-05-20 23:14:00,2026-01-14 23:01:00,103,4,2,3,423,423,Potential Loyalists,1334
CUST-02274,Grace Ramirez,grace.ramirez227@example.com,Phoenix,AZ,2024-08-21,Affiliate Referral,Standard,1,773.99,773.99,2026-01-27 12:17:00,2026-01-27 12:17:00,216,3,1,3,313,313,Promising / Needs Attention,1335
CUST-00781,Harper Walker,harper.walker64@example.com,Tampa,FL,2025-12-21,Affiliate Referral,Silver,3,772.2,257.4,2026-08-15 22:28:00,2026-02-02 15:25:00,16,5,3,3,533,533,Loyal Customers,1336
CUST-00643,Olivia Perez,olivia.perez836@example.com,Boston,MA,2023-12-10,Affiliate Referral,Gold,4,770.82,192.71,2025-12-04 05:24:00,2024-03-23 07:12:00,271,3,4,3,343,343,Loyal Customers,1337
CUST-01722,Wyatt Wright,wyatt.wright93@example.com,Indianapolis,IN,2026-01-20,Organic Search,Standard,3,770.45,256.82,2026-08-04 05:50:00,2026-05-23 07:40:00,28,5,3,3,533,533,Loyal Customers,1338
CUST-00355,Zoey Moore,zoey.moore664@example.com,Indianapolis,IN,2022-09-26,Organic Search,Gold,4,770.42,192.61,2024-06-09 13:27:00,2022-10-19 19:01:00,813,1,4,3,143,143,At Risk VIPs (High Value),1339
CUST-01943,Samuel Martin,samuel.martin524@example.com,Salt Lake City,UT,2023-02-08,Social Media (Instagram/TikTok),Standard,1,769.98,769.98,2024-03-18 02:17:00,2024-03-18 02:17:00,897,1,1,3,113,113,About to Sleep,1340
CUST-01358,Isabella Moore,isabella.moore149@example.com,Houston,TX,2025-01-09,Email Marketing,Silver,3,767.44,255.81,2026-07-14 14:47:00,2025-02-14 12:12:00,48,4,3,3,433,433,Loyal Customers,1341
CUST-00397,Grace Brown,grace.brown61@example.com,Austin,TX,2025-03-10,Affiliate Referral,Gold,3,767.42,255.81,2026-06-18 12:55:00,2025-08-23 01:06:00,74,4,3,3,433,433,Loyal Customers,1342
CUST-01097,James Martin,james.martin237@example.com,San Antonio,TX,2024-03-06,Organic Search,Silver,4,766.79,191.7,2026-06-26 04:20:00,2025-08-22 22:51:00,67,4,4,3,443,443,Loyal Customers,1343
CUST-00647,Lucas Anderson,lucas.anderson768@example.com,Portland,OR,2022-06-06,Organic Search,Gold,4,764.86,191.22,2024-07-13 15:09:00,2023-08-27 00:21:00,779,1,4,3,143,143,At Risk VIPs (High Value),1344
CUST-00891,David Williams,david.williams99@example.com,Chicago,IL,2022-09-20,Paid Search (Google),Silver,2,762.46,381.23,2024-06-04 00:07:00,2023-01-31 20:13:00,819,1,2,3,123,123,About to Sleep,1345
CUST-01834,Ella Young,ella.young431@example.com,Columbus,OH,2025-07-07,Organic Search,Standard,1,762.45,762.45,2026-07-02 17:57:00,2026-07-02 17:57:00,60,4,1,3,413,413,Potential Loyalists,1346
CUST-01501,Elijah Nguyen,elijah.nguyen354@example.com,Dallas,TX,2022-10-16,Affiliate Referral,Standard,2,762.42,381.21,2026-02-10 16:40:00,2024-07-20 09:41:00,202,3,2,3,323,323,Promising / Needs Attention,1347
CUST-00862,Mila Moore,mila.moore778@example.com,Indianapolis,IN,2023-04-26,Social Media (Instagram/TikTok),Silver,4,758.78,189.69,2025-08-28 07:51:00,2024-04-28 03:18:00,369,2,4,3,243,243,At Risk VIPs (High Value),1348
CUST-01548,Harper Smith,harper.smith745@example.com,Portland,OR,2024-11-08,Email Marketing,Standard,2,757.46,378.73,2026-05-05 17:26:00,2025-03-06 19:02:00,118,3,2,3,323,323,Promising / Needs Attention,1349
CUST-01132,Avery Harris,avery.harris530@example.com,Salt Lake City,UT,2022-12-21,Social Media (Instagram/TikTok),Silver,2,742.96,371.48,2026-02-22 17:07:00,2024-04-27 13:20:00,190,3,2,3,323,323,Promising / Needs Attention,1350
CUST-01198,Emma Green,emma.green216@example.com,Salt Lake City,UT,2023-12-29,Social Media (Instagram/TikTok),Silver,4,742.09,185.52,2025-11-28 23:35:00,2025-09-14 08:03:00,276,3,4,3,343,343,Loyal Customers,1351
CUST-02313,Abigail Garcia,abigail.garcia740@example.com,Dallas,TX,2023-03-20,Paid Search (Google),Standard,1,739.94,739.94,2024-05-12 12:49:00,2024-05-12 12:49:00,841,1,1,3,113,113,About to Sleep,1352
CUST-00550,Michael Lewis,michael.lewis826@example.com,Austin,TX,2026-04-19,Organic Search,Gold,7,738.75,105.54,2026-08-10 22:06:00,2026-04-21 17:40:00,21,5,5,3,553,553,Loyal Customers,1353
CUST-01725,Harper Robinson,harper.robinson389@example.com,San Antonio,TX,2024-11-27,Organic Search,Standard,1,730.76,730.76,2025-01-20 07:10:00,2025-01-20 07:10:00,589,1,1,3,113,113,About to Sleep,1354
CUST-01869,Aria Lee,aria.lee669@example.com,Indianapolis,IN,2022-08-21,Affiliate Referral,Standard,1,728.24,728.24,2024-07-04 23:39:00,2024-07-04 23:39:00,788,1,1,3,113,113,About to Sleep,1355
CUST-00946,Luna Robinson,luna.robinson620@example.com,Nashville,TN,2022-10-19,Paid Search (Google),Silver,4,723.43,180.86,2024-07-13 19:10:00,2023-07-23 18:57:00,779,1,4,3,143,143,At Risk VIPs (High Value),1356
CUST-00948,Riley Martinez,riley.martinez630@example.com,Houston,TX,2023-05-30,Email Marketing,Silver,4,722.26,180.56,2026-02-10 06:38:00,2025-01-03 01:52:00,203,3,4,3,343,343,Loyal Customers,1357
CUST-01354,Daniel Jones,daniel.jones492@example.com,Nashville,TN,2025-02-17,Organic Search,Silver,2,719.96,359.98,2026-08-25 08:34:00,2025-09-13 09:37:00,7,5,2,3,523,523,Potential Loyalists,1358
CUST-01205,Liam Wilson,liam.wilson601@example.com,Las Vegas,NV,2024-04-10,Social Media (Instagram/TikTok),Silver,3,719.93,239.98,2025-02-04 13:22:00,2024-10-10 01:12:00,573,1,3,3,133,133,At Risk VIPs (High Value),1359
CUST-02488,Owen Green,owen.green607@example.com,San Diego,CA,2025-12-28,Social Media (Instagram/TikTok),Standard,2,718.84,359.42,2026-08-17 00:14:00,2026-04-29 06:17:00,15,5,2,3,523,523,Potential Loyalists,1360
CUST-01621,Riley Walker,riley.walker129@example.com,Miami,FL,2025-11-27,Social Media (Instagram/TikTok),Standard,1,716.98,716.98,2026-06-15 02:14:00,2026-06-15 02:14:00,78,4,1,3,413,413,Potential Loyalists,1361
CUST-02446,Jayden Lee,jayden.lee776@example.com,Houston,TX,2026-04-20,Paid Search (Google),Standard,2,714.97,357.49,2026-05-18 10:08:00,2026-04-23 08:43:00,106,4,2,3,423,423,Potential Loyalists,1362
CUST-01148,John Martin,john.martin463@example.com,Raleigh,NC,2025-12-26,Social Media (Instagram/TikTok),Silver,4,713.98,178.5,2026-07-06 15:02:00,2026-01-24 22:44:00,56,4,4,3,443,443,Loyal Customers,1363
CUST-00881,Dylan Scott,dylan.scott853@example.com,Columbus,OH,2026-01-20,Organic Search,Silver,5,713.23,142.65,2026-08-17 10:13:00,2026-03-11 18:22:00,15,5,4,3,543,543,Loyal Customers,1364
CUST-01775,Elijah Johnson,elijah.johnson861@example.com,Las Vegas,NV,2023-03-09,Email Marketing,Standard,2,712.75,356.38,2024-11-30 20:40:00,2023-10-07 20:26:00,639,1,2,3,123,123,About to Sleep,1365
CUST-01955,Carter Campbell,carter.campbell886@example.com,Nashville,TN,2022-12-26,Paid Search (Google),Standard,3,712.6,237.53,2025-03-22 03:55:00,2024-01-03 21:02:00,528,2,3,3,233,233,At Risk VIPs (High Value),1366
CUST-02039,Jacob Nguyen,jacob.nguyen654@example.com,Minneapolis,MN,2023-04-01,Paid Search (Google),Standard,3,711.21,237.07,2024-10-24 11:42:00,2024-07-28 00:48:00,677,1,3,3,133,133,At Risk VIPs (High Value),1367
CUST-01689,Harper Adams,harper.adams582@example.com,Chicago,IL,2023-06-30,Affiliate Referral,Standard,1,710.95,710.95,2024-09-16 21:15:00,2024-09-16 21:15:00,714,1,1,3,113,113,About to Sleep,1368
CUST-02476,Scarlett Davis,scarlett.davis743@example.com,Salt Lake City,UT,2023-02-01,Email Marketing,Standard,1,709.98,709.98,2024-10-14 01:39:00,2024-10-14 01:39:00,687,1,1,3,113,113,About to Sleep,1369
CUST-01762,Isabella Thomas,isabella.thomas529@example.com,Kansas City,MO,2025-07-20,Organic Search,Standard,2,707.95,353.98,2026-06-30 15:03:00,2026-04-26 18:53:00,62,4,2,3,423,423,Potential Loyalists,1370
CUST-01557,Jackson Jones,jackson.jones107@example.com,San Francisco,CA,2022-09-29,Organic Search,Standard,1,707.26,707.26,2025-07-23 06:34:00,2025-07-23 06:34:00,405,2,1,3,213,213,About to Sleep,1371
CUST-00486,Evelyn Harris,evelyn.harris258@example.com,Dallas,TX,2023-07-22,Social Media (Instagram/TikTok),Gold,4,706.45,176.61,2025-12-27 08:07:00,2024-04-01 17:39:00,248,3,4,3,343,343,Loyal Customers,1372
CUST-02413,Jack Campbell,jack.campbell960@example.com,Raleigh,NC,2022-09-25,Organic Search,Standard,2,705.97,352.99,2025-02-28 16:34:00,2023-03-21 19:46:00,549,2,2,3,223,223,About to Sleep,1373
CUST-00658,Joseph Green,joseph.green869@example.com,Salt Lake City,UT,2022-06-20,Social Media (Instagram/TikTok),Gold,3,701.95,233.98,2024-03-27 05:48:00,2022-08-06 16:59:00,888,1,3,3,133,133,At Risk VIPs (High Value),1374
CUST-02483,Owen Anderson,owen.anderson699@example.com,San Antonio,TX,2023-11-26,Email Marketing,Standard,1,701.18,701.18,2024-12-03 13:36:00,2024-12-03 13:36:00,636,1,1,3,113,113,About to Sleep,1375
CUST-02033,Oliver Baker,oliver.baker859@example.com,San Jose,CA,2024-10-27,Affiliate Referral,Standard,1,697.72,697.72,2025-12-22 04:38:00,2025-12-22 04:38:00,253,3,1,3,313,313,Promising / Needs Attention,1376
CUST-01543,Mila Garcia,mila.garcia434@example.com,Seattle,WA,2023-06-08,Email Marketing,Standard,3,697.44,232.48,2026-05-07 06:46:00,2025-01-18 22:36:00,117,4,3,3,433,433,Loyal Customers,1377
CUST-02044,Jack Adams,jack.adams62@example.com,Austin,TX,2023-01-12,Social Media (Instagram/TikTok),Standard,1,694.23,694.23,2023-12-11 22:37:00,2023-12-11 22:37:00,994,1,1,3,113,113,About to Sleep,1378
CUST-02194,Joseph Robinson,joseph.robinson432@example.com,Kansas City,MO,2026-01-11,Email Marketing,Standard,2,694.05,347.03,2026-04-18 02:38:00,2026-03-27 00:04:00,136,3,2,3,323,323,Promising / Needs Attention,1379
CUST-01662,Grace Davis,grace.davis58@example.com,Columbus,OH,2026-01-24,Organic Search,Standard,1,692.28,692.28,2026-07-13 19:00:00,2026-07-13 19:00:00,49,4,1,3,413,413,Potential Loyalists,1380
CUST-01201,Olivia Lopez,olivia.lopez208@example.com,San Jose,CA,2024-04-23,Email Marketing,Silver,4,691.92,172.98,2026-01-16 03:34:00,2024-06-03 00:49:00,228,3,4,3,343,343,Loyal Customers,1381
CUST-01842,Evelyn Walker,evelyn.walker850@example.com,Dallas,TX,2023-04-27,Paid Search (Google),Standard,1,691.72,691.72,2025-03-10 13:35:00,2025-03-10 13:35:00,539,2,1,3,213,213,About to Sleep,1382
CUST-00992,Michael Anderson,michael.anderson217@example.com,Kansas City,MO,2023-10-25,Affiliate Referral,Silver,2,689.07,344.54,2025-06-20 12:54:00,2025-03-15 14:02:00,437,2,2,3,223,223,About to Sleep,1383
CUST-00549,Elizabeth Baker,elizabeth.baker796@example.com,San Francisco,CA,2022-07-26,Email Marketing,Gold,4,688.04,172.01,2025-01-27 21:11:00,2022-12-30 22:51:00,581,1,4,3,143,143,At Risk VIPs (High Value),1384
CUST-00389,Logan Lee,logan.lee892@example.com,Salt Lake City,UT,2024-03-15,Social Media (Instagram/TikTok),Gold,5,686.61,137.32,2026-06-28 21:02:00,2024-07-03 07:41:00,64,4,4,3,443,443,Loyal Customers,1385
CUST-02159,Mia Anderson,mia.anderson407@example.com,Tampa,FL,2025-01-02,Organic Search,Standard,2,684.99,342.5,2026-03-29 05:34:00,2025-10-31 17:32:00,156,3,2,3,323,323,Promising / Needs Attention,1386
CUST-01062,Abigail White,abigail.white799@example.com,Chicago,IL,2023-10-23,Paid Search (Google),Silver,4,683.94,170.98,2026-07-20 12:44:00,2024-10-27 00:48:00,42,4,4,3,443,443,Loyal Customers,1387
CUST-02401,Amelia Brown,amelia.brown364@example.com,Boston,MA,2026-05-15,Affiliate Referral,Standard,3,682.96,227.65,2026-07-14 15:50:00,2026-06-23 11:03:00,48,4,3,3,433,433,Loyal Customers,1388
CUST-00957,Harper King,harper.king17@example.com,Denver,CO,2026-01-31,Paid Search (Google),Silver,2,679.94,339.97,2026-07-19 13:28:00,2026-05-27 20:14:00,43,4,2,3,423,423,Potential Loyalists,1389
CUST-00561,Riley Garcia,riley.garcia128@example.com,Kansas City,MO,2023-03-18,Social Media (Instagram/TikTok),Gold,5,679.37,135.87,2026-08-26 12:58:00,2023-11-13 11:13:00,5,5,4,3,543,543,Loyal Customers,1390
CUST-01471,Aria Martinez,aria.martinez796@example.com,Atlanta,GA,2023-01-08,Organic Search,Silver,4,678.91,169.73,2026-05-17 12:56:00,2025-01-16 09:35:00,106,4,4,3,443,443,Loyal Customers,1391
CUST-00402,Nora Carter,nora.carter573@example.com,Dallas,TX,2025-11-28,Affiliate Referral,Gold,2,677.05,338.52,2026-04-27 16:53:00,2025-12-30 06:15:00,126,3,2,3,323,323,Promising / Needs Attention,1392
CUST-00487,Benjamin Lewis,benjamin.lewis877@example.com,Seattle,WA,2022-12-07,Affiliate Referral,Gold,6,676.94,112.82,2026-06-01 03:50:00,2023-05-25 23:31:00,92,4,5,3,453,453,Loyal Customers,1393
CUST-00484,Daniel Martin,daniel.martin888@example.com,Salt Lake City,UT,2023-03-23,Email Marketing,Gold,8,676.65,84.58,2026-06-18 09:16:00,2023-06-20 11:02:00,75,4,5,3,453,453,Loyal Customers,1394
CUST-01298,Charlotte Hill,charlotte.hill143@example.com,Denver,CO,2026-02-04,Affiliate Referral,Silver,3,674.42,224.81,2026-08-06 04:24:00,2026-02-21 18:00:00,26,5,3,3,533,533,Loyal Customers,1395
CUST-02350,William Lopez,william.lopez681@example.com,Phoenix,AZ,2024-05-21,Affiliate Referral,Standard,1,673.97,673.97,2024-12-22 12:06:00,2024-12-22 12:06:00,617,1,1,3,113,113,About to Sleep,1396
CUST-00885,Chloe Allen,chloe.allen832@example.com,Portland,OR,2024-11-29,Email Marketing,Silver,4,672.97,168.24,2026-03-09 02:42:00,2025-02-05 15:55:00,176,3,4,3,343,343,Loyal Customers,1397
CUST-00354,Luke Thompson,luke.thompson467@example.com,Los Angeles,CA,2024-05-23,Affiliate Referral,Gold,5,671.91,134.38,2025-04-01 17:38:00,2024-05-29 00:26:00,517,2,4,3,243,243,At Risk VIPs (High Value),1398
CUST-00567,Jack Robinson,jack.robinson247@example.com,Indianapolis,IN,2024-09-07,Paid Search (Google),Gold,7,671.8,95.97,2025-03-11 17:33:00,2024-09-20 17:14:00,538,2,5,3,253,253,At Risk VIPs (High Value),1399
CUST-01249,Samuel Martin,samuel.martin593@example.com,Indianapolis,IN,2026-03-23,Social Media (Instagram/TikTok),Silver,3,671.45,223.82,2026-08-26 09:19:00,2026-03-23 21:10:00,6,5,3,3,533,533,Loyal Customers,1400
CUST-01098,Aria Scott,aria.scott533@example.com,San Francisco,CA,2025-08-12,Affiliate Referral,Silver,3,671.19,223.73,2026-05-15 15:48:00,2026-02-23 23:30:00,108,4,3,3,433,433,Loyal Customers,1401
CUST-00516,Dylan Brown,dylan.brown662@example.com,New York,NY,2026-05-10,Paid Search (Google),Gold,3,670.94,223.65,2026-08-21 17:17:00,2026-07-04 09:40:00,10,5,3,3,533,533,Loyal Customers,1402
CUST-00979,Jacob Robinson,jacob.robinson962@example.com,Denver,CO,2025-08-21,Organic Search,Silver,5,669.43,133.89,2026-06-26 09:04:00,2025-09-02 19:30:00,67,4,4,3,443,443,Loyal Customers,1403
CUST-00697,Logan Torres,logan.torres981@example.com,San Antonio,TX,2025-03-05,Affiliate Referral,Gold,4,669.42,167.36,2026-01-23 23:49:00,2025-06-30 05:28:00,220,3,4,3,343,343,Loyal Customers,1404
CUST-02009,Jack Hall,jack.hall557@example.com,Raleigh,NC,2024-05-07,Paid Search (Google),Standard,2,667.47,333.74,2025-03-31 17:56:00,2025-03-07 17:52:00,518,2,2,3,223,223,About to Sleep,1405
CUST-01906,Elizabeth Rivera,elizabeth.rivera147@example.com,San Antonio,TX,2025-02-21,Paid Search (Google),Standard,2,666.07,333.04,2025-06-10 06:44:00,2025-04-21 06:42:00,448,2,2,3,223,223,About to Sleep,1406
CUST-02321,Elizabeth Harris,elizabeth.harris811@example.com,Kansas City,MO,2024-11-11,Organic Search,Standard,2,664.71,332.36,2025-06-22 09:03:00,2024-12-06 19:38:00,436,2,2,3,223,223,About to Sleep,1407
CUST-01459,Carter Rivera,carter.rivera305@example.com,San Francisco,CA,2022-08-23,Organic Search,Silver,3,662.94,220.98,2024-09-06 06:24:00,2023-03-06 09:37:00,725,1,3,3,133,133,At Risk VIPs (High Value),1408
CUST-00337,Carter Jones,carter.jones986@example.com,Portland,OR,2025-06-19,Affiliate Referral,Gold,4,662.9,165.72,2026-08-22 00:53:00,2026-03-08 03:07:00,10,5,4,3,543,543,Loyal Customers,1409
CUST-02438,Olivia Miller,olivia.miller633@example.com,San Antonio,TX,2024-03-03,Affiliate Referral,Standard,2,659.97,329.99,2025-06-19 01:32:00,2025-02-12 04:27:00,439,2,2,3,223,223,About to Sleep,1410
CUST-00822,Amelia Clark,amelia.clark943@example.com,Nashville,TN,2025-02-13,Affiliate Referral,Silver,4,659.42,164.85,2025-03-10 04:36:00,2025-02-26 18:58:00,540,2,4,3,243,243,At Risk VIPs (High Value),1411
CUST-01081,Oliver White,oliver.white236@example.com,Charlotte,NC,2022-10-24,Organic Search,Silver,5,658.44,131.69,2025-05-17 01:04:00,2023-05-10 20:10:00,472,2,4,3,243,243,At Risk VIPs (High Value),1412
CUST-01292,Jacob King,jacob.king355@example.com,Las Vegas,NV,2026-04-14,Paid Search (Google),Silver,4,657.21,164.3,2026-08-29 18:07:00,2026-05-07 22:37:00,2,5,4,3,543,543,Loyal Customers,1413
CUST-01758,Evelyn Williams,evelyn.williams71@example.com,Phoenix,AZ,2024-02-29,Affiliate Referral,Standard,1,656.98,656.98,2024-10-17 10:18:00,2024-10-17 10:18:00,684,1,1,3,113,113,About to Sleep,1414
CUST-01733,Camila Torres,camila.torres886@example.com,San Diego,CA,2025-05-07,Social Media (Instagram/TikTok),Standard,1,656.37,656.37,2025-09-17 09:46:00,2025-09-17 09:46:00,349,2,1,3,213,213,About to Sleep,1415
CUST-01773,Ethan Anderson,ethan.anderson916@example.com,Dallas,TX,2023-05-23,Social Media (Instagram/TikTok),Standard,1,655.46,655.46,2024-11-12 21:49:00,2024-11-12 21:49:00,657,1,1,3,113,113,About to Sleep,1416
CUST-02263,Mia Jones,mia.jones516@example.com,Los Angeles,CA,2023-08-10,Organic Search,Standard,1,654.99,654.99,2024-05-14 13:22:00,2024-05-14 13:22:00,839,1,1,3,113,113,About to Sleep,1417
CUST-01977,Luke Rodriguez,luke.rodriguez600@example.com,Miami,FL,2026-04-24,Social Media (Instagram/TikTok),Standard,1,654.96,654.96,2026-05-22 02:47:00,2026-05-22 02:47:00,102,4,1,3,413,413,Potential Loyalists,1418
CUST-00650,Riley Anderson,riley.anderson339@example.com,San Diego,CA,2024-09-30,Social Media (Instagram/TikTok),Gold,6,654.93,109.15,2025-03-26 08:05:00,2024-10-27 13:04:00,524,2,5,3,253,253,At Risk VIPs (High Value),1419
CUST-00759,Nora Lopez,nora.lopez993@example.com,Tampa,FL,2025-01-27,Affiliate Referral,Silver,5,654.79,130.96,2026-07-15 10:33:00,2025-05-08 21:00:00,48,4,4,3,443,443,Loyal Customers,1420
CUST-00336,Riley Lopez,riley.lopez690@example.com,Las Vegas,NV,2022-11-23,Affiliate Referral,Gold,5,653.94,130.79,2025-06-01 02:31:00,2023-03-10 21:46:00,457,2,4,3,243,243,At Risk VIPs (High Value),1421
CUST-01153,Dylan Rivera,dylan.rivera675@example.com,Seattle,WA,2023-06-12,Email Marketing,Silver,3,653.23,217.74,2026-02-18 12:34:00,2024-04-05 21:48:00,194,3,3,3,333,333,Loyal Customers,1422
CUST-01655,Luke Hall,luke.hall363@example.com,Indianapolis,IN,2026-01-19,Email Marketing,Standard,1,652.68,652.68,2026-07-09 17:57:00,2026-07-09 17:57:00,53,4,1,3,413,413,Potential Loyalists,1423
CUST-01280,Luna Garcia,luna.garcia158@example.com,Charlotte,NC,2023-04-12,Email Marketing,Silver,3,650.44,216.81,2025-09-09 21:06:00,2024-05-17 16:00:00,356,2,3,3,233,233,At Risk VIPs (High Value),1424
CUST-01708,John Lewis,john.lewis95@example.com,Tampa,FL,2025-12-24,Affiliate Referral,Standard,2,649.96,324.98,2026-06-20 00:27:00,2026-01-11 00:34:00,73,4,2,3,423,423,Potential Loyalists,1425
CUST-01982,Mia Scott,mia.scott271@example.com,Dallas,TX,2024-07-21,Paid Search (Google),Standard,1,649.24,649.24,2024-12-05 00:47:00,2024-12-05 00:47:00,635,1,1,3,113,113,About to Sleep,1426
CUST-01759,Zoey Allen,zoey.allen992@example.com,Minneapolis,MN,2024-06-02,Social Media (Instagram/TikTok),Standard,1,649.14,649.14,2026-03-24 09:00:00,2026-03-24 09:00:00,161,3,1,3,313,313,Promising / Needs Attention,1427
CUST-01866,Benjamin Brown,benjamin.brown150@example.com,Seattle,WA,2025-03-18,Social Media (Instagram/TikTok),Standard,1,647.96,647.96,2026-08-18 23:41:00,2026-08-18 23:41:00,13,5,1,3,513,513,Potential Loyalists,1428
CUST-01756,Mason Green,mason.green531@example.com,Dallas,TX,2024-05-28,Email Marketing,Standard,1,645.99,645.99,2025-07-17 16:48:00,2025-07-17 16:48:00,410,2,1,3,213,213,About to Sleep,1429
CUST-00274,Joseph Ramirez,joseph.ramirez123@example.com,Austin,TX,2026-03-20,Affiliate Referral,Gold,4,645.96,161.49,2026-08-20 03:28:00,2026-03-21 04:36:00,12,5,4,3,543,543,Loyal Customers,1430
CUST-00844,Evelyn Rivera,evelyn.rivera770@example.com,Raleigh,NC,2024-09-16,Organic Search,Silver,3,645.71,215.24,2026-04-14 17:06:00,2025-02-20 19:34:00,139,3,3,3,333,333,Loyal Customers,1431
CUST-00830,Oliver Smith,oliver.smith668@example.com,Philadelphia,PA,2025-04-01,Email Marketing,Silver,3,643.46,214.49,2026-08-02 15:54:00,2025-06-22 13:29:00,29,5,3,3,533,533,Loyal Customers,1432
CUST-02461,Eleanor Hall,eleanor.hall147@example.com,Raleigh,NC,2023-06-11,Affiliate Referral,Standard,2,642.02,321.01,2025-10-22 22:57:00,2024-04-11 02:45:00,313,2,2,3,223,223,About to Sleep,1433
CUST-01816,Amelia Baker,amelia.baker576@example.com,Philadelphia,PA,2022-08-05,Affiliate Referral,Standard,3,641.94,213.98,2025-05-30 04:25:00,2023-08-12 20:59:00,459,2,3,3,233,233,At Risk VIPs (High Value),1434
CUST-01491,Luna Hernandez,luna.hernandez30@example.com,San Francisco,CA,2024-03-29,Organic Search,Silver,3,640.45,213.48,2026-05-20 13:56:00,2024-05-27 19:48:00,103,4,3,3,433,433,Loyal Customers,1435
CUST-01302,Jackson Hernandez,jackson.hernandez809@example.com,Chicago,IL,2023-12-20,Organic Search,Silver,4,640.36,160.09,2026-08-14 23:57:00,2024-05-19 23:01:00,17,5,4,3,543,543,Loyal Customers,1436
CUST-01429,Camila Hernandez,camila.hernandez605@example.com,Los Angeles,CA,2023-03-27,Social Media (Instagram/TikTok),Silver,3,639.92,213.31,2024-12-16 02:08:00,2023-05-13 20:23:00,624,1,3,3,133,133,At Risk VIPs (High Value),1437
CUST-01781,Jacob Wright,jacob.wright311@example.com,Indianapolis,IN,2023-04-01,Social Media (Instagram/TikTok),Standard,2,639.08,319.54,2024-04-24 23:41:00,2023-09-10 18:12:00,859,1,2,3,123,123,About to Sleep,1438
CUST-01030,Noah Nelson,noah.nelson375@example.com,Tampa,FL,2024-03-28,Email Marketing,Silver,1,638.96,638.96,2024-10-12 08:28:00,2024-10-12 08:28:00,689,1,1,3,113,113,About to Sleep,1439
CUST-01033,Jayden Green,jayden.green776@example.com,Minneapolis,MN,2025-07-30,Email Marketing,Silver,3,634.96,211.65,2026-08-25 07:04:00,2026-04-01 10:11:00,7,5,3,3,533,533,Loyal Customers,1440
CUST-00630,Carter Wright,carter.wright709@example.com,Philadelphia,PA,2025-01-20,Organic Search,Gold,6,633.33,105.56,2026-04-22 10:46:00,2025-03-18 17:53:00,132,3,5,3,353,353,Loyal Customers,1441
CUST-00920,Camila Wright,camila.wright925@example.com,San Francisco,CA,2025-01-22,Paid Search (Google),Silver,4,632.95,158.24,2025-03-22 04:06:00,2025-01-28 05:27:00,528,2,4,3,243,243,At Risk VIPs (High Value),1442
CUST-01665,Avery Thompson,avery.thompson316@example.com,Austin,TX,2026-02-25,Affiliate Referral,Standard,1,631.97,631.97,2026-03-11 13:02:00,2026-03-11 13:02:00,173,3,1,3,313,313,Promising / Needs Attention,1443
CUST-00962,Chloe Scott,chloe.scott578@example.com,Miami,FL,2023-11-02,Social Media (Instagram/TikTok),Silver,3,629.93,209.98,2026-08-12 15:24:00,2024-01-23 10:40:00,19,5,3,3,533,533,Loyal Customers,1444
CUST-00823,Luke Lopez,luke.lopez635@example.com,Denver,CO,2024-06-04,Affiliate Referral,Silver,5,629.44,125.89,2026-07-23 02:42:00,2024-06-30 10:30:00,40,4,4,3,443,443,Loyal Customers,1445
CUST-00454,Sofia Baker,sofia.baker782@example.com,Charlotte,NC,2022-11-15,Affiliate Referral,Gold,5,628.35,125.67,2025-12-30 01:09:00,2024-02-03 18:32:00,245,3,4,3,343,343,Loyal Customers,1446
CUST-01445,Mia Johnson,mia.johnson803@example.com,Miami,FL,2024-10-31,Organic Search,Silver,4,627.94,156.98,2025-02-15 05:12:00,2024-11-12 12:30:00,563,2,4,3,243,243,At Risk VIPs (High Value),1447
CUST-02265,Amelia Perez,amelia.perez223@example.com,Kansas City,MO,2025-09-22,Affiliate Referral,Standard,1,627.47,627.47,2026-06-18 15:57:00,2026-06-18 15:57:00,74,4,1,3,413,413,Potential Loyalists,1448
CUST-01407,Grace Garcia,grace.garcia344@example.com,Los Angeles,CA,2025-10-28,Paid Search (Google),Silver,3,627.44,209.15,2026-06-11 19:10:00,2025-10-31 03:28:00,81,4,3,3,433,433,Loyal Customers,1449
CUST-00352,Scarlett Lee,scarlett.lee115@example.com,Chicago,IL,2024-04-02,Social Media (Instagram/TikTok),Gold,5,626.93,125.39,2025-10-08 21:18:00,2024-06-13 12:38:00,327,2,4,3,243,243,At Risk VIPs (High Value),1450
CUST-00800,Noah Harris,noah.harris907@example.com,Minneapolis,MN,2023-11-06,Affiliate Referral,Silver,4,625.45,156.36,2025-12-30 07:19:00,2024-04-06 20:21:00,245,3,4,3,343,343,Loyal Customers,1451
CUST-00923,Carter Allen,carter.allen20@example.com,Las Vegas,NV,2023-10-03,Affiliate Referral,Silver,2,624.54,312.27,2026-04-02 16:31:00,2024-10-15 06:31:00,151,3,2,3,323,323,Promising / Needs Attention,1452
CUST-00614,Luke Smith,luke.smith18@example.com,Salt Lake City,UT,2024-05-04,Organic Search,Gold,4,620.79,155.2,2026-02-17 05:11:00,2024-12-17 17:12:00,196,3,4,3,343,343,Loyal Customers,1453
CUST-01156,Daniel Mitchell,daniel.mitchell697@example.com,San Antonio,TX,2023-07-24,Organic Search,Silver,2,617.95,308.98,2024-06-16 08:59:00,2023-08-22 04:20:00,807,1,2,3,123,123,About to Sleep,1454
CUST-01367,Nora Young,nora.young256@example.com,Chicago,IL,2025-07-18,Organic Search,Silver,4,617.66,154.42,2026-03-20 04:21:00,2025-08-06 09:03:00,165,3,4,3,343,343,Loyal Customers,1455
CUST-01008,Zoey Harris,zoey.harris210@example.com,Phoenix,AZ,2023-04-03,Email Marketing,Silver,2,616.97,308.49,2025-03-19 22:41:00,2024-08-24 18:44:00,530,2,2,2,222,222,Lost / Inactive,1456
CUST-01520,Jackson Young,jackson.young915@example.com,Chicago,IL,2023-10-01,Affiliate Referral,Standard,2,614.96,307.48,2024-11-13 09:56:00,2024-09-10 09:12:00,657,1,2,2,122,122,Lost / Inactive,1457
CUST-01980,Ella Rodriguez,ella.rodriguez626@example.com,San Francisco,CA,2023-08-17,Affiliate Referral,Standard,1,614.47,614.47,2024-07-30 15:06:00,2024-07-30 15:06:00,762,1,1,2,112,112,Lost / Inactive,1458
CUST-01002,Madison White,madison.white637@example.com,Tampa,FL,2023-11-14,Paid Search (Google),Silver,3,613.1,204.37,2026-08-31 09:30:00,2023-11-16 08:13:00,1,5,3,2,532,532,Promising / Needs Attention,1459
CUST-00907,Lily Adams,lily.adams572@example.com,Chicago,IL,2024-01-17,Organic Search,Silver,3,612.66,204.22,2024-06-23 05:38:00,2024-03-03 23:30:00,800,1,3,2,132,132,Promising / Needs Attention,1460
CUST-01229,Benjamin Carter,benjamin.carter792@example.com,Atlanta,GA,2025-08-06,Paid Search (Google),Silver,3,612.44,204.15,2026-07-01 19:21:00,2025-08-24 06:40:00,61,4,3,2,432,432,Promising / Needs Attention,1461
CUST-02202,Layla Lee,layla.lee539@example.com,Philadelphia,PA,2024-11-12,Paid Search (Google),Standard,1,609.98,609.98,2025-01-06 05:05:00,2025-01-06 05:05:00,603,1,1,2,112,112,Lost / Inactive,1462
CUST-00860,Aiden Ramirez,aiden.ramirez837@example.com,New York,NY,2025-05-06,Organic Search,Silver,2,609.48,304.74,2026-08-05 13:19:00,2025-06-10 08:59:00,26,5,2,2,522,522,Promising / Needs Attention,1463
CUST-01070,Lily Moore,lily.moore898@example.com,Kansas City,MO,2025-10-09,Affiliate Referral,Silver,3,606.43,202.14,2026-04-24 03:57:00,2025-12-25 22:23:00,130,3,3,2,332,332,Promising / Needs Attention,1464
CUST-02400,Scarlett Adams,scarlett.adams260@example.com,Portland,OR,2023-11-30,Social Media (Instagram/TikTok),Standard,3,605.91,201.97,2025-04-23 06:30:00,2024-01-11 12:59:00,496,2,3,2,232,232,Promising / Needs Attention,1465
CUST-01705,William Walker,william.walker39@example.com,Boston,MA,2025-12-19,Paid Search (Google),Standard,1,604.47,604.47,2026-06-14 05:05:00,2026-06-14 05:05:00,79,4,1,2,412,412,New Recent Customers,1466
CUST-01754,David Nguyen,david.nguyen207@example.com,Houston,TX,2022-12-28,Organic Search,Standard,1,603.97,603.97,2026-01-27 10:28:00,2026-01-27 10:28:00,217,3,1,2,312,312,Promising / Needs Attention,1467
CUST-00287,David Roberts,david.roberts182@example.com,Chicago,IL,2025-04-11,Organic Search,Gold,3,603.64,201.21,2026-08-01 12:12:00,2025-07-18 03:05:00,30,5,3,2,532,532,Promising / Needs Attention,1468
CUST-01107,Emma Green,emma.green806@example.com,Minneapolis,MN,2024-07-23,Organic Search,Silver,3,602.94,200.98,2026-08-15 02:30:00,2025-11-16 06:55:00,17,5,3,2,532,532,Promising / Needs Attention,1469
CUST-00530,Benjamin Moore,benjamin.moore167@example.com,Denver,CO,2026-05-28,Paid Search (Google),Gold,5,600.34,120.07,2026-08-21 23:11:00,2026-06-06 10:32:00,10,5,4,2,542,542,Promising / Needs Attention,1470
CUST-01533,Samuel Roberts,samuel.roberts669@example.com,Boston,MA,2022-08-09,Social Media (Instagram/TikTok),Standard,1,599.99,599.99,2025-03-12 18:13:00,2025-03-12 18:13:00,537,2,1,2,212,212,Lost / Inactive,1471
CUST-01751,Elijah Flores,elijah.flores780@example.com,Boston,MA,2023-09-21,Affiliate Referral,Standard,1,599.99,599.99,2025-08-09 03:55:00,2025-08-09 03:55:00,388,2,1,2,212,212,Lost / Inactive,1471
CUST-02279,Amelia Baker,amelia.baker61@example.com,Minneapolis,MN,2023-10-23,Organic Search,Standard,1,599.98,599.98,2026-01-20 16:42:00,2026-01-20 16:42:00,223,3,1,2,312,312,Promising / Needs Attention,1472
CUST-01806,Jack Roberts,jack.roberts974@example.com,Salt Lake City,UT,2024-10-03,Paid Search (Google),Standard,1,599.97,599.97,2025-06-13 06:03:00,2025-06-13 06:03:00,445,2,1,2,212,212,Lost / Inactive,1473
CUST-01745,Oliver Perez,oliver.perez542@example.com,Indianapolis,IN,2023-09-28,Organic Search,Standard,2,597.46,298.73,2026-07-14 07:43:00,2026-07-05 20:15:00,49,4,2,2,422,422,Promising / Needs Attention,1474
CUST-00560,Abigail Thompson,abigail.thompson35@example.com,Miami,FL,2023-01-01,Social Media (Instagram/TikTok),Gold,5,597.05,119.41,2026-07-07 02:38:00,2023-01-05 19:26:00,56,4,4,2,442,442,Promising / Needs Attention,1475
CUST-02474,Grayson Johnson,grayson.johnson388@example.com,San Antonio,TX,2023-12-30,Affiliate Referral,Standard,2,595.98,297.99,2024-04-16 08:03:00,2024-02-18 22:12:00,868,1,2,2,122,122,Lost / Inactive,1476
CUST-01209,Noah Moore,noah.moore433@example.com,Chicago,IL,2025-03-14,Paid Search (Google),Silver,3,595.94,198.65,2025-10-22 10:42:00,2025-03-22 09:58:00,314,2,3,2,232,232,Promising / Needs Attention,1477
CUST-01266,Lucas Nguyen,lucas.nguyen503@example.com,Salt Lake City,UT,2022-11-11,Paid Search (Google),Silver,2,594.94,297.47,2024-08-15 09:31:00,2024-02-26 01:29:00,747,1,2,2,122,122,Lost / Inactive,1478
CUST-00811,David Thomas,david.thomas12@example.com,New York,NY,2026-03-07,Organic Search,Silver,3,594.92,198.31,2026-04-28 09:19:00,2026-03-10 08:16:00,126,3,3,2,332,332,Promising / Needs Attention,1479
CUST-02127,Charlotte King,charlotte.king396@example.com,Phoenix,AZ,2023-08-08,Email Marketing,Standard,2,592.78,296.39,2026-07-28 18:06:00,2024-04-03 02:56:00,34,5,2,2,522,522,Promising / Needs Attention,1480
CUST-01245,Hannah Adams,hannah.adams686@example.com,Los Angeles,CA,2022-12-03,Paid Search (Google),Silver,3,591.53,197.18,2026-01-29 07:41:00,2025-03-27 11:14:00,215,3,3,2,332,332,Promising / Needs Attention,1481
CUST-01043,John Gonzalez,john.gonzalez883@example.com,Chicago,IL,2023-06-09,Paid Search (Google),Silver,3,589.44,196.48,2023-12-15 14:04:00,2023-06-27 00:57:00,990,1,3,2,132,132,Promising / Needs Attention,1482
CUST-00774,Noah Nguyen,noah.nguyen735@example.com,Nashville,TN,2023-06-24,Social Media (Instagram/TikTok),Silver,2,587.35,293.68,2026-01-30 05:26:00,2024-09-05 03:28:00,214,3,2,2,322,322,Promising / Needs Attention,1483
CUST-00635,Abigail Moore,abigail.moore95@example.com,Austin,TX,2022-11-09,Affiliate Referral,Gold,4,585.94,146.49,2025-07-07 14:50:00,2023-06-30 00:43:00,420,2,4,2,242,242,Promising / Needs Attention,1484
CUST-01750,Isabella Scott,isabella.scott63@example.com,Austin,TX,2024-07-21,Email Marketing,Standard,1,584.98,584.98,2025-05-23 15:12:00,2025-05-23 15:12:00,465,2,1,2,212,212,Lost / Inactive,1485
CUST-01967,Mason Miller,mason.miller343@example.com,Chicago,IL,2026-06-01,Affiliate Referral,Standard,1,584.98,584.98,2026-08-03 19:06:00,2026-08-03 19:06:00,28,5,1,2,512,512,New Recent Customers,1485
CUST-02260,Grayson Moore,grayson.moore339@example.com,Columbus,OH,2025-02-13,Paid Search (Google),Standard,1,584.98,584.98,2026-01-06 03:44:00,2026-01-06 03:44:00,238,3,1,2,312,312,Promising / Needs Attention,1485
CUST-00926,Eleanor Thompson,eleanor.thompson51@example.com,San Diego,CA,2025-02-23,Paid Search (Google),Silver,2,584.97,292.49,2026-03-12 12:29:00,2025-06-19 00:24:00,172,3,2,2,322,322,Promising / Needs Attention,1486
CUST-01391,David Clark,david.clark602@example.com,San Jose,CA,2026-02-02,Social Media (Instagram/TikTok),Silver,2,580.97,290.49,2026-05-05 19:50:00,2026-02-25 10:24:00,118,3,2,2,322,322,Promising / Needs Attention,1487
CUST-00968,William Taylor,william.taylor237@example.com,Seattle,WA,2022-11-11,Affiliate Referral,Silver,2,579.98,289.99,2025-06-13 00:11:00,2024-10-17 18:58:00,445,2,2,2,222,222,Lost / Inactive,1488
CUST-00796,Luna Ramirez,luna.ramirez919@example.com,Las Vegas,NV,2023-03-02,Social Media (Instagram/TikTok),Silver,3,578.75,192.92,2025-09-03 23:21:00,2025-01-15 05:04:00,362,2,3,2,232,232,Promising / Needs Attention,1489
CUST-01272,Emily Williams,emily.williams721@example.com,Charlotte,NC,2024-02-13,Affiliate Referral,Silver,4,578.11,144.53,2026-08-27 21:29:00,2024-10-22 21:42:00,4,5,4,2,542,542,Promising / Needs Attention,1490
CUST-01983,Layla Robinson,layla.robinson95@example.com,Dallas,TX,2026-03-17,Email Marketing,Standard,2,576.11,288.06,2026-08-10 02:28:00,2026-06-22 05:48:00,22,5,2,2,522,522,Promising / Needs Attention,1491
CUST-02447,Luke Campbell,luke.campbell990@example.com,Boston,MA,2024-06-11,Organic Search,Standard,1,574.98,574.98,2025-03-03 23:49:00,2025-03-03 23:49:00,546,2,1,2,212,212,Lost / Inactive,1492
CUST-01797,Aria Anderson,aria.anderson110@example.com,Houston,TX,2022-10-25,Social Media (Instagram/TikTok),Standard,2,574.06,287.03,2023-12-24 07:55:00,2023-05-22 22:39:00,982,1,2,2,122,122,Lost / Inactive,1493
CUST-01464,Amelia Sanchez,amelia.sanchez458@example.com,Portland,OR,2026-02-08,Organic Search,Silver,3,571.96,190.65,2026-08-23 14:13:00,2026-02-25 22:54:00,8,5,3,2,532,532,Promising / Needs Attention,1494
CUST-01160,Noah King,noah.king121@example.com,Atlanta,GA,2024-12-22,Organic Search,Silver,4,570.72,142.68,2026-06-10 16:38:00,2024-12-25 07:58:00,82,4,4,2,442,442,Promising / Needs Attention,1495
CUST-01252,Isabella White,isabella.white932@example.com,San Francisco,CA,2022-09-17,Organic Search,Silver,5,563.68,112.74,2025-05-09 21:54:00,2022-11-08 04:34:00,479,2,4,2,242,242,Promising / Needs Attention,1496
CUST-00882,Lucas Nelson,lucas.nelson364@example.com,Atlanta,GA,2023-10-06,Affiliate Referral,Silver,2,562.88,281.44,2025-07-09 15:08:00,2024-08-03 19:12:00,418,2,2,2,222,222,Lost / Inactive,1497
CUST-00358,Noah Rodriguez,noah.rodriguez78@example.com,San Diego,CA,2026-01-12,Social Media (Instagram/TikTok),Gold,4,561.71,140.43,2026-07-10 22:18:00,2026-05-16 22:59:00,52,4,4,2,442,442,Promising / Needs Attention,1498
CUST-01928,Lily Hernandez,lily.hernandez927@example.com,Atlanta,GA,2023-01-23,Email Marketing,Standard,1,561.0,561.0,2023-09-02 08:08:00,2023-09-02 08:08:00,1095,1,1,2,112,112,Lost / Inactive,1499
CUST-01993,Grayson Miller,grayson.miller551@example.com,Seattle,WA,2026-05-05,Affiliate Referral,Standard,1,559.98,559.98,2026-07-13 02:59:00,2026-07-13 02:59:00,50,4,1,2,412,412,New Recent Customers,1500
CUST-00270,Jayden Perez,jayden.perez171@example.com,Seattle,WA,2024-02-29,Social Media (Instagram/TikTok),Gold,5,558.42,111.68,2025-03-11 19:19:00,2024-06-21 15:09:00,538,2,4,2,242,242,Promising / Needs Attention,1501
CUST-00869,Luke Anderson,luke.anderson943@example.com,Minneapolis,MN,2026-05-14,Social Media (Instagram/TikTok),Silver,1,557.98,557.98,2026-08-23 14:08:00,2026-08-23 14:08:00,8,5,1,2,512,512,New Recent Customers,1502
CUST-00727,Eleanor Gonzalez,eleanor.gonzalez109@example.com,New York,NY,2023-07-29,Paid Search (Google),Gold,4,557.77,139.44,2025-03-29 10:26:00,2023-08-01 14:33:00,521,2,4,2,242,242,Promising / Needs Attention,1503
CUST-01836,John Lewis,john.lewis178@example.com,Dallas,TX,2023-07-30,Affiliate Referral,Standard,1,556.97,556.97,2023-12-04 18:44:00,2023-12-04 18:44:00,1001,1,1,2,112,112,Lost / Inactive,1504
CUST-02256,David Hall,david.hall637@example.com,Indianapolis,IN,2024-07-17,Social Media (Instagram/TikTok),Standard,2,555.68,277.84,2026-07-14 13:22:00,2025-01-22 04:28:00,48,4,2,2,422,422,Promising / Needs Attention,1505
CUST-02118,Mia Walker,mia.walker867@example.com,Charlotte,NC,2023-04-20,Organic Search,Standard,1,552.97,552.97,2024-03-18 07:52:00,2024-03-18 07:52:00,897,1,1,2,112,112,Lost / Inactive,1506
CUST-01226,Amelia Harris,amelia.harris65@example.com,Chicago,IL,2024-10-21,Email Marketing,Silver,3,550.04,183.35,2026-05-20 23:02:00,2025-02-05 12:07:00,103,4,3,2,432,432,Promising / Needs Attention,1507
CUST-01656,Mila Martin,mila.martin96@example.com,Los Angeles,CA,2025-06-05,Social Media (Instagram/TikTok),Standard,1,549.99,549.99,2026-08-12 08:38:00,2026-08-12 08:38:00,20,5,1,2,512,512,New Recent Customers,1508
CUST-01696,Owen Taylor,owen.taylor103@example.com,Houston,TX,2022-12-21,Affiliate Referral,Standard,1,549.98,549.98,2026-03-25 11:54:00,2026-03-25 11:54:00,160,3,1,2,312,312,Promising / Needs Attention,1509
CUST-01010,Samuel Young,samuel.young317@example.com,Dallas,TX,2025-07-26,Affiliate Referral,Silver,5,548.94,109.79,2026-07-29 15:37:00,2025-09-06 01:49:00,33,5,4,2,542,542,Promising / Needs Attention,1510
CUST-02188,Aiden Hall,aiden.hall645@example.com,Tampa,FL,2022-12-21,Organic Search,Standard,2,547.8,273.9,2025-07-17 10:39:00,2024-09-04 06:04:00,411,2,2,2,222,222,Lost / Inactive,1511
CUST-02291,Dylan Davis,dylan.davis56@example.com,Kansas City,MO,2022-07-06,Affiliate Referral,Standard,1,544.96,544.96,2022-07-12 17:41:00,2022-07-12 17:41:00,1511,1,1,2,112,112,Lost / Inactive,1512
CUST-00304,Aiden Taylor,aiden.taylor751@example.com,Tampa,FL,2026-02-04,Affiliate Referral,Gold,4,544.64,136.16,2026-05-28 03:20:00,2026-03-15 04:45:00,96,4,4,2,442,442,Promising / Needs Attention,1513
CUST-01426,Aria Young,aria.young78@example.com,Charlotte,NC,2024-06-10,Affiliate Referral,Silver,4,543.91,135.98,2026-02-21 14:15:00,2024-10-22 04:39:00,191,3,4,2,342,342,Promising / Needs Attention,1514
CUST-02092,Harper Johnson,harper.johnson854@example.com,Los Angeles,CA,2022-12-28,Affiliate Referral,Standard,1,542.48,542.48,2023-10-29 09:27:00,2023-10-29 09:27:00,1038,1,1,2,112,112,Lost / Inactive,1515
CUST-01375,Michael Baker,michael.baker92@example.com,Charlotte,NC,2024-04-18,Organic Search,Silver,3,542.06,180.69,2024-11-30 17:43:00,2024-04-22 16:10:00,639,1,3,2,132,132,Promising / Needs Attention,1516
CUST-01919,Jayden Hall,jayden.hall421@example.com,Raleigh,NC,2023-03-12,Organic Search,Standard,2,539.99,270.0,2026-04-15 16:31:00,2025-04-22 14:25:00,138,3,2,2,322,322,Promising / Needs Attention,1517
CUST-02493,Madison Thomas,madison.thomas688@example.com,Boston,MA,2023-01-24,Paid Search (Google),Standard,1,539.68,539.68,2023-02-03 13:36:00,2023-02-03 13:36:00,1305,1,1,2,112,112,Lost / Inactive,1518
CUST-01119,Victoria Hernandez,victoria.hernandez368@example.com,Charlotte,NC,2024-11-22,Affiliate Referral,Silver,4,538.94,134.74,2025-03-19 00:55:00,2025-01-26 11:02:00,531,2,4,2,242,242,Promising / Needs Attention,1519
CUST-02179,Nora Rodriguez,nora.rodriguez659@example.com,Atlanta,GA,2025-12-30,Affiliate Referral,Standard,1,538.38,538.38,2026-02-13 08:43:00,2026-02-13 08:43:00,200,3,1,2,312,312,Promising / Needs Attention,1520
CUST-01820,Emily Lee,emily.lee890@example.com,Boston,MA,2024-08-09,Paid Search (Google),Standard,1,537.98,537.98,2025-03-05 05:27:00,2025-03-05 05:27:00,545,2,1,2,212,212,Lost / Inactive,1521
CUST-02322,Evelyn King,evelyn.king462@example.com,Salt Lake City,UT,2024-03-03,Affiliate Referral,Standard,1,537.77,537.77,2024-07-20 07:58:00,2024-07-20 07:58:00,773,1,1,2,112,112,Lost / Inactive,1522
CUST-02332,Oliver Hall,oliver.hall219@example.com,Portland,OR,2023-03-23,Affiliate Referral,Standard,1,536.98,536.98,2026-07-17 22:53:00,2026-07-17 22:53:00,45,4,1,2,412,412,New Recent Customers,1523
CUST-02494,Lily Lee,lily.lee686@example.com,Houston,TX,2024-05-12,Email Marketing,Standard,1,535.96,535.96,2024-09-07 02:03:00,2024-09-07 02:03:00,724,1,1,2,112,112,Lost / Inactive,1524
CUST-01114,Mason Carter,mason.carter148@example.com,Miami,FL,2025-07-20,Paid Search (Google),Silver,2,534.98,267.49,2026-01-27 06:18:00,2025-10-09 02:21:00,217,3,2,2,322,322,Promising / Needs Attention,1525
CUST-02227,Emily Wilson,emily.wilson986@example.com,Raleigh,NC,2025-02-24,Email Marketing,Standard,1,534.98,534.98,2025-03-21 05:20:00,2025-03-21 05:20:00,529,2,1,2,212,212,Lost / Inactive,1525
CUST-02214,Elijah Young,elijah.young824@example.com,New York,NY,2024-09-25,Organic Search,Standard,3,534.26,178.09,2026-03-02 11:07:00,2025-07-21 00:16:00,183,3,3,2,332,332,Promising / Needs Attention,1526
CUST-00707,Daniel Nelson,daniel.nelson613@example.com,Kansas City,MO,2023-05-26,Email Marketing,Gold,4,533.94,133.49,2026-02-22 14:10:00,2023-09-07 09:01:00,190,3,4,2,342,342,Promising / Needs Attention,1527
CUST-02296,David King,david.king803@example.com,Las Vegas,NV,2025-10-03,Email Marketing,Standard,1,531.98,531.98,2025-10-03 12:07:00,2025-10-03 12:07:00,332,2,1,2,212,212,Lost / Inactive,1528
CUST-00831,Hannah Hernandez,hannah.hernandez86@example.com,Columbus,OH,2025-03-03,Social Media (Instagram/TikTok),Silver,3,531.85,177.28,2026-01-12 14:29:00,2025-07-16 16:26:00,231,3,3,2,332,332,Promising / Needs Attention,1529
CUST-01860,Jackson Miller,jackson.miller624@example.com,San Jose,CA,2025-12-14,Email Marketing,Standard,1,531.46,531.46,2026-01-25 11:15:00,2026-01-25 11:15:00,219,3,1,2,312,312,Promising / Needs Attention,1530
CUST-02071,Sebastian Brown,sebastian.brown667@example.com,San Diego,CA,2023-08-05,Affiliate Referral,Standard,2,529.88,264.94,2024-12-03 21:51:00,2024-07-31 10:55:00,636,1,2,2,122,122,Lost / Inactive,1531
CUST-00813,Mia Campbell,mia.campbell750@example.com,Houston,TX,2023-11-07,Paid Search (Google),Silver,2,528.45,264.23,2026-08-10 18:49:00,2024-02-17 17:05:00,21,5,2,2,522,522,Promising / Needs Attention,1532
CUST-00596,Elijah Rodriguez,elijah.rodriguez995@example.com,Columbus,OH,2024-09-20,Organic Search,Gold,6,527.63,87.94,2025-03-22 19:33:00,2024-12-17 20:06:00,527,2,5,2,252,252,Promising / Needs Attention,1533
CUST-01012,Ella Taylor,ella.taylor497@example.com,Kansas City,MO,2025-12-11,Organic Search,Silver,2,527.61,263.81,2026-07-09 10:28:00,2026-04-28 00:59:00,54,4,2,2,422,422,Promising / Needs Attention,1534
CUST-01647,Luke Martinez,luke.martinez798@example.com,New York,NY,2025-04-25,Organic Search,Standard,1,527.48,527.48,2025-09-27 03:21:00,2025-09-27 03:21:00,339,2,1,2,212,212,Lost / Inactive,1535
CUST-01803,Abigail Sanchez,abigail.sanchez243@example.com,San Diego,CA,2023-08-04,Email Marketing,Standard,1,524.97,524.97,2024-01-24 13:10:00,2024-01-24 13:10:00,950,1,1,2,112,112,Lost / Inactive,1536
CUST-01384,Scarlett Lewis,scarlett.lewis645@example.com,Seattle,WA,2026-03-10,Organic Search,Silver,2,524.37,262.19,2026-07-06 14:29:00,2026-04-29 11:38:00,56,4,2,2,422,422,Promising / Needs Attention,1537
CUST-01042,Sebastian Jackson,sebastian.jackson674@example.com,Raleigh,NC,2025-05-25,Social Media (Instagram/TikTok),Silver,4,524.02,131.0,2026-07-23 17:57:00,2025-10-23 09:36:00,39,5,4,2,542,542,Promising / Needs Attention,1538
CUST-00346,Jackson Williams,jackson.williams781@example.com,Minneapolis,MN,2023-06-27,Social Media (Instagram/TikTok),Gold,4,523.94,130.98,2026-06-10 17:53:00,2024-03-18 10:34:00,82,4,4,2,442,442,Promising / Needs Attention,1539
CUST-02178,Lucas Baker,lucas.baker426@example.com,Dallas,TX,2025-05-02,Organic Search,Standard,1,519.98,519.98,2026-05-25 18:26:00,2026-05-25 18:26:00,98,4,1,2,412,412,New Recent Customers,1540
CUST-00955,Benjamin Jackson,benjamin.jackson622@example.com,San Francisco,CA,2024-09-14,Social Media (Instagram/TikTok),Silver,1,518.26,518.26,2025-01-24 05:52:00,2025-01-24 05:52:00,585,1,1,2,112,112,Lost / Inactive,1541
CUST-00958,Samuel Clark,samuel.clark380@example.com,Houston,TX,2023-04-13,Email Marketing,Silver,3,517.55,172.52,2024-09-02 19:12:00,2023-10-17 12:21:00,728,1,3,2,132,132,Promising / Needs Attention,1542
CUST-00518,Elijah King,elijah.king951@example.com,Los Angeles,CA,2023-09-14,Paid Search (Google),Gold,5,516.98,103.4,2025-03-14 10:07:00,2023-11-07 03:00:00,536,2,4,2,242,242,Promising / Needs Attention,1543
CUST-01453,Emma King,emma.king232@example.com,Salt Lake City,UT,2023-06-28,Social Media (Instagram/TikTok),Silver,4,514.12,128.53,2025-03-04 06:52:00,2024-02-08 10:36:00,546,2,4,2,242,242,Promising / Needs Attention,1544
CUST-00325,Olivia Clark,olivia.clark64@example.com,Denver,CO,2025-03-25,Social Media (Instagram/TikTok),Gold,7,513.98,73.43,2026-07-22 01:19:00,2025-06-05 11:59:00,41,4,5,2,452,452,Promising / Needs Attention,1545
CUST-01499,Ella Jackson,ella.jackson281@example.com,Los Angeles,CA,2024-01-30,Affiliate Referral,Silver,4,513.04,128.26,2026-01-31 15:50:00,2025-02-27 12:16:00,212,3,4,2,342,342,Promising / Needs Attention,1546
CUST-00785,Logan Lee,logan.lee893@example.com,Salt Lake City,UT,2023-06-05,Organic Search,Silver,3,511.65,170.55,2024-09-12 03:20:00,2024-08-13 01:27:00,719,1,3,2,132,132,Promising / Needs Attention,1547
CUST-01261,Jack Flores,jack.flores194@example.com,Atlanta,GA,2025-04-09,Email Marketing,Silver,4,510.93,127.73,2026-07-28 05:18:00,2025-09-14 00:28:00,35,5,4,2,542,542,Promising / Needs Attention,1548
CUST-01777,Henry White,henry.white838@example.com,Seattle,WA,2026-02-13,Paid Search (Google),Standard,2,510.59,255.3,2026-08-20 19:18:00,2026-03-10 04:26:00,11,5,2,2,522,522,Promising / Needs Attention,1549
CUST-02351,Luna Robinson,luna.robinson742@example.com,Tampa,FL,2023-03-14,Social Media (Instagram/TikTok),Standard,1,509.99,509.99,2023-05-15 07:01:00,2023-05-15 07:01:00,1205,1,1,2,112,112,Lost / Inactive,1550
CUST-01905,Aiden Campbell,aiden.campbell451@example.com,Philadelphia,PA,2023-05-28,Social Media (Instagram/TikTok),Standard,1,509.47,509.47,2024-02-10 09:30:00,2024-02-10 09:30:00,934,1,1,2,112,112,Lost / Inactive,1551
CUST-01964,Daniel Johnson,daniel.johnson610@example.com,Nashville,TN,2025-08-16,Email Marketing,Standard,1,507.47,507.47,2026-05-28 12:15:00,2026-05-28 12:15:00,95,4,1,2,412,412,New Recent Customers,1552
CUST-01639,Luke Carter,luke.carter528@example.com,Miami,FL,2022-12-21,Paid Search (Google),Standard,2,506.92,253.46,2025-01-01 00:59:00,2023-09-09 23:41:00,608,1,2,2,122,122,Lost / Inactive,1553
CUST-01183,Matthew Perez,matthew.perez952@example.com,Chicago,IL,2022-09-09,Organic Search,Silver,3,504.19,168.06,2024-03-09 11:01:00,2022-11-17 19:08:00,906,1,3,2,132,132,Promising / Needs Attention,1554
CUST-01634,Luna Thompson,luna.thompson797@example.com,Los Angeles,CA,2025-07-15,Social Media (Instagram/TikTok),Standard,1,503.37,503.37,2025-11-03 22:01:00,2025-11-03 22:01:00,301,3,1,2,312,312,Promising / Needs Attention,1555
CUST-02025,Luke Nelson,luke.nelson869@example.com,Atlanta,GA,2023-04-28,Paid Search (Google),Standard,2,502.46,251.23,2025-07-19 12:56:00,2025-05-26 20:12:00,408,2,2,2,222,222,Lost / Inactive,1556
CUST-00947,Owen Harris,owen.harris145@example.com,Houston,TX,2022-07-04,Paid Search (Google),Silver,2,500.98,250.49,2025-04-05 14:29:00,2025-02-09 08:31:00,513,2,2,2,222,222,Lost / Inactive,1557
CUST-01182,Noah Martinez,noah.martinez884@example.com,Los Angeles,CA,2026-02-26,Affiliate Referral,Silver,1,500.73,500.73,2026-08-08 07:48:00,2026-08-08 07:48:00,24,5,1,2,512,512,New Recent Customers,1558
CUST-01744,Jackson Thomas,jackson.thomas120@example.com,Miami,FL,2023-10-02,Social Media (Instagram/TikTok),Standard,2,499.95,249.98,2024-10-17 01:28:00,2024-04-27 06:32:00,684,1,2,2,122,122,Lost / Inactive,1559
CUST-01799,Jackson Martin,jackson.martin773@example.com,Kansas City,MO,2026-03-31,Social Media (Instagram/TikTok),Standard,1,499.79,499.79,2026-07-10 20:03:00,2026-07-10 20:03:00,52,4,1,2,412,412,New Recent Customers,1560
CUST-00995,Eleanor White,eleanor.white645@example.com,San Jose,CA,2025-03-05,Affiliate Referral,Silver,4,498.42,124.6,2026-05-26 16:08:00,2025-11-22 11:19:00,97,4,4,2,442,442,Promising / Needs Attention,1561
CUST-01465,Harper Martinez,harper.martinez414@example.com,Denver,CO,2026-04-24,Affiliate Referral,Silver,3,497.95,165.98,2026-07-20 11:06:00,2026-05-17 09:28:00,43,4,3,2,432,432,Promising / Needs Attention,1562
CUST-00912,Abigail Torres,abigail.torres590@example.com,Seattle,WA,2024-03-09,Email Marketing,Silver,4,497.93,124.48,2025-03-04 12:54:00,2024-05-21 15:59:00,545,2,4,2,242,242,Promising / Needs Attention,1563
CUST-00974,Henry Adams,henry.adams10@example.com,Philadelphia,PA,2022-11-25,Social Media (Instagram/TikTok),Silver,3,497.6,165.87,2025-09-04 06:00:00,2023-08-28 10:09:00,362,2,3,2,232,232,Promising / Needs Attention,1564
CUST-01172,Alexander Harris,alexander.harris573@example.com,Denver,CO,2022-08-29,Paid Search (Google),Silver,2,497.44,248.72,2025-01-28 13:59:00,2022-10-17 23:03:00,580,1,2,2,122,122,Lost / Inactive,1565
CUST-02226,Wyatt Miller,wyatt.miller607@example.com,Indianapolis,IN,2025-09-16,Social Media (Instagram/TikTok),Standard,3,495.65,165.22,2026-04-26 03:49:00,2025-12-18 05:49:00,128,3,3,2,332,332,Promising / Needs Attention,1566
CUST-02367,Michael Williams,michael.williams839@example.com,Phoenix,AZ,2022-06-11,Social Media (Instagram/TikTok),Standard,1,495.15,495.15,2024-04-23 23:40:00,2024-04-23 23:40:00,860,1,1,2,112,112,Lost / Inactive,1567
CUST-01351,Madison Clark,madison.clark213@example.com,Raleigh,NC,2026-03-18,Social Media (Instagram/TikTok),Silver,2,494.97,247.49,2026-08-30 14:16:00,2026-07-30 18:56:00,1,5,2,2,522,522,Promising / Needs Attention,1568
CUST-01984,Logan Wright,logan.wright218@example.com,Chicago,IL,2025-12-11,Social Media (Instagram/TikTok),Standard,3,494.73,164.91,2026-06-04 17:14:00,2026-02-01 01:04:00,88,4,3,2,432,432,Promising / Needs Attention,1569
CUST-02154,Luke White,luke.white534@example.com,Tampa,FL,2025-12-01,Social Media (Instagram/TikTok),Standard,2,493.46,246.73,2026-03-11 23:00:00,2026-01-21 11:45:00,173,3,2,2,322,322,Promising / Needs Attention,1570
CUST-02411,Joseph Johnson,joseph.johnson941@example.com,Charlotte,NC,2024-04-19,Social Media (Instagram/TikTok),Standard,1,490.95,490.95,2024-07-24 23:20:00,2024-07-24 23:20:00,768,1,1,2,112,112,Lost / Inactive,1571
CUST-01401,Olivia Sanchez,olivia.sanchez963@example.com,Miami,FL,2023-03-25,Email Marketing,Silver,3,490.67,163.56,2026-07-28 00:45:00,2023-06-29 13:52:00,35,5,3,2,532,532,Promising / Needs Attention,1572
CUST-01544,Owen Torres,owen.torres239@example.com,New York,NY,2022-07-18,Affiliate Referral,Standard,1,487.98,487.98,2025-09-08 04:13:00,2025-09-08 04:13:00,358,2,1,2,212,212,Lost / Inactive,1573
CUST-01749,Matthew Flores,matthew.flores651@example.com,Boston,MA,2022-10-13,Organic Search,Standard,1,487.96,487.96,2022-10-13 07:38:00,2022-10-13 07:38:00,1419,1,1,2,112,112,Lost / Inactive,1574
CUST-01248,Penelope Flores,penelope.flores601@example.com,Atlanta,GA,2023-07-06,Paid Search (Google),Silver,4,487.37,121.84,2024-12-05 09:34:00,2023-10-26 08:17:00,635,1,4,2,142,142,Promising / Needs Attention,1575
CUST-00428,Mila Wright,mila.wright287@example.com,San Francisco,CA,2026-04-26,Social Media (Instagram/TikTok),Gold,3,486.2,162.07,2026-08-13 08:48:00,2026-06-03 04:33:00,19,5,3,2,532,532,Promising / Needs Attention,1576
CUST-00275,Grayson King,grayson.king693@example.com,Austin,TX,2022-09-02,Paid Search (Google),Gold,3,486.07,162.02,2023-12-26 19:34:00,2022-10-26 07:45:00,979,1,3,2,132,132,Promising / Needs Attention,1577
CUST-01433,Jacob Roberts,jacob.roberts653@example.com,Philadelphia,PA,2022-12-11,Affiliate Referral,Silver,3,485.45,161.82,2026-03-27 00:10:00,2024-12-12 18:39:00,158,3,3,2,332,332,Promising / Needs Attention,1578
CUST-02219,James Hernandez,james.hernandez544@example.com,Raleigh,NC,2023-11-04,Organic Search,Standard,2,484.96,242.48,2025-12-17 23:38:00,2024-02-26 08:00:00,257,3,2,2,322,322,Promising / Needs Attention,1579
CUST-01175,Victoria Martin,victoria.martin757@example.com,Columbus,OH,2024-11-30,Social Media (Instagram/TikTok),Silver,4,483.95,120.99,2025-12-22 16:27:00,2025-01-31 01:17:00,252,3,4,2,342,342,Promising / Needs Attention,1580
CUST-01232,Camila White,camila.white411@example.com,Philadelphia,PA,2026-05-03,Social Media (Instagram/TikTok),Silver,2,483.63,241.81,2026-08-31 16:37:00,2026-07-17 14:00:00,0,5,2,2,522,522,Promising / Needs Attention,1581
CUST-01608,Wyatt Martin,wyatt.martin99@example.com,Phoenix,AZ,2023-03-04,Organic Search,Standard,2,482.97,241.49,2025-12-14 05:16:00,2024-11-23 17:54:00,261,3,2,2,322,322,Promising / Needs Attention,1582
CUST-02097,Aiden Thompson,aiden.thompson88@example.com,Charlotte,NC,2024-04-14,Organic Search,Standard,1,482.94,482.94,2025-06-06 18:47:00,2025-06-06 18:47:00,451,2,1,2,212,212,Lost / Inactive,1583
CUST-02085,Emma Hill,emma.hill112@example.com,Denver,CO,2024-07-26,Organic Search,Standard,2,482.45,241.23,2026-08-21 10:55:00,2025-12-10 16:20:00,11,5,2,2,522,522,Promising / Needs Attention,1584
CUST-00805,Riley Nelson,riley.nelson113@example.com,Las Vegas,NV,2025-05-01,Social Media (Instagram/TikTok),Silver,4,482.05,120.51,2026-04-02 07:06:00,2025-06-12 12:10:00,152,3,4,2,342,342,Promising / Needs Attention,1585
CUST-01606,Emma Hernandez,emma.hernandez681@example.com,Miami,FL,2024-12-29,Email Marketing,Standard,2,480.96,240.48,2025-04-16 05:05:00,2025-01-30 15:46:00,503,2,2,2,222,222,Lost / Inactive,1586
CUST-00989,Ethan Walker,ethan.walker331@example.com,Seattle,WA,2023-08-22,Affiliate Referral,Silver,2,480.24,240.12,2026-01-13 23:04:00,2025-09-05 10:09:00,230,3,2,2,322,322,Promising / Needs Attention,1587
CUST-02370,Hannah Gonzalez,hannah.gonzalez862@example.com,San Antonio,TX,2025-08-12,Email Marketing,Standard,2,478.47,239.24,2026-06-06 23:51:00,2025-10-09 10:50:00,86,4,2,2,422,422,Promising / Needs Attention,1588
CUST-01373,Mia Harris,mia.harris924@example.com,Salt Lake City,UT,2024-04-12,Affiliate Referral,Silver,3,477.87,159.29,2025-06-06 12:46:00,2024-10-08 21:46:00,451,2,3,2,232,232,Promising / Needs Attention,1589
CUST-02386,Zoey Walker,zoey.walker320@example.com,Indianapolis,IN,2023-09-10,Organic Search,Standard,1,477.48,477.48,2025-03-25 12:29:00,2025-03-25 12:29:00,524,2,1,2,212,212,Lost / Inactive,1590
CUST-02420,Jackson Adams,jackson.adams839@example.com,Columbus,OH,2025-10-28,Organic Search,Standard,2,475.02,237.51,2026-08-02 21:45:00,2026-06-01 00:08:00,29,5,2,2,522,522,Promising / Needs Attention,1591
CUST-01989,John Jones,john.jones347@example.com,Minneapolis,MN,2022-11-30,Social Media (Instagram/TikTok),Standard,1,472.09,472.09,2026-02-03 22:52:00,2026-02-03 22:52:00,209,3,1,2,312,312,Promising / Needs Attention,1592
CUST-01699,Isabella Flores,isabella.flores994@example.com,San Jose,CA,2023-06-07,Organic Search,Standard,3,471.16,157.05,2026-01-04 14:21:00,2024-03-14 22:38:00,239,3,3,2,332,332,Promising / Needs Attention,1593
CUST-01243,Elijah Lewis,elijah.lewis190@example.com,Austin,TX,2024-09-09,Organic Search,Silver,2,471.15,235.57,2025-03-14 20:14:00,2025-02-18 14:52:00,535,2,2,2,222,222,Lost / Inactive,1594
CUST-01333,David Jones,david.jones133@example.com,Dallas,TX,2023-03-17,Email Marketing,Silver,2,470.03,235.02,2024-09-25 19:22:00,2024-01-17 20:41:00,705,1,2,2,122,122,Lost / Inactive,1595
CUST-01112,Mason Perez,mason.perez94@example.com,Miami,FL,2025-08-14,Organic Search,Silver,4,468.83,117.21,2026-07-30 22:39:00,2025-10-11 23:39:00,32,5,4,2,542,542,Promising / Needs Attention,1596
CUST-00482,Samuel Hall,samuel.hall436@example.com,Boston,MA,2023-04-02,Social Media (Instagram/TikTok),Gold,4,467.74,116.94,2026-08-27 16:59:00,2025-12-16 08:11:00,4,5,4,2,542,542,Promising / Needs Attention,1597
CUST-02309,Emma Robinson,emma.robinson51@example.com,San Antonio,TX,2024-01-01,Affiliate Referral,Standard,2,465.97,232.99,2025-09-01 16:40:00,2024-03-08 01:12:00,364,2,2,2,222,222,Lost / Inactive,1598
CUST-01106,Zoey Clark,zoey.clark962@example.com,Tampa,FL,2023-02-02,Paid Search (Google),Silver,5,465.4,93.08,2025-02-28 11:04:00,2023-07-31 05:30:00,550,2,4,2,242,242,Promising / Needs Attention,1599
CUST-02134,Jacob Scott,jacob.scott216@example.com,Minneapolis,MN,2022-08-06,Paid Search (Google),Standard,3,465.16,155.05,2024-11-12 14:44:00,2023-02-04 22:23:00,657,1,3,2,132,132,Promising / Needs Attention,1600
CUST-01412,Chloe Harris,chloe.harris391@example.com,New York,NY,2024-01-04,Social Media (Instagram/TikTok),Silver,2,464.97,232.49,2025-04-01 23:48:00,2025-02-26 00:42:00,517,2,2,2,222,222,Lost / Inactive,1601
CUST-01334,Emily Hall,emily.hall388@example.com,San Francisco,CA,2023-05-04,Email Marketing,Silver,3,463.96,154.65,2026-07-18 14:07:00,2025-01-10 02:02:00,44,4,3,2,432,432,Promising / Needs Attention,1602
CUST-01364,Madison Ramirez,madison.ramirez603@example.com,San Diego,CA,2025-09-24,Paid Search (Google),Silver,4,463.71,115.93,2026-07-12 22:17:00,2025-12-09 19:40:00,50,4,4,2,442,442,Promising / Needs Attention,1603
CUST-02096,Lucas Young,lucas.young183@example.com,Houston,TX,2023-09-03,Organic Search,Standard,1,463.48,463.48,2025-08-23 15:25:00,2025-08-23 15:25:00,373,2,1,2,212,212,Lost / Inactive,1604
CUST-02431,Sophia Hill,sophia.hill250@example.com,Seattle,WA,2023-01-10,Organic Search,Standard,2,462.57,231.29,2025-02-16 03:13:00,2025-01-20 03:11:00,562,2,2,2,222,222,Lost / Inactive,1605
CUST-01785,Chloe Young,chloe.young541@example.com,Atlanta,GA,2023-06-02,Social Media (Instagram/TikTok),Standard,2,461.27,230.63,2025-07-15 06:52:00,2024-09-17 05:26:00,413,2,2,2,222,222,Lost / Inactive,1606
CUST-02162,Zoey Gonzalez,zoey.gonzalez421@example.com,San Jose,CA,2022-10-11,Social Media (Instagram/TikTok),Standard,1,459.96,459.96,2024-02-28 16:08:00,2024-02-28 16:08:00,915,1,1,2,112,112,Lost / Inactive,1607
CUST-01289,Zoey Flores,zoey.flores950@example.com,Minneapolis,MN,2023-12-11,Social Media (Instagram/TikTok),Silver,4,458.98,114.74,2026-01-17 15:46:00,2024-02-12 15:50:00,226,3,4,2,342,342,Promising / Needs Attention,1608
CUST-02131,Jacob Moore,jacob.moore121@example.com,Houston,TX,2022-11-07,Social Media (Instagram/TikTok),Standard,1,454.99,454.99,2024-06-22 12:28:00,2024-06-22 12:28:00,800,1,1,2,112,112,Lost / Inactive,1609
CUST-02171,Elizabeth Brown,elizabeth.brown104@example.com,Boston,MA,2024-05-01,Social Media (Instagram/TikTok),Standard,3,454.99,151.66,2026-05-12 23:44:00,2024-10-08 19:15:00,111,4,3,2,432,432,Promising / Needs Attention,1609
CUST-01753,Elijah Perez,elijah.perez676@example.com,Las Vegas,NV,2022-07-24,Email Marketing,Standard,3,454.09,151.36,2025-02-16 04:21:00,2023-12-13 21:19:00,562,2,3,2,232,232,Promising / Needs Attention,1610
CUST-01264,Sebastian Clark,sebastian.clark958@example.com,San Francisco,CA,2025-08-24,Social Media (Instagram/TikTok),Silver,3,454.07,151.36,2026-07-30 22:25:00,2025-12-28 16:27:00,32,5,3,2,532,532,Promising / Needs Attention,1611
CUST-00943,Benjamin Wilson,benjamin.wilson469@example.com,Charlotte,NC,2025-01-21,Email Marketing,Silver,1,453.61,453.61,2025-03-07 09:18:00,2025-03-07 09:18:00,543,2,1,2,212,212,Lost / Inactive,1612
CUST-01565,Carter Ramirez,carter.ramirez299@example.com,Dallas,TX,2025-11-07,Social Media (Instagram/TikTok),Standard,2,452.97,226.49,2026-08-02 21:06:00,2025-12-14 02:22:00,29,5,2,2,522,522,Promising / Needs Attention,1613
CUST-00826,William Taylor,william.taylor680@example.com,San Jose,CA,2022-06-26,Affiliate Referral,Silver,3,452.96,150.99,2025-02-09 19:42:00,2023-08-07 13:41:00,568,2,3,2,232,232,Promising / Needs Attention,1614
CUST-01514,Mila Hernandez,mila.hernandez289@example.com,Phoenix,AZ,2022-07-30,Social Media (Instagram/TikTok),Standard,2,452.95,226.47,2025-03-23 21:47:00,2024-02-27 18:08:00,526,2,2,2,222,222,Lost / Inactive,1615
CUST-02429,Samuel Williams,samuel.williams576@example.com,Salt Lake City,UT,2023-09-10,Organic Search,Standard,2,451.16,225.58,2024-02-25 05:02:00,2023-11-21 08:51:00,919,1,2,2,122,122,Lost / Inactive,1616
CUST-01067,Grace Campbell,grace.campbell147@example.com,Dallas,TX,2022-08-20,Email Marketing,Silver,4,450.92,112.73,2026-07-24 23:43:00,2022-10-18 02:13:00,38,5,4,2,542,542,Promising / Needs Attention,1617
CUST-01685,Nora Nelson,nora.nelson469@example.com,Phoenix,AZ,2024-03-28,Organic Search,Standard,1,449.99,449.99,2026-01-10 02:48:00,2026-01-10 02:48:00,234,3,1,2,312,312,Promising / Needs Attention,1618
CUST-02433,Madison Torres,madison.torres390@example.com,Kansas City,MO,2026-03-26,Email Marketing,Standard,1,449.99,449.99,2026-07-12 21:19:00,2026-07-12 21:19:00,50,4,1,2,412,412,New Recent Customers,1618
CUST-01522,Penelope Mitchell,penelope.mitchell771@example.com,San Diego,CA,2024-10-14,Paid Search (Google),Standard,1,449.97,449.97,2025-02-20 20:33:00,2025-02-20 20:33:00,557,2,1,2,212,212,Lost / Inactive,1619
CUST-00815,Ethan Williams,ethan.williams882@example.com,Austin,TX,2024-06-07,Social Media (Instagram/TikTok),Silver,2,449.43,224.72,2025-08-31 06:16:00,2024-11-16 04:51:00,366,2,2,2,222,222,Lost / Inactive,1620
CUST-02443,Dylan Nelson,dylan.nelson547@example.com,Portland,OR,2024-11-20,Social Media (Instagram/TikTok),Standard,3,449.22,149.74,2026-05-10 16:23:00,2025-11-30 15:29:00,113,4,3,2,432,432,Promising / Needs Attention,1621
CUST-01421,Grayson Williams,grayson.williams852@example.com,Kansas City,MO,2024-02-09,Affiliate Referral,Silver,2,447.47,223.74,2024-06-17 20:55:00,2024-06-11 08:17:00,805,1,2,2,122,122,Lost / Inactive,1622
CUST-02489,Eleanor King,eleanor.king682@example.com,Philadelphia,PA,2024-02-05,Paid Search (Google),Standard,1,447.47,447.47,2024-10-15 20:01:00,2024-10-15 20:01:00,685,1,1,2,112,112,Lost / Inactive,1622
CUST-01332,Madison Wilson,madison.wilson792@example.com,Los Angeles,CA,2025-09-27,Paid Search (Google),Silver,4,447.18,111.8,2026-04-09 01:15:00,2025-10-09 13:58:00,145,3,4,2,342,342,Promising / Needs Attention,1623
CUST-01100,Evelyn Taylor,evelyn.taylor385@example.com,Nashville,TN,2023-10-25,Paid Search (Google),Silver,2,446.62,223.31,2025-04-10 09:50:00,2024-09-01 07:35:00,509,2,2,2,222,222,Lost / Inactive,1624
CUST-01218,Victoria Johnson,victoria.johnson601@example.com,Columbus,OH,2024-03-01,Paid Search (Google),Silver,3,446.46,148.82,2026-05-20 14:07:00,2025-03-02 08:38:00,103,4,3,2,432,432,Promising / Needs Attention,1625
CUST-00951,Zoey King,zoey.king440@example.com,Seattle,WA,2022-08-28,Affiliate Referral,Silver,4,444.18,111.05,2026-06-23 15:26:00,2022-11-20 13:33:00,69,4,4,2,442,442,Promising / Needs Attention,1626
CUST-00623,Sofia Moore,sofia.moore670@example.com,Chicago,IL,2023-10-22,Affiliate Referral,Gold,5,441.65,88.33,2026-01-27 23:52:00,2023-12-28 06:21:00,216,3,4,2,342,342,Promising / Needs Attention,1627
CUST-00420,Luna Wright,luna.wright372@example.com,Las Vegas,NV,2026-03-26,Social Media (Instagram/TikTok),Gold,4,439.44,109.86,2026-08-06 15:25:00,2026-05-27 13:46:00,25,5,4,2,542,542,Promising / Needs Attention,1628
CUST-01784,William Hernandez,william.hernandez530@example.com,Denver,CO,2026-01-12,Affiliate Referral,Standard,2,438.37,219.19,2026-04-20 20:10:00,2026-01-30 23:47:00,133,3,2,2,322,322,Promising / Needs Attention,1629
CUST-01059,Henry Green,henry.green454@example.com,San Jose,CA,2022-07-01,Paid Search (Google),Silver,2,437.28,218.64,2026-05-28 01:55:00,2026-05-15 10:09:00,96,4,2,2,422,422,Promising / Needs Attention,1630
CUST-00898,Charlotte Jackson,charlotte.jackson793@example.com,Atlanta,GA,2024-07-21,Email Marketing,Silver,2,436.71,218.36,2025-03-02 01:51:00,2024-10-29 21:36:00,548,2,2,2,222,222,Lost / Inactive,1631
CUST-01488,Elijah Ramirez,elijah.ramirez363@example.com,Seattle,WA,2024-09-21,Social Media (Instagram/TikTok),Silver,2,436.46,218.23,2025-03-20 22:17:00,2024-12-06 16:29:00,529,2,2,2,222,222,Lost / Inactive,1632
CUST-02281,Henry Jones,henry.jones554@example.com,Houston,TX,2023-12-17,Paid Search (Google),Standard,2,435.0,217.5,2024-11-17 04:02:00,2024-09-04 20:13:00,653,1,2,2,122,122,Lost / Inactive,1633
CUST-01692,Aria Wilson,aria.wilson261@example.com,Kansas City,MO,2026-05-16,Affiliate Referral,Standard,2,433.18,216.59,2026-07-21 05:43:00,2026-05-17 06:51:00,42,4,2,2,422,422,Promising / Needs Attention,1634
CUST-01276,Aria Taylor,aria.taylor145@example.com,Charlotte,NC,2023-12-28,Social Media (Instagram/TikTok),Silver,3,432.95,144.32,2026-02-20 04:42:00,2024-08-04 08:59:00,193,3,3,2,332,332,Promising / Needs Attention,1635
CUST-01006,Elizabeth Torres,elizabeth.torres144@example.com,Nashville,TN,2026-04-05,Paid Search (Google),Silver,3,432.94,144.31,2026-08-10 16:47:00,2026-06-30 08:22:00,21,5,3,2,532,532,Promising / Needs Attention,1636
CUST-01200,James Davis,james.davis712@example.com,San Jose,CA,2024-04-30,Email Marketing,Silver,4,427.77,106.94,2026-05-08 13:45:00,2024-07-14 22:44:00,115,4,4,2,442,442,Promising / Needs Attention,1637
CUST-01547,Abigail Garcia,abigail.garcia991@example.com,Seattle,WA,2023-05-15,Affiliate Referral,Standard,1,427.49,427.49,2024-08-05 11:05:00,2024-08-05 11:05:00,757,1,1,2,112,112,Lost / Inactive,1638
CUST-02267,Abigail Allen,abigail.allen118@example.com,Phoenix,AZ,2023-08-23,Social Media (Instagram/TikTok),Standard,1,427.49,427.49,2026-07-03 00:45:00,2026-07-03 00:45:00,60,4,1,2,412,412,New Recent Customers,1638
CUST-02035,Benjamin Carter,benjamin.carter449@example.com,San Diego,CA,2025-11-16,Paid Search (Google),Standard,2,427.09,213.55,2026-08-22 07:11:00,2026-03-05 14:15:00,10,5,2,2,522,522,Promising / Needs Attention,1639
CUST-02486,James Ramirez,james.ramirez78@example.com,Miami,FL,2025-07-17,Affiliate Referral,Standard,2,426.45,213.23,2026-08-26 15:24:00,2026-07-06 13:50:00,5,5,2,2,522,522,Promising / Needs Attention,1640
CUST-01420,Evelyn Gonzalez,evelyn.gonzalez200@example.com,Kansas City,MO,2024-07-21,Social Media (Instagram/TikTok),Silver,3,426.26,142.09,2025-01-22 16:30:00,2024-09-22 09:04:00,586,1,3,2,132,132,Promising / Needs Attention,1641
CUST-02312,Evelyn Thompson,evelyn.thompson909@example.com,Austin,TX,2025-03-25,Affiliate Referral,Standard,2,425.95,212.98,2025-04-01 08:44:00,2025-03-26 15:31:00,518,2,2,2,222,222,Lost / Inactive,1642
CUST-01698,Abigail Martin,abigail.martin985@example.com,Boston,MA,2026-03-21,Paid Search (Google),Standard,2,424.34,212.17,2026-04-07 00:27:00,2026-04-04 08:01:00,147,3,2,2,322,322,Promising / Needs Attention,1643
CUST-02462,Benjamin Martinez,benjamin.martinez927@example.com,New York,NY,2025-09-28,Affiliate Referral,Standard,2,422.96,211.48,2026-01-01 05:37:00,2025-12-15 19:31:00,243,3,2,2,322,322,Promising / Needs Attention,1644
CUST-01194,Hannah Young,hannah.young837@example.com,Philadelphia,PA,2025-10-31,Paid Search (Google),Silver,4,422.1,105.53,2026-07-20 09:39:00,2026-03-01 18:04:00,43,4,4,2,442,442,Promising / Needs Attention,1645
CUST-01489,Isabella Nelson,isabella.nelson260@example.com,San Diego,CA,2023-09-24,Social Media (Instagram/TikTok),Silver,3,420.1,140.03,2025-01-08 06:05:00,2024-01-20 09:10:00,601,1,3,2,132,132,Promising / Needs Attention,1646
CUST-02050,Matthew Davis,matthew.davis109@example.com,Las Vegas,NV,2022-06-28,Affiliate Referral,Standard,2,419.45,209.73,2024-11-14 04:24:00,2024-01-15 20:20:00,656,1,2,2,122,122,Lost / Inactive,1647
CUST-01911,William Perez,william.perez40@example.com,Nashville,TN,2023-09-24,Email Marketing,Standard,2,418.96,209.48,2025-12-09 12:37:00,2025-04-05 19:30:00,265,3,2,2,322,322,Promising / Needs Attention,1648
CUST-01898,Wyatt Rivera,wyatt.rivera610@example.com,Chicago,IL,2025-04-27,Paid Search (Google),Standard,2,418.11,209.06,2026-04-23 05:43:00,2025-11-05 02:34:00,131,3,2,2,322,322,Promising / Needs Attention,1649
CUST-00963,Joseph Roberts,joseph.roberts732@example.com,Denver,CO,2023-03-10,Organic Search,Silver,4,417.98,104.5,2024-07-30 02:32:00,2023-09-01 18:56:00,763,1,4,2,142,142,Promising / Needs Attention,1650
CUST-02180,Elijah Williams,elijah.williams233@example.com,Raleigh,NC,2023-06-20,Email Marketing,Standard,1,417.96,417.96,2024-10-17 16:30:00,2024-10-17 16:30:00,683,1,1,2,112,112,Lost / Inactive,1651
CUST-01403,David Adams,david.adams732@example.com,Austin,TX,2025-01-26,Social Media (Instagram/TikTok),Silver,2,416.97,208.49,2025-10-24 16:56:00,2025-10-05 17:11:00,311,2,2,2,222,222,Lost / Inactive,1652
CUST-01313,Grace Perez,grace.perez708@example.com,Austin,TX,2024-08-29,Organic Search,Silver,3,416.95,138.98,2025-01-28 05:40:00,2024-11-10 06:39:00,581,1,3,2,132,132,Promising / Needs Attention,1653
CUST-01479,Nora Lee,nora.lee883@example.com,Denver,CO,2024-11-23,Email Marketing,Silver,4,414.93,103.73,2025-01-09 07:37:00,2024-12-03 15:00:00,600,1,4,2,142,142,Promising / Needs Attention,1654
CUST-00677,Emma Brown,emma.brown860@example.com,Columbus,OH,2023-08-30,Paid Search (Google),Gold,5,410.92,82.18,2026-01-18 07:37:00,2023-11-02 01:24:00,226,3,4,2,342,342,Promising / Needs Attention,1655
CUST-02454,Jayden Smith,jayden.smith180@example.com,Houston,TX,2024-10-05,Social Media (Instagram/TikTok),Standard,2,410.06,205.03,2026-06-02 14:29:00,2026-05-02 01:52:00,90,4,2,2,422,422,Promising / Needs Attention,1656
CUST-01764,William Perez,william.perez203@example.com,Las Vegas,NV,2025-01-30,Email Marketing,Standard,2,409.98,204.99,2025-08-02 16:41:00,2025-07-11 18:16:00,394,2,2,2,222,222,Lost / Inactive,1657
CUST-02434,Mia Adams,mia.adams446@example.com,Austin,TX,2023-03-21,Organic Search,Standard,2,409.78,204.89,2024-06-26 06:09:00,2023-11-13 22:06:00,797,1,2,2,122,122,Lost / Inactive,1658
CUST-00859,Eleanor Nguyen,eleanor.nguyen594@example.com,Las Vegas,NV,2026-05-25,Email Marketing,Silver,2,409.03,204.52,2026-08-31 02:45:00,2026-08-16 02:10:00,1,5,2,2,522,522,Promising / Needs Attention,1659
CUST-01813,Wyatt Harris,wyatt.harris219@example.com,Denver,CO,2022-10-09,Affiliate Referral,Standard,1,404.99,404.99,2025-04-22 22:38:00,2025-04-22 22:38:00,496,2,1,2,212,212,Lost / Inactive,1660
CUST-01069,Jacob Torres,jacob.torres201@example.com,San Francisco,CA,2024-05-13,Social Media (Instagram/TikTok),Silver,3,404.94,134.98,2026-01-31 09:04:00,2024-10-16 17:33:00,213,3,3,2,332,332,Promising / Needs Attention,1661
CUST-01607,Grayson Martin,grayson.martin643@example.com,Kansas City,MO,2025-11-15,Social Media (Instagram/TikTok),Standard,2,404.45,202.23,2026-05-21 11:05:00,2025-12-08 12:50:00,103,4,2,2,422,422,Promising / Needs Attention,1662
CUST-02417,Mason Smith,mason.smith297@example.com,Indianapolis,IN,2026-03-29,Social Media (Instagram/TikTok),Standard,3,404.45,134.82,2026-08-26 06:31:00,2026-04-15 22:10:00,6,5,3,2,532,532,Promising / Needs Attention,1662
CUST-00994,Hannah Flores,hannah.flores16@example.com,Columbus,OH,2025-06-13,Organic Search,Silver,2,404.2,202.1,2025-08-15 07:20:00,2025-08-06 17:42:00,382,2,2,2,222,222,Lost / Inactive,1663
CUST-01669,Charlotte Brown,charlotte.brown445@example.com,Phoenix,AZ,2025-01-31,Paid Search (Google),Standard,2,403.98,201.99,2025-04-30 15:20:00,2025-02-05 17:46:00,488,2,2,2,222,222,Lost / Inactive,1664
CUST-01569,Noah Walker,noah.walker276@example.com,Philadelphia,PA,2026-05-16,Email Marketing,Standard,2,402.98,201.49,2026-07-09 09:34:00,2026-06-17 05:54:00,54,4,2,2,422,422,Promising / Needs Attention,1665
CUST-01859,Amelia Rivera,amelia.rivera559@example.com,Indianapolis,IN,2025-08-09,Paid Search (Google),Standard,2,402.97,201.49,2025-10-20 10:20:00,2025-08-19 21:18:00,316,2,2,2,222,222,Lost / Inactive,1666
CUST-01873,Owen King,owen.king339@example.com,Philadelphia,PA,2024-11-22,Organic Search,Standard,2,401.97,200.99,2025-10-19 19:02:00,2025-08-22 02:46:00,316,2,2,2,222,222,Lost / Inactive,1667
CUST-01877,Victoria Hernandez,victoria.hernandez748@example.com,San Antonio,TX,2023-10-15,Email Marketing,Standard,1,400.72,400.72,2024-04-28 10:27:00,2024-04-28 10:27:00,856,1,1,2,112,112,Lost / Inactive,1668
CUST-02072,Lucas Smith,lucas.smith674@example.com,Seattle,WA,2025-12-17,Affiliate Referral,Standard,2,400.43,200.22,2026-06-02 19:24:00,2026-01-10 20:01:00,90,4,2,2,422,422,Promising / Needs Attention,1669
CUST-02234,Jack Lopez,jack.lopez376@example.com,San Diego,CA,2022-10-27,Paid Search (Google),Standard,2,399.97,199.99,2025-03-09 17:38:00,2024-03-27 01:46:00,540,2,2,2,222,222,Lost / Inactive,1670
CUST-01016,Ethan Roberts,ethan.roberts301@example.com,Seattle,WA,2024-03-27,Affiliate Referral,Silver,2,399.96,199.98,2024-04-16 03:37:00,2024-04-07 04:17:00,868,1,2,2,122,122,Lost / Inactive,1671
CUST-01424,Harper Adams,harper.adams691@example.com,Austin,TX,2024-10-02,Paid Search (Google),Silver,2,399.88,199.94,2025-03-28 20:15:00,2024-11-19 21:15:00,521,2,2,2,222,222,Lost / Inactive,1672
CUST-01000,Harper Hall,harper.hall540@example.com,Atlanta,GA,2024-03-08,Organic Search,Silver,1,398.48,398.48,2025-05-12 05:34:00,2025-05-12 05:34:00,477,2,1,2,212,212,Lost / Inactive,1673
CUST-00517,Benjamin Young,benjamin.young875@example.com,Boston,MA,2026-01-11,Social Media (Instagram/TikTok),Gold,2,397.76,198.88,2026-05-08 03:42:00,2026-03-14 15:13:00,116,4,2,2,422,422,Promising / Needs Attention,1674
CUST-02290,Grace Walker,grace.walker607@example.com,New York,NY,2025-02-25,Paid Search (Google),Standard,2,397.67,198.83,2026-08-11 07:38:00,2025-12-17 02:20:00,21,5,2,2,522,522,Promising / Needs Attention,1675
CUST-02426,Camila Young,camila.young140@example.com,San Diego,CA,2025-12-12,Paid Search (Google),Standard,1,396.92,396.92,2026-05-20 09:54:00,2026-05-20 09:54:00,104,4,1,2,412,412,New Recent Customers,1676
CUST-01102,Ella Campbell,ella.campbell89@example.com,Raleigh,NC,2024-03-26,Email Marketing,Silver,3,396.47,132.16,2026-04-21 14:13:00,2025-04-22 16:52:00,132,3,3,2,332,332,Promising / Needs Attention,1677
CUST-00953,Joseph Nguyen,joseph.nguyen833@example.com,Raleigh,NC,2026-04-27,Affiliate Referral,Silver,2,396.45,198.22,2026-07-07 09:07:00,2026-07-07 07:17:00,56,4,2,2,422,422,Promising / Needs Attention,1678
CUST-01090,Amelia Hernandez,amelia.hernandez821@example.com,Philadelphia,PA,2025-07-01,Email Marketing,Silver,3,395.37,131.79,2026-01-27 00:55:00,2025-10-07 04:35:00,217,3,3,2,332,332,Promising / Needs Attention,1679
CUST-01739,Nora Lee,nora.lee15@example.com,Denver,CO,2023-07-04,Social Media (Instagram/TikTok),Standard,1,395.23,395.23,2025-10-07 23:54:00,2025-10-07 23:54:00,328,2,1,2,212,212,Lost / Inactive,1680
CUST-01863,Nora Harris,nora.harris533@example.com,Minneapolis,MN,2023-09-20,Affiliate Referral,Standard,1,394.94,394.94,2024-02-04 18:41:00,2024-02-04 18:41:00,939,1,1,2,112,112,Lost / Inactive,1681
CUST-01814,Penelope Gonzalez,penelope.gonzalez496@example.com,Houston,TX,2024-04-04,Affiliate Referral,Standard,2,393.94,196.97,2026-05-26 15:42:00,2024-08-07 03:21:00,97,4,2,2,422,422,Promising / Needs Attention,1682
CUST-01601,Wyatt Williams,wyatt.williams95@example.com,Boston,MA,2026-05-13,Social Media (Instagram/TikTok),Standard,1,393.46,393.46,2026-08-04 23:09:00,2026-08-04 23:09:00,27,5,1,2,512,512,New Recent Customers,1683
CUST-02470,Grayson Lewis,grayson.lewis239@example.com,Philadelphia,PA,2024-01-12,Social Media (Instagram/TikTok),Standard,1,392.96,392.96,2025-08-27 04:09:00,2025-08-27 04:09:00,370,2,1,2,212,212,Lost / Inactive,1684
CUST-00461,Lily Baker,lily.baker836@example.com,Austin,TX,2022-07-15,Email Marketing,Gold,3,392.59,130.86,2026-07-22 09:03:00,2023-03-03 17:56:00,41,4,3,2,432,432,Promising / Needs Attention,1685
CUST-01161,Sofia King,sofia.king560@example.com,Denver,CO,2022-08-20,Affiliate Referral,Silver,2,391.53,195.76,2026-02-10 09:17:00,2025-10-24 08:00:00,203,3,2,2,322,322,Promising / Needs Attention,1686
CUST-01075,Penelope Gonzalez,penelope.gonzalez546@example.com,Las Vegas,NV,2025-03-15,Affiliate Referral,Silver,2,391.18,195.59,2025-03-26 07:11:00,2025-03-24 11:13:00,524,2,2,2,222,222,Lost / Inactive,1687
CUST-00797,Grayson Thompson,grayson.thompson778@example.com,San Antonio,TX,2023-05-04,Email Marketing,Silver,3,390.46,130.15,2024-05-22 02:23:00,2023-07-02 05:29:00,832,1,3,2,132,132,Promising / Needs Attention,1688
CUST-02259,Harper King,harper.king550@example.com,San Diego,CA,2025-08-27,Email Marketing,Standard,2,389.99,195.0,2026-02-10 00:19:00,2025-10-17 23:52:00,203,3,2,2,322,322,Promising / Needs Attention,1689
CUST-02323,Grace Robinson,grace.robinson372@example.com,Boston,MA,2025-01-11,Email Marketing,Standard,1,389.95,389.95,2025-03-28 03:54:00,2025-03-28 03:54:00,522,2,1,2,212,212,Lost / Inactive,1690
CUST-02190,Amelia Young,amelia.young777@example.com,Columbus,OH,2025-11-29,Affiliate Referral,Standard,2,389.94,194.97,2026-06-20 05:51:00,2026-06-01 20:26:00,73,4,2,2,422,422,Promising / Needs Attention,1691
CUST-01144,Evelyn Martin,evelyn.martin715@example.com,Salt Lake City,UT,2025-05-08,Paid Search (Google),Silver,2,389.44,194.72,2025-05-30 22:02:00,2025-05-21 14:44:00,458,2,2,2,222,222,Lost / Inactive,1692
CUST-00466,Chloe Harris,chloe.harris469@example.com,Tampa,FL,2024-07-13,Email Marketing,Gold,4,389.29,97.32,2026-04-05 23:56:00,2024-10-02 11:46:00,148,3,4,2,342,342,Promising / Needs Attention,1693
CUST-01560,Matthew Sanchez,matthew.sanchez697@example.com,Seattle,WA,2023-02-26,Affiliate Referral,Standard,1,387.48,387.48,2023-06-23 11:52:00,2023-06-23 11:52:00,1166,1,1,2,112,112,Lost / Inactive,1694
CUST-01143,Michael Adams,michael.adams151@example.com,Nashville,TN,2025-06-13,Paid Search (Google),Silver,4,386.96,96.74,2026-03-16 12:23:00,2025-09-29 11:45:00,168,3,4,2,342,342,Promising / Needs Attention,1695
CUST-02069,Harper Hernandez,harper.hernandez239@example.com,Los Angeles,CA,2025-05-28,Paid Search (Google),Standard,1,384.97,384.97,2026-05-25 19:16:00,2026-05-25 19:16:00,98,4,1,2,412,412,New Recent Customers,1696
CUST-00843,Chloe Hall,chloe.hall118@example.com,Los Angeles,CA,2023-05-03,Email Marketing,Silver,3,384.86,128.29,2024-05-16 19:10:00,2023-10-17 01:25:00,837,1,3,2,132,132,Promising / Needs Attention,1697
CUST-01927,Noah Rodriguez,noah.rodriguez519@example.com,Indianapolis,IN,2022-11-26,Social Media (Instagram/TikTok),Standard,2,384.64,192.32,2024-02-09 07:59:00,2024-01-20 02:32:00,935,1,2,2,122,122,Lost / Inactive,1698
CUST-02409,Luke Williams,luke.williams239@example.com,San Antonio,TX,2024-07-16,Paid Search (Google),Standard,2,384.45,192.22,2026-05-30 22:48:00,2025-05-31 18:31:00,93,4,2,2,422,422,Promising / Needs Attention,1699
CUST-00348,Sebastian Davis,sebastian.davis828@example.com,Seattle,WA,2024-11-11,Email Marketing,Gold,4,383.92,95.98,2025-03-29 00:05:00,2025-02-09 00:00:00,521,2,4,2,242,242,Promising / Needs Attention,1700
CUST-00272,Benjamin Moore,benjamin.moore463@example.com,Las Vegas,NV,2024-10-16,Email Marketing,Gold,5,383.37,76.67,2026-03-12 23:25:00,2024-10-29 12:53:00,172,3,4,2,342,342,Promising / Needs Attention,1701
CUST-02252,Madison Hall,madison.hall751@example.com,Boston,MA,2023-09-07,Paid Search (Google),Standard,1,382.49,382.49,2026-07-07 23:39:00,2026-07-07 23:39:00,55,4,1,2,412,412,New Recent Customers,1702
CUST-01467,Mila Perez,mila.perez215@example.com,Charlotte,NC,2024-09-05,Organic Search,Silver,2,380.97,190.49,2025-12-21 21:43:00,2025-07-17 16:42:00,253,3,2,2,322,322,Promising / Needs Attention,1703
CUST-02038,Amelia Hall,amelia.hall757@example.com,Portland,OR,2025-11-03,Paid Search (Google),Standard,2,380.97,190.49,2026-08-08 14:54:00,2026-03-20 03:06:00,23,5,2,2,522,522,Promising / Needs Attention,1703
CUST-02079,Wyatt Martinez,wyatt.martinez466@example.com,San Diego,CA,2024-11-05,Social Media (Instagram/TikTok),Standard,1,379.98,379.98,2025-02-28 23:54:00,2025-02-28 23:54:00,549,2,1,2,212,212,Lost / Inactive,1704
CUST-00913,Emily Smith,emily.smith330@example.com,San Diego,CA,2023-08-28,Email Marketing,Silver,2,379.97,189.99,2025-02-26 12:00:00,2024-12-20 23:26:00,552,2,2,2,222,222,Lost / Inactive,1705
CUST-01623,Jacob Walker,jacob.walker362@example.com,Atlanta,GA,2023-09-19,Affiliate Referral,Standard,1,379.97,379.97,2025-12-16 21:40:00,2025-12-16 21:40:00,258,3,1,2,312,312,Promising / Needs Attention,1705
CUST-02275,Zoey Allen,zoey.allen351@example.com,Los Angeles,CA,2024-11-20,Social Media (Instagram/TikTok),Standard,1,379.95,379.95,2025-08-21 11:32:00,2025-08-21 11:32:00,376,2,1,2,212,212,Lost / Inactive,1706
CUST-01076,Abigail Flores,abigail.flores299@example.com,San Jose,CA,2024-09-17,Social Media (Instagram/TikTok),Silver,3,378.7,126.23,2026-04-28 23:46:00,2025-03-16 12:34:00,125,3,3,2,332,332,Promising / Needs Attention,1707
CUST-00975,Layla Thompson,layla.thompson695@example.com,Denver,CO,2024-09-08,Affiliate Referral,Silver,2,377.98,188.99,2026-07-06 09:35:00,2025-04-19 15:00:00,57,4,2,2,422,422,Promising / Needs Attention,1708
CUST-01987,Owen Johnson,owen.johnson997@example.com,Charlotte,NC,2023-10-20,Organic Search,Standard,2,374.27,187.14,2026-07-29 12:57:00,2025-09-27 17:18:00,33,5,2,2,522,522,Promising / Needs Attention,1709
CUST-01322,Noah Perez,noah.perez67@example.com,San Jose,CA,2022-08-27,Email Marketing,Silver,3,373.22,124.41,2026-05-19 04:32:00,2022-10-04 00:12:00,105,4,3,2,432,432,Promising / Needs Attention,1710
CUST-01916,Jack Perez,jack.perez389@example.com,Las Vegas,NV,2024-05-03,Social Media (Instagram/TikTok),Standard,2,372.98,186.49,2026-03-11 03:45:00,2024-05-11 01:38:00,174,3,2,2,322,322,Promising / Needs Attention,1711
CUST-02084,Jayden Adams,jayden.adams422@example.com,Houston,TX,2025-05-14,Paid Search (Google),Standard,3,371.93,123.98,2026-07-08 05:59:00,2025-06-07 00:39:00,55,4,3,2,432,432,Promising / Needs Attention,1712
CUST-00726,Oliver White,oliver.white13@example.com,Boston,MA,2022-11-27,Social Media (Instagram/TikTok),Gold,5,371.74,74.35,2026-06-06 01:17:00,2024-01-02 05:54:00,87,4,4,2,442,442,Promising / Needs Attention,1713
CUST-01452,Henry Allen,henry.allen593@example.com,Chicago,IL,2022-12-20,Affiliate Referral,Silver,4,371.36,92.84,2026-07-31 17:54:00,2024-11-11 16:29:00,31,5,4,2,542,542,Promising / Needs Attention,1714
CUST-01587,Harper Martin,harper.martin512@example.com,Indianapolis,IN,2024-11-02,Social Media (Instagram/TikTok),Standard,2,370.8,185.4,2025-02-14 07:32:00,2024-12-21 13:47:00,564,2,2,2,222,222,Lost / Inactive,1715
CUST-01188,Scarlett Walker,scarlett.walker147@example.com,Houston,TX,2026-04-23,Social Media (Instagram/TikTok),Silver,3,369.54,123.18,2026-08-18 20:19:00,2026-07-08 05:29:00,13,5,3,2,532,532,Promising / Needs Attention,1716
CUST-01214,Madison Martinez,madison.martinez797@example.com,Tampa,FL,2022-12-19,Affiliate Referral,Silver,4,366.96,91.74,2023-10-16 14:27:00,2023-01-07 18:41:00,1050,1,4,2,142,142,Promising / Needs Attention,1717
CUST-02122,Dylan Clark,dylan.clark749@example.com,San Jose,CA,2024-11-26,Organic Search,Standard,3,366.64,122.21,2025-10-20 04:09:00,2025-06-24 00:00:00,316,2,3,2,232,232,Promising / Needs Attention,1718
CUST-01336,Owen Roberts,owen.roberts171@example.com,New York,NY,2025-02-22,Organic Search,Silver,3,366.48,122.16,2025-03-30 23:30:00,2025-03-01 02:57:00,519,2,3,2,232,232,Promising / Needs Attention,1719
CUST-01512,Lucas Martinez,lucas.martinez206@example.com,New York,NY,2023-10-16,Social Media (Instagram/TikTok),Standard,1,365.47,365.47,2025-12-06 14:44:00,2025-12-06 14:44:00,268,3,1,2,312,312,Promising / Needs Attention,1720
CUST-00824,Olivia Baker,olivia.baker911@example.com,Kansas City,MO,2023-02-23,Email Marketing,Silver,3,365.44,121.81,2025-06-10 07:39:00,2023-04-13 08:29:00,448,2,3,2,232,232,Promising / Needs Attention,1721
CUST-02030,Hannah Baker,hannah.baker741@example.com,Phoenix,AZ,2024-03-27,Email Marketing,Standard,1,365.28,365.28,2024-07-20 07:51:00,2024-07-20 07:51:00,773,1,1,2,112,112,Lost / Inactive,1722
CUST-01003,Camila Thomas,camila.thomas285@example.com,Miami,FL,2025-11-07,Social Media (Instagram/TikTok),Silver,4,365.27,91.32,2026-07-21 03:25:00,2026-02-13 03:12:00,42,4,4,2,442,442,Promising / Needs Attention,1723
CUST-02396,Sophia Lee,sophia.lee368@example.com,Charlotte,NC,2026-02-01,Paid Search (Google),Standard,1,364.49,364.49,2026-02-17 08:22:00,2026-02-17 08:22:00,196,3,1,2,312,312,Promising / Needs Attention,1724
CUST-01360,Alexander Green,alexander.green985@example.com,Charlotte,NC,2023-05-15,Affiliate Referral,Silver,2,361.55,180.78,2026-04-03 01:11:00,2025-11-28 09:54:00,151,3,2,2,322,322,Promising / Needs Attention,1725
CUST-00966,Oliver Hernandez,oliver.hernandez408@example.com,Minneapolis,MN,2022-06-11,Organic Search,Silver,4,361.48,90.37,2025-05-05 09:17:00,2023-11-20 07:13:00,484,2,4,2,242,242,Promising / Needs Attention,1726
CUST-00411,Lucas Clark,lucas.clark607@example.com,Austin,TX,2026-04-10,Organic Search,Gold,4,359.11,89.78,2026-07-20 22:10:00,2026-06-12 22:07:00,42,4,4,2,442,442,Promising / Needs Attention,1727
CUST-00942,Layla Hill,layla.hill587@example.com,Minneapolis,MN,2022-07-09,Social Media (Instagram/TikTok),Silver,5,356.99,71.4,2024-07-26 21:33:00,2022-11-26 14:03:00,766,1,4,2,142,142,Promising / Needs Attention,1728
CUST-01715,Matthew Garcia,matthew.garcia414@example.com,Salt Lake City,UT,2023-02-07,Paid Search (Google),Standard,1,354.99,354.99,2026-06-23 06:27:00,2026-06-23 06:27:00,70,4,1,2,412,412,New Recent Customers,1729
CUST-02442,Riley Wright,riley.wright760@example.com,Houston,TX,2025-05-16,Organic Search,Standard,1,354.19,354.19,2026-03-25 02:00:00,2026-03-25 02:00:00,160,3,1,2,312,312,Promising / Needs Attention,1730
CUST-01526,Jack Walker,jack.walker709@example.com,San Diego,CA,2023-12-21,Paid Search (Google),Standard,1,352.96,352.96,2024-11-23 09:28:00,2024-11-23 09:28:00,647,1,1,2,112,112,Lost / Inactive,1731
CUST-00893,John Harris,john.harris471@example.com,Minneapolis,MN,2024-09-06,Email Marketing,Silver,1,352.93,352.93,2026-05-29 22:45:00,2026-05-29 22:45:00,94,4,1,2,412,412,New Recent Customers,1732
CUST-01115,Grayson Sanchez,grayson.sanchez677@example.com,Nashville,TN,2023-07-07,Affiliate Referral,Silver,2,352.25,176.13,2024-09-14 03:40:00,2023-09-09 21:05:00,717,1,2,2,122,122,Lost / Inactive,1733
CUST-01684,Mason Carter,mason.carter151@example.com,Portland,OR,2025-12-25,Email Marketing,Standard,1,351.48,351.48,2026-05-02 21:17:00,2026-05-02 21:17:00,121,3,1,2,312,312,Promising / Needs Attention,1734
CUST-00934,James Allen,james.allen913@example.com,Phoenix,AZ,2024-11-17,Paid Search (Google),Silver,4,349.47,87.37,2026-07-18 10:47:00,2025-04-08 23:01:00,45,4,4,2,442,442,Promising / Needs Attention,1735
CUST-01613,Jack Johnson,jack.johnson129@example.com,Philadelphia,PA,2023-04-09,Email Marketing,Standard,1,348.39,348.39,2024-07-24 21:41:00,2024-07-24 21:41:00,768,1,1,2,112,112,Lost / Inactive,1736
CUST-01549,Hannah Davis,hannah.davis239@example.com,Salt Lake City,UT,2023-07-22,Paid Search (Google),Standard,1,346.72,346.72,2025-02-25 22:20:00,2025-02-25 22:20:00,552,2,1,2,212,212,Lost / Inactive,1737
CUST-00502,Jayden Hernandez,jayden.hernandez760@example.com,Indianapolis,IN,2024-05-22,Paid Search (Google),Gold,3,346.46,115.49,2026-03-19 12:02:00,2024-10-11 03:43:00,165,3,3,2,332,332,Promising / Needs Attention,1738
CUST-01131,Amelia Johnson,amelia.johnson309@example.com,Tampa,FL,2026-01-20,Email Marketing,Silver,3,346.28,115.43,2026-08-23 23:10:00,2026-06-25 03:56:00,8,5,3,2,532,532,Promising / Needs Attention,1739
CUST-02305,Harper Ramirez,harper.ramirez824@example.com,Atlanta,GA,2025-08-04,Social Media (Instagram/TikTok),Standard,1,345.95,345.95,2025-10-10 15:20:00,2025-10-10 15:20:00,325,2,1,2,212,212,Lost / Inactive,1740
CUST-01508,Mila White,mila.white483@example.com,Phoenix,AZ,2023-10-06,Paid Search (Google),Standard,3,345.94,115.31,2024-09-13 14:53:00,2023-11-05 05:06:00,717,1,3,2,132,132,Promising / Needs Attention,1741
CUST-01355,Zoey Martinez,zoey.martinez231@example.com,Charlotte,NC,2024-12-18,Paid Search (Google),Silver,2,343.98,171.99,2025-02-07 22:57:00,2024-12-26 20:22:00,570,2,2,2,222,222,Lost / Inactive,1742
CUST-01909,John Lewis,john.lewis651@example.com,Charlotte,NC,2023-01-10,Paid Search (Google),Standard,1,343.67,343.67,2023-03-08 08:12:00,2023-03-08 08:12:00,1273,1,1,2,112,112,Lost / Inactive,1743
CUST-01174,Logan Lopez,logan.lopez797@example.com,Salt Lake City,UT,2022-09-14,Email Marketing,Silver,1,342.48,342.48,2025-05-04 03:51:00,2025-05-04 03:51:00,485,2,1,2,212,212,Lost / Inactive,1744
CUST-01350,Lucas Jones,lucas.jones926@example.com,San Diego,CA,2024-11-27,Affiliate Referral,Silver,2,340.98,170.49,2025-07-30 09:28:00,2025-05-19 14:31:00,398,2,2,2,222,222,Lost / Inactive,1745
CUST-02377,Mia Wright,mia.wright599@example.com,San Diego,CA,2025-04-26,Affiliate Referral,Standard,2,340.97,170.49,2025-08-29 19:02:00,2025-08-09 07:19:00,367,2,2,2,222,222,Lost / Inactive,1746
CUST-01176,Elizabeth Davis,elizabeth.davis930@example.com,Phoenix,AZ,2023-07-21,Organic Search,Silver,3,340.96,113.65,2025-01-07 14:48:00,2024-04-26 17:45:00,601,1,3,2,132,132,Promising / Needs Attention,1747
CUST-00993,Grace Martinez,grace.martinez807@example.com,Houston,TX,2023-02-01,Organic Search,Silver,2,340.94,170.47,2024-12-07 07:37:00,2023-05-17 16:00:00,633,1,2,2,122,122,Lost / Inactive,1748
CUST-00763,Sebastian Adams,sebastian.adams429@example.com,Portland,OR,2022-07-12,Organic Search,Silver,2,340.41,170.21,2024-08-03 21:28:00,2023-09-10 04:36:00,758,1,2,2,122,122,Lost / Inactive,1749
CUST-01970,Harper Carter,harper.carter781@example.com,San Antonio,TX,2026-02-08,Organic Search,Standard,1,339.98,339.98,2026-07-29 18:39:00,2026-07-29 18:39:00,33,5,1,2,512,512,New Recent Customers,1750
CUST-01474,Olivia Lopez,olivia.lopez401@example.com,Charlotte,NC,2026-03-23,Social Media (Instagram/TikTok),Silver,3,339.37,113.12,2026-08-12 07:47:00,2026-06-07 13:04:00,20,5,3,2,532,532,Promising / Needs Attention,1751
CUST-01203,Jayden Wright,jayden.wright927@example.com,San Jose,CA,2025-01-03,Email Marketing,Silver,2,337.97,168.99,2025-02-23 21:56:00,2025-01-10 09:31:00,554,2,2,2,222,222,Lost / Inactive,1752
CUST-02324,John Robinson,john.robinson38@example.com,San Francisco,CA,2022-07-25,Email Marketing,Standard,2,337.07,168.53,2026-02-04 16:12:00,2024-01-16 04:17:00,208,3,2,2,322,322,Promising / Needs Attention,1753
CUST-01305,Wyatt Lopez,wyatt.lopez670@example.com,Miami,FL,2023-01-09,Paid Search (Google),Silver,3,336.43,112.14,2025-03-11 01:06:00,2023-02-11 04:16:00,539,2,3,2,232,232,Promising / Needs Attention,1754
CUST-00936,Abigail Lopez,abigail.lopez171@example.com,Seattle,WA,2025-10-15,Organic Search,Silver,2,335.49,167.75,2026-02-11 12:38:00,2025-12-04 22:25:00,201,3,2,2,322,322,Promising / Needs Attention,1755
CUST-01675,Ella Robinson,ella.robinson494@example.com,Los Angeles,CA,2023-04-18,Affiliate Referral,Standard,1,335.48,335.48,2023-07-06 01:47:00,2023-07-06 01:47:00,1153,1,1,2,112,112,Lost / Inactive,1756
CUST-01891,Zoey Taylor,zoey.taylor799@example.com,Columbus,OH,2024-05-14,Affiliate Referral,Standard,1,334.97,334.97,2024-07-17 13:40:00,2024-07-17 13:40:00,775,1,1,2,112,112,Lost / Inactive,1757
CUST-01133,Grayson Hill,grayson.hill554@example.com,Chicago,IL,2023-06-17,Paid Search (Google),Silver,2,334.17,167.09,2026-07-18 20:03:00,2025-03-06 01:15:00,44,4,2,2,422,422,Promising / Needs Attention,1758
CUST-01434,Emily Wright,emily.wright340@example.com,Tampa,FL,2024-03-09,Social Media (Instagram/TikTok),Silver,2,332.18,166.09,2026-07-10 23:19:00,2024-12-02 18:31:00,52,4,2,2,422,422,Promising / Needs Attention,1759
CUST-01667,Madison King,madison.king606@example.com,San Antonio,TX,2024-06-09,Email Marketing,Standard,2,331.97,165.99,2024-12-26 23:21:00,2024-07-18 18:44:00,613,1,3,2,132,132,Promising / Needs Attention,1760
CUST-01222,Amelia Wilson,amelia.wilson565@example.com,Seattle,WA,2025-06-30,Social Media (Instagram/TikTok),Silver,3,331.2,110.4,2025-11-13 16:26:00,2025-09-21 05:43:00,291,3,3,2,332,332,Promising / Needs Attention,1761
CUST-01887,James Smith,james.smith892@example.com,Portland,OR,2024-07-06,Email Marketing,Standard,1,329.98,329.98,2025-02-21 02:11:00,2025-02-21 02:11:00,557,2,1,2,212,212,Lost / Inactive,1762
CUST-01972,Nora Lee,nora.lee135@example.com,Los Angeles,CA,2023-02-19,Affiliate Referral,Standard,2,328.95,164.47,2026-05-27 14:31:00,2025-07-14 11:08:00,96,4,3,2,432,432,Promising / Needs Attention,1763
CUST-01566,Samuel Ramirez,samuel.ramirez924@example.com,Philadelphia,PA,2024-03-08,Email Marketing,Standard,1,328.69,328.69,2024-04-06 07:18:00,2024-04-06 07:18:00,878,1,1,2,112,112,Lost / Inactive,1764
CUST-01337,James Smith,james.smith193@example.com,Chicago,IL,2026-05-18,Affiliate Referral,Silver,4,328.54,82.13,2026-08-15 07:20:00,2026-05-21 08:26:00,17,5,4,2,542,542,Promising / Needs Attention,1765
CUST-00776,Matthew Hernandez,matthew.hernandez870@example.com,Las Vegas,NV,2025-07-18,Paid Search (Google),Silver,2,327.34,163.67,2025-09-10 21:04:00,2025-07-25 12:34:00,355,2,3,2,232,232,Promising / Needs Attention,1766
CUST-01314,Charlotte White,charlotte.white557@example.com,Tampa,FL,2024-04-27,Organic Search,Silver,3,326.98,108.99,2026-06-25 03:55:00,2025-03-20 11:22:00,68,4,3,2,432,432,Promising / Needs Attention,1767
CUST-02091,Sofia Brown,sofia.brown566@example.com,Salt Lake City,UT,2023-11-30,Affiliate Referral,Standard,2,325.94,162.97,2024-06-10 05:44:00,2024-05-14 00:26:00,813,1,3,2,132,132,Promising / Needs Attention,1768
CUST-01576,Mia Thomas,mia.thomas796@example.com,Miami,FL,2026-03-18,Organic Search,Standard,2,325.66,162.83,2026-06-19 06:37:00,2026-06-05 18:37:00,74,4,3,2,432,432,Promising / Needs Attention,1769
CUST-00834,Luke Torres,luke.torres468@example.com,Chicago,IL,2025-03-17,Email Marketing,Silver,2,325.47,162.74,2026-04-27 09:30:00,2025-11-25 17:43:00,127,3,3,2,332,332,Promising / Needs Attention,1770
CUST-02137,Emma Thompson,emma.thompson779@example.com,Austin,TX,2024-08-24,Affiliate Referral,Standard,1,324.97,324.97,2025-05-04 13:12:00,2025-05-04 13:12:00,484,2,1,2,212,212,Lost / Inactive,1771
CUST-02036,Elizabeth Thomas,elizabeth.thomas297@example.com,Columbus,OH,2023-01-22,Social Media (Instagram/TikTok),Standard,2,324.96,162.48,2025-06-01 08:47:00,2025-01-01 02:07:00,457,2,3,2,232,232,Promising / Needs Attention,1772
CUST-01585,Layla Garcia,layla.garcia31@example.com,Tampa,FL,2023-08-01,Paid Search (Google),Standard,1,324.48,324.48,2026-06-06 09:54:00,2026-06-06 09:54:00,87,4,1,2,412,412,New Recent Customers,1773
CUST-02048,Aiden Walker,aiden.walker296@example.com,Charlotte,NC,2022-12-24,Email Marketing,Standard,2,322.98,161.49,2025-12-06 15:52:00,2023-07-20 02:24:00,268,3,3,2,332,332,Promising / Needs Attention,1774
CUST-01349,Ethan Hernandez,ethan.hernandez814@example.com,New York,NY,2025-02-18,Affiliate Referral,Silver,3,322.4,107.47,2026-08-28 07:29:00,2025-09-03 22:48:00,4,5,3,2,532,532,Promising / Needs Attention,1775
CUST-02115,Sofia Wilson,sofia.wilson857@example.com,San Diego,CA,2022-09-23,Paid Search (Google),Standard,1,321.99,321.99,2024-06-24 16:29:00,2024-06-24 16:29:00,798,1,1,2,112,112,Lost / Inactive,1776
CUST-00838,Michael Adams,michael.adams697@example.com,Atlanta,GA,2024-04-29,Social Media (Instagram/TikTok),Silver,4,321.31,80.33,2025-09-23 08:16:00,2024-09-02 04:19:00,343,2,4,2,242,242,Promising / Needs Attention,1777
CUST-00940,Alexander Rodriguez,alexander.rodriguez654@example.com,Portland,OR,2022-08-20,Affiliate Referral,Silver,3,321.27,107.09,2024-10-07 06:36:00,2023-04-04 08:06:00,694,1,3,2,132,132,Promising / Needs Attention,1778
CUST-01408,Daniel Roberts,daniel.roberts294@example.com,San Antonio,TX,2022-07-17,Organic Search,Silver,2,320.94,160.47,2024-08-25 02:02:00,2024-07-10 20:55:00,737,1,3,2,132,132,Promising / Needs Attention,1779
CUST-00853,Sofia Moore,sofia.moore417@example.com,San Jose,CA,2024-01-24,Email Marketing,Silver,3,320.28,106.76,2025-07-11 11:07:00,2024-08-17 22:05:00,417,2,3,2,232,232,Promising / Needs Attention,1780
CUST-01397,Abigail Hernandez,abigail.hernandez253@example.com,Houston,TX,2022-08-24,Social Media (Instagram/TikTok),Silver,4,320.13,80.03,2026-03-02 11:38:00,2022-12-06 14:24:00,183,3,4,2,342,342,Promising / Needs Attention,1781
CUST-01482,Grayson Carter,grayson.carter122@example.com,Nashville,TN,2026-03-14,Email Marketing,Silver,4,319.95,79.99,2026-08-31 06:06:00,2026-04-18 07:02:00,1,5,4,2,542,542,Promising / Needs Attention,1782
CUST-01369,Charlotte Johnson,charlotte.johnson501@example.com,Las Vegas,NV,2024-02-15,Paid Search (Google),Silver,3,319.34,106.45,2026-01-20 09:55:00,2025-03-05 23:14:00,224,3,3,2,332,332,Promising / Needs Attention,1783
CUST-00929,Madison Miller,madison.miller730@example.com,Portland,OR,2025-12-19,Social Media (Instagram/TikTok),Silver,2,319.27,159.63,2026-05-21 01:10:00,2026-04-05 15:10:00,103,4,3,2,432,432,Promising / Needs Attention,1784
CUST-02114,Scarlett Robinson,scarlett.robinson157@example.com,Kansas City,MO,2025-07-04,Email Marketing,Standard,1,317.98,317.98,2026-01-26 13:23:00,2026-01-26 13:23:00,217,3,1,2,312,312,Promising / Needs Attention,1785
CUST-02113,Lucas Brown,lucas.brown943@example.com,Seattle,WA,2024-06-09,Paid Search (Google),Standard,2,317.17,158.59,2026-01-23 00:55:00,2025-08-25 05:14:00,221,3,3,2,332,332,Promising / Needs Attention,1786
CUST-01374,Noah Jackson,noah.jackson446@example.com,Columbus,OH,2023-12-05,Affiliate Referral,Silver,2,317.16,158.58,2026-02-22 02:21:00,2025-05-26 23:21:00,191,3,3,2,332,332,Promising / Needs Attention,1787
CUST-02101,Aiden Thompson,aiden.thompson906@example.com,Houston,TX,2023-12-08,Email Marketing,Standard,1,316.87,316.87,2024-08-02 14:55:00,2024-08-02 14:55:00,759,1,1,2,112,112,Lost / Inactive,1788
CUST-01979,Sophia Thomas,sophia.thomas47@example.com,San Antonio,TX,2023-03-18,Social Media (Instagram/TikTok),Standard,2,314.95,157.47,2026-08-12 09:32:00,2023-06-29 05:57:00,20,5,3,2,532,532,Promising / Needs Attention,1789
CUST-00879,Layla Garcia,layla.garcia367@example.com,San Diego,CA,2023-08-11,Social Media (Instagram/TikTok),Silver,3,314.69,104.9,2024-12-20 05:03:00,2024-10-04 03:06:00,620,1,3,2,132,132,Promising / Needs Attention,1790
CUST-00925,Ethan Torres,ethan.torres981@example.com,Nashville,TN,2026-02-10,Paid Search (Google),Silver,3,313.96,104.65,2026-06-05 00:44:00,2026-03-25 14:46:00,88,4,3,2,432,432,Promising / Needs Attention,1791
CUST-01122,Oliver Thomas,oliver.thomas981@example.com,Charlotte,NC,2023-03-30,Social Media (Instagram/TikTok),Silver,3,311.75,103.92,2025-03-27 23:23:00,2023-12-06 11:15:00,522,2,3,2,232,232,Promising / Needs Attention,1792
CUST-02365,Mila Mitchell,mila.mitchell175@example.com,Boston,MA,2025-05-18,Paid Search (Google),Standard,2,311.6,155.8,2026-05-16 12:02:00,2026-01-18 11:07:00,107,4,3,2,432,432,Promising / Needs Attention,1793
CUST-01734,Jacob Baker,jacob.baker33@example.com,Salt Lake City,UT,2026-03-20,Affiliate Referral,Standard,2,311.37,155.69,2026-03-25 16:51:00,2026-03-21 14:34:00,159,3,3,2,332,332,Promising / Needs Attention,1794
CUST-01020,Benjamin Hernandez,benjamin.hernandez361@example.com,San Diego,CA,2024-03-04,Social Media (Instagram/TikTok),Silver,3,309.1,103.03,2024-12-20 21:10:00,2024-03-26 09:50:00,619,1,3,2,132,132,Promising / Needs Attention,1795
CUST-01262,Nora Harris,nora.harris373@example.com,San Diego,CA,2023-06-16,Email Marketing,Silver,3,308.9,102.97,2026-03-24 12:20:00,2024-10-04 09:19:00,160,3,3,2,332,332,Promising / Needs Attention,1796
CUST-01357,Sebastian Gonzalez,sebastian.gonzalez353@example.com,Phoenix,AZ,2022-08-05,Affiliate Referral,Silver,3,308.44,102.81,2023-12-25 13:40:00,2023-04-21 10:51:00,980,1,3,2,132,132,Promising / Needs Attention,1797
CUST-01104,Elijah Hill,elijah.hill667@example.com,Austin,TX,2022-08-16,Affiliate Referral,Silver,2,306.95,153.47,2025-01-18 08:26:00,2023-12-19 07:26:00,591,1,3,2,132,132,Promising / Needs Attention,1798
CUST-00959,Jackson Taylor,jackson.taylor885@example.com,San Francisco,CA,2024-10-15,Affiliate Referral,Silver,1,306.0,306.0,2026-08-11 12:31:00,2026-08-11 12:31:00,20,5,1,2,512,512,New Recent Customers,1799
CUST-00817,Evelyn Nelson,evelyn.nelson672@example.com,Philadelphia,PA,2024-04-04,Social Media (Instagram/TikTok),Silver,4,305.09,76.27,2025-08-24 03:09:00,2024-07-22 17:37:00,373,2,4,2,242,242,Promising / Needs Attention,1800
CUST-01957,Elijah Thompson,elijah.thompson495@example.com,Philadelphia,PA,2022-09-16,Organic Search,Standard,1,304.99,304.99,2023-07-02 04:38:00,2023-07-02 04:38:00,1157,1,1,2,112,112,Lost / Inactive,1801
CUST-01540,Sofia King,sofia.king740@example.com,Columbus,OH,2026-01-20,Paid Search (Google),Standard,1,304.98,304.98,2026-05-23 09:18:00,2026-05-23 09:18:00,101,4,1,2,412,412,New Recent Customers,1802
CUST-00914,Aria White,aria.white147@example.com,Las Vegas,NV,2024-04-10,Email Marketing,Silver,1,304.48,304.48,2024-06-27 03:35:00,2024-06-27 03:35:00,796,1,1,2,112,112,Lost / Inactive,1803
CUST-01818,Aiden Wilson,aiden.wilson248@example.com,Austin,TX,2026-02-10,Affiliate Referral,Standard,3,303.42,101.14,2026-08-02 17:53:00,2026-07-16 21:39:00,29,5,3,2,532,532,Promising / Needs Attention,1804
CUST-01716,Aria Ramirez,aria.ramirez225@example.com,Charlotte,NC,2025-03-30,Social Media (Instagram/TikTok),Standard,1,302.47,302.47,2025-03-31 19:31:00,2025-03-31 19:31:00,518,2,1,2,212,212,Lost / Inactive,1805
CUST-01778,Zoey Rivera,zoey.rivera76@example.com,Houston,TX,2023-03-23,Paid Search (Google),Standard,3,299.25,99.75,2024-12-12 23:19:00,2023-12-19 17:28:00,627,1,3,2,132,132,Promising / Needs Attention,1806
CUST-02391,Luke Davis,luke.davis928@example.com,Charlotte,NC,2024-06-23,Social Media (Instagram/TikTok),Standard,2,298.95,149.48,2025-12-03 17:42:00,2024-11-04 06:30:00,271,3,3,2,332,332,Promising / Needs Attention,1807
CUST-01475,Abigail Martin,abigail.martin646@example.com,Charlotte,NC,2022-12-15,Organic Search,Silver,2,298.27,149.13,2026-08-11 21:54:00,2024-11-07 08:23:00,20,5,3,2,532,532,Promising / Needs Attention,1808
CUST-00385,Olivia Young,olivia.young920@example.com,Minneapolis,MN,2025-06-22,Social Media (Instagram/TikTok),Gold,3,295.46,98.49,2026-05-18 18:36:00,2025-09-14 12:51:00,105,4,3,2,432,432,Promising / Needs Attention,1809
CUST-00426,Sophia Jackson,sophia.jackson988@example.com,Salt Lake City,UT,2022-11-09,Social Media (Instagram/TikTok),Gold,4,294.85,73.71,2025-09-23 19:29:00,2023-07-24 18:51:00,342,2,4,2,242,242,Promising / Needs Attention,1810
CUST-02403,Avery Martin,avery.martin769@example.com,San Francisco,CA,2023-08-06,Organic Search,Standard,1,293.57,293.57,2025-03-14 10:37:00,2025-03-14 10:37:00,536,2,1,2,212,212,Lost / Inactive,1811
CUST-01682,Joseph Jones,joseph.jones901@example.com,Los Angeles,CA,2024-10-03,Email Marketing,Standard,1,293.46,293.46,2024-12-31 19:07:00,2024-12-31 19:07:00,608,1,1,2,112,112,Lost / Inactive,1812
CUST-02363,Evelyn Green,evelyn.green597@example.com,San Francisco,CA,2023-07-15,Paid Search (Google),Standard,2,292.97,146.49,2023-12-06 09:17:00,2023-07-15 03:04:00,1000,1,3,2,132,132,Promising / Needs Attention,1813
CUST-01224,Sofia Hernandez,sofia.hernandez82@example.com,Austin,TX,2025-11-07,Social Media (Instagram/TikTok),Silver,3,291.51,97.17,2026-06-07 23:06:00,2026-03-08 09:19:00,85,4,3,2,432,432,Promising / Needs Attention,1814
CUST-00429,Evelyn Miller,evelyn.miller640@example.com,Raleigh,NC,2025-09-14,Paid Search (Google),Gold,3,291.45,97.15,2026-07-23 18:45:00,2026-02-06 09:37:00,39,5,3,2,532,532,Promising / Needs Attention,1815
CUST-02208,Grace Lopez,grace.lopez255@example.com,Minneapolis,MN,2023-08-29,Social Media (Instagram/TikTok),Standard,1,289.98,289.98,2024-11-23 09:47:00,2024-11-23 09:47:00,647,1,1,2,112,112,Lost / Inactive,1816
CUST-01583,Madison Brown,madison.brown771@example.com,Chicago,IL,2025-06-25,Affiliate Referral,Standard,2,289.96,144.98,2026-02-24 06:37:00,2025-10-29 15:45:00,189,3,3,2,332,332,Promising / Needs Attention,1817
CUST-01804,Avery King,avery.king611@example.com,Indianapolis,IN,2025-07-06,Email Marketing,Standard,1,287.99,287.99,2025-08-14 08:59:00,2025-08-14 08:59:00,383,2,1,2,212,212,Lost / Inactive,1818
CUST-01054,Luke Thomas,luke.thomas765@example.com,Los Angeles,CA,2023-07-13,Email Marketing,Silver,2,287.95,143.97,2024-10-24 13:44:00,2023-10-09 05:32:00,676,1,3,2,132,132,Promising / Needs Attention,1819
CUST-01614,Grayson Walker,grayson.walker30@example.com,Tampa,FL,2024-12-07,Affiliate Referral,Standard,2,287.73,143.87,2026-08-31 06:50:00,2026-05-30 08:12:00,1,5,3,2,532,532,Promising / Needs Attention,1820
CUST-02278,Aria King,aria.king632@example.com,Miami,FL,2025-04-28,Email Marketing,Standard,1,286.98,286.98,2025-11-10 06:59:00,2025-11-10 06:59:00,295,3,1,2,312,312,Promising / Needs Attention,1821
CUST-02106,Charlotte Lee,charlotte.lee140@example.com,Philadelphia,PA,2024-07-28,Social Media (Instagram/TikTok),Standard,1,285.99,285.99,2026-07-08 23:33:00,2026-07-08 23:33:00,54,4,1,2,412,412,New Recent Customers,1822
CUST-01045,Sebastian Hall,sebastian.hall647@example.com,Miami,FL,2023-06-20,Social Media (Instagram/TikTok),Silver,2,285.98,142.99,2025-05-18 09:31:00,2025-03-09 20:33:00,471,2,3,2,232,232,Promising / Needs Attention,1823
CUST-01034,Victoria Thompson,victoria.thompson503@example.com,San Francisco,CA,2023-09-09,Organic Search,Silver,1,284.98,284.98,2024-04-14 18:40:00,2024-04-14 18:40:00,869,1,1,2,112,112,Lost / Inactive,1824
CUST-02272,Elizabeth Moore,elizabeth.moore39@example.com,Miami,FL,2026-02-15,Affiliate Referral,Standard,1,284.98,284.98,2026-04-27 17:28:00,2026-04-27 17:28:00,126,3,1,2,312,312,Promising / Needs Attention,1824
CUST-02445,David Thomas,david.thomas828@example.com,Columbus,OH,2024-06-11,Paid Search (Google),Standard,1,284.98,284.98,2024-07-02 05:21:00,2024-07-02 05:21:00,791,1,1,2,112,112,Lost / Inactive,1824
CUST-00525,Oliver Miller,oliver.miller457@example.com,San Diego,CA,2022-11-03,Social Media (Instagram/TikTok),Gold,2,284.97,142.48,2023-05-22 13:37:00,2022-12-13 00:12:00,1197,1,3,2,132,132,Promising / Needs Attention,1825
CUST-01644,Sofia Martinez,sofia.martinez781@example.com,Columbus,OH,2025-05-20,Email Marketing,Standard,1,284.96,284.96,2025-11-25 15:55:00,2025-11-25 15:55:00,279,3,1,2,312,312,Promising / Needs Attention,1826
CUST-02120,Emma Torres,emma.torres861@example.com,Kansas City,MO,2024-09-30,Paid Search (Google),Standard,1,284.96,284.96,2025-08-22 04:23:00,2025-08-22 04:23:00,375,2,1,2,212,212,Lost / Inactive,1826
CUST-00814,Jayden Jackson,jayden.jackson280@example.com,Atlanta,GA,2022-09-11,Organic Search,Silver,3,284.93,94.98,2023-11-20 06:03:00,2022-12-24 11:58:00,1016,1,3,2,132,132,Promising / Needs Attention,1827
CUST-01668,Elijah Martinez,elijah.martinez738@example.com,Boston,MA,2024-09-21,Organic Search,Standard,1,283.72,283.72,2026-02-17 22:24:00,2026-02-17 22:24:00,195,3,1,2,312,312,Promising / Needs Attention,1828
CUST-01545,Avery Garcia,avery.garcia483@example.com,San Antonio,TX,2023-11-19,Paid Search (Google),Standard,1,283.45,283.45,2024-07-01 20:05:00,2024-07-01 20:05:00,791,1,1,2,112,112,Lost / Inactive,1829
CUST-02052,Chloe Thomas,chloe.thomas675@example.com,Dallas,TX,2023-08-05,Affiliate Referral,Standard,3,282.98,94.33,2026-05-24 01:50:00,2025-05-01 21:26:00,100,4,3,2,432,432,Promising / Needs Attention,1830
CUST-01539,Victoria Lee,victoria.lee599@example.com,Chicago,IL,2023-01-13,Paid Search (Google),Standard,2,282.15,141.07,2025-10-12 07:19:00,2024-05-03 09:11:00,324,2,3,2,232,232,Promising / Needs Attention,1831
CUST-01395,Oliver Martinez,oliver.martinez371@example.com,Austin,TX,2024-12-20,Paid Search (Google),Silver,1,279.99,279.99,2025-03-28 01:30:00,2025-03-28 01:30:00,522,2,1,2,212,212,Lost / Inactive,1832
CUST-01502,Dylan Ramirez,dylan.ramirez224@example.com,Seattle,WA,2022-11-05,Social Media (Instagram/TikTok),Standard,1,279.99,279.99,2024-08-29 07:24:00,2024-08-29 07:24:00,733,1,1,2,112,112,Lost / Inactive,1832
CUST-02181,Emily Hill,emily.hill396@example.com,San Antonio,TX,2024-05-13,Paid Search (Google),Standard,1,279.99,279.99,2025-01-31 13:07:00,2025-01-31 13:07:00,577,1,1,2,112,112,Lost / Inactive,1832
CUST-02358,Madison Carter,madison.carter247@example.com,Columbus,OH,2023-09-28,Organic Search,Standard,1,279.99,279.99,2024-06-20 13:51:00,2024-06-20 13:51:00,802,1,1,2,112,112,Lost / Inactive,1832
CUST-01881,Jack Allen,jack.allen634@example.com,Raleigh,NC,2024-11-04,Paid Search (Google),Standard,1,279.45,279.45,2024-11-26 12:14:00,2024-11-26 12:14:00,643,1,1,2,112,112,Lost / Inactive,1833
CUST-01686,John Harris,john.harris248@example.com,Denver,CO,2024-04-25,Affiliate Referral,Standard,2,278.46,139.23,2024-11-28 11:00:00,2024-10-25 04:15:00,642,1,3,2,132,132,Promising / Needs Attention,1834
CUST-02247,Elijah Clark,elijah.clark750@example.com,Austin,TX,2023-12-15,Social Media (Instagram/TikTok),Standard,3,278.37,92.79,2025-03-28 09:17:00,2024-02-05 07:21:00,522,2,3,2,232,232,Promising / Needs Attention,1835
CUST-00895,James Adams,james.adams747@example.com,Charlotte,NC,2022-10-08,Affiliate Referral,Silver,1,278.34,278.34,2023-01-28 19:44:00,2023-01-28 19:44:00,1311,1,1,2,112,112,Lost / Inactive,1836
CUST-02142,Benjamin Green,benjamin.green105@example.com,Salt Lake City,UT,2023-09-18,Paid Search (Google),Standard,2,277.59,138.8,2025-01-12 05:01:00,2024-02-22 22:57:00,597,1,3,2,132,132,Promising / Needs Attention,1837
CUST-01052,Dylan Lopez,dylan.lopez206@example.com,Kansas City,MO,2023-10-26,Email Marketing,Silver,2,276.45,138.22,2025-06-25 01:00:00,2023-12-11 04:28:00,433,2,3,2,232,232,Promising / Needs Attention,1838
CUST-01063,Hannah Garcia,hannah.garcia712@example.com,Charlotte,NC,2024-04-24,Organic Search,Silver,2,275.97,137.98,2025-02-19 19:34:00,2024-07-19 19:15:00,558,2,3,2,232,232,Promising / Needs Attention,1839
CUST-01093,Zoey Campbell,zoey.campbell341@example.com,Charlotte,NC,2023-10-06,Affiliate Referral,Silver,2,274.97,137.48,2025-03-25 11:29:00,2024-07-12 17:42:00,525,2,3,2,232,232,Promising / Needs Attention,1840
CUST-01845,Abigail Lewis,abigail.lewis376@example.com,Philadelphia,PA,2023-08-18,Organic Search,Standard,2,274.97,137.48,2025-03-26 13:13:00,2024-09-29 05:21:00,523,2,3,2,232,232,Promising / Needs Attention,1840
CUST-02326,Chloe Rodriguez,chloe.rodriguez645@example.com,San Francisco,CA,2025-08-02,Social Media (Instagram/TikTok),Standard,1,272.98,272.98,2025-11-30 13:11:00,2025-11-30 13:11:00,274,3,1,2,312,312,Promising / Needs Attention,1841
CUST-02254,James Hall,james.hall898@example.com,Los Angeles,CA,2023-11-14,Organic Search,Standard,1,272.09,272.09,2025-08-23 20:24:00,2025-08-23 20:24:00,373,2,1,2,212,212,Lost / Inactive,1842
CUST-01451,Joseph Thompson,joseph.thompson174@example.com,Tampa,FL,2025-03-22,Affiliate Referral,Silver,3,271.92,90.64,2026-06-09 06:39:00,2025-11-19 08:12:00,84,4,3,2,432,432,Promising / Needs Attention,1843
CUST-01765,David Nguyen,david.nguyen589@example.com,San Jose,CA,2025-11-13,Social Media (Instagram/TikTok),Standard,1,271.69,271.69,2026-08-15 07:11:00,2026-08-15 07:11:00,17,5,1,2,512,512,New Recent Customers,1844
CUST-01732,Ethan Jones,ethan.jones612@example.com,Phoenix,AZ,2022-10-12,Paid Search (Google),Standard,1,271.49,271.49,2024-02-22 05:11:00,2024-02-22 05:11:00,922,1,1,2,112,112,Lost / Inactive,1845
CUST-02040,Harper Rodriguez,harper.rodriguez420@example.com,Los Angeles,CA,2023-12-13,Paid Search (Google),Standard,1,271.18,271.18,2024-06-15 14:19:00,2024-06-15 14:19:00,807,1,1,2,112,112,Lost / Inactive,1846
CUST-02473,Sophia Wright,sophia.wright560@example.com,Indianapolis,IN,2023-07-05,Organic Search,Standard,2,271.16,135.58,2024-05-25 04:38:00,2023-10-13 13:02:00,829,1,3,2,132,132,Promising / Needs Attention,1847
CUST-00857,Mason Rivera,mason.rivera675@example.com,Philadelphia,PA,2025-03-28,Affiliate Referral,Silver,3,271.02,90.34,2025-11-18 07:57:00,2025-08-15 09:34:00,287,3,3,2,332,332,Promising / Needs Attention,1848
CUST-01323,Harper Wilson,harper.wilson836@example.com,Minneapolis,MN,2026-02-26,Affiliate Referral,Silver,2,270.99,135.5,2026-07-31 16:06:00,2026-03-14 01:33:00,31,5,3,2,532,532,Promising / Needs Attention,1849
CUST-02485,Mason Gonzalez,mason.gonzalez660@example.com,Chicago,IL,2025-04-23,Paid Search (Google),Standard,1,270.46,270.46,2026-03-01 02:53:00,2026-03-01 02:53:00,184,3,1,2,312,312,Promising / Needs Attention,1850
CUST-02479,Madison Hernandez,madison.hernandez529@example.com,San Jose,CA,2023-12-18,Email Marketing,Standard,1,270.0,270.0,2024-12-24 14:13:00,2024-12-24 14:13:00,615,1,1,2,112,112,Lost / Inactive,1851
CUST-01223,Sebastian Martinez,sebastian.martinez975@example.com,Salt Lake City,UT,2024-01-02,Affiliate Referral,Silver,1,268.98,268.98,2024-04-14 05:37:00,2024-04-14 05:37:00,870,1,1,2,112,112,Lost / Inactive,1852
CUST-01094,Ella Harris,ella.harris794@example.com,San Francisco,CA,2023-11-03,Social Media (Instagram/TikTok),Silver,2,268.02,134.01,2024-06-23 03:08:00,2024-03-22 04:06:00,800,1,3,2,132,132,Promising / Needs Attention,1853
CUST-00818,Luke Flores,luke.flores284@example.com,Raleigh,NC,2022-12-08,Social Media (Instagram/TikTok),Silver,2,267.99,134.0,2024-08-01 06:00:00,2023-05-03 12:01:00,761,1,3,2,132,132,Promising / Needs Attention,1854
CUST-00807,Harper Jackson,harper.jackson126@example.com,Indianapolis,IN,2023-01-04,Email Marketing,Silver,2,267.48,133.74,2026-08-26 11:09:00,2025-01-31 12:37:00,6,5,3,2,532,532,Promising / Needs Attention,1855
CUST-01288,Sophia Miller,sophia.miller949@example.com,San Francisco,CA,2025-12-27,Social Media (Instagram/TikTok),Silver,2,266.96,133.48,2026-05-10 00:38:00,2026-01-16 19:26:00,114,4,3,2,432,432,Promising / Needs Attention,1856
CUST-02394,Sophia Smith,sophia.smith904@example.com,Raleigh,NC,2023-10-25,Organic Search,Standard,1,265.99,265.99,2024-07-29 23:04:00,2024-07-29 23:04:00,763,1,1,2,112,112,Lost / Inactive,1857
CUST-01889,Grayson Martin,grayson.martin666@example.com,Nashville,TN,2022-10-24,Email Marketing,Standard,1,265.98,265.98,2025-11-13 22:46:00,2025-11-13 22:46:00,291,3,1,2,312,312,Promising / Needs Attention,1858
CUST-02408,Penelope Young,penelope.young29@example.com,Tampa,FL,2024-07-23,Email Marketing,Standard,1,264.96,264.96,2025-09-20 17:27:00,2025-09-20 17:27:00,345,2,1,2,212,212,Lost / Inactive,1859
CUST-01015,Mila Torres,mila.torres599@example.com,Minneapolis,MN,2026-01-20,Affiliate Referral,Silver,4,264.94,66.23,2026-08-24 02:14:00,2026-03-16 11:04:00,8,5,4,2,542,542,Promising / Needs Attention,1860
CUST-01169,Charlotte Taylor,charlotte.taylor341@example.com,Salt Lake City,UT,2026-01-19,Paid Search (Google),Silver,2,264.69,132.34,2026-04-13 03:14:00,2026-04-07 08:54:00,141,3,3,2,332,332,Promising / Needs Attention,1861
CUST-01709,Michael Martinez,michael.martinez392@example.com,San Francisco,CA,2023-05-11,Paid Search (Google),Standard,2,263.71,131.85,2023-12-19 23:42:00,2023-05-20 15:43:00,986,1,3,2,132,132,Promising / Needs Attention,1862
CUST-00764,Dylan Rodriguez,dylan.rodriguez672@example.com,Philadelphia,PA,2025-10-14,Organic Search,Silver,3,262.37,87.46,2025-12-03 09:45:00,2025-11-10 08:08:00,272,3,3,2,332,332,Promising / Needs Attention,1863
CUST-01567,Abigail Scott,abigail.scott883@example.com,Las Vegas,NV,2025-12-25,Email Marketing,Standard,1,262.19,262.19,2026-01-24 17:39:00,2026-01-24 17:39:00,219,3,1,2,312,312,Promising / Needs Attention,1864
CUST-02200,Wyatt Gonzalez,wyatt.gonzalez641@example.com,Minneapolis,MN,2024-08-14,Organic Search,Standard,1,259.98,259.98,2025-12-26 04:33:00,2025-12-26 04:33:00,249,3,1,2,312,312,Promising / Needs Attention,1865
CUST-01729,Hannah Rivera,hannah.rivera733@example.com,Charlotte,NC,2023-08-03,Organic Search,Standard,1,259.97,259.97,2025-11-04 04:53:00,2025-11-04 04:53:00,301,3,1,2,312,312,Promising / Needs Attention,1866
CUST-00848,Harper Roberts,harper.roberts923@example.com,Atlanta,GA,2024-12-23,Affiliate Referral,Silver,1,257.99,257.99,2025-11-19 08:09:00,2025-11-19 08:09:00,286,3,1,2,312,312,Promising / Needs Attention,1867
CUST-01954,Ella Mitchell,ella.mitchell210@example.com,Raleigh,NC,2026-01-24,Organic Search,Standard,3,256.38,85.46,2026-07-22 08:18:00,2026-03-02 16:26:00,41,4,3,2,432,432,Promising / Needs Attention,1868
CUST-01406,Victoria Johnson,victoria.johnson421@example.com,Charlotte,NC,2023-08-26,Email Marketing,Silver,1,255.99,255.99,2024-10-13 01:13:00,2024-10-13 01:13:00,688,1,1,2,112,112,Lost / Inactive,1869
CUST-02244,Liam Jackson,liam.jackson28@example.com,Minneapolis,MN,2025-08-23,Organic Search,Standard,2,255.79,127.9,2025-10-29 19:18:00,2025-09-10 10:21:00,306,3,3,2,332,332,Promising / Needs Attention,1870
CUST-01852,Emily Williams,emily.williams435@example.com,Portland,OR,2023-01-07,Social Media (Instagram/TikTok),Standard,2,254.4,127.2,2026-05-23 11:14:00,2023-01-07 01:09:00,101,4,3,2,432,432,Promising / Needs Attention,1871
CUST-01833,Aria Green,aria.green560@example.com,Austin,TX,2026-02-25,Organic Search,Standard,1,252.98,252.98,2026-07-18 14:22:00,2026-07-18 14:22:00,44,4,1,2,412,412,New Recent Customers,1872
CUST-01025,Michael Hernandez,michael.hernandez416@example.com,Houston,TX,2022-12-13,Organic Search,Silver,2,252.61,126.3,2024-06-21 05:23:00,2023-07-05 01:26:00,802,1,3,2,132,132,Promising / Needs Attention,1873
CUST-02026,Grace Mitchell,grace.mitchell454@example.com,New York,NY,2024-06-05,Paid Search (Google),Standard,1,252.5,252.5,2025-07-19 14:32:00,2025-07-19 14:32:00,408,2,1,2,212,212,Lost / Inactive,1874
CUST-00512,Henry Gonzalez,henry.gonzalez644@example.com,Portland,OR,2023-10-30,Social Media (Instagram/TikTok),Gold,2,250.98,125.49,2026-01-02 12:31:00,2025-05-08 01:31:00,241,3,3,2,332,332,Promising / Needs Attention,1875
CUST-00825,Grayson Davis,grayson.davis918@example.com,Boston,MA,2024-11-19,Organic Search,Silver,1,249.99,249.99,2025-11-02 16:12:00,2025-11-02 16:12:00,302,3,1,2,312,312,Promising / Needs Attention,1876
CUST-01619,Grayson Anderson,grayson.anderson741@example.com,Los Angeles,CA,2025-05-17,Organic Search,Standard,1,249.99,249.99,2026-07-13 00:43:00,2026-07-13 00:43:00,50,4,1,2,412,412,New Recent Customers,1876
CUST-02112,Michael Johnson,michael.johnson381@example.com,San Francisco,CA,2025-01-26,Paid Search (Google),Standard,1,249.99,249.99,2025-02-08 20:30:00,2025-02-08 20:30:00,569,2,1,2,212,212,Lost / Inactive,1876
CUST-02366,Charlotte Nguyen,charlotte.nguyen34@example.com,Minneapolis,MN,2026-03-01,Organic Search,Standard,1,249.99,249.99,2026-06-14 16:10:00,2026-06-14 16:10:00,78,4,1,2,412,412,New Recent Customers,1876
CUST-02387,Isabella Johnson,isabella.johnson802@example.com,Indianapolis,IN,2023-07-07,Affiliate Referral,Standard,1,249.99,249.99,2025-03-22 12:27:00,2025-03-22 12:27:00,527,2,1,2,212,212,Lost / Inactive,1876
CUST-00890,Mia Mitchell,mia.mitchell712@example.com,Phoenix,AZ,2022-07-19,Email Marketing,Silver,2,249.97,124.99,2024-01-17 08:49:00,2023-10-25 01:22:00,958,1,3,2,132,132,Promising / Needs Attention,1877
CUST-01991,Emma Miller,emma.miller396@example.com,San Diego,CA,2024-07-15,Organic Search,Standard,1,249.97,249.97,2025-01-03 14:03:00,2025-01-03 14:03:00,605,1,1,2,112,112,Lost / Inactive,1877
CUST-02287,Emily Lopez,emily.lopez350@example.com,Atlanta,GA,2023-03-18,Organic Search,Standard,1,249.97,249.97,2023-05-28 21:44:00,2023-05-28 21:44:00,1191,1,1,2,112,112,Lost / Inactive,1877
CUST-02220,Jacob Hill,jacob.hill40@example.com,San Francisco,CA,2022-07-18,Affiliate Referral,Standard,2,249.39,124.7,2024-02-20 01:54:00,2023-09-06 09:31:00,924,1,3,2,132,132,Promising / Needs Attention,1878
CUST-01917,Henry White,henry.white691@example.com,Denver,CO,2024-07-15,Affiliate Referral,Standard,1,248.69,248.69,2024-07-23 10:04:00,2024-07-23 10:04:00,770,1,1,2,112,112,Lost / Inactive,1879
CUST-02330,David Hill,david.hill109@example.com,Kansas City,MO,2024-01-17,Affiliate Referral,Standard,2,248.22,124.11,2024-06-30 18:58:00,2024-01-26 18:20:00,792,1,3,2,132,132,Promising / Needs Attention,1880
CUST-01843,Liam Hill,liam.hill112@example.com,Philadelphia,PA,2024-01-24,Organic Search,Standard,2,245.06,122.53,2026-05-07 07:10:00,2024-11-16 08:16:00,117,4,3,2,432,432,Promising / Needs Attention,1881
CUST-00593,Evelyn Wilson,evelyn.wilson843@example.com,San Antonio,TX,2022-09-30,Affiliate Referral,Gold,3,244.57,81.52,2023-03-05 08:50:00,2022-11-24 05:56:00,1276,1,3,2,132,132,Promising / Needs Attention,1882
CUST-00919,Layla Roberts,layla.roberts614@example.com,San Antonio,TX,2022-08-15,Affiliate Referral,Silver,2,244.48,122.24,2024-10-19 07:09:00,2022-12-24 02:52:00,682,1,3,2,132,132,Promising / Needs Attention,1883
CUST-00901,Chloe Smith,chloe.smith576@example.com,Tampa,FL,2025-07-11,Paid Search (Google),Silver,3,243.66,81.22,2026-08-06 13:19:00,2025-08-13 02:28:00,25,5,3,2,532,532,Promising / Needs Attention,1884
CUST-01771,Lucas Martinez,lucas.martinez307@example.com,Atlanta,GA,2023-07-04,Affiliate Referral,Standard,1,242.48,242.48,2026-07-04 21:23:00,2026-07-04 21:23:00,58,4,1,2,412,412,New Recent Customers,1885
CUST-02422,Ethan Lewis,ethan.lewis483@example.com,New York,NY,2024-11-17,Organic Search,Standard,1,242.18,242.18,2026-06-01 09:47:00,2026-06-01 09:47:00,92,4,1,2,412,412,New Recent Customers,1886
CUST-02481,Elijah Rivera,elijah.rivera823@example.com,Portland,OR,2024-03-12,Paid Search (Google),Standard,1,240.51,240.51,2024-04-19 14:22:00,2024-04-19 14:22:00,864,1,1,2,112,112,Lost / Inactive,1887
CUST-02121,Elizabeth Walker,elizabeth.walker771@example.com,Phoenix,AZ,2025-05-16,Social Media (Instagram/TikTok),Standard,1,239.99,239.99,2026-07-28 03:33:00,2026-07-28 03:33:00,35,5,1,2,512,512,New Recent Customers,1888
CUST-01792,Sophia Robinson,sophia.robinson534@example.com,Charlotte,NC,2024-04-19,Email Marketing,Standard,1,239.97,239.97,2026-05-06 03:58:00,2026-05-06 03:58:00,118,3,1,2,312,312,Promising / Needs Attention,1889
CUST-01620,Jack Torres,jack.torres333@example.com,San Francisco,CA,2022-10-09,Social Media (Instagram/TikTok),Standard,2,239.12,119.56,2025-05-24 00:34:00,2024-02-16 12:40:00,465,2,3,2,232,232,Promising / Needs Attention,1890
CUST-02468,Aria Torres,aria.torres910@example.com,Charlotte,NC,2024-03-05,Organic Search,Standard,1,237.99,237.99,2024-12-16 14:23:00,2024-12-16 14:23:00,623,1,1,2,112,112,Lost / Inactive,1891
CUST-01787,Sebastian Nguyen,sebastian.nguyen420@example.com,Minneapolis,MN,2025-09-08,Organic Search,Standard,1,237.49,237.49,2025-11-23 07:32:00,2025-11-23 07:32:00,282,3,1,2,312,312,Promising / Needs Attention,1892
CUST-01274,Oliver Nelson,oliver.nelson308@example.com,Indianapolis,IN,2025-11-30,Organic Search,Silver,2,235.97,117.98,2026-06-19 18:47:00,2026-03-03 16:50:00,73,4,3,2,432,432,Promising / Needs Attention,1893
CUST-01058,Carter Brown,carter.brown894@example.com,Las Vegas,NV,2023-08-21,Organic Search,Silver,3,234.41,78.14,2026-08-31 16:12:00,2025-07-05 09:48:00,0,5,3,2,532,532,Promising / Needs Attention,1894
CUST-01728,Daniel Anderson,daniel.anderson515@example.com,Seattle,WA,2022-08-15,Social Media (Instagram/TikTok),Standard,1,233.45,233.45,2023-04-22 11:10:00,2023-04-22 11:10:00,1228,1,1,2,112,112,Lost / Inactive,1895
CUST-01513,Lily Young,lily.young583@example.com,Boston,MA,2024-10-12,Organic Search,Standard,2,233.21,116.61,2025-03-20 04:34:00,2024-11-17 20:28:00,530,2,3,2,232,232,Promising / Needs Attention,1896
CUST-02065,Penelope Sanchez,penelope.sanchez631@example.com,Dallas,TX,2023-07-29,Paid Search (Google),Standard,2,231.97,115.99,2024-08-13 07:35:00,2024-06-01 05:05:00,749,1,3,2,132,132,Promising / Needs Attention,1897
CUST-00464,Isabella Jones,isabella.jones966@example.com,Miami,FL,2022-08-04,Social Media (Instagram/TikTok),Gold,3,231.96,77.32,2024-06-28 01:11:00,2023-01-30 19:38:00,795,1,3,2,132,132,Promising / Needs Attention,1898
CUST-01851,Daniel Miller,daniel.miller826@example.com,Kansas City,MO,2026-02-20,Paid Search (Google),Standard,1,231.13,231.13,2026-08-09 12:30:00,2026-08-09 12:30:00,22,5,1,2,512,512,New Recent Customers,1899
CUST-01199,William Martin,william.martin317@example.com,Portland,OR,2025-07-01,Social Media (Instagram/TikTok),Silver,3,230.77,76.92,2026-08-20 18:43:00,2025-11-06 23:08:00,11,5,3,2,532,532,Promising / Needs Attention,1900
CUST-01080,Grayson King,grayson.king648@example.com,Salt Lake City,UT,2025-09-21,Social Media (Instagram/TikTok),Silver,4,230.25,57.56,2026-06-26 06:33:00,2025-10-23 01:17:00,67,4,4,2,442,442,Promising / Needs Attention,1901
CUST-02374,Harper Young,harper.young246@example.com,Los Angeles,CA,2025-10-14,Affiliate Referral,Standard,1,228.87,228.87,2026-05-06 16:47:00,2026-05-06 16:47:00,117,4,1,2,412,412,New Recent Customers,1902
CUST-02207,Benjamin Torres,benjamin.torres401@example.com,New York,NY,2023-02-23,Email Marketing,Standard,1,228.49,228.49,2024-09-14 23:40:00,2024-09-14 23:40:00,716,1,1,2,112,112,Lost / Inactive,1903
CUST-02058,Jackson Carter,jackson.carter883@example.com,Tampa,FL,2025-07-22,Social Media (Instagram/TikTok),Standard,2,228.07,114.03,2026-05-08 22:59:00,2025-09-06 19:26:00,115,4,3,2,432,432,Promising / Needs Attention,1904
CUST-01461,Victoria Baker,victoria.baker871@example.com,Atlanta,GA,2023-09-06,Affiliate Referral,Silver,2,227.97,113.98,2025-01-16 03:21:00,2024-02-18 00:09:00,593,1,3,2,132,132,Promising / Needs Attention,1905
CUST-02147,Hannah Miller,hannah.miller834@example.com,New York,NY,2023-03-20,Social Media (Instagram/TikTok),Standard,1,227.48,227.48,2025-01-21 15:42:00,2025-01-21 15:42:00,587,1,1,2,112,112,Lost / Inactive,1906
CUST-01422,Matthew Young,matthew.young582@example.com,Raleigh,NC,2025-01-05,Paid Search (Google),Silver,2,226.47,113.24,2026-06-27 04:58:00,2025-12-15 11:47:00,66,4,3,2,432,432,Promising / Needs Attention,1907
CUST-00980,Camila Lopez,camila.lopez426@example.com,Portland,OR,2023-01-05,Affiliate Referral,Silver,2,226.04,113.02,2026-04-28 22:55:00,2023-03-16 16:13:00,125,3,3,2,332,332,Promising / Needs Attention,1908
CUST-01864,Emma Anderson,emma.anderson31@example.com,Charlotte,NC,2023-02-10,Social Media (Instagram/TikTok),Standard,2,225.97,112.99,2026-03-10 16:15:00,2024-07-08 08:03:00,174,3,3,2,332,332,Promising / Needs Attention,1909
CUST-01570,Zoey Davis,zoey.davis926@example.com,Miami,FL,2022-08-23,Email Marketing,Standard,1,225.96,225.96,2026-04-11 02:45:00,2026-04-11 02:45:00,143,3,1,2,312,312,Promising / Needs Attention,1910
CUST-00808,Mila Hill,mila.hill214@example.com,Columbus,OH,2023-11-21,Affiliate Referral,Silver,2,225.38,112.69,2025-01-20 01:53:00,2024-11-21 23:08:00,589,1,3,2,132,132,Promising / Needs Attention,1911
CUST-01770,James White,james.white20@example.com,Chicago,IL,2024-06-02,Organic Search,Standard,1,224.99,224.99,2026-06-13 20:15:00,2026-06-13 20:15:00,79,4,1,2,412,412,New Recent Customers,1912
CUST-01790,Alexander White,alexander.white270@example.com,San Francisco,CA,2022-11-21,Paid Search (Google),Standard,2,224.99,112.5,2024-01-14 06:07:00,2023-02-03 17:04:00,961,1,3,2,132,132,Promising / Needs Attention,1912
CUST-02017,Lily Flores,lily.flores878@example.com,Miami,FL,2022-09-26,Social Media (Instagram/TikTok),Standard,1,224.99,224.99,2022-10-20 12:13:00,2022-10-20 12:13:00,1411,1,1,2,112,112,Lost / Inactive,1912
CUST-01011,Oliver Sanchez,oliver.sanchez111@example.com,Salt Lake City,UT,2023-05-01,Organic Search,Silver,3,224.46,74.82,2026-07-27 03:47:00,2024-01-12 23:05:00,36,5,3,2,532,532,Promising / Needs Attention,1913
CUST-02223,Sebastian Moore,sebastian.moore503@example.com,San Antonio,TX,2022-12-06,Social Media (Instagram/TikTok),Standard,1,224.17,224.17,2025-01-22 05:35:00,2025-01-22 05:35:00,587,1,1,2,112,112,Lost / Inactive,1914
CUST-02469,Joseph Jackson,joseph.jackson179@example.com,Houston,TX,2024-01-11,Social Media (Instagram/TikTok),Standard,3,223.18,74.39,2024-10-15 20:11:00,2024-02-22 14:36:00,685,1,3,2,132,132,Promising / Needs Attention,1915
CUST-01918,Isabella Thompson,isabella.thompson904@example.com,San Jose,CA,2022-12-23,Organic Search,Standard,1,221.98,221.98,2025-02-15 11:16:00,2025-02-15 11:16:00,563,2,1,2,212,212,Lost / Inactive,1916
CUST-01416,Evelyn Nguyen,evelyn.nguyen622@example.com,Chicago,IL,2023-03-22,Paid Search (Google),Silver,2,220.79,110.4,2025-03-07 17:49:00,2024-08-18 00:25:00,542,2,3,2,232,232,Promising / Needs Attention,1917
CUST-02325,Charlotte Carter,charlotte.carter153@example.com,Charlotte,NC,2024-02-10,Paid Search (Google),Standard,1,220.0,220.0,2026-07-09 10:46:00,2026-07-09 10:46:00,54,4,1,1,411,411,New Recent Customers,1918
CUST-01315,Jayden Carter,jayden.carter794@example.com,Austin,TX,2026-01-17,Paid Search (Google),Silver,3,219.96,73.32,2026-06-30 11:48:00,2026-03-03 10:51:00,63,4,3,1,431,431,Promising / Needs Attention,1919
CUST-02117,Jack White,jack.white65@example.com,Salt Lake City,UT,2023-01-04,Affiliate Referral,Standard,1,219.8,219.8,2025-01-19 03:49:00,2025-01-19 03:49:00,590,1,1,1,111,111,Lost / Inactive,1920
CUST-01828,Aiden Adams,aiden.adams912@example.com,Atlanta,GA,2024-05-11,Social Media (Instagram/TikTok),Standard,1,219.47,219.47,2024-11-30 20:15:00,2024-11-30 20:15:00,639,1,1,1,111,111,Lost / Inactive,1921
CUST-01370,Jayden Torres,jayden.torres775@example.com,Nashville,TN,2022-07-20,Email Marketing,Silver,2,219.27,109.63,2024-02-24 19:14:00,2023-07-25 12:20:00,919,1,3,1,131,131,Promising / Needs Attention,1922
CUST-01646,Jayden King,jayden.king823@example.com,Las Vegas,NV,2024-06-10,Organic Search,Standard,1,218.5,218.5,2025-05-27 10:13:00,2025-05-27 10:13:00,462,2,1,1,211,211,Lost / Inactive,1923
CUST-01650,Isabella Green,isabella.green740@example.com,Indianapolis,IN,2026-02-12,Affiliate Referral,Standard,1,216.97,216.97,2026-08-07 00:58:00,2026-08-07 00:58:00,25,5,1,1,511,511,New Recent Customers,1924
CUST-01854,Wyatt Ramirez,wyatt.ramirez133@example.com,San Diego,CA,2023-08-12,Organic Search,Standard,1,216.97,216.97,2024-10-14 16:46:00,2024-10-14 16:46:00,686,1,1,1,111,111,Lost / Inactive,1924
CUST-01417,Matthew Walker,matthew.walker898@example.com,Portland,OR,2024-04-17,Organic Search,Silver,3,216.55,72.18,2025-03-19 15:24:00,2024-06-26 09:43:00,530,2,3,1,231,231,Promising / Needs Attention,1925
CUST-01868,Henry Campbell,henry.campbell622@example.com,Atlanta,GA,2024-04-04,Paid Search (Google),Standard,2,214.97,107.48,2026-06-12 05:09:00,2024-04-29 16:33:00,81,4,3,1,431,431,Promising / Needs Attention,1926
CUST-02195,James White,james.white810@example.com,San Diego,CA,2025-04-05,Social Media (Instagram/TikTok),Standard,1,213.97,213.97,2026-01-15 23:33:00,2026-01-15 23:33:00,228,3,1,1,311,311,Promising / Needs Attention,1927
CUST-02432,Luke Davis,luke.davis533@example.com,Chicago,IL,2023-09-29,Paid Search (Google),Standard,2,211.98,105.99,2024-03-17 20:31:00,2024-03-05 16:32:00,897,1,3,1,131,131,Promising / Needs Attention,1928
CUST-01595,Abigail Rodriguez,abigail.rodriguez710@example.com,Austin,TX,2023-10-23,Affiliate Referral,Standard,1,209.28,209.28,2024-08-26 07:22:00,2024-08-26 07:22:00,736,1,1,1,111,111,Lost / Inactive,1929
CUST-01857,Aria Adams,aria.adams648@example.com,Seattle,WA,2022-08-29,Organic Search,Standard,1,208.98,208.98,2023-04-28 18:51:00,2023-04-28 18:51:00,1221,1,1,1,111,111,Lost / Inactive,1930
CUST-01612,Charlotte Martin,charlotte.martin798@example.com,Atlanta,GA,2023-03-31,Email Marketing,Standard,2,207.97,103.98,2024-05-14 18:29:00,2023-06-15 15:59:00,839,1,3,1,131,131,Promising / Needs Attention,1931
CUST-02450,Mason Wright,mason.wright260@example.com,Columbus,OH,2024-09-12,Affiliate Referral,Standard,2,207.27,103.63,2026-06-04 16:25:00,2025-08-06 22:20:00,88,4,3,1,431,431,Promising / Needs Attention,1932
CUST-01837,Sophia Robinson,sophia.robinson37@example.com,Chicago,IL,2025-12-30,Email Marketing,Standard,1,206.98,206.98,2026-01-12 14:36:00,2026-01-12 14:36:00,231,3,1,1,311,311,Promising / Needs Attention,1933
CUST-01410,Jacob Young,jacob.young335@example.com,Charlotte,NC,2025-10-22,Affiliate Referral,Silver,3,205.88,68.63,2026-02-20 12:40:00,2025-11-02 18:42:00,192,3,3,1,331,331,Promising / Needs Attention,1934
CUST-01945,Owen Brown,owen.brown839@example.com,San Jose,CA,2023-04-09,Paid Search (Google),Standard,2,204.97,102.48,2024-04-28 18:30:00,2023-08-01 00:43:00,855,1,3,1,131,131,Promising / Needs Attention,1935
CUST-00918,Mia Johnson,mia.johnson879@example.com,Portland,OR,2025-12-15,Organic Search,Silver,2,204.28,102.14,2026-06-23 04:49:00,2026-03-01 10:14:00,70,4,3,1,431,431,Promising / Needs Attention,1936
CUST-02016,Ella Martin,ella.martin961@example.com,Minneapolis,MN,2025-04-21,Organic Search,Standard,2,202.96,101.48,2026-05-16 08:33:00,2025-10-25 08:05:00,108,4,3,1,431,431,Promising / Needs Attention,1937
CUST-01801,Emma Roberts,emma.roberts316@example.com,Austin,TX,2024-05-10,Email Marketing,Standard,1,202.81,202.81,2024-07-04 05:53:00,2024-07-04 05:53:00,789,1,1,1,111,111,Lost / Inactive,1938
CUST-01493,Riley Moore,riley.moore30@example.com,Salt Lake City,UT,2025-01-17,Affiliate Referral,Silver,3,202.47,67.49,2025-10-30 01:20:00,2025-05-22 00:49:00,306,3,3,1,331,331,Promising / Needs Attention,1939
CUST-01810,Riley Ramirez,riley.ramirez712@example.com,Columbus,OH,2024-09-04,Affiliate Referral,Standard,1,201.99,201.99,2024-10-18 08:33:00,2024-10-18 08:33:00,683,1,1,1,111,111,Lost / Inactive,1940
CUST-02078,Michael Lewis,michael.lewis235@example.com,San Jose,CA,2023-12-03,Paid Search (Google),Standard,1,201.97,201.97,2025-01-12 06:53:00,2025-01-12 06:53:00,597,1,1,1,111,111,Lost / Inactive,1941
CUST-01844,Wyatt Hernandez,wyatt.hernandez89@example.com,Las Vegas,NV,2022-06-23,Social Media (Instagram/TikTok),Standard,1,201.22,201.22,2023-03-13 20:18:00,2023-03-13 20:18:00,1267,1,1,1,111,111,Lost / Inactive,1942
CUST-02306,Aiden Davis,aiden.davis18@example.com,Miami,FL,2026-04-04,Paid Search (Google),Standard,1,199.98,199.98,2026-04-30 06:26:00,2026-04-30 06:26:00,124,3,1,1,311,311,Promising / Needs Attention,1943
CUST-02418,Benjamin Thomas,benjamin.thomas799@example.com,San Francisco,CA,2024-01-27,Social Media (Instagram/TikTok),Standard,1,199.98,199.98,2024-04-22 19:03:00,2024-04-22 19:03:00,861,1,1,1,111,111,Lost / Inactive,1943
CUST-01874,William Young,william.young81@example.com,San Antonio,TX,2022-09-15,Paid Search (Google),Standard,1,197.79,197.79,2025-08-18 23:16:00,2025-08-18 23:16:00,378,2,1,1,211,211,Lost / Inactive,1944
CUST-00745,Joseph Clark,joseph.clark280@example.com,Denver,CO,2026-02-01,Email Marketing,Gold,3,197.45,65.82,2026-07-27 04:15:00,2026-05-18 03:39:00,36,5,3,1,531,531,Promising / Needs Attention,1945
CUST-01636,Oliver Lewis,oliver.lewis828@example.com,Atlanta,GA,2023-01-14,Organic Search,Standard,2,196.62,98.31,2026-07-07 12:52:00,2023-12-31 02:50:00,55,4,3,1,431,431,Promising / Needs Attention,1946
CUST-01277,Jackson Smith,jackson.smith769@example.com,Houston,TX,2025-10-19,Paid Search (Google),Silver,3,195.72,65.24,2026-02-23 03:49:00,2025-10-27 12:43:00,190,3,3,1,331,331,Promising / Needs Attention,1947
CUST-00681,Sophia Robinson,sophia.robinson61@example.com,Philadelphia,PA,2025-08-19,Email Marketing,Gold,2,195.22,97.61,2026-03-20 16:39:00,2025-08-29 13:14:00,164,3,3,1,331,331,Promising / Needs Attention,1948
CUST-02224,Scarlett Robinson,scarlett.robinson773@example.com,Indianapolis,IN,2025-03-12,Email Marketing,Standard,1,194.98,194.98,2025-07-09 01:51:00,2025-07-09 01:51:00,419,2,1,1,211,211,Lost / Inactive,1949
CUST-01207,Owen Green,owen.green557@example.com,Kansas City,MO,2023-05-06,Affiliate Referral,Silver,3,193.87,64.62,2026-06-16 17:07:00,2023-10-11 12:57:00,76,4,3,1,431,431,Promising / Needs Attention,1950
CUST-01035,Luke Martin,luke.martin384@example.com,Boston,MA,2023-11-15,Paid Search (Google),Silver,3,193.25,64.42,2026-01-25 23:28:00,2023-12-17 22:07:00,218,3,3,1,331,331,Promising / Needs Attention,1951
CUST-01038,Eleanor Martin,eleanor.martin19@example.com,Columbus,OH,2024-10-29,Social Media (Instagram/TikTok),Silver,2,192.78,96.39,2025-10-11 10:00:00,2025-07-09 12:18:00,325,2,3,1,231,231,Promising / Needs Attention,1952
CUST-01594,Scarlett Robinson,scarlett.robinson457@example.com,Chicago,IL,2025-02-03,Social Media (Instagram/TikTok),Standard,1,190.53,190.53,2025-03-18 02:46:00,2025-03-18 02:46:00,532,2,1,1,211,211,Lost / Inactive,1953
CUST-02232,John Jackson,john.jackson628@example.com,Kansas City,MO,2026-01-12,Affiliate Referral,Standard,1,189.99,189.99,2026-04-14 13:31:00,2026-04-14 13:31:00,139,3,1,1,311,311,Promising / Needs Attention,1954
CUST-00382,Abigail Hernandez,abigail.hernandez684@example.com,Charlotte,NC,2025-10-22,Social Media (Instagram/TikTok),Gold,2,189.96,94.98,2026-07-22 12:04:00,2026-02-20 10:02:00,40,4,3,1,431,431,Promising / Needs Attention,1955
CUST-02340,Harper Ramirez,harper.ramirez159@example.com,Minneapolis,MN,2022-07-15,Paid Search (Google),Standard,1,188.98,188.98,2023-04-12 01:42:00,2023-04-12 01:42:00,1238,1,1,1,111,111,Lost / Inactive,1956
CUST-01414,Ella Campbell,ella.campbell919@example.com,Atlanta,GA,2024-09-29,Email Marketing,Silver,4,188.96,47.24,2025-10-19 09:34:00,2024-12-25 12:52:00,317,2,4,1,241,241,Promising / Needs Attention,1957
CUST-01559,Sophia Smith,sophia.smith269@example.com,Portland,OR,2025-11-21,Email Marketing,Standard,1,187.97,187.97,2026-08-05 20:21:00,2026-08-05 20:21:00,26,5,1,1,511,511,New Recent Customers,1958
CUST-01811,Matthew Lee,matthew.lee611@example.com,New York,NY,2025-08-06,Organic Search,Standard,1,187.47,187.47,2026-03-28 19:27:00,2026-03-28 19:27:00,156,3,1,1,311,311,Promising / Needs Attention,1959
CUST-01457,Ella Allen,ella.allen243@example.com,Boston,MA,2023-01-18,Social Media (Instagram/TikTok),Silver,2,187.12,93.56,2024-10-24 05:13:00,2024-09-13 20:44:00,677,1,3,1,131,131,Promising / Needs Attention,1960
CUST-02136,Eleanor Williams,eleanor.williams59@example.com,San Jose,CA,2022-12-08,Social Media (Instagram/TikTok),Standard,1,187.0,187.0,2026-01-28 08:55:00,2026-01-28 08:55:00,216,3,1,1,311,311,Promising / Needs Attention,1961
CUST-01078,Mason Lopez,mason.lopez904@example.com,Los Angeles,CA,2023-07-19,Organic Search,Silver,2,186.45,93.22,2025-10-13 15:29:00,2025-07-13 03:57:00,322,2,3,1,231,231,Promising / Needs Attention,1962
CUST-01703,Hannah Allen,hannah.allen780@example.com,Portland,OR,2024-07-28,Organic Search,Standard,1,184.98,184.98,2024-08-15 01:51:00,2024-08-15 01:51:00,747,1,1,1,111,111,Lost / Inactive,1963
CUST-01575,James King,james.king795@example.com,Nashville,TN,2023-06-05,Email Marketing,Standard,1,184.97,184.97,2024-02-23 20:57:00,2024-02-23 20:57:00,920,1,1,1,111,111,Lost / Inactive,1964
CUST-01050,Lily Hall,lily.hall820@example.com,Los Angeles,CA,2024-04-07,Organic Search,Silver,2,184.77,92.39,2025-09-05 11:02:00,2024-09-27 21:54:00,361,2,3,1,231,231,Promising / Needs Attention,1965
CUST-00905,Elizabeth Anderson,elizabeth.anderson641@example.com,Kansas City,MO,2023-10-31,Paid Search (Google),Silver,3,183.57,61.19,2026-08-15 12:55:00,2024-04-09 08:38:00,16,5,3,1,531,531,Promising / Needs Attention,1966
CUST-02020,Grace Smith,grace.smith113@example.com,Boston,MA,2025-03-04,Paid Search (Google),Standard,2,183.49,91.75,2025-03-23 23:29:00,2025-03-18 16:29:00,526,2,3,1,231,231,Promising / Needs Attention,1967
CUST-00846,Ella Robinson,ella.robinson854@example.com,Indianapolis,IN,2023-06-26,Social Media (Instagram/TikTok),Silver,3,183.38,61.13,2025-01-21 18:18:00,2023-07-10 12:06:00,587,1,3,1,131,131,Promising / Needs Attention,1968
CUST-02196,Sebastian Nelson,sebastian.nelson280@example.com,Austin,TX,2024-09-27,Paid Search (Google),Standard,3,183.37,61.12,2025-01-30 18:50:00,2024-11-12 17:44:00,578,1,3,1,131,131,Promising / Needs Attention,1969
CUST-01060,Aria Nguyen,aria.nguyen132@example.com,Denver,CO,2023-10-11,Organic Search,Silver,2,183.26,91.63,2025-05-05 16:05:00,2024-08-23 08:15:00,483,2,3,1,231,231,Promising / Needs Attention,1970
CUST-01541,John Lee,john.lee472@example.com,Miami,FL,2023-03-01,Social Media (Instagram/TikTok),Standard,2,182.97,91.48,2024-07-27 13:34:00,2023-09-30 03:48:00,765,1,3,1,131,131,Promising / Needs Attention,1971
CUST-00987,Emma Hall,emma.hall862@example.com,Dallas,TX,2023-10-22,Social Media (Instagram/TikTok),Silver,2,182.15,91.07,2026-02-26 12:34:00,2024-12-28 16:16:00,186,3,3,1,331,331,Promising / Needs Attention,1972
CUST-01631,Camila Thompson,camila.thompson703@example.com,Philadelphia,PA,2023-05-24,Affiliate Referral,Standard,1,181.98,181.98,2024-10-10 23:38:00,2024-10-10 23:38:00,690,1,1,1,111,111,Lost / Inactive,1973
CUST-02310,Harper Brown,harper.brown510@example.com,Austin,TX,2022-06-11,Email Marketing,Standard,1,181.73,181.73,2025-12-06 10:34:00,2025-12-06 10:34:00,269,3,1,1,311,311,Promising / Needs Attention,1974
CUST-00877,Mia Rivera,mia.rivera335@example.com,Portland,OR,2023-08-25,Paid Search (Google),Silver,2,180.47,90.23,2025-08-24 05:35:00,2023-10-22 03:45:00,373,2,3,1,231,231,Promising / Needs Attention,1975
CUST-01673,Logan Allen,logan.allen140@example.com,Miami,FL,2026-05-27,Email Marketing,Standard,1,179.97,179.97,2026-07-13 18:39:00,2026-07-13 18:39:00,49,4,1,1,411,411,New Recent Customers,1976
CUST-01903,James Hernandez,james.hernandez845@example.com,Miami,FL,2022-06-04,Organic Search,Standard,3,179.36,59.79,2024-05-08 06:51:00,2023-03-16 14:49:00,846,1,3,1,131,131,Promising / Needs Attention,1977
CUST-02218,Noah Davis,noah.davis361@example.com,Seattle,WA,2025-02-16,Affiliate Referral,Standard,1,179.29,179.29,2025-11-07 13:42:00,2025-11-07 13:42:00,297,3,1,1,311,311,Promising / Needs Attention,1978
CUST-02380,Riley Taylor,riley.taylor215@example.com,San Jose,CA,2022-09-30,Paid Search (Google),Standard,3,179.28,59.76,2024-09-02 18:30:00,2023-04-04 07:02:00,728,1,3,1,131,131,Promising / Needs Attention,1979
CUST-01448,Matthew Nelson,matthew.nelson20@example.com,Columbus,OH,2022-12-15,Organic Search,Silver,2,178.47,89.23,2024-05-02 05:48:00,2023-05-10 17:42:00,852,1,3,1,131,131,Promising / Needs Attention,1980
CUST-02163,Luna Hill,luna.hill507@example.com,San Antonio,TX,2026-05-09,Email Marketing,Standard,1,177.97,177.97,2026-05-27 05:24:00,2026-05-27 05:24:00,97,4,1,1,411,411,New Recent Customers,1981
CUST-01981,Grace Moore,grace.moore141@example.com,Raleigh,NC,2025-11-26,Email Marketing,Standard,2,176.97,88.48,2026-05-11 20:13:00,2026-02-15 21:27:00,112,4,3,1,431,431,Promising / Needs Attention,1982
CUST-01947,Wyatt Martin,wyatt.martin844@example.com,Las Vegas,NV,2023-04-23,Organic Search,Standard,1,176.59,176.59,2023-08-06 08:30:00,2023-08-06 08:30:00,1122,1,1,1,111,111,Lost / Inactive,1983
CUST-01324,Jayden Baker,jayden.baker901@example.com,Tampa,FL,2025-06-03,Paid Search (Google),Silver,3,175.57,58.52,2026-07-25 01:16:00,2025-06-03 10:11:00,38,5,3,1,531,531,Promising / Needs Attention,1984
CUST-01586,Penelope Roberts,penelope.roberts422@example.com,Austin,TX,2026-01-16,Paid Search (Google),Standard,2,175.47,87.73,2026-06-30 17:46:00,2026-02-10 09:38:00,62,4,3,1,431,431,Promising / Needs Attention,1985
CUST-02088,Emma Smith,emma.smith990@example.com,Indianapolis,IN,2023-01-04,Affiliate Referral,Standard,1,174.98,174.98,2023-03-05 16:14:00,2023-03-05 16:14:00,1275,1,1,1,111,111,Lost / Inactive,1986
CUST-02116,Harper Hall,harper.hall730@example.com,Phoenix,AZ,2024-07-13,Organic Search,Standard,1,174.98,174.98,2026-04-27 18:31:00,2026-04-27 18:31:00,126,3,1,1,311,311,Promising / Needs Attention,1986
CUST-02318,Evelyn Baker,evelyn.baker796@example.com,San Antonio,TX,2023-10-26,Paid Search (Google),Standard,1,174.98,174.98,2026-04-09 05:48:00,2026-04-09 05:48:00,145,3,1,1,311,311,Promising / Needs Attention,1986
CUST-01239,Eleanor Harris,eleanor.harris77@example.com,San Jose,CA,2023-08-01,Affiliate Referral,Silver,2,174.97,87.48,2025-09-12 00:58:00,2025-04-28 14:32:00,354,2,3,1,231,231,Promising / Needs Attention,1987
CUST-01846,Ella Lewis,ella.lewis723@example.com,Los Angeles,CA,2025-12-22,Affiliate Referral,Standard,1,174.88,174.88,2026-02-07 04:52:00,2026-02-07 04:52:00,206,3,1,1,311,311,Promising / Needs Attention,1988
CUST-02466,Jack Jackson,jack.jackson340@example.com,Denver,CO,2024-03-14,Paid Search (Google),Standard,2,174.88,87.44,2026-05-12 04:43:00,2025-11-12 22:58:00,112,4,3,1,431,431,Promising / Needs Attention,1988
CUST-02352,Matthew Sanchez,matthew.sanchez79@example.com,Kansas City,MO,2026-01-12,Email Marketing,Standard,1,174.18,174.18,2026-02-03 14:06:00,2026-02-03 14:06:00,209,3,1,1,311,311,Promising / Needs Attention,1989
CUST-02455,Dylan Mitchell,dylan.mitchell113@example.com,Phoenix,AZ,2022-08-09,Email Marketing,Standard,2,173.26,86.63,2025-09-15 00:50:00,2022-09-06 15:44:00,351,2,3,1,231,231,Promising / Needs Attention,1990
CUST-00988,Charlotte Sanchez,charlotte.sanchez699@example.com,Raleigh,NC,2024-05-01,Organic Search,Silver,1,171.5,171.5,2025-05-17 22:46:00,2025-05-17 22:46:00,471,2,1,1,211,211,Lost / Inactive,1991
CUST-01821,Lucas Rodriguez,lucas.rodriguez559@example.com,Boston,MA,2025-02-04,Organic Search,Standard,3,171.44,57.15,2025-03-06 08:09:00,2025-02-11 15:44:00,544,2,3,1,231,231,Promising / Needs Attention,1992
CUST-02307,Lily Baker,lily.baker163@example.com,Portland,OR,2024-01-15,Affiliate Referral,Standard,2,170.96,85.48,2024-10-03 19:45:00,2024-07-07 12:51:00,697,1,3,1,131,131,Promising / Needs Attention,1993
CUST-01563,Samuel Rivera,samuel.rivera553@example.com,Boston,MA,2023-03-18,Social Media (Instagram/TikTok),Standard,2,170.95,85.48,2023-10-14 18:17:00,2023-04-09 11:11:00,1052,1,3,1,131,131,Promising / Needs Attention,1994
CUST-01598,Elijah Robinson,elijah.robinson686@example.com,Raleigh,NC,2025-08-08,Social Media (Instagram/TikTok),Standard,1,169.99,169.99,2025-10-25 21:14:00,2025-10-25 21:14:00,310,2,1,1,211,211,Lost / Inactive,1995
CUST-01910,Benjamin Jackson,benjamin.jackson97@example.com,Denver,CO,2023-02-11,Social Media (Instagram/TikTok),Standard,1,169.98,169.98,2026-05-16 07:48:00,2026-05-16 07:48:00,108,4,1,1,411,411,New Recent Customers,1996
CUST-01418,Owen Garcia,owen.garcia16@example.com,Boston,MA,2025-12-30,Social Media (Instagram/TikTok),Silver,2,168.47,84.23,2026-04-02 10:41:00,2026-02-17 04:38:00,152,3,3,1,331,331,Promising / Needs Attention,1997
CUST-01215,Mason Wilson,mason.wilson751@example.com,Los Angeles,CA,2024-12-27,Email Marketing,Silver,2,165.26,82.63,2025-03-09 19:03:00,2025-01-24 19:21:00,540,2,3,1,231,231,Promising / Needs Attention,1998
CUST-01494,Liam Lee,liam.lee396@example.com,Nashville,TN,2024-08-08,Social Media (Instagram/TikTok),Silver,2,164.97,82.48,2025-03-14 15:44:00,2024-09-18 16:19:00,535,2,3,1,231,231,Promising / Needs Attention,1999
CUST-01968,Elizabeth Sanchez,elizabeth.sanchez842@example.com,Salt Lake City,UT,2022-07-11,Email Marketing,Standard,2,164.95,82.47,2025-06-21 05:09:00,2022-08-27 02:47:00,437,2,3,1,231,231,Promising / Needs Attention,2000
CUST-02298,Logan Clark,logan.clark886@example.com,San Diego,CA,2026-02-10,Paid Search (Google),Standard,1,163.98,163.98,2026-05-06 13:36:00,2026-05-06 13:36:00,117,4,1,1,411,411,New Recent Customers,2001
CUST-02428,Noah Lopez,noah.lopez710@example.com,Portland,OR,2024-11-18,Affiliate Referral,Standard,2,163.98,81.99,2025-03-23 12:41:00,2024-12-22 09:51:00,526,2,3,1,231,231,Promising / Needs Attention,2001
CUST-01731,Hannah Hernandez,hannah.hernandez575@example.com,San Antonio,TX,2026-02-11,Affiliate Referral,Standard,2,163.96,81.98,2026-06-20 13:32:00,2026-02-27 15:22:00,72,4,3,1,431,431,Promising / Needs Attention,2002
CUST-02090,Luke Hernandez,luke.hernandez324@example.com,San Jose,CA,2025-02-05,Paid Search (Google),Standard,1,162.49,162.49,2025-03-16 12:11:00,2025-03-16 12:11:00,533,2,1,1,211,211,Lost / Inactive,2003
CUST-02029,Eleanor Nelson,eleanor.nelson282@example.com,Houston,TX,2024-10-10,Email Marketing,Standard,1,161.98,161.98,2026-06-16 06:49:00,2026-06-16 06:49:00,77,4,1,1,411,411,New Recent Customers,2004
CUST-01907,Lucas Lewis,lucas.lewis590@example.com,Kansas City,MO,2023-08-10,Paid Search (Google),Standard,2,161.69,80.84,2025-06-19 11:15:00,2024-12-15 14:26:00,439,2,3,1,231,231,Promising / Needs Attention,2005
CUST-01976,Matthew Williams,matthew.williams978@example.com,Portland,OR,2024-01-22,Affiliate Referral,Standard,2,161.49,80.75,2024-10-11 13:29:00,2024-08-17 21:10:00,689,1,3,1,131,131,Promising / Needs Attention,2006
CUST-00751,Sebastian Campbell,sebastian.campbell436@example.com,Charlotte,NC,2026-01-13,Organic Search,Silver,2,160.98,80.49,2026-08-07 19:48:00,2026-02-03 14:45:00,24,5,3,1,531,531,Promising / Needs Attention,2007
CUST-01841,William Garcia,william.garcia571@example.com,Las Vegas,NV,2023-10-10,Email Marketing,Standard,1,159.99,159.99,2024-09-29 01:59:00,2024-09-29 01:59:00,702,1,1,1,111,111,Lost / Inactive,2008
CUST-02240,Riley Baker,riley.baker784@example.com,Boston,MA,2024-03-12,Social Media (Instagram/TikTok),Standard,1,159.99,159.99,2024-08-18 19:25:00,2024-08-18 19:25:00,743,1,1,1,111,111,Lost / Inactive,2008
CUST-01670,Nora Jones,nora.jones388@example.com,Las Vegas,NV,2025-05-13,Email Marketing,Standard,1,159.98,159.98,2026-04-06 22:37:00,2026-04-06 22:37:00,147,3,1,1,311,311,Promising / Needs Attention,2009
CUST-01676,Chloe Davis,chloe.davis626@example.com,Tampa,FL,2024-09-14,Organic Search,Standard,1,159.98,159.98,2025-03-05 12:00:00,2025-03-05 12:00:00,545,2,1,1,211,211,Lost / Inactive,2009
CUST-01921,Nora Flores,nora.flores712@example.com,Las Vegas,NV,2025-01-29,Affiliate Referral,Standard,1,159.98,159.98,2025-07-27 13:16:00,2025-07-27 13:16:00,400,2,1,1,211,211,Lost / Inactive,2009
CUST-02086,Lucas Smith,lucas.smith791@example.com,Kansas City,MO,2026-01-10,Organic Search,Standard,1,159.98,159.98,2026-01-30 14:13:00,2026-01-30 14:13:00,213,3,1,1,311,311,Promising / Needs Attention,2009
CUST-02460,John Green,john.green470@example.com,Raleigh,NC,2024-11-09,Social Media (Instagram/TikTok),Standard,1,158.98,158.98,2026-01-07 06:50:00,2026-01-07 06:50:00,237,3,1,1,311,311,Promising / Needs Attention,2010
CUST-02273,Nora Thompson,nora.thompson281@example.com,Houston,TX,2025-07-02,Organic Search,Standard,1,158.97,158.97,2025-12-12 22:19:00,2025-12-12 22:19:00,262,3,1,1,311,311,Promising / Needs Attention,2011
CUST-00816,Jack Mitchell,jack.mitchell128@example.com,Houston,TX,2022-09-02,Organic Search,Silver,2,158.01,79.0,2023-09-25 03:03:00,2023-08-12 12:49:00,1072,1,3,1,131,131,Promising / Needs Attention,2012
CUST-00832,Henry Perez,henry.perez294@example.com,Los Angeles,CA,2025-04-04,Paid Search (Google),Silver,2,156.99,78.5,2025-07-31 04:24:00,2025-07-21 13:03:00,397,2,3,1,231,231,Promising / Needs Attention,2013
CUST-00661,Logan Rivera,logan.rivera296@example.com,Chicago,IL,2022-08-29,Paid Search (Google),Gold,4,156.98,39.24,2024-11-29 17:56:00,2022-10-31 19:49:00,640,1,4,1,141,141,Promising / Needs Attention,2014
CUST-02046,Sofia Lee,sofia.lee926@example.com,Los Angeles,CA,2023-06-08,Organic Search,Standard,1,156.97,156.97,2026-01-05 03:19:00,2026-01-05 03:19:00,239,3,1,1,311,311,Promising / Needs Attention,2015
CUST-02253,Charlotte Gonzalez,charlotte.gonzalez751@example.com,Indianapolis,IN,2024-06-25,Affiliate Referral,Standard,1,154.48,154.48,2025-10-29 22:18:00,2025-10-29 22:18:00,306,3,1,1,311,311,Promising / Needs Attention,2016
CUST-01679,Scarlett Young,scarlett.young38@example.com,Indianapolis,IN,2023-03-20,Paid Search (Google),Standard,2,153.19,76.59,2026-08-19 22:10:00,2025-07-14 14:53:00,12,5,3,1,531,531,Promising / Needs Attention,2017
CUST-02238,William Harris,william.harris300@example.com,Charlotte,NC,2023-08-09,Affiliate Referral,Standard,1,152.99,152.99,2024-02-06 18:44:00,2024-02-06 18:44:00,937,1,1,1,111,111,Lost / Inactive,2018
CUST-01506,Hannah Wilson,hannah.wilson686@example.com,Kansas City,MO,2025-01-13,Social Media (Instagram/TikTok),Standard,2,152.96,76.48,2025-03-30 15:59:00,2025-02-13 02:06:00,519,2,3,1,231,231,Promising / Needs Attention,2019
CUST-01265,Noah Williams,noah.williams591@example.com,Miami,FL,2026-05-14,Social Media (Instagram/TikTok),Silver,2,152.73,76.36,2026-08-22 17:00:00,2026-05-31 12:50:00,9,5,3,1,531,531,Promising / Needs Attention,2020
CUST-00755,Olivia Lopez,olivia.lopez207@example.com,Kansas City,MO,2023-07-17,Organic Search,Silver,3,152.69,50.9,2025-06-17 19:34:00,2024-04-23 14:51:00,440,2,3,1,231,231,Promising / Needs Attention,2021
CUST-02407,Penelope Martin,penelope.martin857@example.com,Chicago,IL,2022-10-01,Social Media (Instagram/TikTok),Standard,1,151.99,151.99,2025-07-11 22:16:00,2025-07-11 22:16:00,416,2,1,1,211,211,Lost / Inactive,2022
CUST-01724,Owen Hill,owen.hill376@example.com,Denver,CO,2023-05-29,Organic Search,Standard,2,151.98,75.99,2025-10-04 21:00:00,2023-12-18 21:43:00,331,2,3,1,231,231,Promising / Needs Attention,2023
CUST-02093,Scarlett Miller,scarlett.miller533@example.com,Kansas City,MO,2024-09-28,Paid Search (Google),Standard,2,151.8,75.9,2026-04-14 20:23:00,2025-05-30 19:08:00,139,3,3,1,331,331,Promising / Needs Attention,2024
CUST-02444,Sebastian Gonzalez,sebastian.gonzalez866@example.com,Nashville,TN,2024-01-22,Paid Search (Google),Standard,1,150.98,150.98,2025-09-18 23:04:00,2025-09-18 23:04:00,347,2,1,1,211,211,Lost / Inactive,2025
CUST-01789,Wyatt Wilson,wyatt.wilson323@example.com,Boston,MA,2024-07-12,Affiliate Referral,Standard,2,150.69,75.34,2025-12-02 14:08:00,2025-01-31 04:08:00,272,3,3,1,331,331,Promising / Needs Attention,2026
CUST-01135,Sofia King,sofia.king322@example.com,San Jose,CA,2025-02-28,Email Marketing,Silver,2,149.99,75.0,2026-07-22 16:38:00,2025-05-05 13:54:00,40,4,3,1,431,431,Promising / Needs Attention,2027
CUST-01839,Noah Smith,noah.smith266@example.com,Houston,TX,2026-05-23,Paid Search (Google),Standard,1,149.99,149.99,2026-06-23 15:19:00,2026-06-23 15:19:00,69,4,1,1,411,411,New Recent Customers,2027
CUST-01819,William Robinson,william.robinson68@example.com,Seattle,WA,2025-04-27,Organic Search,Standard,1,149.97,149.97,2025-06-11 18:09:00,2025-06-11 18:09:00,446,2,1,1,211,211,Lost / Inactive,2028
CUST-02282,Layla Sanchez,layla.sanchez412@example.com,Houston,TX,2023-08-25,Social Media (Instagram/TikTok),Standard,1,149.24,149.24,2025-02-15 08:46:00,2025-02-15 08:46:00,563,2,1,1,211,211,Lost / Inactive,2029
CUST-01643,Sebastian White,sebastian.white742@example.com,Columbus,OH,2024-09-27,Social Media (Instagram/TikTok),Standard,1,149.0,149.0,2026-05-19 12:22:00,2026-05-19 12:22:00,104,4,1,1,411,411,New Recent Customers,2030
CUST-02100,Jack Martinez,jack.martinez924@example.com,Las Vegas,NV,2026-04-08,Social Media (Instagram/TikTok),Standard,1,149.0,149.0,2026-05-28 10:31:00,2026-05-28 10:31:00,96,4,1,1,411,411,New Recent Customers,2030
CUST-01690,Oliver Torres,oliver.torres544@example.com,San Antonio,TX,2025-01-30,Affiliate Referral,Standard,2,148.98,74.49,2025-02-21 13:51:00,2025-02-11 07:20:00,556,2,3,1,231,231,Promising / Needs Attention,2031
CUST-02246,Sophia Perez,sophia.perez670@example.com,New York,NY,2022-10-21,Email Marketing,Standard,1,148.97,148.97,2026-03-17 12:42:00,2026-03-17 12:42:00,167,3,1,1,311,311,Promising / Needs Attention,2032
CUST-01211,Matthew Lopez,matthew.lopez124@example.com,Seattle,WA,2022-08-16,Paid Search (Google),Silver,3,147.96,49.32,2024-10-11 03:56:00,2023-10-30 06:56:00,690,1,3,1,131,131,Promising / Needs Attention,2033
CUST-01886,Evelyn Rivera,evelyn.rivera490@example.com,San Antonio,TX,2023-04-13,Paid Search (Google),Standard,1,147.9,147.9,2023-10-21 06:58:00,2023-10-21 06:58:00,1046,1,1,1,111,111,Lost / Inactive,2034
CUST-01876,Michael Thomas,michael.thomas529@example.com,Chicago,IL,2024-10-20,Email Marketing,Standard,1,147.13,147.13,2025-01-05 18:28:00,2025-01-05 18:28:00,603,1,1,1,111,111,Lost / Inactive,2035
CUST-01605,Zoey Wright,zoey.wright28@example.com,New York,NY,2024-08-17,Organic Search,Standard,1,146.98,146.98,2026-02-15 12:03:00,2026-02-15 12:03:00,197,3,1,1,311,311,Promising / Needs Attention,2036
CUST-02465,Elijah Anderson,elijah.anderson314@example.com,Miami,FL,2024-04-29,Organic Search,Standard,1,145.98,145.98,2026-03-31 13:34:00,2026-03-31 13:34:00,153,3,1,1,311,311,Promising / Needs Attention,2037
CUST-01307,Camila Miller,camila.miller45@example.com,Chicago,IL,2022-10-23,Affiliate Referral,Silver,1,144.49,144.49,2025-01-24 03:54:00,2025-01-24 03:54:00,585,1,1,1,111,111,Lost / Inactive,2038
CUST-01743,Zoey Johnson,zoey.johnson616@example.com,Indianapolis,IN,2025-12-04,Social Media (Instagram/TikTok),Standard,1,143.99,143.99,2026-03-14 04:02:00,2026-03-14 04:02:00,171,3,1,1,311,311,Promising / Needs Attention,2039
CUST-01958,Luna Nguyen,luna.nguyen454@example.com,Phoenix,AZ,2025-12-06,Email Marketing,Standard,1,143.99,143.99,2026-03-18 20:26:00,2026-03-18 20:26:00,166,3,1,1,311,311,Promising / Needs Attention,2039
CUST-01523,Logan Miller,logan.miller189@example.com,San Antonio,TX,2023-12-15,Email Marketing,Standard,1,142.47,142.47,2025-04-28 15:30:00,2025-04-28 15:30:00,490,2,1,1,211,211,Lost / Inactive,2040
CUST-01888,Layla Clark,layla.clark972@example.com,Denver,CO,2024-07-04,Email Marketing,Standard,1,141.96,141.96,2024-07-11 18:46:00,2024-07-11 18:46:00,781,1,1,1,111,111,Lost / Inactive,2041
CUST-01971,Elizabeth Hill,elizabeth.hill721@example.com,Philadelphia,PA,2022-06-11,Affiliate Referral,Standard,1,141.59,141.59,2025-03-12 11:01:00,2025-03-12 11:01:00,538,2,1,1,211,211,Lost / Inactive,2042
CUST-01782,Sofia Brown,sofia.brown654@example.com,Indianapolis,IN,2023-12-26,Paid Search (Google),Standard,2,141.09,70.55,2025-10-10 19:50:00,2025-09-22 05:19:00,325,2,3,1,231,231,Promising / Needs Attention,2043
CUST-01963,Harper Davis,harper.davis94@example.com,Houston,TX,2025-02-26,Affiliate Referral,Standard,1,141.0,141.0,2026-06-04 03:10:00,2026-06-04 03:10:00,89,4,1,1,411,411,New Recent Customers,2044
CUST-01181,Michael Brown,michael.brown199@example.com,Phoenix,AZ,2022-09-21,Social Media (Instagram/TikTok),Silver,1,139.98,139.98,2026-02-20 23:01:00,2026-02-20 23:01:00,192,3,1,1,311,311,Promising / Needs Attention,2045
CUST-02201,Jack Rodriguez,jack.rodriguez971@example.com,Minneapolis,MN,2024-08-08,Paid Search (Google),Standard,1,139.09,139.09,2025-06-12 13:30:00,2025-06-12 13:30:00,445,2,1,1,211,211,Lost / Inactive,2046
CUST-02028,Riley Mitchell,riley.mitchell349@example.com,Los Angeles,CA,2023-04-25,Paid Search (Google),Standard,1,137.48,137.48,2023-05-01 06:00:00,2023-05-01 06:00:00,1219,1,1,1,111,111,Lost / Inactive,2047
CUST-01867,Mila Martinez,mila.martinez394@example.com,San Antonio,TX,2026-01-05,Organic Search,Standard,1,136.98,136.98,2026-06-28 06:17:00,2026-06-28 06:17:00,65,4,1,1,411,411,New Recent Customers,2048
CUST-01017,Grayson Roberts,grayson.roberts764@example.com,Atlanta,GA,2022-11-08,Email Marketing,Silver,3,136.97,45.66,2026-07-21 11:17:00,2023-04-16 00:25:00,42,4,3,1,431,431,Promising / Needs Attention,2049
CUST-02405,Henry Hall,henry.hall460@example.com,Minneapolis,MN,2024-12-16,Organic Search,Standard,1,135.99,135.99,2024-12-22 01:36:00,2024-12-22 01:36:00,618,1,1,1,111,111,Lost / Inactive,2050
CUST-02051,Mason Perez,mason.perez379@example.com,Raleigh,NC,2024-06-10,Affiliate Referral,Standard,1,135.0,135.0,2024-09-27 04:18:00,2024-09-27 04:18:00,704,1,1,1,111,111,Lost / Inactive,2051
CUST-02388,Owen Baker,owen.baker710@example.com,Raleigh,NC,2022-07-08,Affiliate Referral,Standard,1,134.99,134.99,2026-01-18 20:38:00,2026-01-18 20:38:00,225,3,1,1,311,311,Promising / Needs Attention,2052
CUST-02495,Mason Roberts,mason.roberts913@example.com,Miami,FL,2025-02-26,Affiliate Referral,Standard,1,134.99,134.99,2025-10-07 13:35:00,2025-10-07 13:35:00,328,2,1,1,211,211,Lost / Inactive,2052
CUST-01693,Luke Garcia,luke.garcia836@example.com,San Francisco,CA,2025-10-25,Social Media (Instagram/TikTok),Standard,1,134.98,134.98,2026-01-13 16:38:00,2026-01-13 16:38:00,230,3,1,1,311,311,Promising / Needs Attention,2053
CUST-01710,Jack Scott,jack.scott472@example.com,Los Angeles,CA,2022-06-03,Email Marketing,Standard,1,134.98,134.98,2023-03-26 03:47:00,2023-03-26 03:47:00,1255,1,1,1,111,111,Lost / Inactive,2053
CUST-01949,Wyatt Sanchez,wyatt.sanchez83@example.com,Portland,OR,2024-01-01,Social Media (Instagram/TikTok),Standard,1,133.39,133.39,2024-07-25 13:47:00,2024-07-25 13:47:00,767,1,1,1,111,111,Lost / Inactive,2054
CUST-02083,Jacob Jones,jacob.jones156@example.com,Chicago,IL,2024-10-21,Paid Search (Google),Standard,2,133.22,66.61,2025-02-26 01:43:00,2024-10-26 03:39:00,552,2,3,1,231,231,Promising / Needs Attention,2055
CUST-01079,Grayson Gonzalez,grayson.gonzalez111@example.com,Los Angeles,CA,2025-08-13,Email Marketing,Silver,1,132.98,132.98,2025-09-02 14:49:00,2025-09-02 14:49:00,363,2,1,1,211,211,Lost / Inactive,2056
CUST-01444,Mason Wilson,mason.wilson143@example.com,Chicago,IL,2024-10-18,Organic Search,Silver,2,132.97,66.48,2025-10-29 22:06:00,2024-12-15 13:10:00,306,3,3,1,331,331,Promising / Needs Attention,2057
CUST-00773,Hannah Jackson,hannah.jackson275@example.com,Boston,MA,2024-09-06,Email Marketing,Silver,2,131.99,66.0,2026-02-16 18:30:00,2025-12-04 07:50:00,196,3,3,1,331,331,Promising / Needs Attention,2058
CUST-02349,Michael Thompson,michael.thompson934@example.com,Salt Lake City,UT,2025-05-11,Email Marketing,Standard,1,130.97,130.97,2026-02-14 04:46:00,2026-02-14 04:46:00,199,3,1,1,311,311,Promising / Needs Attention,2059
CUST-02384,Benjamin Scott,benjamin.scott500@example.com,Phoenix,AZ,2023-12-07,Organic Search,Standard,2,130.79,65.39,2025-09-24 00:29:00,2024-12-10 16:05:00,342,2,3,1,231,231,Promising / Needs Attention,2060
CUST-00930,Camila Nguyen,camila.nguyen567@example.com,Nashville,TN,2023-05-23,Email Marketing,Silver,3,130.58,43.53,2026-04-09 23:45:00,2025-08-11 19:08:00,144,3,3,1,331,331,Promising / Needs Attention,2061
CUST-01730,Mila Green,mila.green415@example.com,Houston,TX,2023-12-21,Affiliate Referral,Standard,1,129.99,129.99,2024-08-30 12:28:00,2024-08-30 12:28:00,731,1,1,1,111,111,Lost / Inactive,2062
CUST-01962,Aria Green,aria.green678@example.com,Atlanta,GA,2024-06-22,Organic Search,Standard,1,129.99,129.99,2024-10-30 21:25:00,2024-10-30 21:25:00,670,1,1,1,111,111,Lost / Inactive,2062
CUST-02077,Amelia Campbell,amelia.campbell773@example.com,Salt Lake City,UT,2024-07-22,Social Media (Instagram/TikTok),Standard,1,129.99,129.99,2025-11-07 10:10:00,2025-11-07 10:10:00,298,3,1,1,311,311,Promising / Needs Attention,2062
CUST-02082,Aiden Johnson,aiden.johnson327@example.com,Philadelphia,PA,2023-05-30,Email Marketing,Standard,1,129.99,129.99,2023-11-07 03:51:00,2023-11-07 03:51:00,1029,1,1,1,111,111,Lost / Inactive,2062
CUST-01755,William Nguyen,william.nguyen818@example.com,Kansas City,MO,2023-07-02,Affiliate Referral,Standard,1,129.98,129.98,2024-04-22 19:23:00,2024-04-22 19:23:00,861,1,1,1,111,111,Lost / Inactive,2063
CUST-02441,Daniel Torres,daniel.torres525@example.com,Nashville,TN,2025-12-12,Affiliate Referral,Standard,1,129.98,129.98,2025-12-22 11:40:00,2025-12-22 11:40:00,253,3,1,1,311,311,Promising / Needs Attention,2063
CUST-02331,Eleanor Hall,eleanor.hall349@example.com,Tampa,FL,2022-10-03,Organic Search,Standard,1,129.97,129.97,2025-06-13 01:51:00,2025-06-13 01:51:00,445,2,1,1,211,211,Lost / Inactive,2064
CUST-02063,Wyatt Young,wyatt.young711@example.com,San Francisco,CA,2025-04-17,Organic Search,Standard,1,129.75,129.75,2026-06-04 06:16:00,2026-06-04 06:16:00,89,4,1,1,411,411,New Recent Customers,2065
CUST-02173,Alexander Hall,alexander.hall457@example.com,Seattle,WA,2026-04-20,Affiliate Referral,Standard,2,129.52,64.76,2026-08-20 18:10:00,2026-05-19 06:05:00,11,5,3,1,531,531,Promising / Needs Attention,2066
CUST-02361,Luke Carter,luke.carter393@example.com,Charlotte,NC,2025-12-14,Organic Search,Standard,1,128.98,128.98,2026-05-11 02:55:00,2026-05-11 02:55:00,113,4,1,1,411,411,New Recent Customers,2067
CUST-01511,Jackson Baker,jackson.baker625@example.com,San Diego,CA,2024-09-09,Paid Search (Google),Standard,1,127.97,127.97,2026-04-18 16:09:00,2026-04-18 16:09:00,135,3,1,1,311,311,Promising / Needs Attention,2068
CUST-02491,Grace Wright,grace.wright502@example.com,Austin,TX,2022-12-15,Paid Search (Google),Standard,1,127.97,127.97,2023-08-18 01:41:00,2023-08-18 01:41:00,1110,1,1,1,111,111,Lost / Inactive,2068
CUST-01085,Matthew Jones,matthew.jones977@example.com,San Antonio,TX,2025-04-29,Organic Search,Silver,2,126.7,63.35,2026-08-14 17:53:00,2025-10-28 16:22:00,17,5,3,1,531,531,Promising / Needs Attention,2069
CUST-01505,Elizabeth Johnson,elizabeth.johnson652@example.com,Salt Lake City,UT,2025-04-23,Paid Search (Google),Standard,1,126.0,126.0,2026-06-12 20:25:00,2026-06-12 20:25:00,80,4,1,1,411,411,New Recent Customers,2070
CUST-01629,Grayson Miller,grayson.miller822@example.com,Boston,MA,2025-03-08,Social Media (Instagram/TikTok),Standard,2,125.97,62.98,2026-04-24 20:31:00,2026-02-13 19:08:00,129,3,3,1,331,331,Promising / Needs Attention,2071
CUST-01807,Luke Lewis,luke.lewis883@example.com,San Francisco,CA,2022-08-01,Social Media (Instagram/TikTok),Standard,1,125.48,125.48,2023-02-17 19:24:00,2023-02-17 19:24:00,1291,1,1,1,111,111,Lost / Inactive,2072
CUST-02165,Dylan Martinez,dylan.martinez665@example.com,San Antonio,TX,2024-03-17,Affiliate Referral,Standard,1,124.98,124.98,2025-02-07 04:08:00,2025-02-07 04:08:00,571,2,1,1,211,211,Lost / Inactive,2073
CUST-02212,Logan Jackson,logan.jackson278@example.com,Philadelphia,PA,2022-12-08,Organic Search,Standard,1,124.83,124.83,2023-12-30 13:39:00,2023-12-30 13:39:00,975,1,1,1,111,111,Lost / Inactive,2074
CUST-01901,Amelia Green,amelia.green596@example.com,Columbus,OH,2024-05-06,Paid Search (Google),Standard,1,124.24,124.24,2025-02-10 08:03:00,2025-02-10 08:03:00,568,2,1,1,211,211,Lost / Inactive,2075
CUST-01996,Joseph Mitchell,joseph.mitchell704@example.com,Indianapolis,IN,2025-05-24,Affiliate Referral,Standard,1,123.98,123.98,2025-07-04 07:35:00,2025-07-04 07:35:00,424,2,1,1,211,211,Lost / Inactive,2076
CUST-01589,Mila Young,mila.young466@example.com,Denver,CO,2025-01-31,Social Media (Instagram/TikTok),Standard,1,123.96,123.96,2025-04-11 18:07:00,2025-04-11 18:07:00,507,2,1,1,211,211,Lost / Inactive,2077
CUST-01117,Charlotte Davis,charlotte.davis697@example.com,Boston,MA,2024-10-15,Social Media (Instagram/TikTok),Silver,2,123.73,61.86,2026-06-03 15:40:00,2026-04-19 04:58:00,89,4,3,1,431,431,Promising / Needs Attention,2078
CUST-01431,Sebastian White,sebastian.white439@example.com,Minneapolis,MN,2024-05-30,Organic Search,Silver,2,123.38,61.69,2026-07-22 02:43:00,2026-05-25 17:57:00,41,4,3,1,431,431,Promising / Needs Attention,2079
CUST-01473,Olivia Miller,olivia.miller765@example.com,Los Angeles,CA,2022-10-18,Email Marketing,Silver,3,122.0,40.67,2026-01-04 22:00:00,2022-11-03 20:09:00,239,3,3,1,331,331,Promising / Needs Attention,2080
CUST-01353,Henry Mitchell,henry.mitchell432@example.com,Tampa,FL,2023-07-15,Email Marketing,Silver,1,121.98,121.98,2025-03-21 03:29:00,2025-03-21 03:29:00,529,2,1,1,211,211,Lost / Inactive,2081
CUST-01936,Charlotte Davis,charlotte.davis101@example.com,San Jose,CA,2025-09-25,Paid Search (Google),Standard,1,121.5,121.5,2026-02-10 11:26:00,2026-02-10 11:26:00,203,3,1,1,311,311,Promising / Needs Attention,2082
CUST-02156,Camila Baker,camila.baker53@example.com,Charlotte,NC,2026-01-09,Organic Search,Standard,1,120.96,120.96,2026-01-15 15:32:00,2026-01-15 15:32:00,228,3,1,1,311,311,Promising / Needs Attention,2083
CUST-01577,David Johnson,david.johnson301@example.com,Las Vegas,NV,2026-03-25,Organic Search,Standard,1,119.99,119.99,2026-05-16 10:16:00,2026-05-16 10:16:00,108,4,1,1,411,411,New Recent Customers,2084
CUST-01915,Sebastian Young,sebastian.young494@example.com,Columbus,OH,2024-04-21,Affiliate Referral,Standard,1,119.99,119.99,2024-05-07 02:31:00,2024-05-07 02:31:00,847,1,1,1,111,111,Lost / Inactive,2084
CUST-01973,Michael Adams,michael.adams175@example.com,Chicago,IL,2025-07-26,Social Media (Instagram/TikTok),Standard,1,119.97,119.97,2026-04-04 11:00:00,2026-04-04 11:00:00,150,3,1,1,311,311,Promising / Needs Attention,2085
CUST-02345,Olivia Jackson,olivia.jackson478@example.com,Houston,TX,2025-07-30,Email Marketing,Standard,1,119.97,119.97,2026-08-01 06:57:00,2026-08-01 06:57:00,31,5,1,1,511,511,New Recent Customers,2085
CUST-01217,Charlotte Perez,charlotte.perez488@example.com,Los Angeles,CA,2022-12-29,Affiliate Referral,Silver,1,118.98,118.98,2025-02-05 20:00:00,2025-02-05 20:00:00,572,1,1,1,111,111,Lost / Inactive,2086
CUST-01942,Jayden Martinez,jayden.martinez625@example.com,Austin,TX,2023-03-26,Organic Search,Standard,1,118.49,118.49,2025-03-12 08:14:00,2025-03-12 08:14:00,538,2,1,1,211,211,Lost / Inactive,2087
CUST-01516,Grayson Johnson,grayson.johnson66@example.com,Tampa,FL,2022-11-19,Social Media (Instagram/TikTok),Standard,1,118.47,118.47,2025-12-25 10:52:00,2025-12-25 10:52:00,250,3,1,1,311,311,Promising / Needs Attention,2088
CUST-00986,Avery Lee,avery.lee432@example.com,Seattle,WA,2025-04-23,Affiliate Referral,Silver,2,118.38,59.19,2026-01-09 12:57:00,2025-05-18 14:23:00,234,3,3,1,331,331,Promising / Needs Attention,2089
CUST-01220,Samuel Roberts,samuel.roberts461@example.com,Las Vegas,NV,2023-01-27,Social Media (Instagram/TikTok),Silver,2,117.98,58.99,2026-01-19 17:07:00,2023-08-19 04:02:00,224,3,3,1,331,331,Promising / Needs Attention,2090
CUST-01633,Avery Davis,avery.davis585@example.com,San Diego,CA,2025-02-21,Social Media (Instagram/TikTok),Standard,1,117.97,117.97,2025-03-04 23:50:00,2025-03-04 23:50:00,545,2,1,1,211,211,Lost / Inactive,2091
CUST-02160,Joseph Robinson,joseph.robinson489@example.com,Minneapolis,MN,2025-05-31,Email Marketing,Standard,1,117.23,117.23,2026-05-16 02:56:00,2026-05-16 02:56:00,108,4,1,1,411,411,New Recent Customers,2092
CUST-01004,Carter Lopez,carter.lopez520@example.com,Boston,MA,2023-08-06,Email Marketing,Silver,2,117.2,58.6,2025-10-21 12:42:00,2025-05-14 16:56:00,314,2,3,1,231,231,Promising / Needs Attention,2093
CUST-02496,John Baker,john.baker250@example.com,New York,NY,2024-01-17,Social Media (Instagram/TikTok),Standard,1,116.99,116.99,2024-03-01 03:36:00,2024-03-01 03:36:00,914,1,1,1,111,111,Lost / Inactive,2094
CUST-01965,Aria Hall,aria.hall773@example.com,Houston,TX,2025-09-27,Paid Search (Google),Standard,2,116.19,58.09,2026-05-30 23:18:00,2026-05-16 04:29:00,93,4,3,1,431,431,Promising / Needs Attention,2095
CUST-02066,James Hernandez,james.hernandez595@example.com,San Antonio,TX,2025-09-25,Organic Search,Standard,1,115.38,115.38,2026-08-17 10:01:00,2026-08-17 10:01:00,15,5,1,1,511,511,New Recent Customers,2096
CUST-01240,Zoey Ramirez,zoey.ramirez590@example.com,Indianapolis,IN,2024-05-01,Affiliate Referral,Silver,1,115.0,115.0,2024-05-02 17:57:00,2024-05-02 17:57:00,851,1,1,1,111,111,Lost / Inactive,2097
CUST-01822,Penelope Wilson,penelope.wilson143@example.com,Tampa,FL,2023-07-27,Social Media (Instagram/TikTok),Standard,1,115.0,115.0,2025-02-27 19:20:00,2025-02-27 19:20:00,550,2,1,1,211,211,Lost / Inactive,2097
CUST-01969,Grayson Jones,grayson.jones541@example.com,Kansas City,MO,2025-09-10,Affiliate Referral,Standard,1,115.0,115.0,2026-06-02 14:06:00,2026-06-02 14:06:00,90,4,1,1,411,411,New Recent Customers,2097
CUST-01584,Owen Garcia,owen.garcia418@example.com,Dallas,TX,2023-05-31,Paid Search (Google),Standard,1,114.97,114.97,2024-08-27 23:10:00,2024-08-27 23:10:00,734,1,1,1,111,111,Lost / Inactive,2098
CUST-01718,Sebastian Thomas,sebastian.thomas688@example.com,San Jose,CA,2024-04-30,Paid Search (Google),Standard,2,114.96,57.48,2025-01-28 23:45:00,2024-11-20 12:37:00,580,1,3,1,131,131,Promising / Needs Attention,2099
CUST-01046,Liam Martinez,liam.martinez60@example.com,San Francisco,CA,2022-07-16,Paid Search (Google),Silver,1,114.75,114.75,2025-06-17 05:13:00,2025-06-17 05:13:00,441,2,1,1,211,211,Lost / Inactive,2100
CUST-01897,Emma Davis,emma.davis799@example.com,Chicago,IL,2026-01-10,Email Marketing,Standard,1,114.75,114.75,2026-05-20 09:12:00,2026-05-20 09:12:00,104,4,1,1,411,411,New Recent Customers,2100
CUST-02424,Ella Clark,ella.clark69@example.com,Nashville,TN,2022-11-10,Social Media (Instagram/TikTok),Standard,1,114.75,114.75,2024-03-11 14:08:00,2024-03-11 14:08:00,903,1,1,1,111,111,Lost / Inactive,2100
CUST-02343,Hannah White,hannah.white693@example.com,Dallas,TX,2024-08-10,Email Marketing,Standard,2,114.46,57.23,2026-08-03 13:02:00,2025-12-02 06:56:00,28,5,3,1,531,531,Promising / Needs Attention,2101
CUST-01005,Chloe White,chloe.white884@example.com,Denver,CO,2023-12-25,Email Marketing,Silver,1,112.98,112.98,2025-01-18 10:44:00,2025-01-18 10:44:00,591,1,1,1,111,111,Lost / Inactive,2102
CUST-01960,Matthew Hall,matthew.hall620@example.com,Philadelphia,PA,2026-01-27,Email Marketing,Standard,1,112.74,112.74,2026-02-24 08:08:00,2026-02-24 08:08:00,189,3,1,1,311,311,Promising / Needs Attention,2103
CUST-01913,Sebastian Carter,sebastian.carter988@example.com,New York,NY,2026-02-22,Affiliate Referral,Standard,1,112.48,112.48,2026-03-27 18:44:00,2026-03-27 18:44:00,157,3,1,1,311,311,Promising / Needs Attention,2104
CUST-02225,Layla Gonzalez,layla.gonzalez266@example.com,Philadelphia,PA,2023-07-11,Social Media (Instagram/TikTok),Standard,1,111.98,111.98,2026-01-15 01:44:00,2026-01-15 01:44:00,229,3,1,1,311,311,Promising / Needs Attention,2105
CUST-01931,Penelope Roberts,penelope.roberts297@example.com,San Diego,CA,2023-11-10,Email Marketing,Standard,2,111.45,55.72,2025-03-10 13:04:00,2024-01-28 21:50:00,539,2,3,1,231,231,Promising / Needs Attention,2106
CUST-02311,Grace Nelson,grace.nelson864@example.com,New York,NY,2022-09-11,Social Media (Instagram/TikTok),Standard,1,110.79,110.79,2024-10-20 12:52:00,2024-10-20 12:52:00,680,1,1,1,111,111,Lost / Inactive,2107
CUST-01555,Emma Walker,emma.walker146@example.com,Tampa,FL,2024-03-24,Email Marketing,Standard,1,110.49,110.49,2024-10-05 14:15:00,2024-10-05 14:15:00,695,1,1,1,111,111,Lost / Inactive,2108
CUST-01510,John Moore,john.moore853@example.com,Austin,TX,2026-01-14,Paid Search (Google),Standard,2,110.38,55.19,2026-08-01 04:56:00,2026-07-19 14:10:00,31,5,3,1,531,531,Promising / Needs Attention,2109
CUST-02354,Camila Rodriguez,camila.rodriguez724@example.com,San Jose,CA,2025-09-18,Affiliate Referral,Standard,1,109.99,109.99,2026-03-06 16:07:00,2026-03-06 16:07:00,178,3,1,1,311,311,Promising / Needs Attention,2110
CUST-01009,Emma Lopez,emma.lopez441@example.com,Miami,FL,2023-03-03,Affiliate Referral,Silver,1,109.98,109.98,2025-08-13 08:46:00,2025-08-13 08:46:00,384,2,1,1,211,211,Lost / Inactive,2111
CUST-01704,Sebastian Brown,sebastian.brown335@example.com,Atlanta,GA,2025-07-07,Email Marketing,Standard,1,109.98,109.98,2026-04-03 03:17:00,2026-04-03 03:17:00,151,3,1,1,311,311,Promising / Needs Attention,2111
CUST-01933,Charlotte Hall,charlotte.hall350@example.com,Tampa,FL,2023-09-02,Affiliate Referral,Standard,1,109.98,109.98,2024-04-26 23:15:00,2024-04-26 23:15:00,857,1,1,1,111,111,Lost / Inactive,2111
CUST-02372,Luke Ramirez,luke.ramirez650@example.com,Denver,CO,2022-10-24,Affiliate Referral,Standard,1,109.98,109.98,2025-11-06 02:50:00,2025-11-06 02:50:00,299,3,1,1,311,311,Promising / Needs Attention,2111
CUST-01829,Wyatt Flores,wyatt.flores853@example.com,Indianapolis,IN,2023-05-25,Email Marketing,Standard,1,107.99,107.99,2023-07-05 09:41:00,2023-07-05 09:41:00,1154,1,1,1,111,111,Lost / Inactive,2112
CUST-02294,Grayson Mitchell,grayson.mitchell369@example.com,San Francisco,CA,2023-11-10,Email Marketing,Standard,1,107.98,107.98,2024-06-05 17:30:00,2024-06-05 17:30:00,817,1,1,1,111,111,Lost / Inactive,2113
CUST-01599,Grace Taylor,grace.taylor609@example.com,Chicago,IL,2025-03-28,Organic Search,Standard,1,107.97,107.97,2025-12-31 20:59:00,2025-12-31 20:59:00,243,3,1,1,311,311,Promising / Needs Attention,2114
CUST-02054,Harper Williams,harper.williams610@example.com,Minneapolis,MN,2023-06-26,Paid Search (Google),Standard,1,107.34,107.34,2026-02-03 23:08:00,2026-02-03 23:08:00,209,3,1,1,311,311,Promising / Needs Attention,2115
CUST-02319,Riley Scott,riley.scott214@example.com,Austin,TX,2024-02-15,Organic Search,Standard,1,105.48,105.48,2025-07-05 11:48:00,2025-07-05 11:48:00,423,2,1,1,211,211,Lost / Inactive,2116
CUST-01592,Luna Robinson,luna.robinson702@example.com,San Diego,CA,2026-01-17,Paid Search (Google),Standard,1,104.98,104.98,2026-08-30 16:42:00,2026-08-30 16:42:00,1,5,1,1,511,511,New Recent Customers,2117
CUST-01966,Penelope Walker,penelope.walker670@example.com,Salt Lake City,UT,2024-11-05,Social Media (Instagram/TikTok),Standard,1,103.48,103.48,2025-01-20 08:10:00,2025-01-20 08:10:00,589,1,1,1,111,111,Lost / Inactive,2118
CUST-02320,Matthew Torres,matthew.torres959@example.com,Minneapolis,MN,2024-12-31,Affiliate Referral,Standard,1,103.48,103.48,2025-10-28 18:37:00,2025-10-28 18:37:00,307,3,1,1,311,311,Promising / Needs Attention,2118
CUST-00945,Elizabeth Flores,elizabeth.flores685@example.com,Portland,OR,2023-11-24,Paid Search (Google),Silver,1,102.98,102.98,2025-02-03 00:03:00,2025-02-03 00:03:00,575,1,1,1,111,111,Lost / Inactive,2119
CUST-01251,Emma Flores,emma.flores532@example.com,Denver,CO,2023-02-17,Social Media (Instagram/TikTok),Silver,2,102.96,51.48,2024-12-29 18:07:00,2024-07-14 16:39:00,610,1,3,1,131,131,Promising / Needs Attention,2120
CUST-01738,Sophia Campbell,sophia.campbell239@example.com,Los Angeles,CA,2023-12-22,Email Marketing,Standard,2,101.99,50.99,2024-09-01 09:21:00,2024-07-04 05:43:00,730,1,3,1,131,131,Promising / Needs Attention,2121
CUST-02209,Jacob Wright,jacob.wright870@example.com,San Diego,CA,2024-07-14,Social Media (Instagram/TikTok),Standard,2,101.67,50.83,2025-01-05 05:41:00,2024-10-13 13:51:00,604,1,3,1,131,131,Promising / Needs Attention,2122
CUST-01151,Avery Hill,avery.hill247@example.com,San Diego,CA,2026-04-08,Organic Search,Silver,2,101.09,50.55,2026-08-18 23:40:00,2026-05-09 11:16:00,13,5,3,1,531,531,Promising / Needs Attention,2123
CUST-01372,Elizabeth White,elizabeth.white651@example.com,Atlanta,GA,2026-05-12,Organic Search,Silver,2,101.09,50.55,2026-08-20 06:05:00,2026-07-29 20:46:00,12,5,3,1,531,531,Promising / Needs Attention,2123
CUST-01490,Benjamin Hall,benjamin.hall77@example.com,Tampa,FL,2024-02-15,Organic Search,Silver,2,100.99,50.5,2025-05-19 19:18:00,2025-03-17 09:21:00,469,2,3,1,231,231,Promising / Needs Attention,2124
CUST-01572,Lucas Campbell,lucas.campbell897@example.com,Phoenix,AZ,2023-02-09,Social Media (Instagram/TikTok),Standard,1,100.2,100.2,2026-05-16 03:04:00,2026-05-16 03:04:00,108,4,1,1,411,411,New Recent Customers,2125
CUST-02064,Emily Lewis,emily.lewis778@example.com,Portland,OR,2024-07-26,Affiliate Referral,Standard,1,100.0,100.0,2025-02-09 16:37:00,2025-02-09 16:37:00,568,2,1,1,211,211,Lost / Inactive,2126
CUST-02484,Abigail Young,abigail.young843@example.com,Philadelphia,PA,2025-03-14,Social Media (Instagram/TikTok),Standard,1,99.99,99.99,2026-07-30 06:53:00,2026-07-30 06:53:00,33,5,1,1,511,511,New Recent Customers,2127
CUST-01635,Abigail Hall,abigail.hall904@example.com,Portland,OR,2025-10-20,Organic Search,Standard,1,99.98,99.98,2026-06-20 13:40:00,2026-06-20 13:40:00,72,4,1,1,411,411,New Recent Customers,2128
CUST-01678,Abigail Davis,abigail.davis390@example.com,Austin,TX,2024-07-06,Social Media (Instagram/TikTok),Standard,1,99.98,99.98,2026-01-26 20:33:00,2026-01-26 20:33:00,217,3,1,1,311,311,Promising / Needs Attention,2128
CUST-01798,Noah Wright,noah.wright215@example.com,San Jose,CA,2023-07-08,Social Media (Instagram/TikTok),Standard,1,99.98,99.98,2024-12-11 08:41:00,2024-12-11 08:41:00,629,1,1,1,111,111,Lost / Inactive,2128
CUST-02487,Michael Rivera,michael.rivera192@example.com,Los Angeles,CA,2024-10-04,Social Media (Instagram/TikTok),Standard,1,99.98,99.98,2025-02-16 08:10:00,2025-02-16 08:10:00,562,2,1,1,211,211,Lost / Inactive,2128
CUST-01861,Evelyn Perez,evelyn.perez189@example.com,Minneapolis,MN,2026-04-09,Social Media (Instagram/TikTok),Standard,1,99.97,99.97,2026-07-24 11:31:00,2026-07-24 11:31:00,39,5,1,1,511,511,New Recent Customers,2129
CUST-02333,Hannah Rodriguez,hannah.rodriguez238@example.com,Las Vegas,NV,2026-01-01,Paid Search (Google),Standard,1,99.57,99.57,2026-02-19 14:25:00,2026-02-19 14:25:00,193,3,1,1,311,311,Promising / Needs Attention,2130
CUST-01118,Joseph Gonzalez,joseph.gonzalez338@example.com,Seattle,WA,2025-09-29,Organic Search,Silver,2,99.47,49.73,2026-04-28 21:37:00,2025-11-28 14:42:00,125,3,3,1,331,331,Promising / Needs Attention,2131
CUST-02269,Layla Gonzalez,layla.gonzalez80@example.com,Dallas,TX,2024-10-14,Paid Search (Google),Standard,1,98.99,98.99,2025-02-20 06:10:00,2025-02-20 06:10:00,558,2,1,1,211,211,Lost / Inactive,2132
CUST-01630,Henry Wilson,henry.wilson580@example.com,Los Angeles,CA,2022-07-08,Social Media (Instagram/TikTok),Standard,1,98.59,98.59,2022-07-25 04:37:00,2022-07-25 04:37:00,1499,1,1,1,111,111,Lost / Inactive,2133
CUST-02169,Logan Jones,logan.jones290@example.com,Denver,CO,2022-11-15,Social Media (Instagram/TikTok),Standard,1,97.48,97.48,2023-03-31 07:35:00,2023-03-31 07:35:00,1250,1,1,1,111,111,Lost / Inactive,2134
CUST-02327,Oliver Carter,oliver.carter875@example.com,Denver,CO,2023-02-13,Email Marketing,Standard,1,97.28,97.28,2024-09-23 18:23:00,2024-09-23 18:23:00,707,1,1,1,111,111,Lost / Inactive,2135
CUST-00277,Ella Roberts,ella.roberts150@example.com,Columbus,OH,2023-11-06,Social Media (Instagram/TikTok),Gold,2,95.72,47.86,2024-05-23 05:15:00,2024-02-05 11:56:00,831,1,3,1,131,131,Promising / Needs Attention,2136
CUST-02436,Chloe Walker,chloe.walker975@example.com,Austin,TX,2025-11-25,Organic Search,Standard,1,94.99,94.99,2026-03-08 23:33:00,2026-03-08 23:33:00,176,3,1,1,311,311,Promising / Needs Attention,2137
CUST-01883,Matthew Hill,matthew.hill560@example.com,Phoenix,AZ,2025-07-07,Paid Search (Google),Standard,1,94.98,94.98,2026-03-28 22:43:00,2026-03-28 22:43:00,156,3,1,1,311,311,Promising / Needs Attention,2138
CUST-02452,Samuel Davis,samuel.davis93@example.com,Boston,MA,2024-10-10,Affiliate Referral,Standard,1,94.98,94.98,2025-07-05 19:57:00,2025-07-05 19:57:00,422,2,1,1,211,211,Lost / Inactive,2138
CUST-02059,Carter Lewis,carter.lewis654@example.com,Salt Lake City,UT,2023-01-27,Email Marketing,Standard,1,94.97,94.97,2024-04-02 17:53:00,2024-04-02 17:53:00,881,1,1,1,111,111,Lost / Inactive,2139
CUST-01772,Carter Williams,carter.williams40@example.com,San Antonio,TX,2023-07-11,Social Media (Instagram/TikTok),Standard,1,92.13,92.13,2024-06-12 22:34:00,2024-06-12 22:34:00,810,1,1,1,111,111,Lost / Inactive,2140
CUST-01258,Evelyn Smith,evelyn.smith83@example.com,Minneapolis,MN,2022-07-03,Paid Search (Google),Silver,2,91.98,45.99,2024-10-17 07:07:00,2024-07-29 06:23:00,684,1,3,1,131,131,Promising / Needs Attention,2141
CUST-01338,Aiden Clark,aiden.clark720@example.com,Indianapolis,IN,2025-01-30,Paid Search (Google),Silver,2,91.19,45.59,2025-11-26 23:41:00,2025-09-30 04:57:00,278,3,3,1,331,331,Promising / Needs Attention,2142
CUST-00835,Samuel Davis,samuel.davis519@example.com,Raleigh,NC,2026-01-29,Organic Search,Silver,2,90.97,45.48,2026-07-21 10:06:00,2026-05-20 14:24:00,42,4,3,1,431,431,Promising / Needs Attention,2143
CUST-01439,Lucas Clark,lucas.clark481@example.com,Chicago,IL,2023-01-25,Paid Search (Google),Silver,2,90.97,45.48,2026-06-18 01:13:00,2026-01-24 16:15:00,75,4,3,1,431,431,Promising / Needs Attention,2143
CUST-01326,Liam Walker,liam.walker938@example.com,Charlotte,NC,2022-09-02,Paid Search (Google),Silver,1,90.68,90.68,2024-12-13 20:17:00,2024-12-13 20:17:00,626,1,1,1,111,111,Lost / Inactive,2144
CUST-01871,David Perez,david.perez258@example.com,San Antonio,TX,2025-06-09,Organic Search,Standard,1,89.99,89.99,2026-01-20 23:05:00,2026-01-20 23:05:00,223,3,1,1,311,311,Promising / Needs Attention,2145
CUST-02172,Emily Gonzalez,emily.gonzalez367@example.com,Boston,MA,2025-02-11,Email Marketing,Standard,1,89.99,89.99,2026-04-14 17:17:00,2026-04-14 17:17:00,139,3,1,1,311,311,Promising / Needs Attention,2145
CUST-02250,Harper White,harper.white970@example.com,Charlotte,NC,2022-12-28,Organic Search,Standard,1,89.99,89.99,2026-03-17 15:09:00,2026-03-17 15:09:00,167,3,1,1,311,311,Promising / Needs Attention,2145
CUST-02480,Mia Rivera,mia.rivera714@example.com,San Jose,CA,2022-08-18,Email Marketing,Standard,1,89.99,89.99,2023-06-29 14:41:00,2023-06-29 14:41:00,1159,1,1,1,111,111,Lost / Inactive,2145
CUST-02276,Chloe Miller,chloe.miller60@example.com,Minneapolis,MN,2024-07-23,Email Marketing,Standard,1,87.58,87.58,2025-09-23 16:52:00,2025-09-23 16:52:00,342,2,1,1,211,211,Lost / Inactive,2146
CUST-01985,Jacob Rivera,jacob.rivera391@example.com,Nashville,TN,2026-02-06,Affiliate Referral,Standard,1,87.19,87.19,2026-08-17 14:32:00,2026-08-17 14:32:00,14,5,1,1,511,511,New Recent Customers,2147
CUST-02007,Evelyn Walker,evelyn.walker519@example.com,Portland,OR,2026-04-04,Affiliate Referral,Standard,1,86.22,86.22,2026-04-30 14:58:00,2026-04-30 14:58:00,123,3,1,1,311,311,Promising / Needs Attention,2148
CUST-02206,Emma Green,emma.green798@example.com,Nashville,TN,2023-04-10,Organic Search,Standard,1,85.89,85.89,2024-10-25 21:10:00,2024-10-25 21:10:00,675,1,1,1,111,111,Lost / Inactive,2149
CUST-01950,Jacob Hall,jacob.hall886@example.com,San Francisco,CA,2024-08-15,Organic Search,Standard,2,85.68,42.84,2025-01-06 14:37:00,2024-10-25 18:00:00,602,1,3,1,131,131,Promising / Needs Attention,2150
CUST-01742,William Green,william.green650@example.com,Houston,TX,2022-07-28,Email Marketing,Standard,2,84.98,42.49,2024-11-06 17:22:00,2023-04-10 21:49:00,663,1,3,1,131,131,Promising / Needs Attention,2151
CUST-02144,Luna Lewis,luna.lewis814@example.com,Phoenix,AZ,2024-04-25,Social Media (Instagram/TikTok),Standard,1,84.98,84.98,2026-01-28 00:20:00,2026-01-28 00:20:00,216,3,1,1,311,311,Promising / Needs Attention,2151
CUST-01899,Jack Hernandez,jack.hernandez859@example.com,Boston,MA,2023-10-31,Social Media (Instagram/TikTok),Standard,1,84.96,84.96,2024-06-24 04:58:00,2024-06-24 04:58:00,799,1,1,1,111,111,Lost / Inactive,2152
CUST-02013,Chloe Davis,chloe.davis356@example.com,Las Vegas,NV,2023-10-25,Affiliate Referral,Standard,1,84.0,84.0,2024-12-25 16:49:00,2024-12-25 16:49:00,614,1,1,1,111,111,Lost / Inactive,2153
CUST-01610,Olivia Wilson,olivia.wilson502@example.com,Minneapolis,MN,2023-03-25,Paid Search (Google),Standard,1,83.38,83.38,2024-01-22 20:14:00,2024-01-22 20:14:00,952,1,1,1,111,111,Lost / Inactive,2154
CUST-01914,Sophia Miller,sophia.miller226@example.com,Portland,OR,2022-06-15,Email Marketing,Standard,1,82.99,82.99,2023-10-14 08:23:00,2023-10-14 08:23:00,1053,1,1,1,111,111,Lost / Inactive,2155
CUST-02459,Amelia Campbell,amelia.campbell56@example.com,Chicago,IL,2024-05-27,Email Marketing,Standard,1,82.47,82.47,2025-06-11 11:40:00,2025-06-11 11:40:00,447,2,1,1,211,211,Lost / Inactive,2156
CUST-01997,Layla Walker,layla.walker616@example.com,Phoenix,AZ,2023-11-13,Organic Search,Standard,1,81.48,81.48,2023-11-15 01:36:00,2023-11-15 01:36:00,1021,1,1,1,111,111,Lost / Inactive,2157
CUST-02221,Abigail Wilson,abigail.wilson897@example.com,Seattle,WA,2023-01-22,Paid Search (Google),Standard,1,81.47,81.47,2025-05-01 08:29:00,2025-05-01 08:29:00,488,2,1,1,211,211,Lost / Inactive,2158
CUST-02133,Amelia Jones,amelia.jones226@example.com,Charlotte,NC,2022-06-23,Social Media (Instagram/TikTok),Standard,2,81.06,40.53,2023-02-05 16:15:00,2023-01-08 10:12:00,1303,1,3,1,131,131,Promising / Needs Attention,2159
CUST-01808,Evelyn Torres,evelyn.torres904@example.com,Phoenix,AZ,2024-02-16,Organic Search,Standard,1,80.99,80.99,2026-05-15 14:29:00,2026-05-15 14:29:00,108,4,1,1,411,411,New Recent Customers,2160
CUST-01875,Michael Rodriguez,michael.rodriguez103@example.com,Philadelphia,PA,2025-09-26,Affiliate Referral,Standard,1,80.98,80.98,2026-06-05 08:32:00,2026-06-05 08:32:00,88,4,1,1,411,411,New Recent Customers,2161
CUST-01047,Amelia Jackson,amelia.jackson285@example.com,Phoenix,AZ,2024-11-14,Organic Search,Silver,1,79.99,79.99,2025-03-09 16:41:00,2025-03-09 16:41:00,540,2,1,1,211,211,Lost / Inactive,2162
CUST-01632,Noah Jones,noah.jones355@example.com,Boston,MA,2023-01-20,Affiliate Referral,Standard,1,79.99,79.99,2023-08-26 08:41:00,2023-08-26 08:41:00,1102,1,1,1,111,111,Lost / Inactive,2162
CUST-01713,Joseph Green,joseph.green227@example.com,Nashville,TN,2025-04-11,Social Media (Instagram/TikTok),Standard,1,79.99,79.99,2025-11-27 18:29:00,2025-11-27 18:29:00,277,3,1,1,311,311,Promising / Needs Attention,2162
CUST-01830,Sofia Lopez,sofia.lopez931@example.com,Charlotte,NC,2024-11-01,Email Marketing,Standard,1,79.99,79.99,2025-11-14 05:48:00,2025-11-14 05:48:00,291,3,1,1,311,311,Promising / Needs Attention,2162
CUST-01878,Ethan Hill,ethan.hill264@example.com,Austin,TX,2024-01-06,Affiliate Referral,Standard,1,79.99,79.99,2025-08-01 00:56:00,2025-08-01 00:56:00,396,2,1,1,211,211,Lost / Inactive,2162
CUST-02170,Nora Clark,nora.clark547@example.com,San Antonio,TX,2026-03-03,Social Media (Instagram/TikTok),Standard,1,79.99,79.99,2026-04-24 17:02:00,2026-04-24 17:02:00,129,3,1,1,311,311,Promising / Needs Attention,2162
CUST-02248,Joseph Sanchez,joseph.sanchez91@example.com,San Francisco,CA,2024-03-03,Email Marketing,Standard,1,79.99,79.99,2024-07-01 16:11:00,2024-07-01 16:11:00,791,1,1,1,111,111,Lost / Inactive,2162
CUST-02456,Olivia Hall,olivia.hall180@example.com,Chicago,IL,2023-02-27,Affiliate Referral,Standard,1,79.99,79.99,2023-05-21 11:33:00,2023-05-21 11:33:00,1199,1,1,1,111,111,Lost / Inactive,2162
CUST-01517,Matthew Jones,matthew.jones932@example.com,Boston,MA,2024-06-14,Organic Search,Standard,1,79.98,79.98,2025-07-31 07:38:00,2025-07-31 07:38:00,397,2,1,1,211,211,Lost / Inactive,2163
CUST-01597,Sophia Allen,sophia.allen120@example.com,Portland,OR,2024-10-18,Email Marketing,Standard,1,79.98,79.98,2026-01-24 23:09:00,2026-01-24 23:09:00,219,3,1,1,311,311,Promising / Needs Attention,2163
CUST-02211,Amelia Davis,amelia.davis480@example.com,Charlotte,NC,2023-02-07,Organic Search,Standard,1,79.59,79.59,2024-10-03 02:43:00,2024-10-03 02:43:00,698,1,1,1,111,111,Lost / Inactive,2164
CUST-01986,Alexander Clark,alexander.clark851@example.com,Phoenix,AZ,2024-03-09,Email Marketing,Standard,1,78.79,78.79,2025-01-26 23:51:00,2025-01-26 23:51:00,582,1,1,1,111,111,Lost / Inactive,2165
CUST-01071,Alexander Jones,alexander.jones553@example.com,Phoenix,AZ,2024-12-07,Social Media (Instagram/TikTok),Silver,2,78.19,39.09,2025-05-19 00:35:00,2024-12-30 23:48:00,470,2,3,1,231,231,Promising / Needs Attention,2166
CUST-02482,Noah Green,noah.green652@example.com,New York,NY,2023-10-17,Paid Search (Google),Standard,1,77.99,77.99,2026-07-07 10:54:00,2026-07-07 10:54:00,56,4,1,1,411,411,New Recent Customers,2167
CUST-01291,Wyatt Robinson,wyatt.robinson801@example.com,Las Vegas,NV,2023-10-09,Affiliate Referral,Silver,2,77.98,38.99,2024-10-18 20:21:00,2024-01-21 06:41:00,682,1,3,1,131,131,Promising / Needs Attention,2168
CUST-02328,James Robinson,james.robinson836@example.com,Columbus,OH,2025-04-26,Email Marketing,Standard,1,76.97,76.97,2025-11-05 06:34:00,2025-11-05 06:34:00,300,3,1,1,311,311,Promising / Needs Attention,2169
CUST-01504,Riley Sanchez,riley.sanchez267@example.com,Charlotte,NC,2025-04-21,Email Marketing,Standard,1,76.49,76.49,2026-02-18 12:30:00,2026-02-18 12:30:00,194,3,1,1,311,311,Promising / Needs Attention,2170
CUST-01622,Nora Hall,nora.hall456@example.com,New York,NY,2023-04-27,Social Media (Instagram/TikTok),Standard,1,76.49,76.49,2025-03-02 15:42:00,2025-03-02 15:42:00,547,2,1,1,211,211,Lost / Inactive,2170
CUST-02288,Dylan Ramirez,dylan.ramirez352@example.com,New York,NY,2023-05-30,Social Media (Instagram/TikTok),Standard,1,76.49,76.49,2023-12-12 06:59:00,2023-12-12 06:59:00,994,1,1,1,111,111,Lost / Inactive,2170
CUST-01760,Logan Martinez,logan.martinez490@example.com,Austin,TX,2025-10-18,Social Media (Instagram/TikTok),Standard,1,75.99,75.99,2026-04-19 10:39:00,2026-04-19 10:39:00,135,3,1,1,311,311,Promising / Needs Attention,2171
CUST-01683,Victoria Torres,victoria.torres473@example.com,San Jose,CA,2024-07-12,Email Marketing,Standard,1,75.98,75.98,2026-01-25 08:56:00,2026-01-25 08:56:00,219,3,1,1,311,311,Promising / Needs Attention,2172
CUST-02236,Emma Lee,emma.lee714@example.com,New York,NY,2024-04-04,Paid Search (Google),Standard,1,75.6,75.6,2024-08-05 02:25:00,2024-08-05 02:25:00,757,1,1,1,111,111,Lost / Inactive,2173
CUST-01858,Ella Clark,ella.clark318@example.com,Columbus,OH,2025-10-09,Email Marketing,Standard,2,75.47,37.73,2026-05-15 15:03:00,2025-10-13 06:53:00,108,4,3,1,431,431,Promising / Needs Attention,2174
CUST-01941,Samuel Martinez,samuel.martinez845@example.com,Austin,TX,2023-08-23,Email Marketing,Standard,1,74.98,74.98,2024-03-03 13:22:00,2024-03-03 13:22:00,911,1,1,1,111,111,Lost / Inactive,2175
CUST-01561,Sophia Nguyen,sophia.nguyen193@example.com,Dallas,TX,2023-05-14,Affiliate Referral,Standard,1,74.97,74.97,2023-07-11 23:43:00,2023-07-11 23:43:00,1147,1,1,1,111,111,Lost / Inactive,2176
CUST-02146,Henry Wilson,henry.wilson635@example.com,Charlotte,NC,2022-11-01,Paid Search (Google),Standard,1,74.97,74.97,2026-07-01 02:55:00,2026-07-01 02:55:00,62,4,2,1,421,421,Promising / Needs Attention,2176
CUST-02132,David Johnson,david.johnson255@example.com,Austin,TX,2023-04-30,Affiliate Referral,Standard,1,74.59,74.59,2024-12-04 18:51:00,2024-12-04 18:51:00,635,1,2,1,121,121,Lost / Inactive,2177
CUST-01579,Olivia Garcia,olivia.garcia481@example.com,Kansas City,MO,2026-05-20,Email Marketing,Standard,1,74.48,74.48,2026-07-31 21:13:00,2026-07-31 21:13:00,31,5,2,1,521,521,Promising / Needs Attention,2178
CUST-01706,Liam Moore,liam.moore577@example.com,Nashville,TN,2026-03-14,Organic Search,Standard,1,73.99,73.99,2026-04-26 15:26:00,2026-04-26 15:26:00,127,3,2,1,321,321,Promising / Needs Attention,2179
CUST-01121,Chloe Martinez,chloe.martinez785@example.com,Raleigh,NC,2022-11-23,Organic Search,Silver,2,73.47,36.73,2025-02-21 22:18:00,2024-03-27 20:31:00,556,2,3,1,231,231,Promising / Needs Attention,2180
CUST-02141,Noah Jackson,noah.jackson175@example.com,Phoenix,AZ,2026-03-29,Email Marketing,Standard,1,73.1,73.1,2026-08-19 16:14:00,2026-08-19 16:14:00,12,5,2,1,521,521,Promising / Needs Attention,2181
CUST-02392,Jacob Perez,jacob.perez457@example.com,Los Angeles,CA,2023-10-01,Paid Search (Google),Standard,1,72.99,72.99,2026-02-08 15:43:00,2026-02-08 15:43:00,204,3,2,1,321,321,Promising / Needs Attention,2182
CUST-02415,Lily Ramirez,lily.ramirez596@example.com,Raleigh,NC,2025-08-07,Affiliate Referral,Standard,1,72.99,72.99,2025-10-25 16:40:00,2025-10-25 16:40:00,310,2,2,1,221,221,Lost / Inactive,2182
CUST-02230,Grace White,grace.white929@example.com,Minneapolis,MN,2022-10-10,Email Marketing,Standard,1,72.98,72.98,2023-02-05 12:06:00,2023-02-05 12:06:00,1303,1,2,1,121,121,Lost / Inactive,2183
CUST-01812,Evelyn Martinez,evelyn.martinez985@example.com,San Jose,CA,2025-08-07,Affiliate Referral,Standard,1,72.97,72.97,2026-03-20 04:28:00,2026-03-20 04:28:00,165,3,2,1,321,321,Promising / Needs Attention,2184
CUST-02368,John Torres,john.torres569@example.com,Tampa,FL,2022-10-26,Social Media (Instagram/TikTok),Standard,1,72.19,72.19,2024-08-08 08:31:00,2024-08-08 08:31:00,754,1,2,1,121,121,Lost / Inactive,2185
CUST-02314,Zoey Nguyen,zoey.nguyen950@example.com,Chicago,IL,2024-01-17,Paid Search (Google),Standard,1,71.97,71.97,2025-02-15 13:31:00,2025-02-15 13:31:00,562,2,2,1,221,221,Lost / Inactive,2186
CUST-01711,Scarlett Adams,scarlett.adams181@example.com,New York,NY,2022-10-02,Email Marketing,Standard,1,70.29,70.29,2023-01-23 12:13:00,2023-01-23 12:13:00,1316,1,2,1,121,121,Lost / Inactive,2187
CUST-01768,Avery Robinson,avery.robinson648@example.com,San Antonio,TX,2023-10-03,Email Marketing,Standard,1,69.98,69.98,2025-04-24 23:17:00,2025-04-24 23:17:00,494,2,2,1,221,221,Lost / Inactive,2188
CUST-01128,Jackson Hernandez,jackson.hernandez71@example.com,Austin,TX,2023-07-17,Affiliate Referral,Silver,1,69.18,69.18,2026-07-17 19:30:00,2026-07-17 19:30:00,45,4,2,1,421,421,Promising / Needs Attention,2189
CUST-02283,Hannah Wilson,hannah.wilson185@example.com,Indianapolis,IN,2023-07-22,Social Media (Instagram/TikTok),Standard,1,68.99,68.99,2025-07-23 18:33:00,2025-07-23 18:33:00,404,2,2,1,221,221,Lost / Inactive,2190
CUST-01398,Mason Lewis,mason.lewis276@example.com,Seattle,WA,2023-06-13,Paid Search (Google),Silver,2,67.99,34.0,2026-06-23 10:57:00,2025-08-13 09:38:00,70,4,3,1,431,431,Promising / Needs Attention,2191
CUST-00928,Carter Harris,carter.harris490@example.com,Atlanta,GA,2022-09-04,Organic Search,Silver,1,66.49,66.49,2024-09-23 05:17:00,2024-09-23 05:17:00,708,1,2,1,121,121,Lost / Inactive,2192
CUST-02104,Penelope Lewis,penelope.lewis748@example.com,Indianapolis,IN,2025-02-04,Organic Search,Standard,1,66.49,66.49,2026-06-30 20:06:00,2026-06-30 20:06:00,62,4,2,1,421,421,Promising / Needs Attention,2192
CUST-00801,Oliver Hill,oliver.hill59@example.com,Las Vegas,NV,2023-01-08,Organic Search,Silver,1,65.98,65.98,2026-08-19 01:31:00,2026-08-19 01:31:00,13,5,2,1,521,521,Promising / Needs Attention,2193
CUST-01641,Luke Clark,luke.clark797@example.com,Columbus,OH,2022-06-14,Paid Search (Google),Standard,1,65.9,65.9,2024-11-04 16:28:00,2024-11-04 16:28:00,665,1,2,1,121,121,Lost / Inactive,2194
CUST-01518,Wyatt Campbell,wyatt.campbell872@example.com,Phoenix,AZ,2023-09-27,Organic Search,Standard,1,65.09,65.09,2026-07-17 12:42:00,2026-07-17 12:42:00,45,4,2,1,421,421,Promising / Needs Attention,2195
CUST-01677,Harper White,harper.white595@example.com,Austin,TX,2022-08-22,Affiliate Referral,Standard,1,64.99,64.99,2022-11-29 23:51:00,2022-11-29 23:51:00,1371,1,2,1,121,121,Lost / Inactive,2196
CUST-01546,Oliver Sanchez,oliver.sanchez642@example.com,Boston,MA,2025-10-12,Social Media (Instagram/TikTok),Standard,1,64.98,64.98,2026-08-08 03:00:00,2026-08-08 03:00:00,24,5,2,1,521,521,Promising / Needs Attention,2197
CUST-02316,Jack Sanchez,jack.sanchez935@example.com,Houston,TX,2023-11-18,Social Media (Instagram/TikTok),Standard,1,64.98,64.98,2026-07-05 23:52:00,2026-07-05 23:52:00,57,4,2,1,421,421,Promising / Needs Attention,2197
CUST-01163,Scarlett Lewis,scarlett.lewis417@example.com,Austin,TX,2024-01-07,Email Marketing,Silver,2,64.47,32.23,2025-03-25 19:38:00,2024-12-26 21:12:00,524,2,3,1,231,231,Promising / Needs Attention,2198
CUST-02295,Jackson White,jackson.white479@example.com,New York,NY,2024-05-23,Social Media (Instagram/TikTok),Standard,1,64.0,64.0,2025-03-08 10:19:00,2025-03-08 10:19:00,542,2,2,1,221,221,Lost / Inactive,2199
CUST-02362,Ethan Lee,ethan.lee120@example.com,Salt Lake City,UT,2024-12-07,Email Marketing,Standard,1,63.8,63.8,2026-06-04 03:39:00,2026-06-04 03:39:00,89,4,2,1,421,421,Promising / Needs Attention,2200
CUST-01521,Harper Roberts,harper.roberts836@example.com,San Jose,CA,2024-04-05,Affiliate Referral,Standard,1,63.03,63.03,2024-11-08 07:34:00,2024-11-08 07:34:00,662,1,2,1,121,121,Lost / Inactive,2201
CUST-02095,Logan Thompson,logan.thompson681@example.com,Austin,TX,2023-09-06,Email Marketing,Standard,1,62.99,62.99,2026-08-31 21:12:00,2026-08-31 21:12:00,0,5,2,1,521,521,Promising / Needs Attention,2202
CUST-02398,Mia Jones,mia.jones266@example.com,San Francisco,CA,2023-07-27,Email Marketing,Standard,1,62.99,62.99,2024-11-09 02:50:00,2024-11-09 02:50:00,661,1,2,1,121,121,Lost / Inactive,2202
CUST-01649,Isabella Sanchez,isabella.sanchez787@example.com,Los Angeles,CA,2026-02-12,Paid Search (Google),Standard,1,62.79,62.79,2026-08-04 13:22:00,2026-08-04 13:22:00,27,5,2,1,521,521,Promising / Needs Attention,2203
CUST-02153,Layla Clark,layla.clark887@example.com,Charlotte,NC,2026-03-25,Paid Search (Google),Standard,2,61.97,30.98,2026-05-07 05:20:00,2026-04-30 13:26:00,117,4,3,1,431,431,Promising / Needs Attention,2204
CUST-01507,Zoey Torres,zoey.torres754@example.com,Minneapolis,MN,2022-10-01,Affiliate Referral,Standard,1,61.74,61.74,2024-11-16 23:22:00,2024-11-16 23:22:00,653,1,2,1,121,121,Lost / Inactive,2205
CUST-01944,Eleanor Green,eleanor.green858@example.com,San Antonio,TX,2025-03-10,Social Media (Instagram/TikTok),Standard,1,61.74,61.74,2026-02-04 21:02:00,2026-02-04 21:02:00,208,3,2,1,321,321,Promising / Needs Attention,2205
CUST-01823,Zoey Rivera,zoey.rivera690@example.com,Miami,FL,2023-04-22,Affiliate Referral,Standard,1,61.73,61.73,2025-03-08 02:26:00,2025-03-08 02:26:00,542,2,2,1,221,221,Lost / Inactive,2206
CUST-01856,Emma Harris,emma.harris227@example.com,Atlanta,GA,2023-08-25,Organic Search,Standard,1,61.48,61.48,2025-07-26 12:20:00,2025-07-26 12:20:00,401,2,2,1,221,221,Lost / Inactive,2207
CUST-02231,Emily Williams,emily.williams991@example.com,Portland,OR,2023-11-01,Affiliate Referral,Standard,1,60.52,60.52,2024-04-04 11:46:00,2024-04-04 11:46:00,880,1,2,1,121,121,Lost / Inactive,2208
CUST-02061,Emily Hill,emily.hill290@example.com,Salt Lake City,UT,2023-02-20,Social Media (Instagram/TikTok),Standard,1,59.98,59.98,2023-04-14 01:47:00,2023-04-14 01:47:00,1236,1,2,1,121,121,Lost / Inactive,2209
CUST-02158,Amelia Jackson,amelia.jackson394@example.com,Philadelphia,PA,2025-08-11,Email Marketing,Standard,1,59.98,59.98,2026-01-26 23:34:00,2026-01-26 23:34:00,217,3,2,1,321,321,Promising / Needs Attention,2209
CUST-01774,Sofia Lopez,sofia.lopez210@example.com,New York,NY,2023-05-27,Social Media (Instagram/TikTok),Standard,2,59.73,29.86,2024-06-16 20:00:00,2023-10-15 03:21:00,806,1,3,1,131,131,Promising / Needs Attention,2210
CUST-02023,Daniel Walker,daniel.walker414@example.com,Seattle,WA,2024-02-03,Social Media (Instagram/TikTok),Standard,1,59.49,59.49,2026-01-03 09:53:00,2026-01-03 09:53:00,241,3,2,1,321,321,Promising / Needs Attention,2211
CUST-02073,Chloe Lee,chloe.lee95@example.com,Salt Lake City,UT,2025-06-29,Social Media (Instagram/TikTok),Standard,1,59.48,59.48,2026-07-03 08:32:00,2026-07-03 08:32:00,60,4,2,1,421,421,Promising / Needs Attention,2212
CUST-01609,Jacob Davis,jacob.davis845@example.com,New York,NY,2026-04-26,Paid Search (Google),Standard,1,58.49,58.49,2026-08-12 02:43:00,2026-08-12 02:43:00,20,5,2,1,521,521,Promising / Needs Attention,2213
CUST-01934,William Adams,william.adams361@example.com,Denver,CO,2024-07-21,Affiliate Referral,Standard,1,58.3,58.3,2024-10-04 11:48:00,2024-10-04 11:48:00,697,1,2,1,121,121,Lost / Inactive,2214
CUST-01625,Lily Rodriguez,lily.rodriguez914@example.com,Austin,TX,2026-05-27,Email Marketing,Standard,1,58.0,58.0,2026-06-26 00:13:00,2026-06-26 00:13:00,67,4,2,1,421,421,Promising / Needs Attention,2215
CUST-01720,James Hill,james.hill497@example.com,New York,NY,2022-06-20,Paid Search (Google),Standard,1,58.0,58.0,2024-11-25 19:53:00,2024-11-25 19:53:00,644,1,2,1,121,121,Lost / Inactive,2215
CUST-01935,Zoey Anderson,zoey.anderson238@example.com,Dallas,TX,2023-01-23,Social Media (Instagram/TikTok),Standard,1,58.0,58.0,2024-09-08 05:13:00,2024-09-08 05:13:00,723,1,2,1,121,121,Lost / Inactive,2215
CUST-02497,Ella Clark,ella.clark72@example.com,San Francisco,CA,2024-03-23,Social Media (Instagram/TikTok),Standard,1,58.0,58.0,2025-03-19 17:52:00,2025-03-19 17:52:00,530,2,2,1,221,221,Lost / Inactive,2215
CUST-02222,Olivia Lee,olivia.lee151@example.com,San Diego,CA,2022-11-18,Paid Search (Google),Standard,1,57.6,57.6,2025-06-15 08:17:00,2025-06-15 08:17:00,443,2,2,1,221,221,Lost / Inactive,2216
CUST-02032,Abigail Thompson,abigail.thompson522@example.com,New York,NY,2026-04-02,Paid Search (Google),Standard,1,57.48,57.48,2026-05-15 01:11:00,2026-05-15 01:11:00,109,4,2,1,421,421,Promising / Needs Attention,2217
CUST-02047,James Brown,james.brown686@example.com,Raleigh,NC,2024-03-20,Paid Search (Google),Standard,1,56.99,56.99,2025-01-29 08:54:00,2025-01-29 08:54:00,580,1,2,1,121,121,Lost / Inactive,2218
CUST-01746,Luke Carter,luke.carter107@example.com,Minneapolis,MN,2024-12-01,Affiliate Referral,Standard,1,55.24,55.24,2025-06-21 16:27:00,2025-06-21 16:27:00,436,2,2,1,221,221,Lost / Inactive,2219
CUST-02164,Lucas Moore,lucas.moore475@example.com,Los Angeles,CA,2025-06-21,Paid Search (Google),Standard,1,55.24,55.24,2026-06-22 05:28:00,2026-06-22 05:28:00,71,4,2,1,421,421,Promising / Needs Attention,2219
CUST-02498,Samuel Clark,samuel.clark410@example.com,Indianapolis,IN,2024-11-22,Email Marketing,Standard,1,55.18,55.18,2026-03-07 12:15:00,2026-03-07 12:15:00,177,3,2,1,321,321,Promising / Needs Attention,2220
CUST-02499,Layla Taylor,layla.taylor944@example.com,Los Angeles,CA,2023-12-02,Email Marketing,Standard,1,55.1,55.1,2025-08-19 06:44:00,2025-08-19 06:44:00,378,2,2,1,221,221,Lost / Inactive,2221
CUST-02002,Aiden Moore,aiden.moore985@example.com,Boston,MA,2025-05-02,Paid Search (Google),Standard,1,54.99,54.99,2025-10-29 02:33:00,2025-10-29 02:33:00,307,3,2,1,321,321,Promising / Needs Attention,2222
CUST-01735,Jackson Baker,jackson.baker583@example.com,Atlanta,GA,2022-06-05,Email Marketing,Standard,1,54.98,54.98,2025-06-13 09:56:00,2025-06-13 09:56:00,445,2,2,1,221,221,Lost / Inactive,2223
CUST-01951,Mason Lee,mason.lee780@example.com,Indianapolis,IN,2025-09-01,Organic Search,Standard,1,54.98,54.98,2025-09-25 23:01:00,2025-09-25 23:01:00,340,2,2,1,221,221,Lost / Inactive,2223
CUST-02241,Mila Gonzalez,mila.gonzalez60@example.com,Indianapolis,IN,2025-03-08,Email Marketing,Standard,1,54.98,54.98,2026-04-03 21:57:00,2026-04-03 21:57:00,150,3,2,1,321,321,Promising / Needs Attention,2223
CUST-02435,Madison Hill,madison.hill817@example.com,Seattle,WA,2024-04-17,Email Marketing,Standard,1,54.98,54.98,2024-04-25 18:15:00,2024-04-25 18:15:00,858,1,2,1,121,121,Lost / Inactive,2223
CUST-01721,John Scott,john.scott926@example.com,Salt Lake City,UT,2026-05-11,Email Marketing,Standard,1,52.47,52.47,2026-05-15 00:23:00,2026-05-15 00:23:00,109,4,2,1,421,421,Promising / Needs Attention,2224
CUST-01959,Sofia Williams,sofia.williams131@example.com,San Diego,CA,2024-08-21,Email Marketing,Standard,1,52.24,52.24,2024-10-01 04:43:00,2024-10-01 04:43:00,700,1,2,1,121,121,Lost / Inactive,2225
CUST-02251,Daniel Brown,daniel.brown855@example.com,New York,NY,2023-03-12,Organic Search,Standard,1,52.2,52.2,2023-12-18 20:35:00,2023-12-18 20:35:00,987,1,2,1,121,121,Lost / Inactive,2226
CUST-01700,Isabella Martin,isabella.martin409@example.com,Houston,TX,2024-03-17,Paid Search (Google),Standard,1,51.73,51.73,2024-05-03 07:12:00,2024-05-03 07:12:00,851,1,2,1,121,121,Lost / Inactive,2227
CUST-02334,Matthew Green,matthew.green328@example.com,Raleigh,NC,2022-06-14,Email Marketing,Standard,1,50.69,50.69,2024-02-03 22:34:00,2024-02-03 22:34:00,940,1,2,1,121,121,Lost / Inactive,2228
CUST-02237,Lily Torres,lily.torres824@example.com,San Jose,CA,2023-09-20,Affiliate Referral,Standard,1,50.39,50.39,2024-03-05 17:18:00,2024-03-05 17:18:00,909,1,2,1,121,121,Lost / Inactive,2229
CUST-00767,Ella Robinson,ella.robinson319@example.com,Las Vegas,NV,2025-05-02,Affiliate Referral,Silver,1,49.99,49.99,2026-05-08 04:01:00,2026-05-08 04:01:00,116,4,2,1,421,421,Promising / Needs Attention,2230
CUST-01637,Amelia Scott,amelia.scott52@example.com,Portland,OR,2023-01-02,Paid Search (Google),Standard,1,49.99,49.99,2023-03-31 09:44:00,2023-03-31 09:44:00,1250,1,2,1,121,121,Lost / Inactive,2230
CUST-02475,Jack Campbell,jack.campbell465@example.com,Portland,OR,2023-02-14,Email Marketing,Standard,1,49.99,49.99,2026-02-26 15:28:00,2026-02-26 15:28:00,186,3,2,1,321,321,Promising / Needs Attention,2230
CUST-01536,Camila Allen,camila.allen77@example.com,Seattle,WA,2024-10-09,Affiliate Referral,Standard,1,49.98,49.98,2025-08-30 21:10:00,2025-08-30 21:10:00,366,2,2,1,221,221,Lost / Inactive,2231
CUST-02015,Ella Smith,ella.smith765@example.com,Minneapolis,MN,2025-08-08,Email Marketing,Standard,1,49.98,49.98,2026-07-02 02:15:00,2026-07-02 02:15:00,61,4,2,1,421,421,Promising / Needs Attention,2231
CUST-02022,Grayson Smith,grayson.smith169@example.com,Columbus,OH,2026-02-04,Social Media (Instagram/TikTok),Standard,1,49.98,49.98,2026-08-21 19:03:00,2026-08-21 19:03:00,10,5,2,1,521,521,Promising / Needs Attention,2231
CUST-02419,Wyatt Williams,wyatt.williams640@example.com,Dallas,TX,2024-06-10,Social Media (Instagram/TikTok),Standard,1,49.98,49.98,2024-11-21 15:00:00,2024-11-21 15:00:00,648,1,2,1,121,121,Lost / Inactive,2231
CUST-01640,Carter Perez,carter.perez848@example.com,Phoenix,AZ,2023-02-07,Paid Search (Google),Standard,1,49.89,49.89,2024-06-23 09:09:00,2024-06-23 09:09:00,800,1,2,1,121,121,Lost / Inactive,2232
CUST-01564,Lucas Lee,lucas.lee55@example.com,Phoenix,AZ,2025-03-19,Social Media (Instagram/TikTok),Standard,1,48.23,48.23,2025-08-21 09:06:00,2025-08-21 09:06:00,376,2,2,1,221,221,Lost / Inactive,2233
CUST-02005,Charlotte Hernandez,charlotte.hernandez599@example.com,Los Angeles,CA,2022-11-21,Social Media (Instagram/TikTok),Standard,1,48.23,48.23,2023-10-19 01:35:00,2023-10-19 01:35:00,1048,1,2,1,121,121,Lost / Inactive,2233
CUST-01446,Mila Miller,mila.miller43@example.com,Indianapolis,IN,2026-02-11,Affiliate Referral,Silver,1,48.0,48.0,2026-03-03 00:46:00,2026-03-03 00:46:00,182,3,2,1,321,321,Promising / Needs Attention,2234
CUST-01652,Matthew Campbell,matthew.campbell770@example.com,San Jose,CA,2024-05-05,Organic Search,Standard,1,48.0,48.0,2026-07-15 16:02:00,2026-07-15 16:02:00,47,4,2,1,421,421,Promising / Needs Attention,2234
CUST-01849,Chloe Thomas,chloe.thomas214@example.com,Chicago,IL,2022-07-03,Email Marketing,Standard,1,48.0,48.0,2024-04-23 12:33:00,2024-04-23 12:33:00,860,1,2,1,121,121,Lost / Inactive,2234
CUST-02430,Camila Taylor,camila.taylor26@example.com,Las Vegas,NV,2024-05-24,Affiliate Referral,Standard,1,48.0,48.0,2025-03-25 23:34:00,2025-03-25 23:34:00,524,2,2,1,221,221,Lost / Inactive,2234
CUST-02001,Elizabeth Lewis,elizabeth.lewis372@example.com,Indianapolis,IN,2025-01-15,Affiliate Referral,Standard,1,47.99,47.99,2025-01-21 23:45:00,2025-01-21 23:45:00,587,1,2,1,121,121,Lost / Inactive,2235
CUST-02004,Samuel Garcia,samuel.garcia659@example.com,Chicago,IL,2022-11-05,Paid Search (Google),Standard,1,47.98,47.98,2024-10-10 14:27:00,2024-10-10 14:27:00,690,1,2,1,121,121,Lost / Inactive,2236
CUST-02197,James Clark,james.clark43@example.com,New York,NY,2022-07-24,Paid Search (Google),Standard,1,47.79,47.79,2026-06-25 00:24:00,2026-06-25 00:24:00,68,4,2,1,421,421,Promising / Needs Attention,2237
CUST-01554,Chloe Nguyen,chloe.nguyen710@example.com,Minneapolis,MN,2024-12-25,Organic Search,Standard,1,47.49,47.49,2025-10-04 16:17:00,2025-10-04 16:17:00,331,2,2,1,221,221,Lost / Inactive,2238
CUST-01904,William Roberts,william.roberts723@example.com,Boston,MA,2025-05-11,Email Marketing,Standard,1,47.49,47.49,2025-08-09 15:36:00,2025-08-09 15:36:00,387,2,2,1,221,221,Lost / Inactive,2238
CUST-01661,Lucas Campbell,lucas.campbell71@example.com,Kansas City,MO,2024-07-03,Social Media (Instagram/TikTok),Standard,1,47.48,47.48,2024-11-29 21:29:00,2024-11-29 21:29:00,640,1,2,1,121,121,Lost / Inactive,2239
CUST-01088,Riley Mitchell,riley.mitchell118@example.com,Columbus,OH,2025-12-29,Affiliate Referral,Silver,1,46.99,46.99,2026-08-15 23:05:00,2026-08-15 23:05:00,16,5,2,1,521,521,Promising / Needs Attention,2240
CUST-02070,Scarlett Williams,scarlett.williams664@example.com,Phoenix,AZ,2023-12-21,Paid Search (Google),Standard,1,46.99,46.99,2024-09-24 08:19:00,2024-09-24 08:19:00,707,1,2,1,121,121,Lost / Inactive,2240
CUST-02108,David Rodriguez,david.rodriguez831@example.com,Minneapolis,MN,2023-10-17,Email Marketing,Standard,1,46.74,46.74,2025-03-21 22:50:00,2025-03-21 22:50:00,528,2,2,1,221,221,Lost / Inactive,2241
CUST-01920,Harper King,harper.king296@example.com,Salt Lake City,UT,2023-10-23,Social Media (Instagram/TikTok),Standard,1,45.98,45.98,2024-06-25 03:29:00,2024-06-25 03:29:00,798,1,2,1,121,121,Lost / Inactive,2242
CUST-02421,Harper Martin,harper.martin592@example.com,Las Vegas,NV,2024-03-19,Social Media (Instagram/TikTok),Standard,1,45.69,45.69,2024-11-09 03:03:00,2024-11-09 03:03:00,661,1,2,1,121,121,Lost / Inactive,2243
CUST-01890,Noah Davis,noah.davis404@example.com,Nashville,TN,2023-04-29,Paid Search (Google),Standard,1,44.98,44.98,2024-02-11 09:37:00,2024-02-11 09:37:00,933,1,2,1,121,121,Lost / Inactive,2244
CUST-02471,Amelia Anderson,amelia.anderson692@example.com,Dallas,TX,2023-03-16,Organic Search,Standard,1,44.98,44.98,2023-08-03 23:48:00,2023-08-03 23:48:00,1124,1,2,1,121,121,Lost / Inactive,2244
CUST-02472,Michael Scott,michael.scott868@example.com,Portland,OR,2023-05-12,Organic Search,Standard,1,44.98,44.98,2023-12-06 03:23:00,2023-12-06 03:23:00,1000,1,2,1,121,121,Lost / Inactive,2244
CUST-02389,Eleanor Brown,eleanor.brown406@example.com,Columbus,OH,2024-07-12,Paid Search (Google),Standard,1,44.19,44.19,2026-05-13 10:11:00,2026-05-13 10:11:00,111,4,2,1,421,421,Promising / Needs Attention,2245
CUST-01449,Michael Nguyen,michael.nguyen932@example.com,San Antonio,TX,2023-06-14,Social Media (Instagram/TikTok),Silver,1,43.48,43.48,2025-01-29 10:48:00,2025-01-29 10:48:00,580,1,2,1,121,121,Lost / Inactive,2246
CUST-01556,Ella Rivera,ella.rivera402@example.com,Salt Lake City,UT,2024-10-14,Affiliate Referral,Standard,1,42.98,42.98,2024-11-08 23:21:00,2024-11-08 23:21:00,661,1,2,1,121,121,Lost / Inactive,2247
CUST-01588,Mason Thompson,mason.thompson691@example.com,Houston,TX,2024-06-22,Affiliate Referral,Standard,1,42.49,42.49,2025-08-09 18:35:00,2025-08-09 18:35:00,387,2,2,1,221,221,Lost / Inactive,2248
CUST-01590,Jack Garcia,jack.garcia784@example.com,Boston,MA,2024-06-24,Affiliate Referral,Standard,1,42.49,42.49,2025-02-25 17:56:00,2025-02-25 17:56:00,552,2,2,1,221,221,Lost / Inactive,2248
CUST-01719,Jayden Hill,jayden.hill346@example.com,New York,NY,2026-04-17,Paid Search (Google),Standard,1,42.0,42.0,2026-08-17 04:13:00,2026-08-17 04:13:00,15,5,2,1,521,521,Promising / Needs Attention,2249
CUST-01853,Madison Scott,madison.scott651@example.com,San Antonio,TX,2025-12-01,Paid Search (Google),Standard,1,42.0,42.0,2026-06-23 09:20:00,2026-06-23 09:20:00,70,4,2,1,421,421,Promising / Needs Attention,2249
CUST-02193,Owen Davis,owen.davis210@example.com,Tampa,FL,2025-01-17,Organic Search,Standard,1,42.0,42.0,2025-05-21 11:36:00,2025-05-21 11:36:00,468,2,2,1,221,221,Lost / Inactive,2249
CUST-02492,Lucas Carter,lucas.carter792@example.com,Austin,TX,2024-10-07,Email Marketing,Standard,1,42.0,42.0,2024-11-02 03:03:00,2024-11-02 03:03:00,668,1,2,1,121,121,Lost / Inactive,2249
CUST-00804,Michael Hall,michael.hall712@example.com,Minneapolis,MN,2022-06-20,Social Media (Instagram/TikTok),Silver,1,41.99,41.99,2026-05-09 01:57:00,2026-05-09 01:57:00,115,4,2,1,421,421,Promising / Needs Attention,2250
CUST-01892,Grayson Green,grayson.green715@example.com,Seattle,WA,2026-04-27,Organic Search,Standard,1,41.48,41.48,2026-07-20 19:18:00,2026-07-20 19:18:00,42,4,2,1,421,421,Promising / Needs Attention,2251
CUST-02150,Grace Garcia,grace.garcia82@example.com,Philadelphia,PA,2026-05-26,Email Marketing,Standard,1,40.99,40.99,2026-05-28 18:01:00,2026-05-28 18:01:00,95,4,2,1,421,421,Promising / Needs Attention,2252
CUST-02397,Scarlett Rodriguez,scarlett.rodriguez630@example.com,Denver,CO,2025-02-05,Organic Search,Standard,1,39.99,39.99,2025-09-21 05:21:00,2025-09-21 05:21:00,345,2,2,1,221,221,Lost / Inactive,2253
CUST-02448,Grace Scott,grace.scott527@example.com,Chicago,IL,2024-06-11,Email Marketing,Standard,1,39.99,39.99,2024-07-26 01:36:00,2024-07-26 01:36:00,767,1,2,1,121,121,Lost / Inactive,2253
CUST-02490,Scarlett Nelson,scarlett.nelson506@example.com,Miami,FL,2025-12-12,Email Marketing,Standard,1,39.99,39.99,2026-08-23 09:51:00,2026-08-23 09:51:00,9,5,2,1,521,521,Promising / Needs Attention,2253
CUST-02204,Wyatt Carter,wyatt.carter652@example.com,Dallas,TX,2025-07-07,Paid Search (Google),Standard,1,39.98,39.98,2026-08-30 03:43:00,2026-08-30 03:43:00,2,5,2,1,521,521,Promising / Needs Attention,2254
CUST-02286,Victoria Hall,victoria.hall254@example.com,Philadelphia,PA,2024-03-07,Organic Search,Standard,1,38.79,38.79,2024-08-05 03:46:00,2024-08-05 03:46:00,757,1,2,1,121,121,Lost / Inactive,2255
CUST-02168,Jack Moore,jack.moore268@example.com,Minneapolis,MN,2023-05-27,Organic Search,Standard,1,38.48,38.48,2023-12-05 00:20:00,2023-12-05 00:20:00,1001,1,2,1,121,121,Lost / Inactive,2256
CUST-01600,Lucas Mitchell,lucas.mitchell687@example.com,Atlanta,GA,2023-06-03,Paid Search (Google),Standard,1,38.0,38.0,2025-02-01 23:53:00,2025-02-01 23:53:00,576,1,2,1,121,121,Lost / Inactive,2257
CUST-01674,Mason Rivera,mason.rivera535@example.com,Tampa,FL,2025-05-19,Organic Search,Standard,1,38.0,38.0,2025-08-25 00:00:00,2025-08-25 00:00:00,372,2,2,1,221,221,Lost / Inactive,2257
CUST-01380,Michael Carter,michael.carter772@example.com,Columbus,OH,2023-09-05,Social Media (Instagram/TikTok),Silver,1,37.98,37.98,2025-02-16 16:14:00,2025-02-16 16:14:00,561,2,2,1,221,221,Lost / Inactive,2258
CUST-01702,Mila Thomas,mila.thomas780@example.com,Charlotte,NC,2025-09-13,Paid Search (Google),Standard,1,37.98,37.98,2026-04-13 02:38:00,2026-04-13 02:38:00,141,3,2,1,321,321,Promising / Needs Attention,2258
CUST-01872,Sofia Baker,sofia.baker722@example.com,Raleigh,NC,2023-08-30,Affiliate Referral,Standard,1,37.98,37.98,2025-05-09 05:08:00,2025-05-09 05:08:00,480,2,2,1,221,221,Lost / Inactive,2258
CUST-01723,Olivia Nelson,olivia.nelson465@example.com,Las Vegas,NV,2023-02-08,Social Media (Instagram/TikTok),Standard,1,37.19,37.19,2025-01-29 13:11:00,2025-01-29 13:11:00,579,1,2,1,121,121,Lost / Inactive,2259
CUST-02284,Aiden Rivera,aiden.rivera620@example.com,Austin,TX,2022-06-07,Organic Search,Standard,1,37.09,37.09,2022-07-29 13:45:00,2022-07-29 13:45:00,1494,1,2,1,121,121,Lost / Inactive,2260
CUST-01618,Scarlett Williams,scarlett.williams509@example.com,Denver,CO,2025-02-20,Affiliate Referral,Standard,1,36.99,36.99,2026-06-16 04:11:00,2026-06-16 04:11:00,77,4,2,1,421,421,Promising / Needs Attention,2261
CUST-00836,Amelia Sanchez,amelia.sanchez432@example.com,Los Angeles,CA,2025-07-16,Affiliate Referral,Silver,1,36.98,36.98,2026-03-31 04:36:00,2026-03-31 04:36:00,154,3,2,1,321,321,Promising / Needs Attention,2262
CUST-01826,Layla Hill,layla.hill836@example.com,San Diego,CA,2025-05-12,Social Media (Instagram/TikTok),Standard,1,36.1,36.1,2025-09-25 01:53:00,2025-09-25 01:53:00,341,2,2,1,221,221,Lost / Inactive,2263
CUST-02186,Ethan Robinson,ethan.robinson448@example.com,Seattle,WA,2023-05-29,Affiliate Referral,Standard,1,35.99,35.99,2026-04-17 00:42:00,2026-04-17 00:42:00,137,3,2,1,321,321,Promising / Needs Attention,2264
CUST-02245,Lily Jackson,lily.jackson144@example.com,Kansas City,MO,2024-09-02,Organic Search,Standard,1,35.99,35.99,2024-11-16 02:06:00,2024-11-16 02:06:00,654,1,2,1,121,121,Lost / Inactive,2264
CUST-01763,Jack Thompson,jack.thompson210@example.com,San Antonio,TX,2026-01-02,Paid Search (Google),Standard,1,35.7,35.7,2026-04-22 02:17:00,2026-04-22 02:17:00,132,3,2,1,321,321,Promising / Needs Attention,2265
CUST-02381,Michael Scott,michael.scott846@example.com,Raleigh,NC,2024-04-06,Organic Search,Standard,1,35.7,35.7,2024-05-16 04:21:00,2024-05-16 04:21:00,838,1,2,1,121,121,Lost / Inactive,2265
CUST-02012,Grace Brown,grace.brown442@example.com,Miami,FL,2024-07-16,Paid Search (Google),Standard,1,35.48,35.48,2024-08-19 22:51:00,2024-08-19 22:51:00,742,1,2,1,121,121,Lost / Inactive,2266
CUST-01658,Aiden Wilson,aiden.wilson105@example.com,Portland,OR,2025-07-05,Social Media (Instagram/TikTok),Standard,1,35.39,35.39,2025-10-27 18:53:00,2025-10-27 18:53:00,308,2,2,1,221,221,Lost / Inactive,2267
CUST-01571,Grace Rivera,grace.rivera584@example.com,Miami,FL,2024-12-24,Email Marketing,Standard,1,34.99,34.99,2026-04-25 08:25:00,2026-04-25 08:25:00,129,3,2,1,321,321,Promising / Needs Attention,2268
CUST-02277,Jacob Jackson,jacob.jackson203@example.com,Denver,CO,2023-05-28,Affiliate Referral,Standard,1,34.99,34.99,2024-12-29 04:33:00,2024-12-29 04:33:00,611,1,2,1,121,121,Lost / Inactive,2268
CUST-02280,Daniel Davis,daniel.davis64@example.com,Los Angeles,CA,2025-08-22,Social Media (Instagram/TikTok),Standard,1,34.2,34.2,2026-02-22 07:56:00,2026-02-22 07:56:00,191,3,2,1,321,321,Promising / Needs Attention,2269
CUST-02406,Liam Young,liam.young866@example.com,Los Angeles,CA,2023-12-06,Social Media (Instagram/TikTok),Standard,1,34.2,34.2,2025-01-12 14:21:00,2025-01-12 14:21:00,596,1,2,1,121,121,Lost / Inactive,2269
CUST-02410,Zoey Wright,zoey.wright63@example.com,Las Vegas,NV,2024-02-15,Organic Search,Standard,1,34.2,34.2,2025-12-04 14:36:00,2025-12-04 14:36:00,270,3,2,1,321,321,Promising / Needs Attention,2269
CUST-02045,Carter Moore,carter.moore975@example.com,Seattle,WA,2026-05-28,Email Marketing,Standard,1,33.99,33.99,2026-07-20 10:54:00,2026-07-20 10:54:00,43,4,2,1,421,421,Promising / Needs Attention,2270
CUST-02203,Elijah Rivera,elijah.rivera830@example.com,Phoenix,AZ,2025-03-29,Organic Search,Standard,1,33.99,33.99,2026-05-19 14:07:00,2026-05-19 14:07:00,104,4,2,1,421,421,Promising / Needs Attention,2270
CUST-01757,Eleanor Campbell,eleanor.campbell645@example.com,Atlanta,GA,2023-06-16,Paid Search (Google),Standard,1,32.0,32.0,2026-05-19 22:55:00,2026-05-19 22:55:00,104,4,2,1,421,421,Promising / Needs Attention,2271
CUST-02235,Chloe White,chloe.white158@example.com,Columbus,OH,2024-03-05,Organic Search,Standard,1,32.0,32.0,2024-05-30 18:51:00,2024-05-30 18:51:00,823,1,2,1,121,121,Lost / Inactive,2271
CUST-02228,Nora Ramirez,nora.ramirez620@example.com,Raleigh,NC,2023-12-09,Social Media (Instagram/TikTok),Standard,1,31.49,31.49,2024-10-03 03:40:00,2024-10-03 03:40:00,698,1,2,1,121,121,Lost / Inactive,2272
CUST-02062,Sophia Torres,sophia.torres72@example.com,Indianapolis,IN,2026-04-21,Paid Search (Google),Standard,1,31.13,31.13,2026-05-15 05:45:00,2026-05-15 05:45:00,109,4,2,1,421,421,Promising / Needs Attention,2273
CUST-01748,William Rodriguez,william.rodriguez73@example.com,Indianapolis,IN,2024-11-22,Organic Search,Standard,1,30.4,30.4,2025-01-07 17:01:00,2025-01-07 17:01:00,601,1,2,1,121,121,Lost / Inactive,2274
CUST-01796,Scarlett Allen,scarlett.allen535@example.com,San Francisco,CA,2026-01-09,Organic Search,Standard,1,29.98,29.98,2026-04-02 23:00:00,2026-04-02 23:00:00,151,3,2,1,321,321,Promising / Needs Attention,2275
CUST-01611,Zoey Green,zoey.green888@example.com,Indianapolis,IN,2025-06-08,Paid Search (Google),Standard,1,29.74,29.74,2026-05-25 01:58:00,2026-05-25 01:58:00,99,4,2,1,421,421,Promising / Needs Attention,2276
CUST-02353,Owen Walker,owen.walker630@example.com,Las Vegas,NV,2023-06-05,Affiliate Referral,Standard,1,29.74,29.74,2025-12-03 03:40:00,2025-12-03 03:40:00,272,3,2,1,321,321,Promising / Needs Attention,2276
CUST-01815,Nora Green,nora.green926@example.com,Austin,TX,2022-12-08,Paid Search (Google),Standard,1,29.53,29.53,2025-06-14 16:11:00,2025-06-14 16:11:00,443,2,2,1,221,221,Lost / Inactive,2277
CUST-02357,Elijah Nelson,elijah.nelson118@example.com,Miami,FL,2026-03-23,Email Marketing,Standard,1,28.98,28.98,2026-06-10 07:14:00,2026-06-10 07:14:00,83,4,2,1,421,421,Promising / Needs Attention,2278
CUST-02341,Logan Mitchell,logan.mitchell683@example.com,San Diego,CA,2023-05-16,Affiliate Referral,Standard,1,28.03,28.03,2023-05-25 23:49:00,2023-05-25 23:49:00,1194,1,2,1,121,121,Lost / Inactive,2279
CUST-02379,Dylan Taylor,dylan.taylor678@example.com,New York,NY,2022-08-06,Social Media (Instagram/TikTok),Standard,1,27.98,27.98,2024-03-22 07:18:00,2024-03-22 07:18:00,893,1,2,1,121,121,Lost / Inactive,2280
CUST-02457,Penelope Ramirez,penelope.ramirez372@example.com,Phoenix,AZ,2024-09-01,Affiliate Referral,Standard,1,27.98,27.98,2024-11-23 23:16:00,2024-11-23 23:16:00,646,1,2,1,121,121,Lost / Inactive,2280
CUST-01908,Mila Brown,mila.brown777@example.com,Philadelphia,PA,2023-06-28,Social Media (Instagram/TikTok),Standard,1,27.48,27.48,2023-07-11 07:14:00,2023-07-11 07:14:00,1148,1,2,1,121,121,Lost / Inactive,2281
CUST-01741,Mia Thomas,mia.thomas211@example.com,Philadelphia,PA,2024-04-05,Social Media (Instagram/TikTok),Standard,1,27.2,27.2,2024-11-03 15:45:00,2024-11-03 15:45:00,666,1,2,1,121,121,Lost / Inactive,2282
CUST-02239,Ella Miller,ella.miller584@example.com,Dallas,TX,2025-10-27,Organic Search,Standard,1,27.2,27.2,2025-12-07 16:46:00,2025-12-07 16:46:00,267,3,2,1,321,321,Promising / Needs Attention,2282
CUST-02369,Elizabeth Baker,elizabeth.baker757@example.com,Raleigh,NC,2026-01-06,Affiliate Referral,Standard,1,26.99,26.99,2026-03-23 20:02:00,2026-03-23 20:02:00,161,3,2,1,321,321,Promising / Needs Attention,2283
CUST-01023,Nora Clark,nora.clark181@example.com,Philadelphia,PA,2022-07-18,Paid Search (Google),Silver,1,26.83,26.83,2025-07-18 19:21:00,2025-07-18 19:21:00,409,2,2,1,221,221,Lost / Inactive,2284
CUST-01535,David Rivera,david.rivera442@example.com,Kansas City,MO,2022-12-23,Paid Search (Google),Standard,1,26.0,26.0,2023-02-07 06:40:00,2023-02-07 06:40:00,1302,1,2,1,121,121,Lost / Inactive,2285
CUST-01659,Luna Carter,luna.carter660@example.com,Philadelphia,PA,2022-07-18,Organic Search,Standard,1,26.0,26.0,2023-03-29 22:05:00,2023-03-29 22:05:00,1251,1,2,1,121,121,Lost / Inactive,2285
CUST-02151,Camila Walker,camila.walker272@example.com,Columbus,OH,2024-11-22,Paid Search (Google),Standard,1,26.0,26.0,2025-09-08 02:10:00,2025-09-08 02:10:00,358,2,2,1,221,221,Lost / Inactive,2285
CUST-02198,Chloe King,chloe.king849@example.com,Raleigh,NC,2025-10-11,Social Media (Instagram/TikTok),Standard,1,26.0,26.0,2026-05-24 10:39:00,2026-05-24 10:39:00,100,4,2,1,421,421,Promising / Needs Attention,2285
CUST-01525,Chloe Hall,chloe.hall981@example.com,Houston,TX,2024-03-10,Affiliate Referral,Standard,1,25.49,25.49,2024-10-03 05:53:00,2024-10-03 05:53:00,698,1,2,1,121,121,Lost / Inactive,2286
CUST-01767,Hannah Anderson,hannah.anderson952@example.com,New York,NY,2025-12-30,Paid Search (Google),Standard,1,25.49,25.49,2026-03-03 01:23:00,2026-03-03 01:23:00,182,3,2,1,321,321,Promising / Needs Attention,2286
CUST-01794,Samuel Moore,samuel.moore401@example.com,New York,NY,2023-06-03,Email Marketing,Standard,1,24.99,24.99,2025-01-24 17:23:00,2025-01-24 17:23:00,584,1,2,1,121,121,Lost / Inactive,2287
CUST-02339,Henry Wright,henry.wright276@example.com,Kansas City,MO,2025-11-06,Email Marketing,Standard,1,23.98,23.98,2026-02-07 09:10:00,2026-02-07 09:10:00,206,3,2,1,321,321,Promising / Needs Attention,2288
CUST-02166,Noah Hill,noah.hill802@example.com,Denver,CO,2022-10-06,Social Media (Instagram/TikTok),Standard,1,23.4,23.4,2024-12-03 00:36:00,2024-12-03 00:36:00,637,1,2,1,121,121,Lost / Inactive,2289
CUST-02458,Henry Rivera,henry.rivera310@example.com,Houston,TX,2024-04-20,Social Media (Instagram/TikTok),Standard,1,23.4,23.4,2026-02-05 02:16:00,2026-02-05 02:16:00,208,3,2,1,321,321,Promising / Needs Attention,2289
CUST-01791,Benjamin Jackson,benjamin.jackson465@example.com,Portland,OR,2024-05-21,Paid Search (Google),Standard,1,23.03,23.03,2026-01-03 13:31:00,2026-01-03 13:31:00,240,3,2,1,321,321,Promising / Needs Attention,2290
CUST-01626,Riley Baker,riley.baker678@example.com,Raleigh,NC,2024-06-07,Email Marketing,Standard,1,22.99,22.99,2026-07-12 16:43:00,2026-07-12 16:43:00,50,4,2,1,421,421,Promising / Needs Attention,2291
CUST-01663,Nora Martin,nora.martin596@example.com,Raleigh,NC,2022-06-11,Email Marketing,Standard,1,22.99,22.99,2024-07-04 07:30:00,2024-07-04 07:30:00,789,1,2,1,121,121,Lost / Inactive,2291
CUST-02126,Victoria Rivera,victoria.rivera242@example.com,Boston,MA,2023-04-18,Social Media (Instagram/TikTok),Standard,1,22.99,22.99,2023-05-04 04:38:00,2023-05-04 04:38:00,1216,1,2,1,121,121,Lost / Inactive,2291
CUST-01865,Henry Mitchell,henry.mitchell448@example.com,Columbus,OH,2023-10-12,Affiliate Referral,Standard,1,22.1,22.1,2025-01-18 07:31:00,2025-01-18 07:31:00,591,1,2,1,121,121,Lost / Inactive,2292
CUST-02210,Oliver Moore,oliver.moore94@example.com,Phoenix,AZ,2025-12-06,Organic Search,Standard,1,21.24,21.24,2026-05-15 12:13:00,2026-05-15 12:13:00,108,4,2,1,421,421,Promising / Needs Attention,2293
CUST-02304,Jacob Williams,jacob.williams603@example.com,Portland,OR,2026-05-08,Social Media (Instagram/TikTok),Standard,1,20.69,20.69,2026-07-18 05:04:00,2026-07-18 05:04:00,45,4,2,1,421,421,Promising / Needs Attention,2294
CUST-01580,Jayden Green,jayden.green988@example.com,Dallas,TX,2025-09-29,Organic Search,Standard,1,19.99,19.99,2025-10-28 05:34:00,2025-10-28 05:34:00,308,2,2,1,221,221,Lost / Inactive,2295
CUST-01940,Daniel Miller,daniel.miller414@example.com,New York,NY,2025-06-07,Email Marketing,Standard,1,19.99,19.99,2025-06-21 02:25:00,2025-06-21 02:25:00,437,2,2,1,221,221,Lost / Inactive,2295
CUST-02453,Logan Torres,logan.torres516@example.com,Minneapolis,MN,2023-07-11,Paid Search (Google),Standard,1,19.54,19.54,2023-09-09 19:02:00,2023-09-09 19:02:00,1087,1,2,1,121,121,Lost / Inactive,2296
CUST-01688,Emily Rivera,emily.rivera35@example.com,Nashville,TN,2025-12-12,Social Media (Instagram/TikTok),Standard,1,18.99,18.99,2026-01-14 01:58:00,2026-01-14 01:58:00,230,3,2,1,321,321,Promising / Needs Attention,2297
CUST-02075,Isabella Green,isabella.green845@example.com,New York,NY,2024-05-29,Paid Search (Google),Standard,1,18.99,18.99,2025-12-15 19:50:00,2025-12-15 19:50:00,259,3,2,1,321,321,Promising / Needs Attention,2297
CUST-01645,Avery Rodriguez,avery.rodriguez831@example.com,Boston,MA,2024-09-24,Email Marketing,Standard,1,17.99,17.99,2024-11-01 10:57:00,2024-11-01 10:57:00,669,1,2,1,121,121,Lost / Inactive,2298
CUST-02155,Chloe Garcia,chloe.garcia708@example.com,Boston,MA,2025-04-02,Email Marketing,Standard,1,17.99,17.99,2025-10-18 19:52:00,2025-10-18 19:52:00,317,2,2,1,221,221,Lost / Inactive,2298
CUST-02185,Grace Wright,grace.wright446@example.com,Portland,OR,2024-04-18,Organic Search,Standard,1,17.99,17.99,2026-04-22 08:09:00,2026-04-22 08:09:00,132,3,2,1,321,321,Promising / Needs Attention,2298
CUST-01769,David Mitchell,david.mitchell394@example.com,San Antonio,TX,2024-08-28,Paid Search (Google),Standard,1,17.09,17.09,2024-11-13 19:33:00,2024-11-13 19:33:00,656,1,2,1,121,121,Lost / Inactive,2299
