customer_id,first_name,last_name,email,city,state,country,signup_date,acquisition_channel,customer_tier
CUST-00001,Lucas,Johnson,lucas.johnson769@example.com,Dallas,TX,United States,2023-10-15,Paid Search (Google),Platinum
CUST-00002,Evelyn,Mitchell,evelyn.mitchell114@example.com,Las Vegas,NV,United States,2025-06-21,Organic Search,Platinum
CUST-00003,Jack,Williams,jack.williams40@example.com,Chicago,IL,United States,2023-08-22,Paid Search (Google),Platinum
CUST-00004,Olivia,Scott,olivia.scott213@example.com,Salt Lake City,UT,United States,2026-01-21,Affiliate Referral,Platinum
CUST-00005,Riley,Anderson,riley.anderson469@example.com,Nashville,TN,United States,2023-12-22,Organic Search,Platinum
CUST-00006,Alexander,Hall,alexander.hall442@example.com,San Jose,CA,United States,2023-12-22,Paid Search (Google),Platinum
CUST-00007,Ella,Carter,ella.carter354@example.com,Houston,TX,United States,2022-12-07,Email Marketing,Platinum
CUST-00008,Elijah,Thompson,elijah.thompson877@example.com,Seattle,WA,United States,2025-10-19,Social Media (Instagram/TikTok),Platinum
CUST-00009,Sophia,Campbell,sophia.campbell480@example.com,San Francisco,CA,United States,2023-02-11,Email Marketing,Platinum
CUST-00010,Benjamin,Scott,benjamin.scott310@example.com,Kansas City,MO,United States,2025-12-09,Affiliate Referral,Platinum
CUST-00011,Carter,Torres,carter.torres206@example.com,Salt Lake City,UT,United States,2022-10-21,Organic Search,Platinum
CUST-00012,Avery,Roberts,avery.roberts306@example.com,Chicago,IL,United States,2023-09-20,Organic Search,Platinum
CUST-00013,Owen,Moore,owen.moore474@example.com,Minneapolis,MN,United States,2024-06-17,Paid Search (Google),Platinum
CUST-00014,Chloe,Thompson,chloe.thompson224@example.com,Las Vegas,NV,United States,2023-11-29,Organic Search,Platinum
CUST-00015,Emily,Wright,emily.wright756@example.com,San Diego,CA,United States,2023-05-01,Email Marketing,Platinum
CUST-00016,Owen,Moore,owen.moore957@example.com,Minneapolis,MN,United States,2026-04-10,Affiliate Referral,Platinum
CUST-00017,Daniel,Baker,daniel.baker342@example.com,Kansas City,MO,United States,2022-09-23,Paid Search (Google),Platinum
CUST-00018,Noah,Lee,noah.lee420@example.com,Dallas,TX,United States,2022-10-14,Paid Search (Google),Platinum
CUST-00019,Samuel,Wilson,samuel.wilson681@example.com,Miami,FL,United States,2024-08-19,Email Marketing,Platinum
CUST-00020,Logan,Taylor,logan.taylor152@example.com,San Diego,CA,United States,2025-07-24,Affiliate Referral,Platinum
CUST-00021,Camila,Mitchell,camila.mitchell608@example.com,Boston,MA,United States,2025-09-08,Email Marketing,Platinum
CUST-00022,Carter,Anderson,carter.anderson151@example.com,Portland,OR,United States,2025-03-07,Organic Search,Platinum
CUST-00023,Oliver,Davis,oliver.davis166@example.com,Minneapolis,MN,United States,2023-04-24,Email Marketing,Platinum
CUST-00024,William,Harris,william.harris400@example.com,Charlotte,NC,United States,2025-01-14,Affiliate Referral,Platinum
CUST-00025,Jackson,Scott,jackson.scott891@example.com,New York,NY,United States,2026-03-25,Organic Search,Platinum
CUST-00026,Sebastian,Roberts,sebastian.roberts666@example.com,San Jose,CA,United States,2023-01-15,Social Media (Instagram/TikTok),Platinum
CUST-00027,Zoey,Hernandez,zoey.hernandez474@example.com,New York,NY,United States,2023-11-22,Affiliate Referral,Platinum
CUST-00028,Ethan,Allen,ethan.allen944@example.com,Houston,TX,United States,2025-12-02,Social Media (Instagram/TikTok),Platinum
CUST-00029,Mila,Martinez,mila.martinez392@example.com,Columbus,OH,United States,2023-04-27,Affiliate Referral,Platinum
CUST-00030,James,Hill,james.hill341@example.com,Miami,FL,United States,2022-07-10,Organic Search,Platinum
CUST-00031,Carter,Martin,carter.martin255@example.com,Los Angeles,CA,United States,2023-10-07,Affiliate Referral,Platinum
CUST-00032,Benjamin,Garcia,benjamin.garcia759@example.com,Miami,FL,United States,2022-10-20,Affiliate Referral,Platinum
CUST-00033,Mason,Rodriguez,mason.rodriguez685@example.com,Miami,FL,United States,2025-06-30,Paid Search (Google),Platinum
CUST-00034,Camila,King,camila.king903@example.com,Charlotte,NC,United States,2024-10-14,Paid Search (Google),Platinum
CUST-00035,Mila,Rivera,mila.rivera329@example.com,Denver,CO,United States,2026-03-07,Social Media (Instagram/TikTok),Platinum
CUST-00036,Luke,King,luke.king472@example.com,Houston,TX,United States,2023-10-21,Paid Search (Google),Platinum
CUST-00037,William,Perez,william.perez31@example.com,Nashville,TN,United States,2025-07-09,Paid Search (Google),Platinum
CUST-00038,Daniel,Smith,daniel.smith82@example.com,Salt Lake City,UT,United States,2025-12-14,Organic Search,Platinum
CUST-00039,Avery,Jones,avery.jones937@example.com,Los Angeles,CA,United States,2024-04-07,Organic Search,Platinum
CUST-00040,Henry,Moore,henry.moore695@example.com,Miami,FL,United States,2023-08-13,Affiliate Referral,Platinum
CUST-00041,Mason,Campbell,mason.campbell967@example.com,Nashville,TN,United States,2025-08-24,Email Marketing,Platinum
CUST-00042,Sofia,Walker,sofia.walker836@example.com,Boston,MA,United States,2023-06-25,Organic Search,Platinum
CUST-00043,Elijah,Nelson,elijah.nelson451@example.com,Seattle,WA,United States,2024-10-15,Email Marketing,Platinum
CUST-00044,Lily,Campbell,lily.campbell65@example.com,Las Vegas,NV,United States,2026-01-29,Organic Search,Platinum
CUST-00045,Isabella,Sanchez,isabella.sanchez755@example.com,San Jose,CA,United States,2023-01-10,Paid Search (Google),Platinum
CUST-00046,Jacob,Gonzalez,jacob.gonzalez559@example.com,Atlanta,GA,United States,2023-03-15,Email Marketing,Platinum
CUST-00047,Elizabeth,Moore,elizabeth.moore483@example.com,San Diego,CA,United States,2022-11-02,Email Marketing,Platinum
CUST-00048,Elijah,Brown,elijah.brown677@example.com,San Francisco,CA,United States,2022-07-01,Organic Search,Platinum
CUST-00049,Henry,Hernandez,henry.hernandez426@example.com,Miami,FL,United States,2025-02-10,Paid Search (Google),Platinum
CUST-00050,Layla,Brown,layla.brown178@example.com,Denver,CO,United States,2022-06-05,Email Marketing,Platinum
CUST-00051,Camila,Robinson,camila.robinson302@example.com,Boston,MA,United States,2026-04-27,Affiliate Referral,Platinum
CUST-00052,Grayson,Martinez,grayson.martinez204@example.com,Austin,TX,United States,2023-08-20,Organic Search,Platinum
CUST-00053,Isabella,Mitchell,isabella.mitchell331@example.com,Los Angeles,CA,United States,2022-09-11,Affiliate Referral,Platinum
CUST-00054,Eleanor,Allen,eleanor.allen951@example.com,Tampa,FL,United States,2025-05-23,Paid Search (Google),Platinum
CUST-00055,Isabella,Allen,isabella.allen92@example.com,Tampa,FL,United States,2023-06-16,Organic Search,Platinum
CUST-00056,William,Baker,william.baker892@example.com,San Diego,CA,United States,2024-09-04,Organic Search,Platinum
CUST-00057,Sofia,Nguyen,sofia.nguyen618@example.com,Los Angeles,CA,United States,2025-11-20,Organic Search,Platinum
CUST-00058,Riley,Nelson,riley.nelson607@example.com,Nashville,TN,United States,2025-05-06,Social Media (Instagram/TikTok),Platinum
CUST-00059,Camila,Wilson,camila.wilson695@example.com,Salt Lake City,UT,United States,2024-03-05,Paid Search (Google),Platinum
CUST-00060,Camila,Sanchez,camila.sanchez144@example.com,Las Vegas,NV,United States,2026-01-12,Social Media (Instagram/TikTok),Platinum
CUST-00061,Jayden,Lee,jayden.lee961@example.com,Columbus,OH,United States,2022-10-27,Organic Search,Platinum
CUST-00062,Jayden,Flores,jayden.flores586@example.com,Houston,TX,United States,2022-10-29,Affiliate Referral,Platinum
CUST-00063,Ella,Allen,ella.allen281@example.com,Phoenix,AZ,United States,2024-05-15,Organic Search,Platinum
CUST-00064,Sofia,White,sofia.white301@example.com,Philadelphia,PA,United States,2024-11-14,Affiliate Referral,Platinum
CUST-00065,Matthew,Flores,matthew.flores836@example.com,Minneapolis,MN,United States,2025-05-19,Organic Search,Platinum
CUST-00066,Matthew,Nelson,matthew.nelson116@example.com,Phoenix,AZ,United States,2023-11-24,Organic Search,Platinum
CUST-00067,Amelia,Mitchell,amelia.mitchell576@example.com,Phoenix,AZ,United States,2023-12-10,Social Media (Instagram/TikTok),Platinum
CUST-00068,Michael,Rivera,michael.rivera361@example.com,San Antonio,TX,United States,2026-04-08,Social Media (Instagram/TikTok),Platinum
CUST-00069,Grayson,Taylor,grayson.taylor937@example.com,Tampa,FL,United States,2022-09-13,Organic Search,Platinum
CUST-00070,Jack,Moore,jack.moore55@example.com,New York,NY,United States,2024-04-14,Paid Search (Google),Platinum
CUST-00071,Camila,Hernandez,camila.hernandez769@example.com,Atlanta,GA,United States,2025-07-04,Email Marketing,Platinum
CUST-00072,Emma,Davis,emma.davis87@example.com,Salt Lake City,UT,United States,2023-04-02,Affiliate Referral,Platinum
CUST-00073,Noah,White,noah.white606@example.com,San Francisco,CA,United States,2023-03-31,Email Marketing,Platinum
CUST-00074,Mason,Williams,mason.williams325@example.com,Seattle,WA,United States,2022-08-21,Social Media (Instagram/TikTok),Platinum
CUST-00075,Michael,Baker,michael.baker265@example.com,Las Vegas,NV,United States,2022-12-28,Social Media (Instagram/TikTok),Platinum
CUST-00076,John,Flores,john.flores777@example.com,Phoenix,AZ,United States,2023-09-28,Paid Search (Google),Platinum
CUST-00077,Ethan,Clark,ethan.clark35@example.com,Philadelphia,PA,United States,2024-04-11,Email Marketing,Platinum
CUST-00078,Sofia,Moore,sofia.moore173@example.com,Indianapolis,IN,United States,2026-05-07,Organic Search,Platinum
CUST-00079,Owen,Williams,owen.williams889@example.com,Miami,FL,United States,2023-08-30,Paid Search (Google),Platinum
CUST-00080,Jayden,Thompson,jayden.thompson322@example.com,Kansas City,MO,United States,2023-09-10,Paid Search (Google),Platinum
CUST-00081,Olivia,Nelson,olivia.nelson207@example.com,Denver,CO,United States,2024-04-03,Social Media (Instagram/TikTok),Platinum
CUST-00082,William,Roberts,william.roberts295@example.com,Seattle,WA,United States,2026-01-04,Affiliate Referral,Platinum
CUST-00083,Layla,Baker,layla.baker873@example.com,San Francisco,CA,United States,2024-04-09,Organic Search,Platinum
CUST-00084,Lucas,Taylor,lucas.taylor192@example.com,Nashville,TN,United States,2023-11-26,Organic Search,Platinum
CUST-00085,Amelia,Hill,amelia.hill454@example.com,Seattle,WA,United States,2024-03-04,Email Marketing,Platinum
CUST-00086,Lucas,Harris,lucas.harris931@example.com,Nashville,TN,United States,2023-06-25,Social Media (Instagram/TikTok),Platinum
CUST-00087,Sophia,Rivera,sophia.rivera456@example.com,New York,NY,United States,2025-04-30,Affiliate Referral,Platinum
CUST-00088,Mila,White,mila.white451@example.com,Chicago,IL,United States,2026-02-20,Social Media (Instagram/TikTok),Platinum
CUST-00089,Samuel,Nelson,samuel.nelson878@example.com,Houston,TX,United States,2024-02-06,Affiliate Referral,Platinum
CUST-00090,Victoria,Nelson,victoria.nelson428@example.com,San Jose,CA,United States,2024-09-02,Social Media (Instagram/TikTok),Platinum
CUST-00091,Mason,Gonzalez,mason.gonzalez440@example.com,Las Vegas,NV,United States,2024-07-16,Paid Search (Google),Platinum
CUST-00092,Matthew,Sanchez,matthew.sanchez571@example.com,Kansas City,MO,United States,2022-06-01,Social Media (Instagram/TikTok),Platinum
CUST-00093,Aiden,Wilson,aiden.wilson450@example.com,Indianapolis,IN,United States,2025-08-31,Affiliate Referral,Platinum
CUST-00094,Madison,Robinson,madison.robinson462@example.com,Atlanta,GA,United States,2026-03-15,Paid Search (Google),Platinum
CUST-00095,Dylan,Mitchell,dylan.mitchell183@example.com,Las Vegas,NV,United States,2022-11-21,Social Media (Instagram/TikTok),Platinum
CUST-00096,David,Garcia,david.garcia848@example.com,Columbus,OH,United States,2023-09-25,Social Media (Instagram/TikTok),Platinum
CUST-00097,Daniel,Gonzalez,daniel.gonzalez160@example.com,New York,NY,United States,2022-09-03,Paid Search (Google),Platinum
CUST-00098,Dylan,Flores,dylan.flores880@example.com,Columbus,OH,United States,2022-10-28,Email Marketing,Platinum
CUST-00099,Riley,Green,riley.green599@example.com,San Antonio,TX,United States,2026-04-27,Email Marketing,Platinum
CUST-00100,Hannah,Sanchez,hannah.sanchez259@example.com,Phoenix,AZ,United States,2026-02-03,Organic Search,Platinum
CUST-00101,Amelia,Roberts,amelia.roberts445@example.com,San Diego,CA,United States,2023-05-27,Affiliate Referral,Platinum
CUST-00102,Lily,Brown,lily.brown580@example.com,San Diego,CA,United States,2023-02-04,Email Marketing,Platinum
CUST-00103,Evelyn,Robinson,evelyn.robinson693@example.com,Portland,OR,United States,2025-07-19,Affiliate Referral,Platinum
CUST-00104,Samuel,Carter,samuel.carter922@example.com,Atlanta,GA,United States,2025-11-06,Affiliate Referral,Platinum
CUST-00105,Jack,Scott,jack.scott466@example.com,Philadelphia,PA,United States,2025-01-28,Email Marketing,Platinum
CUST-00106,Camila,Carter,camila.carter263@example.com,Kansas City,MO,United States,2025-12-27,Social Media (Instagram/TikTok),Platinum
CUST-00107,Grayson,Green,grayson.green254@example.com,Dallas,TX,United States,2024-11-17,Organic Search,Platinum
CUST-00108,Aiden,Thomas,aiden.thomas288@example.com,San Jose,CA,United States,2024-03-16,Affiliate Referral,Platinum
CUST-00109,Benjamin,Rodriguez,benjamin.rodriguez164@example.com,San Diego,CA,United States,2024-07-24,Paid Search (Google),Platinum
CUST-00110,Ella,Jones,ella.jones434@example.com,Boston,MA,United States,2024-04-08,Affiliate Referral,Platinum
CUST-00111,Lily,Clark,lily.clark73@example.com,San Antonio,TX,United States,2024-10-08,Email Marketing,Platinum
CUST-00112,Liam,Carter,liam.carter599@example.com,Denver,CO,United States,2025-02-01,Organic Search,Platinum
CUST-00113,Grace,Martin,grace.martin781@example.com,Denver,CO,United States,2024-10-06,Affiliate Referral,Platinum
CUST-00114,Daniel,Young,daniel.young234@example.com,Dallas,TX,United States,2024-11-09,Email Marketing,Platinum
CUST-00115,Olivia,Harris,olivia.harris354@example.com,Las Vegas,NV,United States,2026-03-22,Email Marketing,Platinum
CUST-00116,Emily,Robinson,emily.robinson951@example.com,Phoenix,AZ,United States,2025-11-26,Affiliate Referral,Platinum
CUST-00117,Olivia,Sanchez,olivia.sanchez616@example.com,Nashville,TN,United States,2026-02-17,Organic Search,Platinum
CUST-00118,Benjamin,Adams,benjamin.adams448@example.com,Phoenix,AZ,United States,2025-01-01,Paid Search (Google),Platinum
CUST-00119,Oliver,Taylor,oliver.taylor398@example.com,San Jose,CA,United States,2023-08-08,Email Marketing,Platinum
CUST-00120,Madison,Perez,madison.perez789@example.com,Denver,CO,United States,2023-12-22,Email Marketing,Platinum
CUST-00121,Jackson,Garcia,jackson.garcia491@example.com,New York,NY,United States,2025-06-09,Organic Search,Platinum
CUST-00122,Joseph,Anderson,joseph.anderson675@example.com,Chicago,IL,United States,2026-01-25,Organic Search,Platinum
CUST-00123,Olivia,Thomas,olivia.thomas214@example.com,Kansas City,MO,United States,2022-07-12,Affiliate Referral,Platinum
CUST-00124,Abigail,Thomas,abigail.thomas139@example.com,Miami,FL,United States,2026-03-03,Organic Search,Platinum
CUST-00125,Ella,Robinson,ella.robinson726@example.com,Dallas,TX,United States,2024-06-25,Paid Search (Google),Platinum
CUST-00126,Lucas,Roberts,lucas.roberts848@example.com,Philadelphia,PA,United States,2024-02-28,Organic Search,Platinum
CUST-00127,Olivia,Martin,olivia.martin599@example.com,Las Vegas,NV,United States,2024-07-08,Email Marketing,Platinum
CUST-00128,Mila,Jones,mila.jones616@example.com,Salt Lake City,UT,United States,2025-12-06,Paid Search (Google),Platinum
CUST-00129,Amelia,Hall,amelia.hall801@example.com,Austin,TX,United States,2026-04-02,Affiliate Referral,Platinum
CUST-00130,Harper,Torres,harper.torres811@example.com,Los Angeles,CA,United States,2024-05-12,Affiliate Referral,Platinum
CUST-00131,Jack,Nelson,jack.nelson389@example.com,Chicago,IL,United States,2025-04-02,Social Media (Instagram/TikTok),Platinum
CUST-00132,Emma,Clark,emma.clark852@example.com,Miami,FL,United States,2023-01-03,Email Marketing,Platinum
CUST-00133,Carter,Green,carter.green922@example.com,Kansas City,MO,United States,2024-12-28,Paid Search (Google),Platinum
CUST-00134,Zoey,Lopez,zoey.lopez761@example.com,Portland,OR,United States,2026-01-23,Social Media (Instagram/TikTok),Platinum
CUST-00135,Eleanor,Robinson,eleanor.robinson456@example.com,Kansas City,MO,United States,2025-09-26,Social Media (Instagram/TikTok),Platinum
CUST-00136,Madison,Thomas,madison.thomas860@example.com,Chicago,IL,United States,2023-12-24,Email Marketing,Platinum
CUST-00137,Sofia,Carter,sofia.carter485@example.com,Nashville,TN,United States,2025-11-01,Email Marketing,Platinum
CUST-00138,Luna,Johnson,luna.johnson516@example.com,Tampa,FL,United States,2024-03-27,Paid Search (Google),Platinum
CUST-00139,Grayson,Wilson,grayson.wilson373@example.com,Indianapolis,IN,United States,2023-11-12,Social Media (Instagram/TikTok),Platinum
CUST-00140,Aria,Hill,aria.hill728@example.com,Dallas,TX,United States,2025-07-13,Organic Search,Platinum
CUST-00141,Jacob,Garcia,jacob.garcia257@example.com,Raleigh,NC,United States,2024-09-10,Email Marketing,Platinum
CUST-00142,Henry,Hall,henry.hall497@example.com,Minneapolis,MN,United States,2026-05-28,Email Marketing,Platinum
CUST-00143,Nora,Johnson,nora.johnson105@example.com,Austin,TX,United States,2023-08-28,Email Marketing,Platinum
CUST-00144,Sofia,Martin,sofia.martin689@example.com,Nashville,TN,United States,2024-06-25,Email Marketing,Platinum
CUST-00145,Joseph,Ramirez,joseph.ramirez773@example.com,San Francisco,CA,United States,2024-04-08,Social Media (Instagram/TikTok),Platinum
CUST-00146,Jayden,Moore,jayden.moore323@example.com,Dallas,TX,United States,2023-09-16,Organic Search,Platinum
CUST-00147,Jacob,Lee,jacob.lee132@example.com,Raleigh,NC,United States,2025-06-02,Paid Search (Google),Platinum
CUST-00148,Jacob,Wilson,jacob.wilson766@example.com,Miami,FL,United States,2023-12-19,Affiliate Referral,Platinum
CUST-00149,Aiden,Miller,aiden.miller862@example.com,San Antonio,TX,United States,2024-01-28,Paid Search (Google),Platinum
CUST-00150,Carter,Lopez,carter.lopez319@example.com,New York,NY,United States,2026-05-21,Affiliate Referral,Platinum
CUST-00151,Mason,Moore,mason.moore56@example.com,Los Angeles,CA,United States,2025-07-08,Social Media (Instagram/TikTok),Platinum
CUST-00152,Mason,Green,mason.green899@example.com,Columbus,OH,United States,2025-03-02,Organic Search,Platinum
CUST-00153,Emma,Torres,emma.torres301@example.com,Miami,FL,United States,2025-02-05,Email Marketing,Platinum
CUST-00154,Luna,Lopez,luna.lopez998@example.com,Los Angeles,CA,United States,2023-10-31,Email Marketing,Platinum
CUST-00155,Lucas,Jones,lucas.jones420@example.com,Miami,FL,United States,2022-10-30,Affiliate Referral,Platinum
CUST-00156,Oliver,Martinez,oliver.martinez162@example.com,Indianapolis,IN,United States,2025-07-27,Social Media (Instagram/TikTok),Platinum
CUST-00157,Benjamin,Thomas,benjamin.thomas131@example.com,San Francisco,CA,United States,2024-09-30,Affiliate Referral,Platinum
CUST-00158,Daniel,Roberts,daniel.roberts545@example.com,Denver,CO,United States,2024-12-09,Email Marketing,Platinum
CUST-00159,Matthew,Nguyen,matthew.nguyen449@example.com,Austin,TX,United States,2025-08-08,Affiliate Referral,Platinum
CUST-00160,Isabella,Flores,isabella.flores993@example.com,Raleigh,NC,United States,2022-12-21,Paid Search (Google),Platinum
CUST-00161,Ella,Taylor,ella.taylor686@example.com,Chicago,IL,United States,2023-04-18,Paid Search (Google),Platinum
CUST-00162,Ethan,Scott,ethan.scott86@example.com,Philadelphia,PA,United States,2022-06-06,Email Marketing,Platinum
CUST-00163,Nora,Hall,nora.hall618@example.com,Miami,FL,United States,2024-01-18,Organic Search,Platinum
CUST-00164,Avery,Jackson,avery.jackson733@example.com,Austin,TX,United States,2026-05-10,Email Marketing,Platinum
CUST-00165,Mia,Baker,mia.baker249@example.com,Dallas,TX,United States,2025-12-02,Affiliate Referral,Platinum
CUST-00166,Mila,Ramirez,mila.ramirez127@example.com,San Francisco,CA,United States,2023-09-04,Paid Search (Google),Platinum
CUST-00167,Sebastian,Martinez,sebastian.martinez83@example.com,Los Angeles,CA,United States,2023-05-06,Social Media (Instagram/TikTok),Platinum
CUST-00168,Aiden,Lewis,aiden.lewis137@example.com,Atlanta,GA,United States,2026-04-11,Social Media (Instagram/TikTok),Platinum
CUST-00169,Layla,Moore,layla.moore522@example.com,San Francisco,CA,United States,2025-03-08,Email Marketing,Platinum
CUST-00170,Benjamin,Hill,benjamin.hill50@example.com,Boston,MA,United States,2024-03-22,Affiliate Referral,Platinum
CUST-00171,Jackson,Johnson,jackson.johnson103@example.com,San Diego,CA,United States,2026-03-12,Affiliate Referral,Platinum
CUST-00172,Liam,Carter,liam.carter698@example.com,Kansas City,MO,United States,2023-12-04,Affiliate Referral,Platinum
CUST-00173,Sophia,Carter,sophia.carter784@example.com,Philadelphia,PA,United States,2025-01-19,Affiliate Referral,Platinum
CUST-00174,Luke,Moore,luke.moore195@example.com,Nashville,TN,United States,2024-11-09,Email Marketing,Platinum
CUST-00175,Charlotte,Walker,charlotte.walker366@example.com,Boston,MA,United States,2024-04-13,Social Media (Instagram/TikTok),Platinum
CUST-00176,Amelia,Hernandez,amelia.hernandez347@example.com,Boston,MA,United States,2026-04-21,Email Marketing,Platinum
CUST-00177,Aiden,Nelson,aiden.nelson977@example.com,Denver,CO,United States,2025-07-01,Organic Search,Platinum
CUST-00178,Jayden,Garcia,jayden.garcia332@example.com,Dallas,TX,United States,2024-03-24,Organic Search,Platinum
CUST-00179,Layla,Allen,layla.allen854@example.com,New York,NY,United States,2026-02-06,Affiliate Referral,Platinum
CUST-00180,Lily,Clark,lily.clark65@example.com,San Antonio,TX,United States,2025-04-27,Social Media (Instagram/TikTok),Platinum
CUST-00181,Hannah,Green,hannah.green462@example.com,Columbus,OH,United States,2022-09-14,Paid Search (Google),Platinum
CUST-00182,Sebastian,Scott,sebastian.scott144@example.com,Austin,TX,United States,2024-11-14,Email Marketing,Platinum
CUST-00183,Harper,Johnson,harper.johnson655@example.com,Charlotte,NC,United States,2023-10-04,Paid Search (Google),Platinum
CUST-00184,Victoria,Scott,victoria.scott24@example.com,San Francisco,CA,United States,2024-09-13,Organic Search,Platinum
CUST-00185,Daniel,Davis,daniel.davis482@example.com,Houston,TX,United States,2026-01-17,Paid Search (Google),Platinum
CUST-00186,Hannah,Rivera,hannah.rivera308@example.com,Portland,OR,United States,2026-05-15,Social Media (Instagram/TikTok),Platinum
CUST-00187,Riley,Walker,riley.walker493@example.com,San Diego,CA,United States,2024-12-22,Affiliate Referral,Platinum
CUST-00188,Logan,Harris,logan.harris205@example.com,Charlotte,NC,United States,2025-04-06,Paid Search (Google),Platinum
CUST-00189,William,Moore,william.moore801@example.com,Indianapolis,IN,United States,2024-09-27,Social Media (Instagram/TikTok),Platinum
CUST-00190,Sebastian,Smith,sebastian.smith299@example.com,Raleigh,NC,United States,2024-02-02,Affiliate Referral,Platinum
CUST-00191,Grayson,Martinez,grayson.martinez467@example.com,San Francisco,CA,United States,2025-02-16,Social Media (Instagram/TikTok),Platinum
CUST-00192,David,Scott,david.scott791@example.com,San Francisco,CA,United States,2024-07-12,Email Marketing,Platinum
CUST-00193,Madison,Gonzalez,madison.gonzalez724@example.com,San Diego,CA,United States,2025-08-15,Email Marketing,Platinum
CUST-00194,Avery,Roberts,avery.roberts430@example.com,Los Angeles,CA,United States,2024-03-13,Email Marketing,Platinum
CUST-00195,Owen,Harris,owen.harris689@example.com,Indianapolis,IN,United States,2026-01-26,Paid Search (Google),Platinum
CUST-00196,Hannah,Williams,hannah.williams139@example.com,Portland,OR,United States,2025-09-21,Social Media (Instagram/TikTok),Platinum
CUST-00197,Elijah,Lewis,elijah.lewis112@example.com,Portland,OR,United States,2024-12-22,Organic Search,Platinum
CUST-00198,Logan,Clark,logan.clark901@example.com,Minneapolis,MN,United States,2023-04-13,Organic Search,Platinum
CUST-00199,Dylan,Taylor,dylan.taylor356@example.com,Charlotte,NC,United States,2026-04-19,Email Marketing,Platinum
CUST-00200,Benjamin,Perez,benjamin.perez882@example.com,Las Vegas,NV,United States,2025-05-28,Email Marketing,Platinum
CUST-00201,Samuel,Green,samuel.green745@example.com,Columbus,OH,United States,2025-02-24,Affiliate Referral,Platinum
CUST-00202,Noah,Flores,noah.flores80@example.com,San Diego,CA,United States,2025-12-14,Social Media (Instagram/TikTok),Platinum
CUST-00203,Avery,Mitchell,avery.mitchell102@example.com,Boston,MA,United States,2022-12-19,Organic Search,Platinum
CUST-00204,Luke,Hernandez,luke.hernandez720@example.com,Austin,TX,United States,2022-07-30,Organic Search,Platinum
CUST-00205,Madison,Brown,madison.brown310@example.com,Seattle,WA,United States,2024-07-07,Email Marketing,Platinum
CUST-00206,Logan,Thomas,logan.thomas553@example.com,Boston,MA,United States,2025-08-03,Paid Search (Google),Platinum
CUST-00207,Emily,Lopez,emily.lopez90@example.com,Charlotte,NC,United States,2024-07-23,Affiliate Referral,Platinum
CUST-00208,Henry,Young,henry.young944@example.com,Nashville,TN,United States,2023-03-21,Paid Search (Google),Platinum
CUST-00209,Lily,Green,lily.green270@example.com,Atlanta,GA,United States,2023-11-05,Organic Search,Platinum
CUST-00210,Lily,Jackson,lily.jackson703@example.com,San Francisco,CA,United States,2023-04-20,Organic Search,Platinum
CUST-00211,Luke,Thompson,luke.thompson611@example.com,Austin,TX,United States,2025-12-30,Email Marketing,Platinum
CUST-00212,Jackson,Robinson,jackson.robinson875@example.com,Austin,TX,United States,2023-07-13,Email Marketing,Platinum
CUST-00213,Eleanor,Miller,eleanor.miller252@example.com,Denver,CO,United States,2025-08-15,Social Media (Instagram/TikTok),Platinum
CUST-00214,Scarlett,Hall,scarlett.hall312@example.com,New York,NY,United States,2026-02-08,Email Marketing,Platinum
CUST-00215,Aria,Smith,aria.smith589@example.com,Tampa,FL,United States,2026-04-05,Organic Search,Platinum
CUST-00216,Hannah,Jackson,hannah.jackson804@example.com,Indianapolis,IN,United States,2023-09-15,Affiliate Referral,Platinum
CUST-00217,Grace,Anderson,grace.anderson661@example.com,San Antonio,TX,United States,2025-11-23,Social Media (Instagram/TikTok),Platinum
CUST-00218,Evelyn,Green,evelyn.green109@example.com,Minneapolis,MN,United States,2026-01-14,Organic Search,Platinum
CUST-00219,Victoria,Lewis,victoria.lewis44@example.com,Nashville,TN,United States,2024-06-17,Paid Search (Google),Platinum
CUST-00220,Charlotte,Jackson,charlotte.jackson344@example.com,Raleigh,NC,United States,2024-09-28,Paid Search (Google),Platinum
CUST-00221,Mila,Rodriguez,mila.rodriguez815@example.com,San Francisco,CA,United States,2024-06-19,Affiliate Referral,Platinum
CUST-00222,Sebastian,Hernandez,sebastian.hernandez273@example.com,Kansas City,MO,United States,2025-02-11,Social Media (Instagram/TikTok),Platinum
CUST-00223,Luna,Davis,luna.davis489@example.com,Chicago,IL,United States,2023-03-16,Paid Search (Google),Platinum
CUST-00224,Wyatt,Scott,wyatt.scott384@example.com,Chicago,IL,United States,2024-08-17,Organic Search,Platinum
CUST-00225,Camila,Wright,camila.wright136@example.com,Atlanta,GA,United States,2024-06-24,Social Media (Instagram/TikTok),Platinum
CUST-00226,Owen,Green,owen.green972@example.com,Seattle,WA,United States,2023-01-08,Paid Search (Google),Platinum
CUST-00227,Dylan,Johnson,dylan.johnson644@example.com,San Francisco,CA,United States,2024-04-02,Affiliate Referral,Platinum
CUST-00228,Daniel,Adams,daniel.adams74@example.com,Minneapolis,MN,United States,2025-01-06,Social Media (Instagram/TikTok),Platinum
CUST-00229,John,Davis,john.davis153@example.com,Los Angeles,CA,United States,2022-08-16,Social Media (Instagram/TikTok),Platinum
CUST-00230,Hannah,Davis,hannah.davis109@example.com,San Diego,CA,United States,2025-06-05,Paid Search (Google),Platinum
CUST-00231,Penelope,Robinson,penelope.robinson389@example.com,Las Vegas,NV,United States,2026-04-27,Affiliate Referral,Platinum
CUST-00232,Riley,Nguyen,riley.nguyen770@example.com,Raleigh,NC,United States,2023-04-13,Email Marketing,Platinum
CUST-00233,Elijah,Young,elijah.young640@example.com,Boston,MA,United States,2023-12-25,Organic Search,Platinum
CUST-00234,Chloe,Wilson,chloe.wilson464@example.com,Atlanta,GA,United States,2023-09-27,Social Media (Instagram/TikTok),Platinum
CUST-00235,Elijah,Baker,elijah.baker386@example.com,San Francisco,CA,United States,2026-01-11,Social Media (Instagram/TikTok),Platinum
CUST-00236,Isabella,Sanchez,isabella.sanchez292@example.com,San Antonio,TX,United States,2023-02-06,Email Marketing,Platinum
CUST-00237,Charlotte,Nelson,charlotte.nelson227@example.com,Minneapolis,MN,United States,2025-12-31,Affiliate Referral,Platinum
CUST-00238,Liam,Brown,liam.brown815@example.com,San Jose,CA,United States,2023-10-12,Paid Search (Google),Platinum
CUST-00239,Michael,Jones,michael.jones859@example.com,Columbus,OH,United States,2025-07-10,Paid Search (Google),Platinum
CUST-00240,Ella,Anderson,ella.anderson346@example.com,Columbus,OH,United States,2023-03-30,Affiliate Referral,Platinum
CUST-00241,James,Moore,james.moore889@example.com,Phoenix,AZ,United States,2023-02-22,Affiliate Referral,Platinum
CUST-00242,Jackson,Lopez,jackson.lopez122@example.com,Las Vegas,NV,United States,2022-07-23,Paid Search (Google),Platinum
CUST-00243,Emma,Thompson,emma.thompson818@example.com,Indianapolis,IN,United States,2023-10-01,Affiliate Referral,Platinum
CUST-00244,Madison,Johnson,madison.johnson188@example.com,Dallas,TX,United States,2022-09-16,Paid Search (Google),Platinum
CUST-00245,Riley,King,riley.king126@example.com,Raleigh,NC,United States,2022-10-09,Email Marketing,Platinum
CUST-00246,Nora,Roberts,nora.roberts380@example.com,Portland,OR,United States,2025-09-28,Organic Search,Platinum
CUST-00247,Nora,Allen,nora.allen236@example.com,Charlotte,NC,United States,2022-08-28,Affiliate Referral,Platinum
CUST-00248,Matthew,Robinson,matthew.robinson668@example.com,New York,NY,United States,2022-10-03,Email Marketing,Platinum
CUST-00249,Layla,Ramirez,layla.ramirez712@example.com,Houston,TX,United States,2025-03-01,Email Marketing,Platinum
CUST-00250,Mia,Garcia,mia.garcia339@example.com,Charlotte,NC,United States,2023-03-31,Organic Search,Platinum
CUST-00251,Mason,Moore,mason.moore649@example.com,Minneapolis,MN,United States,2025-09-11,Affiliate Referral,Gold
CUST-00252,Madison,Harris,madison.harris621@example.com,Portland,OR,United States,2024-01-25,Email Marketing,Gold
CUST-00253,Zoey,Miller,zoey.miller822@example.com,Salt Lake City,UT,United States,2023-01-21,Affiliate Referral,Gold
CUST-00254,Ella,Ramirez,ella.ramirez472@example.com,San Diego,CA,United States,2024-09-25,Social Media (Instagram/TikTok),Gold
CUST-00255,Jayden,Sanchez,jayden.sanchez435@example.com,Raleigh,NC,United States,2022-12-12,Social Media (Instagram/TikTok),Gold
CUST-00256,Jack,Lee,jack.lee691@example.com,Dallas,TX,United States,2024-07-06,Paid Search (Google),Gold
CUST-00257,Dylan,Jones,dylan.jones103@example.com,Kansas City,MO,United States,2022-11-22,Organic Search,Gold
CUST-00258,Zoey,Miller,zoey.miller772@example.com,Raleigh,NC,United States,2024-07-03,Paid Search (Google),Gold
CUST-00259,Isabella,Nguyen,isabella.nguyen989@example.com,San Francisco,CA,United States,2025-07-25,Social Media (Instagram/TikTok),Gold
CUST-00260,Harper,Clark,harper.clark372@example.com,Tampa,FL,United States,2026-02-22,Email Marketing,Gold
CUST-00261,Oliver,Jackson,oliver.jackson624@example.com,Austin,TX,United States,2024-05-21,Organic Search,Gold
CUST-00262,Ella,Martinez,ella.martinez682@example.com,Miami,FL,United States,2023-09-03,Organic Search,Gold
CUST-00263,Joseph,Scott,joseph.scott386@example.com,Houston,TX,United States,2023-12-23,Affiliate Referral,Gold
CUST-00264,Daniel,Ramirez,daniel.ramirez875@example.com,San Francisco,CA,United States,2025-11-25,Affiliate Referral,Gold
CUST-00265,Olivia,Hill,olivia.hill961@example.com,Las Vegas,NV,United States,2026-04-21,Social Media (Instagram/TikTok),Gold
CUST-00266,Olivia,Lopez,olivia.lopez289@example.com,Salt Lake City,UT,United States,2024-02-23,Social Media (Instagram/TikTok),Gold
CUST-00267,Joseph,Smith,joseph.smith195@example.com,Tampa,FL,United States,2023-03-21,Affiliate Referral,Gold
CUST-00268,Layla,Jones,layla.jones155@example.com,Raleigh,NC,United States,2025-12-18,Organic Search,Gold
CUST-00269,Charlotte,Mitchell,charlotte.mitchell553@example.com,San Antonio,TX,United States,2024-07-10,Email Marketing,Gold
CUST-00270,Jayden,Perez,jayden.perez171@example.com,Seattle,WA,United States,2024-02-29,Social Media (Instagram/TikTok),Gold
CUST-00271,Benjamin,Brown,benjamin.brown169@example.com,Philadelphia,PA,United States,2025-11-17,Organic Search,Gold
CUST-00272,Benjamin,Moore,benjamin.moore463@example.com,Las Vegas,NV,United States,2024-10-16,Email Marketing,Gold
CUST-00273,Luke,Clark,luke.clark289@example.com,San Antonio,TX,United States,2025-04-15,Organic Search,Gold
CUST-00274,Joseph,Ramirez,joseph.ramirez123@example.com,Austin,TX,United States,2026-03-20,Affiliate Referral,Gold
CUST-00275,Grayson,King,grayson.king693@example.com,Austin,TX,United States,2022-09-02,Paid Search (Google),Gold
CUST-00276,Wyatt,Hill,wyatt.hill66@example.com,New York,NY,United States,2023-07-24,Social Media (Instagram/TikTok),Gold
CUST-00277,Ella,Roberts,ella.roberts150@example.com,Columbus,OH,United States,2023-11-06,Social Media (Instagram/TikTok),Gold
CUST-00278,Madison,Davis,madison.davis17@example.com,Miami,FL,United States,2024-10-29,Paid Search (Google),Gold
CUST-00279,Mason,Harris,mason.harris555@example.com,Salt Lake City,UT,United States,2023-09-15,Affiliate Referral,Gold
CUST-00280,Grace,Jones,grace.jones416@example.com,Tampa,FL,United States,2022-08-26,Email Marketing,Gold
CUST-00281,Liam,Robinson,liam.robinson953@example.com,Chicago,IL,United States,2024-03-03,Affiliate Referral,Gold
CUST-00282,Jack,Torres,jack.torres424@example.com,Salt Lake City,UT,United States,2026-01-02,Email Marketing,Gold
CUST-00283,Scarlett,Davis,scarlett.davis424@example.com,New York,NY,United States,2024-03-27,Paid Search (Google),Gold
CUST-00284,Jayden,Hall,jayden.hall951@example.com,Seattle,WA,United States,2022-11-28,Email Marketing,Gold
CUST-00285,Amelia,Thomas,amelia.thomas456@example.com,Nashville,TN,United States,2024-08-29,Affiliate Referral,Gold
CUST-00286,Benjamin,Sanchez,benjamin.sanchez901@example.com,Austin,TX,United States,2024-04-26,Paid Search (Google),Gold
CUST-00287,David,Roberts,david.roberts182@example.com,Chicago,IL,United States,2025-04-11,Organic Search,Gold
CUST-00288,Jacob,Roberts,jacob.roberts367@example.com,Seattle,WA,United States,2026-01-12,Paid Search (Google),Gold
CUST-00289,Henry,Miller,henry.miller159@example.com,Dallas,TX,United States,2023-07-10,Paid Search (Google),Gold
CUST-00290,Abigail,Carter,abigail.carter787@example.com,Minneapolis,MN,United States,2022-11-02,Paid Search (Google),Gold
CUST-00291,Hannah,Robinson,hannah.robinson782@example.com,Nashville,TN,United States,2025-08-30,Email Marketing,Gold
CUST-00292,Madison,Green,madison.green333@example.com,Phoenix,AZ,United States,2024-11-17,Organic Search,Gold
CUST-00293,Dylan,Lewis,dylan.lewis656@example.com,Austin,TX,United States,2023-12-15,Affiliate Referral,Gold
CUST-00294,Isabella,Thompson,isabella.thompson529@example.com,Chicago,IL,United States,2024-02-26,Email Marketing,Gold
CUST-00295,Nora,Williams,nora.williams68@example.com,Seattle,WA,United States,2024-01-09,Organic Search,Gold
CUST-00296,Charlotte,Flores,charlotte.flores618@example.com,Portland,OR,United States,2024-07-27,Email Marketing,Gold
CUST-00297,Sophia,Lewis,sophia.lewis940@example.com,Indianapolis,IN,United States,2025-08-14,Paid Search (Google),Gold
CUST-00298,Madison,Hill,madison.hill497@example.com,Portland,OR,United States,2023-04-05,Organic Search,Gold
CUST-00299,Nora,Miller,nora.miller840@example.com,Kansas City,MO,United States,2024-05-04,Organic Search,Gold
CUST-00300,Ethan,Williams,ethan.williams263@example.com,Salt Lake City,UT,United States,2024-11-13,Email Marketing,Gold
CUST-00301,Alexander,White,alexander.white391@example.com,Austin,TX,United States,2024-08-02,Email Marketing,Gold
CUST-00302,Luna,Baker,luna.baker622@example.com,Los Angeles,CA,United States,2025-12-14,Social Media (Instagram/TikTok),Gold
CUST-00303,William,Perez,william.perez106@example.com,San Francisco,CA,United States,2026-03-21,Email Marketing,Gold
CUST-00304,Aiden,Taylor,aiden.taylor751@example.com,Tampa,FL,United States,2026-02-04,Affiliate Referral,Gold
CUST-00305,Abigail,Perez,abigail.perez93@example.com,Nashville,TN,United States,2026-02-19,Paid Search (Google),Gold
CUST-00306,Joseph,Martin,joseph.martin681@example.com,Salt Lake City,UT,United States,2026-02-16,Email Marketing,Gold
CUST-00307,Mason,Hill,mason.hill735@example.com,Chicago,IL,United States,2024-02-25,Affiliate Referral,Gold
CUST-00308,Owen,Adams,owen.adams820@example.com,San Jose,CA,United States,2023-02-17,Affiliate Referral,Gold
CUST-00309,Charlotte,Adams,charlotte.adams696@example.com,Boston,MA,United States,2025-04-07,Social Media (Instagram/TikTok),Gold
CUST-00310,Liam,White,liam.white326@example.com,Philadelphia,PA,United States,2023-08-13,Social Media (Instagram/TikTok),Gold
CUST-00311,Grayson,Gonzalez,grayson.gonzalez241@example.com,Phoenix,AZ,United States,2023-04-14,Organic Search,Gold
CUST-00312,Scarlett,Miller,scarlett.miller529@example.com,Columbus,OH,United States,2025-06-10,Affiliate Referral,Gold
CUST-00313,Noah,Nelson,noah.nelson354@example.com,Columbus,OH,United States,2025-11-17,Paid Search (Google),Gold
CUST-00314,Owen,Martinez,owen.martinez176@example.com,Philadelphia,PA,United States,2026-04-19,Affiliate Referral,Gold
CUST-00315,Emily,Campbell,emily.campbell458@example.com,Los Angeles,CA,United States,2024-09-19,Social Media (Instagram/TikTok),Gold
CUST-00316,Henry,Lewis,henry.lewis635@example.com,Austin,TX,United States,2024-12-06,Paid Search (Google),Gold
CUST-00317,Henry,Martin,henry.martin998@example.com,Indianapolis,IN,United States,2025-01-16,Paid Search (Google),Gold
CUST-00318,Chloe,Baker,chloe.baker979@example.com,Nashville,TN,United States,2024-11-19,Email Marketing,Gold
CUST-00319,Aiden,Roberts,aiden.roberts401@example.com,Portland,OR,United States,2025-05-16,Email Marketing,Gold
CUST-00320,Alexander,Gonzalez,alexander.gonzalez830@example.com,Charlotte,NC,United States,2023-03-11,Social Media (Instagram/TikTok),Gold
CUST-00321,Oliver,Adams,oliver.adams502@example.com,Tampa,FL,United States,2024-06-30,Affiliate Referral,Gold
CUST-00322,Amelia,Rivera,amelia.rivera876@example.com,Portland,OR,United States,2023-02-11,Social Media (Instagram/TikTok),Gold
CUST-00323,Benjamin,Carter,benjamin.carter174@example.com,Dallas,TX,United States,2024-12-07,Affiliate Referral,Gold
CUST-00324,Logan,Ramirez,logan.ramirez103@example.com,San Diego,CA,United States,2024-12-10,Social Media (Instagram/TikTok),Gold
CUST-00325,Olivia,Clark,olivia.clark64@example.com,Denver,CO,United States,2025-03-25,Social Media (Instagram/TikTok),Gold
CUST-00326,Henry,Harris,henry.harris93@example.com,Seattle,WA,United States,2023-09-03,Organic Search,Gold
CUST-00327,Samuel,Miller,samuel.miller869@example.com,Salt Lake City,UT,United States,2026-01-22,Social Media (Instagram/TikTok),Gold
CUST-00328,Logan,Rodriguez,logan.rodriguez49@example.com,Austin,TX,United States,2025-01-23,Paid Search (Google),Gold
CUST-00329,Dylan,Lewis,dylan.lewis640@example.com,New York,NY,United States,2022-11-10,Organic Search,Gold
CUST-00330,Jackson,Wilson,jackson.wilson865@example.com,Phoenix,AZ,United States,2025-06-28,Affiliate Referral,Gold
CUST-00331,Jack,Davis,jack.davis804@example.com,Austin,TX,United States,2023-09-30,Social Media (Instagram/TikTok),Gold
CUST-00332,Harper,Brown,harper.brown254@example.com,Boston,MA,United States,2025-12-30,Affiliate Referral,Gold
CUST-00333,Jayden,Jones,jayden.jones123@example.com,Kansas City,MO,United States,2025-03-20,Affiliate Referral,Gold
CUST-00334,Liam,Green,liam.green537@example.com,Nashville,TN,United States,2023-10-09,Paid Search (Google),Gold
CUST-00335,Scarlett,Ramirez,scarlett.ramirez11@example.com,Charlotte,NC,United States,2024-05-23,Paid Search (Google),Gold
CUST-00336,Riley,Lopez,riley.lopez690@example.com,Las Vegas,NV,United States,2022-11-23,Affiliate Referral,Gold
CUST-00337,Carter,Jones,carter.jones986@example.com,Portland,OR,United States,2025-06-19,Affiliate Referral,Gold
CUST-00338,Liam,Harris,liam.harris904@example.com,Miami,FL,United States,2022-08-29,Email Marketing,Gold
CUST-00339,Chloe,Taylor,chloe.taylor775@example.com,New York,NY,United States,2024-06-01,Organic Search,Gold
CUST-00340,Joseph,Thomas,joseph.thomas760@example.com,Las Vegas,NV,United States,2025-12-08,Organic Search,Gold
CUST-00341,David,Rodriguez,david.rodriguez55@example.com,Seattle,WA,United States,2025-06-23,Social Media (Instagram/TikTok),Gold
CUST-00342,Ethan,Roberts,ethan.roberts711@example.com,Atlanta,GA,United States,2026-04-25,Email Marketing,Gold
CUST-00343,Elizabeth,Rodriguez,elizabeth.rodriguez74@example.com,Salt Lake City,UT,United States,2024-12-24,Organic Search,Gold
CUST-00344,Scarlett,Gonzalez,scarlett.gonzalez54@example.com,Indianapolis,IN,United States,2023-07-14,Organic Search,Gold
CUST-00345,Samuel,Martin,samuel.martin537@example.com,Denver,CO,United States,2025-06-17,Email Marketing,Gold
CUST-00346,Jackson,Williams,jackson.williams781@example.com,Minneapolis,MN,United States,2023-06-27,Social Media (Instagram/TikTok),Gold
CUST-00347,Grace,Roberts,grace.roberts58@example.com,Tampa,FL,United States,2026-02-02,Social Media (Instagram/TikTok),Gold
CUST-00348,Sebastian,Davis,sebastian.davis828@example.com,Seattle,WA,United States,2024-11-11,Email Marketing,Gold
CUST-00349,Luke,Harris,luke.harris357@example.com,Philadelphia,PA,United States,2025-03-13,Email Marketing,Gold
CUST-00350,Chloe,King,chloe.king283@example.com,Indianapolis,IN,United States,2022-11-17,Email Marketing,Gold
CUST-00351,Benjamin,Ramirez,benjamin.ramirez626@example.com,Kansas City,MO,United States,2023-06-05,Affiliate Referral,Gold
CUST-00352,Scarlett,Lee,scarlett.lee115@example.com,Chicago,IL,United States,2024-04-02,Social Media (Instagram/TikTok),Gold
CUST-00353,Victoria,Lewis,victoria.lewis627@example.com,Salt Lake City,UT,United States,2024-10-20,Paid Search (Google),Gold
CUST-00354,Luke,Thompson,luke.thompson467@example.com,Los Angeles,CA,United States,2024-05-23,Affiliate Referral,Gold
CUST-00355,Zoey,Moore,zoey.moore664@example.com,Indianapolis,IN,United States,2022-09-26,Organic Search,Gold
CUST-00356,Layla,White,layla.white535@example.com,Indianapolis,IN,United States,2026-03-23,Paid Search (Google),Gold
CUST-00357,Olivia,Martinez,olivia.martinez879@example.com,Charlotte,NC,United States,2026-03-20,Email Marketing,Gold
CUST-00358,Noah,Rodriguez,noah.rodriguez78@example.com,San Diego,CA,United States,2026-01-12,Social Media (Instagram/TikTok),Gold
CUST-00359,Carter,Harris,carter.harris982@example.com,Nashville,TN,United States,2022-08-06,Affiliate Referral,Gold
CUST-00360,Abigail,Baker,abigail.baker470@example.com,Seattle,WA,United States,2024-07-01,Email Marketing,Gold
CUST-00361,Mia,Torres,mia.torres150@example.com,Portland,OR,United States,2024-06-21,Email Marketing,Gold
CUST-00362,Samuel,Adams,samuel.adams295@example.com,San Diego,CA,United States,2023-01-19,Organic Search,Gold
CUST-00363,Elizabeth,Young,elizabeth.young540@example.com,Denver,CO,United States,2025-07-25,Organic Search,Gold
CUST-00364,Camila,Roberts,camila.roberts276@example.com,Salt Lake City,UT,United States,2024-11-30,Paid Search (Google),Gold
CUST-00365,Aiden,Hall,aiden.hall948@example.com,Miami,FL,United States,2023-07-15,Organic Search,Gold
CUST-00366,Evelyn,Jones,evelyn.jones472@example.com,Philadelphia,PA,United States,2026-05-31,Email Marketing,Gold
CUST-00367,Charlotte,Baker,charlotte.baker875@example.com,San Jose,CA,United States,2026-02-27,Social Media (Instagram/TikTok),Gold
CUST-00368,William,Scott,william.scott565@example.com,Austin,TX,United States,2024-02-05,Paid Search (Google),Gold
CUST-00369,Ethan,White,ethan.white530@example.com,San Diego,CA,United States,2023-02-04,Paid Search (Google),Gold
CUST-00370,Evelyn,Thomas,evelyn.thomas819@example.com,Miami,FL,United States,2022-07-24,Social Media (Instagram/TikTok),Gold
CUST-00371,Chloe,Robinson,chloe.robinson832@example.com,San Francisco,CA,United States,2023-02-21,Affiliate Referral,Gold
CUST-00372,Charlotte,Jones,charlotte.jones326@example.com,Denver,CO,United States,2025-02-05,Affiliate Referral,Gold
CUST-00373,John,Roberts,john.roberts429@example.com,Kansas City,MO,United States,2025-08-21,Organic Search,Gold
CUST-00374,Mason,Lee,mason.lee667@example.com,Chicago,IL,United States,2024-12-08,Email Marketing,Gold
CUST-00375,Joseph,Rodriguez,joseph.rodriguez909@example.com,Kansas City,MO,United States,2025-07-04,Affiliate Referral,Gold
CUST-00376,Elizabeth,Roberts,elizabeth.roberts999@example.com,Phoenix,AZ,United States,2024-11-03,Affiliate Referral,Gold
CUST-00377,Isabella,Davis,isabella.davis540@example.com,Phoenix,AZ,United States,2024-02-13,Paid Search (Google),Gold
CUST-00378,Alexander,Lee,alexander.lee967@example.com,Salt Lake City,UT,United States,2023-09-05,Social Media (Instagram/TikTok),Gold
CUST-00379,Aiden,Garcia,aiden.garcia266@example.com,San Antonio,TX,United States,2025-12-22,Affiliate Referral,Gold
CUST-00380,Aria,Rodriguez,aria.rodriguez650@example.com,Austin,TX,United States,2025-11-10,Affiliate Referral,Gold
CUST-00381,Charlotte,Allen,charlotte.allen666@example.com,Philadelphia,PA,United States,2025-09-25,Affiliate Referral,Gold
CUST-00382,Abigail,Hernandez,abigail.hernandez684@example.com,Charlotte,NC,United States,2025-10-22,Social Media (Instagram/TikTok),Gold
CUST-00383,Sophia,Johnson,sophia.johnson93@example.com,Los Angeles,CA,United States,2026-01-04,Affiliate Referral,Gold
CUST-00384,Camila,Adams,camila.adams225@example.com,Columbus,OH,United States,2025-08-15,Email Marketing,Gold
CUST-00385,Olivia,Young,olivia.young920@example.com,Minneapolis,MN,United States,2025-06-22,Social Media (Instagram/TikTok),Gold
CUST-00386,Matthew,Walker,matthew.walker260@example.com,Indianapolis,IN,United States,2026-04-03,Email Marketing,Gold
CUST-00387,Matthew,Robinson,matthew.robinson84@example.com,Salt Lake City,UT,United States,2022-10-01,Paid Search (Google),Gold
CUST-00388,Luke,Clark,luke.clark505@example.com,Atlanta,GA,United States,2023-07-23,Social Media (Instagram/TikTok),Gold
CUST-00389,Logan,Lee,logan.lee892@example.com,Salt Lake City,UT,United States,2024-03-15,Social Media (Instagram/TikTok),Gold
CUST-00390,Layla,Rodriguez,layla.rodriguez788@example.com,Seattle,WA,United States,2025-04-20,Affiliate Referral,Gold
CUST-00391,Amelia,Lee,amelia.lee257@example.com,Atlanta,GA,United States,2023-02-06,Social Media (Instagram/TikTok),Gold
CUST-00392,Nora,Thomas,nora.thomas154@example.com,Houston,TX,United States,2022-09-12,Social Media (Instagram/TikTok),Gold
CUST-00393,Penelope,Flores,penelope.flores438@example.com,San Diego,CA,United States,2023-04-24,Social Media (Instagram/TikTok),Gold
CUST-00394,Samuel,Gonzalez,samuel.gonzalez791@example.com,Philadelphia,PA,United States,2025-03-17,Affiliate Referral,Gold
CUST-00395,Lily,Young,lily.young910@example.com,Austin,TX,United States,2025-03-15,Organic Search,Gold
CUST-00396,Charlotte,Sanchez,charlotte.sanchez527@example.com,Atlanta,GA,United States,2023-10-07,Paid Search (Google),Gold
CUST-00397,Grace,Brown,grace.brown61@example.com,Austin,TX,United States,2025-03-10,Affiliate Referral,Gold
CUST-00398,Dylan,Jackson,dylan.jackson559@example.com,New York,NY,United States,2023-01-07,Email Marketing,Gold
CUST-00399,Evelyn,Taylor,evelyn.taylor754@example.com,Seattle,WA,United States,2024-09-03,Social Media (Instagram/TikTok),Gold
CUST-00400,Sophia,Sanchez,sophia.sanchez62@example.com,Nashville,TN,United States,2025-07-25,Paid Search (Google),Gold
CUST-00401,Carter,Scott,carter.scott305@example.com,Chicago,IL,United States,2024-07-31,Affiliate Referral,Gold
CUST-00402,Nora,Carter,nora.carter573@example.com,Dallas,TX,United States,2025-11-28,Affiliate Referral,Gold
CUST-00403,Harper,Rodriguez,harper.rodriguez109@example.com,Denver,CO,United States,2024-07-04,Social Media (Instagram/TikTok),Gold
CUST-00404,Carter,Carter,carter.carter157@example.com,San Antonio,TX,United States,2025-10-16,Affiliate Referral,Gold
CUST-00405,Layla,Allen,layla.allen51@example.com,Los Angeles,CA,United States,2022-08-19,Paid Search (Google),Gold
CUST-00406,David,Walker,david.walker541@example.com,Atlanta,GA,United States,2023-04-02,Affiliate Referral,Gold
CUST-00407,Evelyn,Lee,evelyn.lee963@example.com,Charlotte,NC,United States,2024-03-14,Paid Search (Google),Gold
CUST-00408,Wyatt,Flores,wyatt.flores767@example.com,Kansas City,MO,United States,2024-02-03,Affiliate Referral,Gold
CUST-00409,Luna,Allen,luna.allen858@example.com,Portland,OR,United States,2025-05-26,Email Marketing,Gold
CUST-00410,Matthew,Walker,matthew.walker845@example.com,New York,NY,United States,2024-06-24,Social Media (Instagram/TikTok),Gold
CUST-00411,Lucas,Clark,lucas.clark607@example.com,Austin,TX,United States,2026-04-10,Organic Search,Gold
CUST-00412,Dylan,Taylor,dylan.taylor681@example.com,Indianapolis,IN,United States,2025-08-28,Affiliate Referral,Gold
CUST-00413,Avery,Campbell,avery.campbell62@example.com,Nashville,TN,United States,2025-02-08,Paid Search (Google),Gold
CUST-00414,Owen,Martinez,owen.martinez851@example.com,Las Vegas,NV,United States,2023-10-10,Organic Search,Gold
CUST-00415,Lucas,Gonzalez,lucas.gonzalez29@example.com,Atlanta,GA,United States,2024-03-04,Email Marketing,Gold
CUST-00416,Abigail,Clark,abigail.clark717@example.com,San Antonio,TX,United States,2024-09-18,Affiliate Referral,Gold
CUST-00417,Dylan,Mitchell,dylan.mitchell754@example.com,Los Angeles,CA,United States,2026-05-16,Paid Search (Google),Gold
CUST-00418,Michael,Scott,michael.scott342@example.com,Las Vegas,NV,United States,2025-02-04,Affiliate Referral,Gold
CUST-00419,Owen,Lee,owen.lee989@example.com,Philadelphia,PA,United States,2024-12-28,Affiliate Referral,Gold
CUST-00420,Luna,Wright,luna.wright372@example.com,Las Vegas,NV,United States,2026-03-26,Social Media (Instagram/TikTok),Gold
CUST-00421,Eleanor,Gonzalez,eleanor.gonzalez990@example.com,San Diego,CA,United States,2023-12-24,Affiliate Referral,Gold
CUST-00422,Matthew,Anderson,matthew.anderson974@example.com,Austin,TX,United States,2024-01-13,Paid Search (Google),Gold
CUST-00423,Grayson,Lee,grayson.lee501@example.com,Seattle,WA,United States,2025-07-22,Social Media (Instagram/TikTok),Gold
CUST-00424,Aiden,Davis,aiden.davis597@example.com,Las Vegas,NV,United States,2025-06-17,Email Marketing,Gold
CUST-00425,Wyatt,Thompson,wyatt.thompson987@example.com,Columbus,OH,United States,2023-03-27,Social Media (Instagram/TikTok),Gold
CUST-00426,Sophia,Jackson,sophia.jackson988@example.com,Salt Lake City,UT,United States,2022-11-09,Social Media (Instagram/TikTok),Gold
CUST-00427,Luke,Adams,luke.adams272@example.com,Raleigh,NC,United States,2025-02-06,Paid Search (Google),Gold
CUST-00428,Mila,Wright,mila.wright287@example.com,San Francisco,CA,United States,2026-04-26,Social Media (Instagram/TikTok),Gold
CUST-00429,Evelyn,Miller,evelyn.miller640@example.com,Raleigh,NC,United States,2025-09-14,Paid Search (Google),Gold
CUST-00430,Sofia,Brown,sofia.brown695@example.com,Portland,OR,United States,2023-09-06,Paid Search (Google),Gold
CUST-00431,Oliver,Miller,oliver.miller433@example.com,San Jose,CA,United States,2025-01-23,Organic Search,Gold
CUST-00432,Evelyn,Smith,evelyn.smith997@example.com,San Francisco,CA,United States,2023-04-20,Email Marketing,Gold
CUST-00433,Dylan,Walker,dylan.walker676@example.com,San Antonio,TX,United States,2024-01-10,Social Media (Instagram/TikTok),Gold
CUST-00434,Aiden,Adams,aiden.adams70@example.com,Columbus,OH,United States,2022-12-01,Affiliate Referral,Gold
CUST-00435,Avery,Wright,avery.wright766@example.com,Raleigh,NC,United States,2022-08-16,Paid Search (Google),Gold
CUST-00436,Riley,Lopez,riley.lopez966@example.com,Los Angeles,CA,United States,2024-08-22,Email Marketing,Gold
CUST-00437,Elizabeth,Mitchell,elizabeth.mitchell995@example.com,Tampa,FL,United States,2024-01-14,Organic Search,Gold
CUST-00438,Emma,Martin,emma.martin591@example.com,Charlotte,NC,United States,2023-01-06,Social Media (Instagram/TikTok),Gold
CUST-00439,Aiden,Robinson,aiden.robinson666@example.com,San Francisco,CA,United States,2025-05-09,Email Marketing,Gold
CUST-00440,Evelyn,Allen,evelyn.allen489@example.com,Dallas,TX,United States,2023-06-30,Organic Search,Gold
CUST-00441,David,Hernandez,david.hernandez758@example.com,Atlanta,GA,United States,2026-01-18,Social Media (Instagram/TikTok),Gold
CUST-00442,Elizabeth,Smith,elizabeth.smith764@example.com,San Jose,CA,United States,2024-01-26,Affiliate Referral,Gold
CUST-00443,Jacob,Lopez,jacob.lopez635@example.com,Tampa,FL,United States,2025-12-30,Email Marketing,Gold
CUST-00444,Jack,Allen,jack.allen345@example.com,Chicago,IL,United States,2024-08-29,Organic Search,Gold
CUST-00445,Elizabeth,Rodriguez,elizabeth.rodriguez498@example.com,San Jose,CA,United States,2023-10-22,Organic Search,Gold
CUST-00446,Camila,Harris,camila.harris251@example.com,Atlanta,GA,United States,2023-11-29,Social Media (Instagram/TikTok),Gold
CUST-00447,Matthew,Nguyen,matthew.nguyen750@example.com,Nashville,TN,United States,2022-06-24,Social Media (Instagram/TikTok),Gold
CUST-00448,Carter,Hall,carter.hall251@example.com,Los Angeles,CA,United States,2026-02-27,Organic Search,Gold
CUST-00449,Lily,Martin,lily.martin173@example.com,Denver,CO,United States,2026-04-06,Affiliate Referral,Gold
CUST-00450,Victoria,Hall,victoria.hall130@example.com,Minneapolis,MN,United States,2024-01-26,Social Media (Instagram/TikTok),Gold
CUST-00451,Daniel,Anderson,daniel.anderson990@example.com,Phoenix,AZ,United States,2025-02-04,Paid Search (Google),Gold
CUST-00452,Jayden,Mitchell,jayden.mitchell630@example.com,Seattle,WA,United States,2024-09-29,Affiliate Referral,Gold
CUST-00453,Dylan,Carter,dylan.carter560@example.com,Indianapolis,IN,United States,2026-02-20,Paid Search (Google),Gold
CUST-00454,Sofia,Baker,sofia.baker782@example.com,Charlotte,NC,United States,2022-11-15,Affiliate Referral,Gold
CUST-00455,Nora,King,nora.king730@example.com,Seattle,WA,United States,2022-11-07,Affiliate Referral,Gold
CUST-00456,Lucas,Brown,lucas.brown858@example.com,San Francisco,CA,United States,2025-04-01,Paid Search (Google),Gold
CUST-00457,Abigail,Hernandez,abigail.hernandez345@example.com,Tampa,FL,United States,2025-05-01,Email Marketing,Gold
CUST-00458,Lucas,Baker,lucas.baker220@example.com,Salt Lake City,UT,United States,2025-09-07,Email Marketing,Gold
CUST-00459,Charlotte,Allen,charlotte.allen466@example.com,Indianapolis,IN,United States,2022-09-22,Email Marketing,Gold
CUST-00460,Mason,Allen,mason.allen435@example.com,Atlanta,GA,United States,2025-07-29,Organic Search,Gold
CUST-00461,Lily,Baker,lily.baker836@example.com,Austin,TX,United States,2022-07-15,Email Marketing,Gold
CUST-00462,Jackson,Smith,jackson.smith773@example.com,San Antonio,TX,United States,2025-08-28,Organic Search,Gold
CUST-00463,Sophia,Ramirez,sophia.ramirez362@example.com,Salt Lake City,UT,United States,2022-10-09,Affiliate Referral,Gold
CUST-00464,Isabella,Jones,isabella.jones966@example.com,Miami,FL,United States,2022-08-04,Social Media (Instagram/TikTok),Gold
CUST-00465,John,Lopez,john.lopez797@example.com,Phoenix,AZ,United States,2026-01-04,Email Marketing,Gold
CUST-00466,Chloe,Harris,chloe.harris469@example.com,Tampa,FL,United States,2024-07-13,Email Marketing,Gold
CUST-00467,Benjamin,Baker,benjamin.baker997@example.com,Las Vegas,NV,United States,2025-06-09,Paid Search (Google),Gold
CUST-00468,Joseph,Davis,joseph.davis192@example.com,San Francisco,CA,United States,2024-08-13,Affiliate Referral,Gold
CUST-00469,Mason,Campbell,mason.campbell238@example.com,Kansas City,MO,United States,2022-06-08,Organic Search,Gold
CUST-00470,Matthew,Robinson,matthew.robinson699@example.com,Raleigh,NC,United States,2025-06-20,Email Marketing,Gold
CUST-00471,Owen,Anderson,owen.anderson263@example.com,Atlanta,GA,United States,2024-05-09,Paid Search (Google),Gold
CUST-00472,Aria,Gonzalez,aria.gonzalez969@example.com,Raleigh,NC,United States,2023-01-18,Organic Search,Gold
CUST-00473,Riley,Flores,riley.flores794@example.com,New York,NY,United States,2023-10-06,Paid Search (Google),Gold
CUST-00474,William,Miller,william.miller618@example.com,Los Angeles,CA,United States,2024-12-01,Affiliate Referral,Gold
CUST-00475,Oliver,Thomas,oliver.thomas768@example.com,Los Angeles,CA,United States,2024-09-01,Email Marketing,Gold
CUST-00476,Avery,Wright,avery.wright232@example.com,Columbus,OH,United States,2022-09-24,Paid Search (Google),Gold
CUST-00477,Scarlett,Anderson,scarlett.anderson845@example.com,Raleigh,NC,United States,2025-08-23,Social Media (Instagram/TikTok),Gold
CUST-00478,Madison,Thomas,madison.thomas319@example.com,Phoenix,AZ,United States,2026-02-12,Affiliate Referral,Gold
CUST-00479,Daniel,Clark,daniel.clark317@example.com,Dallas,TX,United States,2022-10-03,Affiliate Referral,Gold
CUST-00480,Ethan,Green,ethan.green705@example.com,Boston,MA,United States,2025-07-13,Email Marketing,Gold
CUST-00481,Oliver,Thompson,oliver.thompson974@example.com,Minneapolis,MN,United States,2026-03-06,Email Marketing,Gold
CUST-00482,Samuel,Hall,samuel.hall436@example.com,Boston,MA,United States,2023-04-02,Social Media (Instagram/TikTok),Gold
CUST-00483,Owen,Lopez,owen.lopez782@example.com,San Francisco,CA,United States,2025-01-25,Paid Search (Google),Gold
CUST-00484,Daniel,Martin,daniel.martin888@example.com,Salt Lake City,UT,United States,2023-03-23,Email Marketing,Gold
CUST-00485,Isabella,Scott,isabella.scott432@example.com,Boston,MA,United States,2025-07-16,Affiliate Referral,Gold
CUST-00486,Evelyn,Harris,evelyn.harris258@example.com,Dallas,TX,United States,2023-07-22,Social Media (Instagram/TikTok),Gold
CUST-00487,Benjamin,Lewis,benjamin.lewis877@example.com,Seattle,WA,United States,2022-12-07,Affiliate Referral,Gold
CUST-00488,Jacob,Brown,jacob.brown284@example.com,Denver,CO,United States,2026-03-11,Affiliate Referral,Gold
CUST-00489,Sophia,Jones,sophia.jones202@example.com,Indianapolis,IN,United States,2025-09-16,Affiliate Referral,Gold
CUST-00490,Ella,Walker,ella.walker223@example.com,Tampa,FL,United States,2024-04-12,Social Media (Instagram/TikTok),Gold
CUST-00491,Emma,Wilson,emma.wilson969@example.com,San Antonio,TX,United States,2023-01-27,Email Marketing,Gold
CUST-00492,Sofia,Hall,sofia.hall628@example.com,Salt Lake City,UT,United States,2023-07-24,Email Marketing,Gold
CUST-00493,Henry,Scott,henry.scott339@example.com,Columbus,OH,United States,2024-01-01,Email Marketing,Gold
CUST-00494,Lily,Wright,lily.wright674@example.com,Seattle,WA,United States,2024-02-22,Social Media (Instagram/TikTok),Gold
CUST-00495,Carter,Allen,carter.allen913@example.com,Miami,FL,United States,2025-01-10,Organic Search,Gold
CUST-00496,Dylan,Carter,dylan.carter869@example.com,San Jose,CA,United States,2023-07-22,Social Media (Instagram/TikTok),Gold
CUST-00497,Samuel,Clark,samuel.clark56@example.com,Nashville,TN,United States,2023-08-28,Paid Search (Google),Gold
CUST-00498,Liam,Taylor,liam.taylor576@example.com,Nashville,TN,United States,2025-08-30,Email Marketing,Gold
CUST-00499,Scarlett,Martinez,scarlett.martinez210@example.com,San Jose,CA,United States,2023-09-15,Email Marketing,Gold
CUST-00500,Sofia,Young,sofia.young573@example.com,Minneapolis,MN,United States,2026-04-03,Social Media (Instagram/TikTok),Gold
CUST-00501,Jackson,Carter,jackson.carter851@example.com,Miami,FL,United States,2026-01-05,Email Marketing,Gold
CUST-00502,Jayden,Hernandez,jayden.hernandez760@example.com,Indianapolis,IN,United States,2024-05-22,Paid Search (Google),Gold
CUST-00503,Evelyn,Campbell,evelyn.campbell569@example.com,Miami,FL,United States,2023-06-12,Affiliate Referral,Gold
CUST-00504,Isabella,King,isabella.king44@example.com,Kansas City,MO,United States,2022-10-31,Organic Search,Gold
CUST-00505,James,Clark,james.clark150@example.com,Kansas City,MO,United States,2025-12-13,Paid Search (Google),Gold
CUST-00506,William,Rivera,william.rivera164@example.com,New York,NY,United States,2023-08-22,Affiliate Referral,Gold
CUST-00507,Jayden,White,jayden.white71@example.com,Charlotte,NC,United States,2025-12-28,Affiliate Referral,Gold
CUST-00508,Eleanor,Nelson,eleanor.nelson509@example.com,New York,NY,United States,2022-06-14,Affiliate Referral,Gold
CUST-00509,John,Smith,john.smith27@example.com,Portland,OR,United States,2023-12-15,Affiliate Referral,Gold
CUST-00510,Aiden,Johnson,aiden.johnson524@example.com,Kansas City,MO,United States,2026-04-30,Email Marketing,Gold
CUST-00511,Ethan,Miller,ethan.miller950@example.com,Houston,TX,United States,2025-05-09,Paid Search (Google),Gold
CUST-00512,Henry,Gonzalez,henry.gonzalez644@example.com,Portland,OR,United States,2023-10-30,Social Media (Instagram/TikTok),Gold
CUST-00513,Sebastian,Sanchez,sebastian.sanchez90@example.com,Seattle,WA,United States,2024-09-09,Email Marketing,Gold
CUST-00514,Sofia,Hall,sofia.hall241@example.com,Austin,TX,United States,2026-04-01,Organic Search,Gold
CUST-00515,Noah,Garcia,noah.garcia425@example.com,Denver,CO,United States,2024-07-12,Affiliate Referral,Gold
CUST-00516,Dylan,Brown,dylan.brown662@example.com,New York,NY,United States,2026-05-10,Paid Search (Google),Gold
CUST-00517,Benjamin,Young,benjamin.young875@example.com,Boston,MA,United States,2026-01-11,Social Media (Instagram/TikTok),Gold
CUST-00518,Elijah,King,elijah.king951@example.com,Los Angeles,CA,United States,2023-09-14,Paid Search (Google),Gold
CUST-00519,Dylan,Moore,dylan.moore57@example.com,Chicago,IL,United States,2026-04-02,Social Media (Instagram/TikTok),Gold
CUST-00520,Noah,Lopez,noah.lopez961@example.com,Tampa,FL,United States,2024-03-06,Organic Search,Gold
CUST-00521,Michael,Nguyen,michael.nguyen157@example.com,Columbus,OH,United States,2026-05-30,Email Marketing,Gold
CUST-00522,Mia,Martin,mia.martin176@example.com,Nashville,TN,United States,2023-10-06,Affiliate Referral,Gold
CUST-00523,Penelope,Baker,penelope.baker928@example.com,San Francisco,CA,United States,2024-04-10,Email Marketing,Gold
CUST-00524,Evelyn,Hall,evelyn.hall751@example.com,Chicago,IL,United States,2025-03-22,Social Media (Instagram/TikTok),Gold
CUST-00525,Oliver,Miller,oliver.miller457@example.com,San Diego,CA,United States,2022-11-03,Social Media (Instagram/TikTok),Gold
CUST-00526,Wyatt,Roberts,wyatt.roberts344@example.com,New York,NY,United States,2025-12-20,Social Media (Instagram/TikTok),Gold
CUST-00527,Nora,Young,nora.young243@example.com,Seattle,WA,United States,2025-07-07,Email Marketing,Gold
CUST-00528,Zoey,Lopez,zoey.lopez706@example.com,Nashville,TN,United States,2026-02-13,Email Marketing,Gold
CUST-00529,Benjamin,Roberts,benjamin.roberts643@example.com,Austin,TX,United States,2023-10-18,Organic Search,Gold
CUST-00530,Benjamin,Moore,benjamin.moore167@example.com,Denver,CO,United States,2026-05-28,Paid Search (Google),Gold
CUST-00531,Penelope,Lee,penelope.lee379@example.com,Houston,TX,United States,2022-12-05,Organic Search,Gold
CUST-00532,Victoria,Lewis,victoria.lewis378@example.com,Columbus,OH,United States,2023-12-05,Organic Search,Gold
CUST-00533,Mason,Garcia,mason.garcia201@example.com,Boston,MA,United States,2024-12-06,Affiliate Referral,Gold
CUST-00534,John,Miller,john.miller36@example.com,Chicago,IL,United States,2024-05-25,Affiliate Referral,Gold
CUST-00535,Charlotte,Hill,charlotte.hill622@example.com,Indianapolis,IN,United States,2024-03-26,Email Marketing,Gold
CUST-00536,Emma,Jackson,emma.jackson433@example.com,Denver,CO,United States,2022-11-21,Affiliate Referral,Gold
CUST-00537,Sofia,Torres,sofia.torres543@example.com,Philadelphia,PA,United States,2026-04-04,Email Marketing,Gold
CUST-00538,Emily,Rodriguez,emily.rodriguez285@example.com,Austin,TX,United States,2023-12-02,Email Marketing,Gold
CUST-00539,Logan,Jones,logan.jones181@example.com,Boston,MA,United States,2023-12-18,Email Marketing,Gold
CUST-00540,Matthew,Walker,matthew.walker811@example.com,Chicago,IL,United States,2024-06-09,Social Media (Instagram/TikTok),Gold
CUST-00541,Sofia,Campbell,sofia.campbell650@example.com,Miami,FL,United States,2025-09-29,Affiliate Referral,Gold
CUST-00542,Mila,Robinson,mila.robinson119@example.com,Phoenix,AZ,United States,2024-02-14,Organic Search,Gold
CUST-00543,Wyatt,Perez,wyatt.perez871@example.com,Charlotte,NC,United States,2024-07-18,Social Media (Instagram/TikTok),Gold
CUST-00544,Luke,Perez,luke.perez450@example.com,Kansas City,MO,United States,2026-01-24,Affiliate Referral,Gold
CUST-00545,Evelyn,Martin,evelyn.martin338@example.com,Charlotte,NC,United States,2026-04-24,Paid Search (Google),Gold
CUST-00546,Eleanor,Lee,eleanor.lee191@example.com,Denver,CO,United States,2024-03-15,Social Media (Instagram/TikTok),Gold
CUST-00547,Grayson,Torres,grayson.torres810@example.com,San Diego,CA,United States,2024-03-29,Email Marketing,Gold
CUST-00548,Aria,Sanchez,aria.sanchez383@example.com,Houston,TX,United States,2025-07-29,Paid Search (Google),Gold
CUST-00549,Elizabeth,Baker,elizabeth.baker796@example.com,San Francisco,CA,United States,2022-07-26,Email Marketing,Gold
CUST-00550,Michael,Lewis,michael.lewis826@example.com,Austin,TX,United States,2026-04-19,Organic Search,Gold
CUST-00551,John,Baker,john.baker521@example.com,Phoenix,AZ,United States,2025-12-19,Social Media (Instagram/TikTok),Gold
CUST-00552,Henry,Taylor,henry.taylor684@example.com,Phoenix,AZ,United States,2024-10-14,Email Marketing,Gold
CUST-00553,Mia,Lewis,mia.lewis622@example.com,Miami,FL,United States,2025-09-05,Email Marketing,Gold
CUST-00554,Riley,Wright,riley.wright47@example.com,Indianapolis,IN,United States,2024-06-06,Affiliate Referral,Gold
CUST-00555,Benjamin,Miller,benjamin.miller797@example.com,San Diego,CA,United States,2026-02-06,Social Media (Instagram/TikTok),Gold
CUST-00556,Emily,Adams,emily.adams637@example.com,Los Angeles,CA,United States,2025-07-28,Email Marketing,Gold
CUST-00557,David,Ramirez,david.ramirez118@example.com,New York,NY,United States,2022-12-19,Social Media (Instagram/TikTok),Gold
CUST-00558,Daniel,Allen,daniel.allen774@example.com,Portland,OR,United States,2025-07-17,Affiliate Referral,Gold
CUST-00559,Daniel,Lewis,daniel.lewis393@example.com,Denver,CO,United States,2025-01-04,Affiliate Referral,Gold
CUST-00560,Abigail,Thompson,abigail.thompson35@example.com,Miami,FL,United States,2023-01-01,Social Media (Instagram/TikTok),Gold
CUST-00561,Riley,Garcia,riley.garcia128@example.com,Kansas City,MO,United States,2023-03-18,Social Media (Instagram/TikTok),Gold
CUST-00562,Victoria,Perez,victoria.perez476@example.com,Indianapolis,IN,United States,2023-07-29,Affiliate Referral,Gold
CUST-00563,Eleanor,Thompson,eleanor.thompson497@example.com,Houston,TX,United States,2024-11-14,Email Marketing,Gold
CUST-00564,Samuel,Jones,samuel.jones317@example.com,Los Angeles,CA,United States,2026-05-26,Organic Search,Gold
CUST-00565,Liam,Perez,liam.perez673@example.com,Houston,TX,United States,2026-03-18,Paid Search (Google),Gold
CUST-00566,Sofia,King,sofia.king188@example.com,San Francisco,CA,United States,2023-04-24,Social Media (Instagram/TikTok),Gold
CUST-00567,Jack,Robinson,jack.robinson247@example.com,Indianapolis,IN,United States,2024-09-07,Paid Search (Google),Gold
CUST-00568,Elizabeth,Green,elizabeth.green683@example.com,Boston,MA,United States,2024-08-19,Organic Search,Gold
CUST-00569,Mila,Lewis,mila.lewis616@example.com,Boston,MA,United States,2024-08-05,Organic Search,Gold
CUST-00570,Ella,Wilson,ella.wilson295@example.com,Columbus,OH,United States,2026-05-12,Organic Search,Gold
CUST-00571,Amelia,Wright,amelia.wright201@example.com,Seattle,WA,United States,2024-03-29,Paid Search (Google),Gold
CUST-00572,Jayden,Davis,jayden.davis278@example.com,Las Vegas,NV,United States,2025-02-27,Affiliate Referral,Gold
CUST-00573,Samuel,Hill,samuel.hill407@example.com,Charlotte,NC,United States,2024-08-12,Affiliate Referral,Gold
CUST-00574,Lucas,Thompson,lucas.thompson370@example.com,Tampa,FL,United States,2024-12-24,Affiliate Referral,Gold
CUST-00575,Ethan,Baker,ethan.baker732@example.com,Indianapolis,IN,United States,2024-01-31,Affiliate Referral,Gold
CUST-00576,Benjamin,Baker,benjamin.baker147@example.com,San Jose,CA,United States,2023-01-28,Paid Search (Google),Gold
CUST-00577,Victoria,Davis,victoria.davis197@example.com,Seattle,WA,United States,2026-04-21,Paid Search (Google),Gold
CUST-00578,Penelope,Clark,penelope.clark620@example.com,Phoenix,AZ,United States,2025-08-21,Email Marketing,Gold
CUST-00579,Jack,Lopez,jack.lopez508@example.com,Minneapolis,MN,United States,2025-06-05,Paid Search (Google),Gold
CUST-00580,Emily,Young,emily.young305@example.com,Phoenix,AZ,United States,2023-06-19,Social Media (Instagram/TikTok),Gold
CUST-00581,Nora,Flores,nora.flores64@example.com,Tampa,FL,United States,2024-06-05,Organic Search,Gold
CUST-00582,Grayson,Rodriguez,grayson.rodriguez209@example.com,Kansas City,MO,United States,2024-07-26,Affiliate Referral,Gold
CUST-00583,Hannah,Clark,hannah.clark711@example.com,Miami,FL,United States,2024-09-29,Email Marketing,Gold
CUST-00584,Grayson,Hernandez,grayson.hernandez94@example.com,Nashville,TN,United States,2022-08-03,Paid Search (Google),Gold
CUST-00585,Scarlett,Williams,scarlett.williams291@example.com,San Diego,CA,United States,2025-06-06,Social Media (Instagram/TikTok),Gold
CUST-00586,Emily,Roberts,emily.roberts478@example.com,Nashville,TN,United States,2025-03-11,Affiliate Referral,Gold
CUST-00587,Lucas,Torres,lucas.torres126@example.com,Dallas,TX,United States,2025-06-17,Social Media (Instagram/TikTok),Gold
CUST-00588,Sophia,Carter,sophia.carter746@example.com,Atlanta,GA,United States,2025-06-23,Paid Search (Google),Gold
CUST-00589,Jack,Miller,jack.miller763@example.com,Kansas City,MO,United States,2026-01-29,Paid Search (Google),Gold
CUST-00590,Matthew,Williams,matthew.williams470@example.com,Dallas,TX,United States,2024-05-14,Organic Search,Gold
CUST-00591,Luke,Davis,luke.davis804@example.com,Indianapolis,IN,United States,2023-09-29,Paid Search (Google),Gold
CUST-00592,Joseph,Rivera,joseph.rivera634@example.com,Minneapolis,MN,United States,2024-10-24,Paid Search (Google),Gold
CUST-00593,Evelyn,Wilson,evelyn.wilson843@example.com,San Antonio,TX,United States,2022-09-30,Affiliate Referral,Gold
CUST-00594,Joseph,Wright,joseph.wright297@example.com,Charlotte,NC,United States,2025-06-08,Paid Search (Google),Gold
CUST-00595,Madison,Rivera,madison.rivera309@example.com,Austin,TX,United States,2025-08-16,Social Media (Instagram/TikTok),Gold
CUST-00596,Elijah,Rodriguez,elijah.rodriguez995@example.com,Columbus,OH,United States,2024-09-20,Organic Search,Gold
CUST-00597,Aria,Adams,aria.adams139@example.com,Salt Lake City,UT,United States,2023-02-27,Paid Search (Google),Gold
CUST-00598,Logan,Rivera,logan.rivera339@example.com,Kansas City,MO,United States,2023-10-20,Email Marketing,Gold
CUST-00599,Grayson,Martinez,grayson.martinez601@example.com,Minneapolis,MN,United States,2023-12-03,Email Marketing,Gold
CUST-00600,Owen,Lewis,owen.lewis87@example.com,Minneapolis,MN,United States,2022-12-08,Email Marketing,Gold
CUST-00601,Aria,Hall,aria.hall968@example.com,Seattle,WA,United States,2024-12-18,Email Marketing,Gold
CUST-00602,Madison,Nguyen,madison.nguyen12@example.com,Tampa,FL,United States,2022-12-08,Email Marketing,Gold
CUST-00603,Grace,Jones,grace.jones824@example.com,San Francisco,CA,United States,2024-08-23,Paid Search (Google),Gold
CUST-00604,Jack,Wilson,jack.wilson516@example.com,Dallas,TX,United States,2024-03-23,Social Media (Instagram/TikTok),Gold
CUST-00605,Luna,Scott,luna.scott601@example.com,Phoenix,AZ,United States,2025-08-03,Email Marketing,Gold
CUST-00606,Luna,Baker,luna.baker790@example.com,Los Angeles,CA,United States,2022-09-03,Organic Search,Gold
CUST-00607,Jayden,Johnson,jayden.johnson137@example.com,Tampa,FL,United States,2023-04-20,Email Marketing,Gold
CUST-00608,Jayden,Smith,jayden.smith991@example.com,Boston,MA,United States,2023-07-20,Paid Search (Google),Gold
CUST-00609,Matthew,Hernandez,matthew.hernandez905@example.com,Dallas,TX,United States,2022-12-09,Social Media (Instagram/TikTok),Gold
CUST-00610,Jackson,Garcia,jackson.garcia390@example.com,Las Vegas,NV,United States,2026-01-19,Paid Search (Google),Gold
CUST-00611,Oliver,Sanchez,oliver.sanchez650@example.com,Austin,TX,United States,2026-05-03,Paid Search (Google),Gold
CUST-00612,Jack,Adams,jack.adams103@example.com,Salt Lake City,UT,United States,2022-12-12,Organic Search,Gold
CUST-00613,Ella,Walker,ella.walker89@example.com,Phoenix,AZ,United States,2025-09-28,Paid Search (Google),Gold
CUST-00614,Luke,Smith,luke.smith18@example.com,Salt Lake City,UT,United States,2024-05-04,Organic Search,Gold
CUST-00615,Jack,Hall,jack.hall145@example.com,Miami,FL,United States,2022-10-24,Paid Search (Google),Gold
CUST-00616,Penelope,Garcia,penelope.garcia758@example.com,Indianapolis,IN,United States,2022-12-27,Organic Search,Gold
CUST-00617,Samuel,White,samuel.white912@example.com,Austin,TX,United States,2023-03-08,Email Marketing,Gold
CUST-00618,Evelyn,Adams,evelyn.adams703@example.com,Phoenix,AZ,United States,2022-10-19,Affiliate Referral,Gold
CUST-00619,Emma,Flores,emma.flores675@example.com,Philadelphia,PA,United States,2024-11-18,Social Media (Instagram/TikTok),Gold
CUST-00620,Ella,Green,ella.green776@example.com,Phoenix,AZ,United States,2024-09-21,Affiliate Referral,Gold
CUST-00621,Luke,Wilson,luke.wilson98@example.com,Houston,TX,United States,2023-03-14,Organic Search,Gold
CUST-00622,Penelope,Thompson,penelope.thompson996@example.com,Boston,MA,United States,2024-03-06,Paid Search (Google),Gold
CUST-00623,Sofia,Moore,sofia.moore670@example.com,Chicago,IL,United States,2023-10-22,Affiliate Referral,Gold
CUST-00624,Aiden,Roberts,aiden.roberts973@example.com,Salt Lake City,UT,United States,2022-07-25,Social Media (Instagram/TikTok),Gold
CUST-00625,Michael,King,michael.king631@example.com,Portland,OR,United States,2023-06-22,Email Marketing,Gold
CUST-00626,Scarlett,Adams,scarlett.adams65@example.com,Indianapolis,IN,United States,2023-10-04,Email Marketing,Gold
CUST-00627,Penelope,Davis,penelope.davis256@example.com,Miami,FL,United States,2025-12-28,Affiliate Referral,Gold
CUST-00628,Mia,King,mia.king920@example.com,New York,NY,United States,2024-06-09,Social Media (Instagram/TikTok),Gold
CUST-00629,Mason,Harris,mason.harris891@example.com,Kansas City,MO,United States,2025-08-08,Email Marketing,Gold
CUST-00630,Carter,Wright,carter.wright709@example.com,Philadelphia,PA,United States,2025-01-20,Organic Search,Gold
CUST-00631,Liam,Nguyen,liam.nguyen79@example.com,New York,NY,United States,2023-11-19,Paid Search (Google),Gold
CUST-00632,Sophia,Brown,sophia.brown981@example.com,Indianapolis,IN,United States,2024-08-24,Affiliate Referral,Gold
CUST-00633,Aiden,Green,aiden.green739@example.com,Portland,OR,United States,2024-09-28,Email Marketing,Gold
CUST-00634,Layla,Garcia,layla.garcia665@example.com,San Francisco,CA,United States,2025-06-06,Affiliate Referral,Gold
CUST-00635,Abigail,Moore,abigail.moore95@example.com,Austin,TX,United States,2022-11-09,Affiliate Referral,Gold
CUST-00636,Michael,Martinez,michael.martinez559@example.com,San Jose,CA,United States,2024-08-09,Affiliate Referral,Gold
CUST-00637,William,Martin,william.martin725@example.com,Boston,MA,United States,2023-10-02,Organic Search,Gold
CUST-00638,Sofia,Garcia,sofia.garcia956@example.com,Boston,MA,United States,2023-01-24,Email Marketing,Gold
CUST-00639,Isabella,Martin,isabella.martin692@example.com,Raleigh,NC,United States,2026-02-07,Paid Search (Google),Gold
CUST-00640,Harper,Smith,harper.smith734@example.com,Phoenix,AZ,United States,2026-05-07,Organic Search,Gold
CUST-00641,Alexander,Young,alexander.young985@example.com,Seattle,WA,United States,2025-05-07,Affiliate Referral,Gold
CUST-00642,Camila,Hernandez,camila.hernandez390@example.com,Phoenix,AZ,United States,2023-12-03,Organic Search,Gold
CUST-00643,Olivia,Perez,olivia.perez836@example.com,Boston,MA,United States,2023-12-10,Affiliate Referral,Gold
CUST-00644,William,Taylor,william.taylor739@example.com,Nashville,TN,United States,2025-12-07,Organic Search,Gold
CUST-00645,Hannah,Robinson,hannah.robinson533@example.com,Seattle,WA,United States,2022-09-22,Email Marketing,Gold
CUST-00646,Emily,White,emily.white171@example.com,Dallas,TX,United States,2022-12-28,Affiliate Referral,Gold
CUST-00647,Lucas,Anderson,lucas.anderson768@example.com,Portland,OR,United States,2022-06-06,Organic Search,Gold
CUST-00648,Emma,Thomas,emma.thomas57@example.com,Miami,FL,United States,2024-06-15,Email Marketing,Gold
CUST-00649,Abigail,Lopez,abigail.lopez963@example.com,Tampa,FL,United States,2022-08-12,Affiliate Referral,Gold
CUST-00650,Riley,Anderson,riley.anderson339@example.com,San Diego,CA,United States,2024-09-30,Social Media (Instagram/TikTok),Gold
CUST-00651,Sebastian,Jones,sebastian.jones595@example.com,Seattle,WA,United States,2023-01-31,Affiliate Referral,Gold
CUST-00652,Oliver,Lopez,oliver.lopez238@example.com,Indianapolis,IN,United States,2025-04-22,Organic Search,Gold
CUST-00653,Layla,Jones,layla.jones908@example.com,Atlanta,GA,United States,2023-12-31,Social Media (Instagram/TikTok),Gold
CUST-00654,Madison,Garcia,madison.garcia576@example.com,Atlanta,GA,United States,2022-06-17,Social Media (Instagram/TikTok),Gold
CUST-00655,Mila,Jackson,mila.jackson587@example.com,Indianapolis,IN,United States,2024-02-13,Affiliate Referral,Gold
CUST-00656,Sofia,Robinson,sofia.robinson387@example.com,Nashville,TN,United States,2025-03-07,Paid Search (Google),Gold
CUST-00657,Sofia,Martinez,sofia.martinez16@example.com,Boston,MA,United States,2022-07-19,Paid Search (Google),Gold
CUST-00658,Joseph,Green,joseph.green869@example.com,Salt Lake City,UT,United States,2022-06-20,Social Media (Instagram/TikTok),Gold
CUST-00659,James,Carter,james.carter683@example.com,Denver,CO,United States,2024-02-20,Organic Search,Gold
CUST-00660,Michael,King,michael.king253@example.com,Boston,MA,United States,2025-03-04,Organic Search,Gold
CUST-00661,Logan,Rivera,logan.rivera296@example.com,Chicago,IL,United States,2022-08-29,Paid Search (Google),Gold
CUST-00662,John,Hall,john.hall927@example.com,Seattle,WA,United States,2024-12-25,Organic Search,Gold
CUST-00663,Elijah,Allen,elijah.allen146@example.com,Minneapolis,MN,United States,2024-08-16,Organic Search,Gold
CUST-00664,Isabella,Ramirez,isabella.ramirez688@example.com,Phoenix,AZ,United States,2023-09-28,Social Media (Instagram/TikTok),Gold
CUST-00665,Camila,Lee,camila.lee958@example.com,Indianapolis,IN,United States,2024-08-13,Social Media (Instagram/TikTok),Gold
CUST-00666,Samuel,Lewis,samuel.lewis288@example.com,San Diego,CA,United States,2022-10-31,Paid Search (Google),Gold
CUST-00667,Evelyn,Roberts,evelyn.roberts798@example.com,Nashville,TN,United States,2023-01-10,Paid Search (Google),Gold
CUST-00668,Amelia,Hernandez,amelia.hernandez470@example.com,Atlanta,GA,United States,2024-03-05,Email Marketing,Gold
CUST-00669,Harper,Wright,harper.wright376@example.com,Columbus,OH,United States,2023-07-31,Email Marketing,Gold
CUST-00670,Victoria,Robinson,victoria.robinson281@example.com,Tampa,FL,United States,2023-02-01,Organic Search,Gold
CUST-00671,Alexander,Baker,alexander.baker321@example.com,Kansas City,MO,United States,2026-05-14,Affiliate Referral,Gold
CUST-00672,Sophia,Wilson,sophia.wilson865@example.com,Tampa,FL,United States,2024-04-02,Paid Search (Google),Gold
CUST-00673,Charlotte,Rivera,charlotte.rivera264@example.com,Seattle,WA,United States,2024-08-20,Affiliate Referral,Gold
CUST-00674,Oliver,Baker,oliver.baker316@example.com,Dallas,TX,United States,2023-05-23,Organic Search,Gold
CUST-00675,Layla,Lewis,layla.lewis579@example.com,Raleigh,NC,United States,2025-07-01,Paid Search (Google),Gold
CUST-00676,Elijah,Robinson,elijah.robinson114@example.com,Indianapolis,IN,United States,2023-03-14,Organic Search,Gold
CUST-00677,Emma,Brown,emma.brown860@example.com,Columbus,OH,United States,2023-08-30,Paid Search (Google),Gold
CUST-00678,Mila,Sanchez,mila.sanchez391@example.com,Las Vegas,NV,United States,2025-12-12,Organic Search,Gold
CUST-00679,Camila,Jones,camila.jones32@example.com,Chicago,IL,United States,2023-07-10,Email Marketing,Gold
CUST-00680,Mason,Garcia,mason.garcia936@example.com,Tampa,FL,United States,2024-04-10,Organic Search,Gold
CUST-00681,Sophia,Robinson,sophia.robinson61@example.com,Philadelphia,PA,United States,2025-08-19,Email Marketing,Gold
CUST-00682,Wyatt,Young,wyatt.young40@example.com,Denver,CO,United States,2026-03-31,Email Marketing,Gold
CUST-00683,Ethan,Thompson,ethan.thompson229@example.com,Philadelphia,PA,United States,2023-12-16,Social Media (Instagram/TikTok),Gold
CUST-00684,Nora,Martinez,nora.martinez45@example.com,Charlotte,NC,United States,2025-11-20,Affiliate Referral,Gold
CUST-00685,Sofia,Adams,sofia.adams312@example.com,Miami,FL,United States,2024-09-21,Affiliate Referral,Gold
CUST-00686,Eleanor,Brown,eleanor.brown99@example.com,Dallas,TX,United States,2024-07-24,Paid Search (Google),Gold
CUST-00687,Riley,Gonzalez,riley.gonzalez668@example.com,Indianapolis,IN,United States,2025-05-12,Paid Search (Google),Gold
CUST-00688,Liam,Harris,liam.harris810@example.com,Salt Lake City,UT,United States,2024-06-05,Email Marketing,Gold
CUST-00689,Grayson,Thompson,grayson.thompson944@example.com,Nashville,TN,United States,2025-03-25,Social Media (Instagram/TikTok),Gold
CUST-00690,Penelope,Moore,penelope.moore194@example.com,New York,NY,United States,2024-03-15,Affiliate Referral,Gold
CUST-00691,Daniel,Johnson,daniel.johnson927@example.com,Indianapolis,IN,United States,2023-12-28,Organic Search,Gold
CUST-00692,Dylan,King,dylan.king376@example.com,Columbus,OH,United States,2025-09-09,Paid Search (Google),Gold
CUST-00693,Alexander,Miller,alexander.miller263@example.com,Las Vegas,NV,United States,2023-10-07,Social Media (Instagram/TikTok),Gold
CUST-00694,Isabella,Carter,isabella.carter980@example.com,San Diego,CA,United States,2025-08-23,Email Marketing,Gold
CUST-00695,Grace,Lopez,grace.lopez190@example.com,San Diego,CA,United States,2025-09-26,Social Media (Instagram/TikTok),Gold
CUST-00696,Grace,Nguyen,grace.nguyen38@example.com,Salt Lake City,UT,United States,2026-05-05,Social Media (Instagram/TikTok),Gold
CUST-00697,Logan,Torres,logan.torres981@example.com,San Antonio,TX,United States,2025-03-05,Affiliate Referral,Gold
CUST-00698,Victoria,Lopez,victoria.lopez512@example.com,Los Angeles,CA,United States,2022-12-02,Organic Search,Gold
CUST-00699,Avery,Hill,avery.hill234@example.com,New York,NY,United States,2025-05-14,Email Marketing,Gold
CUST-00700,James,Perez,james.perez949@example.com,Charlotte,NC,United States,2023-07-18,Paid Search (Google),Gold
CUST-00701,Luna,Rivera,luna.rivera191@example.com,Indianapolis,IN,United States,2024-03-24,Organic Search,Gold
CUST-00702,Liam,Martinez,liam.martinez610@example.com,Salt Lake City,UT,United States,2023-03-18,Organic Search,Gold
CUST-00703,Carter,Jones,carter.jones392@example.com,Salt Lake City,UT,United States,2026-02-16,Email Marketing,Gold
CUST-00704,Elijah,Perez,elijah.perez319@example.com,San Jose,CA,United States,2023-03-07,Paid Search (Google),Gold
CUST-00705,Zoey,Green,zoey.green993@example.com,Miami,FL,United States,2026-01-20,Social Media (Instagram/TikTok),Gold
CUST-00706,Ethan,Rivera,ethan.rivera585@example.com,Salt Lake City,UT,United States,2025-11-08,Social Media (Instagram/TikTok),Gold
CUST-00707,Daniel,Nelson,daniel.nelson613@example.com,Kansas City,MO,United States,2023-05-26,Email Marketing,Gold
CUST-00708,Victoria,Campbell,victoria.campbell715@example.com,Austin,TX,United States,2023-02-16,Paid Search (Google),Gold
CUST-00709,James,Hall,james.hall981@example.com,Nashville,TN,United States,2024-08-10,Affiliate Referral,Gold
CUST-00710,Noah,Lopez,noah.lopez626@example.com,San Jose,CA,United States,2025-11-04,Paid Search (Google),Gold
CUST-00711,Amelia,Young,amelia.young154@example.com,San Jose,CA,United States,2022-11-07,Paid Search (Google),Gold
CUST-00712,Joseph,Lee,joseph.lee181@example.com,Minneapolis,MN,United States,2022-11-29,Social Media (Instagram/TikTok),Gold
CUST-00713,Nora,Smith,nora.smith281@example.com,San Antonio,TX,United States,2023-10-25,Organic Search,Gold
CUST-00714,Joseph,Taylor,joseph.taylor815@example.com,Houston,TX,United States,2022-06-03,Organic Search,Gold
CUST-00715,Penelope,Lewis,penelope.lewis760@example.com,Boston,MA,United States,2023-05-07,Email Marketing,Gold
CUST-00716,Hannah,Harris,hannah.harris369@example.com,San Francisco,CA,United States,2024-07-08,Organic Search,Gold
CUST-00717,Eleanor,Torres,eleanor.torres676@example.com,Columbus,OH,United States,2026-04-08,Paid Search (Google),Gold
CUST-00718,Alexander,Lewis,alexander.lewis85@example.com,Indianapolis,IN,United States,2022-08-08,Social Media (Instagram/TikTok),Gold
CUST-00719,Liam,Lee,liam.lee277@example.com,Houston,TX,United States,2022-10-30,Social Media (Instagram/TikTok),Gold
CUST-00720,Emily,Harris,emily.harris174@example.com,Raleigh,NC,United States,2022-11-01,Affiliate Referral,Gold
CUST-00721,Charlotte,Perez,charlotte.perez618@example.com,Charlotte,NC,United States,2025-02-13,Organic Search,Gold
CUST-00722,Zoey,Adams,zoey.adams178@example.com,Charlotte,NC,United States,2024-11-06,Paid Search (Google),Gold
CUST-00723,Oliver,Miller,oliver.miller349@example.com,San Antonio,TX,United States,2023-06-25,Email Marketing,Gold
CUST-00724,Camila,Nelson,camila.nelson298@example.com,Austin,TX,United States,2023-09-30,Organic Search,Gold
CUST-00725,Oliver,Sanchez,oliver.sanchez595@example.com,San Francisco,CA,United States,2025-03-02,Paid Search (Google),Gold
CUST-00726,Oliver,White,oliver.white13@example.com,Boston,MA,United States,2022-11-27,Social Media (Instagram/TikTok),Gold
CUST-00727,Eleanor,Gonzalez,eleanor.gonzalez109@example.com,New York,NY,United States,2023-07-29,Paid Search (Google),Gold
CUST-00728,Scarlett,Garcia,scarlett.garcia494@example.com,Tampa,FL,United States,2023-01-23,Social Media (Instagram/TikTok),Gold
CUST-00729,Wyatt,Walker,wyatt.walker510@example.com,Las Vegas,NV,United States,2023-11-25,Organic Search,Gold
CUST-00730,Penelope,Lopez,penelope.lopez389@example.com,Denver,CO,United States,2024-06-26,Paid Search (Google),Gold
CUST-00731,Nora,Williams,nora.williams279@example.com,Atlanta,GA,United States,2025-01-08,Social Media (Instagram/TikTok),Gold
CUST-00732,Daniel,Moore,daniel.moore587@example.com,Los Angeles,CA,United States,2023-04-06,Organic Search,Gold
CUST-00733,Benjamin,Nelson,benjamin.nelson362@example.com,Indianapolis,IN,United States,2025-06-13,Email Marketing,Gold
CUST-00734,Avery,Scott,avery.scott72@example.com,Kansas City,MO,United States,2024-08-01,Affiliate Referral,Gold
CUST-00735,Riley,Wright,riley.wright713@example.com,Tampa,FL,United States,2025-01-28,Affiliate Referral,Gold
CUST-00736,Henry,Walker,henry.walker316@example.com,Chicago,IL,United States,2024-08-17,Organic Search,Gold
CUST-00737,Logan,Davis,logan.davis982@example.com,Columbus,OH,United States,2024-12-06,Paid Search (Google),Gold
CUST-00738,Emily,Wilson,emily.wilson837@example.com,San Antonio,TX,United States,2023-02-14,Organic Search,Gold
CUST-00739,Jack,Garcia,jack.garcia709@example.com,Boston,MA,United States,2023-07-19,Paid Search (Google),Gold
CUST-00740,Camila,Lee,camila.lee942@example.com,Raleigh,NC,United States,2022-10-16,Organic Search,Gold
CUST-00741,Penelope,Scott,penelope.scott416@example.com,San Francisco,CA,United States,2024-03-29,Social Media (Instagram/TikTok),Gold
CUST-00742,Jayden,Smith,jayden.smith815@example.com,Salt Lake City,UT,United States,2025-11-28,Affiliate Referral,Gold
CUST-00743,Riley,Davis,riley.davis434@example.com,Phoenix,AZ,United States,2023-03-31,Affiliate Referral,Gold
CUST-00744,Elijah,Miller,elijah.miller586@example.com,Columbus,OH,United States,2022-12-24,Social Media (Instagram/TikTok),Gold
CUST-00745,Joseph,Clark,joseph.clark280@example.com,Denver,CO,United States,2026-02-01,Email Marketing,Gold
CUST-00746,Dylan,Williams,dylan.williams186@example.com,Dallas,TX,United States,2024-09-03,Paid Search (Google),Gold
CUST-00747,Layla,Williams,layla.williams415@example.com,San Jose,CA,United States,2026-04-15,Paid Search (Google),Gold
CUST-00748,Oliver,Mitchell,oliver.mitchell496@example.com,Dallas,TX,United States,2024-07-02,Organic Search,Gold
CUST-00749,Luna,Martin,luna.martin328@example.com,Dallas,TX,United States,2025-03-03,Organic Search,Gold
CUST-00750,Avery,Rodriguez,avery.rodriguez317@example.com,Raleigh,NC,United States,2024-11-24,Social Media (Instagram/TikTok),Gold
CUST-00751,Sebastian,Campbell,sebastian.campbell436@example.com,Charlotte,NC,United States,2026-01-13,Organic Search,Silver
CUST-00752,Jacob,Lewis,jacob.lewis226@example.com,Kansas City,MO,United States,2024-09-11,Email Marketing,Silver
CUST-00753,Chloe,Brown,chloe.brown537@example.com,Indianapolis,IN,United States,2023-04-22,Organic Search,Silver
CUST-00754,Victoria,Rivera,victoria.rivera528@example.com,Denver,CO,United States,2023-03-05,Affiliate Referral,Silver
CUST-00755,Olivia,Lopez,olivia.lopez207@example.com,Kansas City,MO,United States,2023-07-17,Organic Search,Silver
CUST-00756,Sofia,Williams,sofia.williams477@example.com,Los Angeles,CA,United States,2024-06-08,Paid Search (Google),Silver
CUST-00757,Aria,White,aria.white853@example.com,Atlanta,GA,United States,2025-03-31,Email Marketing,Silver
CUST-00758,Harper,Baker,harper.baker41@example.com,San Diego,CA,United States,2024-07-02,Email Marketing,Silver
CUST-00759,Nora,Lopez,nora.lopez993@example.com,Tampa,FL,United States,2025-01-27,Affiliate Referral,Silver
CUST-00760,Joseph,Thompson,joseph.thompson177@example.com,Kansas City,MO,United States,2023-11-12,Organic Search,Silver
CUST-00761,Aiden,Johnson,aiden.johnson405@example.com,Los Angeles,CA,United States,2023-04-30,Affiliate Referral,Silver
CUST-00762,Ella,Anderson,ella.anderson672@example.com,San Diego,CA,United States,2026-03-19,Paid Search (Google),Silver
CUST-00763,Sebastian,Adams,sebastian.adams429@example.com,Portland,OR,United States,2022-07-12,Organic Search,Silver
CUST-00764,Dylan,Rodriguez,dylan.rodriguez672@example.com,Philadelphia,PA,United States,2025-10-14,Organic Search,Silver
CUST-00765,Daniel,Taylor,daniel.taylor632@example.com,Indianapolis,IN,United States,2024-02-16,Social Media (Instagram/TikTok),Silver
CUST-00766,Jack,Harris,jack.harris882@example.com,Seattle,WA,United States,2024-12-27,Social Media (Instagram/TikTok),Silver
CUST-00767,Ella,Robinson,ella.robinson319@example.com,Las Vegas,NV,United States,2025-05-02,Affiliate Referral,Silver
CUST-00768,Wyatt,Nguyen,wyatt.nguyen114@example.com,New York,NY,United States,2025-04-13,Social Media (Instagram/TikTok),Silver
CUST-00769,Aiden,Martin,aiden.martin710@example.com,Houston,TX,United States,2025-02-11,Organic Search,Silver
CUST-00770,Luna,Moore,luna.moore665@example.com,San Jose,CA,United States,2023-12-20,Social Media (Instagram/TikTok),Silver
CUST-00771,Matthew,Gonzalez,matthew.gonzalez163@example.com,Portland,OR,United States,2023-10-06,Organic Search,Silver
CUST-00772,Layla,Nelson,layla.nelson337@example.com,Las Vegas,NV,United States,2023-03-14,Organic Search,Silver
CUST-00773,Hannah,Jackson,hannah.jackson275@example.com,Boston,MA,United States,2024-09-06,Email Marketing,Silver
CUST-00774,Noah,Nguyen,noah.nguyen735@example.com,Nashville,TN,United States,2023-06-24,Social Media (Instagram/TikTok),Silver
CUST-00775,Daniel,Baker,daniel.baker557@example.com,Minneapolis,MN,United States,2025-01-30,Social Media (Instagram/TikTok),Silver
CUST-00776,Matthew,Hernandez,matthew.hernandez870@example.com,Las Vegas,NV,United States,2025-07-18,Paid Search (Google),Silver
CUST-00777,Scarlett,Miller,scarlett.miller492@example.com,Phoenix,AZ,United States,2023-11-12,Affiliate Referral,Silver
CUST-00778,Elizabeth,Baker,elizabeth.baker931@example.com,San Jose,CA,United States,2026-01-31,Organic Search,Silver
CUST-00779,Daniel,Thompson,daniel.thompson238@example.com,Raleigh,NC,United States,2024-02-19,Email Marketing,Silver
CUST-00780,David,White,david.white276@example.com,Nashville,TN,United States,2024-01-24,Email Marketing,Silver
CUST-00781,Harper,Walker,harper.walker64@example.com,Tampa,FL,United States,2025-12-21,Affiliate Referral,Silver
CUST-00782,Mia,Walker,mia.walker920@example.com,San Antonio,TX,United States,2025-03-21,Organic Search,Silver
CUST-00783,Owen,King,owen.king315@example.com,Boston,MA,United States,2022-09-19,Paid Search (Google),Silver
CUST-00784,Evelyn,Gonzalez,evelyn.gonzalez360@example.com,Boston,MA,United States,2025-08-10,Email Marketing,Silver
CUST-00785,Logan,Lee,logan.lee893@example.com,Salt Lake City,UT,United States,2023-06-05,Organic Search,Silver
CUST-00786,Grayson,Perez,grayson.perez656@example.com,Philadelphia,PA,United States,2024-03-03,Organic Search,Silver
CUST-00787,James,Lewis,james.lewis290@example.com,San Antonio,TX,United States,2023-05-12,Affiliate Referral,Silver
CUST-00788,Alexander,Young,alexander.young814@example.com,Columbus,OH,United States,2022-11-28,Paid Search (Google),Silver
CUST-00789,Zoey,Green,zoey.green449@example.com,Denver,CO,United States,2024-10-26,Email Marketing,Silver
CUST-00790,Penelope,Smith,penelope.smith48@example.com,San Francisco,CA,United States,2023-07-14,Social Media (Instagram/TikTok),Silver
CUST-00791,Emma,Lee,emma.lee785@example.com,Kansas City,MO,United States,2025-05-23,Paid Search (Google),Silver
CUST-00792,Liam,Baker,liam.baker14@example.com,Minneapolis,MN,United States,2023-10-23,Paid Search (Google),Silver
CUST-00793,Joseph,Martin,joseph.martin142@example.com,Houston,TX,United States,2024-07-25,Affiliate Referral,Silver
CUST-00794,Victoria,Hernandez,victoria.hernandez76@example.com,Kansas City,MO,United States,2022-09-02,Social Media (Instagram/TikTok),Silver
CUST-00795,Scarlett,Robinson,scarlett.robinson755@example.com,Portland,OR,United States,2025-10-04,Affiliate Referral,Silver
CUST-00796,Luna,Ramirez,luna.ramirez919@example.com,Las Vegas,NV,United States,2023-03-02,Social Media (Instagram/TikTok),Silver
CUST-00797,Grayson,Thompson,grayson.thompson778@example.com,San Antonio,TX,United States,2023-05-04,Email Marketing,Silver
CUST-00798,Liam,Anderson,liam.anderson239@example.com,Raleigh,NC,United States,2023-02-24,Paid Search (Google),Silver
CUST-00799,Liam,Nguyen,liam.nguyen526@example.com,Philadelphia,PA,United States,2023-02-08,Social Media (Instagram/TikTok),Silver
CUST-00800,Noah,Harris,noah.harris907@example.com,Minneapolis,MN,United States,2023-11-06,Affiliate Referral,Silver
CUST-00801,Oliver,Hill,oliver.hill59@example.com,Las Vegas,NV,United States,2023-01-08,Organic Search,Silver
CUST-00802,Oliver,Hall,oliver.hall128@example.com,Boston,MA,United States,2024-11-26,Email Marketing,Silver
CUST-00803,Harper,Scott,harper.scott268@example.com,Miami,FL,United States,2026-05-08,Paid Search (Google),Silver
CUST-00804,Michael,Hall,michael.hall712@example.com,Minneapolis,MN,United States,2022-06-20,Social Media (Instagram/TikTok),Silver
CUST-00805,Riley,Nelson,riley.nelson113@example.com,Las Vegas,NV,United States,2025-05-01,Social Media (Instagram/TikTok),Silver
CUST-00806,Evelyn,Clark,evelyn.clark860@example.com,Houston,TX,United States,2025-04-13,Affiliate Referral,Silver
CUST-00807,Harper,Jackson,harper.jackson126@example.com,Indianapolis,IN,United States,2023-01-04,Email Marketing,Silver
CUST-00808,Mila,Hill,mila.hill214@example.com,Columbus,OH,United States,2023-11-21,Affiliate Referral,Silver
CUST-00809,Mila,Thompson,mila.thompson730@example.com,Boston,MA,United States,2024-01-26,Paid Search (Google),Silver
CUST-00810,Sophia,Scott,sophia.scott518@example.com,San Antonio,TX,United States,2026-04-10,Email Marketing,Silver
CUST-00811,David,Thomas,david.thomas12@example.com,New York,NY,United States,2026-03-07,Organic Search,Silver
CUST-00812,Lucas,Torres,lucas.torres695@example.com,Miami,FL,United States,2023-04-02,Organic Search,Silver
CUST-00813,Mia,Campbell,mia.campbell750@example.com,Houston,TX,United States,2023-11-07,Paid Search (Google),Silver
CUST-00814,Jayden,Jackson,jayden.jackson280@example.com,Atlanta,GA,United States,2022-09-11,Organic Search,Silver
CUST-00815,Ethan,Williams,ethan.williams882@example.com,Austin,TX,United States,2024-06-07,Social Media (Instagram/TikTok),Silver
CUST-00816,Jack,Mitchell,jack.mitchell128@example.com,Houston,TX,United States,2022-09-02,Organic Search,Silver
CUST-00817,Evelyn,Nelson,evelyn.nelson672@example.com,Philadelphia,PA,United States,2024-04-04,Social Media (Instagram/TikTok),Silver
CUST-00818,Luke,Flores,luke.flores284@example.com,Raleigh,NC,United States,2022-12-08,Social Media (Instagram/TikTok),Silver
CUST-00819,Luna,Lopez,luna.lopez126@example.com,Denver,CO,United States,2024-08-28,Email Marketing,Silver
CUST-00820,Sebastian,Harris,sebastian.harris716@example.com,Tampa,FL,United States,2025-02-04,Email Marketing,Silver
CUST-00821,Emily,Davis,emily.davis145@example.com,Salt Lake City,UT,United States,2022-09-29,Paid Search (Google),Silver
CUST-00822,Amelia,Clark,amelia.clark943@example.com,Nashville,TN,United States,2025-02-13,Affiliate Referral,Silver
CUST-00823,Luke,Lopez,luke.lopez635@example.com,Denver,CO,United States,2024-06-04,Affiliate Referral,Silver
CUST-00824,Olivia,Baker,olivia.baker911@example.com,Kansas City,MO,United States,2023-02-23,Email Marketing,Silver
CUST-00825,Grayson,Davis,grayson.davis918@example.com,Boston,MA,United States,2024-11-19,Organic Search,Silver
CUST-00826,William,Taylor,william.taylor680@example.com,San Jose,CA,United States,2022-06-26,Affiliate Referral,Silver
CUST-00827,Daniel,Nelson,daniel.nelson904@example.com,San Jose,CA,United States,2025-04-29,Affiliate Referral,Silver
CUST-00828,Elijah,Ramirez,elijah.ramirez687@example.com,Raleigh,NC,United States,2023-10-23,Email Marketing,Silver
CUST-00829,Joseph,Nelson,joseph.nelson702@example.com,Minneapolis,MN,United States,2024-07-28,Paid Search (Google),Silver
CUST-00830,Oliver,Smith,oliver.smith668@example.com,Philadelphia,PA,United States,2025-04-01,Email Marketing,Silver
CUST-00831,Hannah,Hernandez,hannah.hernandez86@example.com,Columbus,OH,United States,2025-03-03,Social Media (Instagram/TikTok),Silver
CUST-00832,Henry,Perez,henry.perez294@example.com,Los Angeles,CA,United States,2025-04-04,Paid Search (Google),Silver
CUST-00833,Owen,Sanchez,owen.sanchez846@example.com,San Diego,CA,United States,2022-11-09,Email Marketing,Silver
CUST-00834,Luke,Torres,luke.torres468@example.com,Chicago,IL,United States,2025-03-17,Email Marketing,Silver
CUST-00835,Samuel,Davis,samuel.davis519@example.com,Raleigh,NC,United States,2026-01-29,Organic Search,Silver
CUST-00836,Amelia,Sanchez,amelia.sanchez432@example.com,Los Angeles,CA,United States,2025-07-16,Affiliate Referral,Silver
CUST-00837,James,Garcia,james.garcia820@example.com,Charlotte,NC,United States,2025-11-19,Social Media (Instagram/TikTok),Silver
CUST-00838,Michael,Adams,michael.adams697@example.com,Atlanta,GA,United States,2024-04-29,Social Media (Instagram/TikTok),Silver
CUST-00839,Oliver,Anderson,oliver.anderson874@example.com,Atlanta,GA,United States,2024-04-10,Affiliate Referral,Silver
CUST-00840,Dylan,Rivera,dylan.rivera682@example.com,Seattle,WA,United States,2024-12-13,Organic Search,Silver
CUST-00841,Elijah,Carter,elijah.carter684@example.com,San Diego,CA,United States,2022-06-05,Social Media (Instagram/TikTok),Silver
CUST-00842,Grace,Green,grace.green997@example.com,Indianapolis,IN,United States,2024-01-19,Affiliate Referral,Silver
CUST-00843,Chloe,Hall,chloe.hall118@example.com,Los Angeles,CA,United States,2023-05-03,Email Marketing,Silver
CUST-00844,Evelyn,Rivera,evelyn.rivera770@example.com,Raleigh,NC,United States,2024-09-16,Organic Search,Silver
CUST-00845,Jackson,Flores,jackson.flores210@example.com,San Antonio,TX,United States,2023-02-03,Email Marketing,Silver
CUST-00846,Ella,Robinson,ella.robinson854@example.com,Indianapolis,IN,United States,2023-06-26,Social Media (Instagram/TikTok),Silver
CUST-00847,Amelia,Carter,amelia.carter434@example.com,Los Angeles,CA,United States,2025-12-18,Affiliate Referral,Silver
CUST-00848,Harper,Roberts,harper.roberts923@example.com,Atlanta,GA,United States,2024-12-23,Affiliate Referral,Silver
CUST-00849,Evelyn,Young,evelyn.young14@example.com,Portland,OR,United States,2022-09-08,Affiliate Referral,Silver
CUST-00850,Zoey,Nguyen,zoey.nguyen504@example.com,Portland,OR,United States,2023-05-29,Affiliate Referral,Silver
CUST-00851,Ethan,Campbell,ethan.campbell844@example.com,Phoenix,AZ,United States,2022-12-30,Email Marketing,Silver
CUST-00852,Madison,Allen,madison.allen912@example.com,Denver,CO,United States,2024-10-05,Affiliate Referral,Silver
CUST-00853,Sofia,Moore,sofia.moore417@example.com,San Jose,CA,United States,2024-01-24,Email Marketing,Silver
CUST-00854,Evelyn,Rodriguez,evelyn.rodriguez432@example.com,Charlotte,NC,United States,2026-05-04,Affiliate Referral,Silver
CUST-00855,Matthew,Hall,matthew.hall570@example.com,Tampa,FL,United States,2024-03-04,Affiliate Referral,Silver
CUST-00856,Ella,Gonzalez,ella.gonzalez224@example.com,Charlotte,NC,United States,2024-01-17,Social Media (Instagram/TikTok),Silver
CUST-00857,Mason,Rivera,mason.rivera675@example.com,Philadelphia,PA,United States,2025-03-28,Affiliate Referral,Silver
CUST-00858,Madison,Rivera,madison.rivera128@example.com,Columbus,OH,United States,2024-05-22,Affiliate Referral,Silver
CUST-00859,Eleanor,Nguyen,eleanor.nguyen594@example.com,Las Vegas,NV,United States,2026-05-25,Email Marketing,Silver
CUST-00860,Aiden,Ramirez,aiden.ramirez837@example.com,New York,NY,United States,2025-05-06,Organic Search,Silver
CUST-00861,Olivia,Harris,olivia.harris158@example.com,Los Angeles,CA,United States,2026-03-04,Organic Search,Silver
CUST-00862,Mila,Moore,mila.moore778@example.com,Indianapolis,IN,United States,2023-04-26,Social Media (Instagram/TikTok),Silver
CUST-00863,Jackson,Martinez,jackson.martinez869@example.com,Los Angeles,CA,United States,2026-04-15,Social Media (Instagram/TikTok),Silver
CUST-00864,Michael,Carter,michael.carter564@example.com,Los Angeles,CA,United States,2024-06-04,Email Marketing,Silver
CUST-00865,Amelia,Flores,amelia.flores898@example.com,Las Vegas,NV,United States,2025-07-25,Paid Search (Google),Silver
CUST-00866,Penelope,Thomas,penelope.thomas533@example.com,Indianapolis,IN,United States,2026-04-26,Social Media (Instagram/TikTok),Silver
CUST-00867,Oliver,Harris,oliver.harris406@example.com,Boston,MA,United States,2026-04-04,Social Media (Instagram/TikTok),Silver
CUST-00868,Oliver,Smith,oliver.smith771@example.com,Dallas,TX,United States,2023-07-21,Affiliate Referral,Silver
CUST-00869,Luke,Anderson,luke.anderson943@example.com,Minneapolis,MN,United States,2026-05-14,Social Media (Instagram/TikTok),Silver
CUST-00870,Mila,Roberts,mila.roberts752@example.com,San Antonio,TX,United States,2024-01-24,Email Marketing,Silver
CUST-00871,Ethan,Baker,ethan.baker86@example.com,Philadelphia,PA,United States,2023-05-22,Affiliate Referral,Silver
CUST-00872,Harper,Harris,harper.harris51@example.com,Boston,MA,United States,2023-12-24,Affiliate Referral,Silver
CUST-00873,Camila,Rodriguez,camila.rodriguez174@example.com,Nashville,TN,United States,2023-11-05,Organic Search,Silver
CUST-00874,David,Robinson,david.robinson736@example.com,Phoenix,AZ,United States,2022-08-21,Paid Search (Google),Silver
CUST-00875,Madison,Hill,madison.hill62@example.com,Columbus,OH,United States,2025-12-02,Affiliate Referral,Silver
CUST-00876,Matthew,Young,matthew.young818@example.com,Nashville,TN,United States,2025-07-01,Social Media (Instagram/TikTok),Silver
CUST-00877,Mia,Rivera,mia.rivera335@example.com,Portland,OR,United States,2023-08-25,Paid Search (Google),Silver
CUST-00878,William,Allen,william.allen173@example.com,Boston,MA,United States,2025-06-17,Affiliate Referral,Silver
CUST-00879,Layla,Garcia,layla.garcia367@example.com,San Diego,CA,United States,2023-08-11,Social Media (Instagram/TikTok),Silver
CUST-00880,David,White,david.white310@example.com,San Antonio,TX,United States,2025-11-18,Affiliate Referral,Silver
CUST-00881,Dylan,Scott,dylan.scott853@example.com,Columbus,OH,United States,2026-01-20,Organic Search,Silver
CUST-00882,Lucas,Nelson,lucas.nelson364@example.com,Atlanta,GA,United States,2023-10-06,Affiliate Referral,Silver
CUST-00883,Sofia,Williams,sofia.williams708@example.com,San Jose,CA,United States,2024-07-21,Organic Search,Silver
CUST-00884,Penelope,Taylor,penelope.taylor563@example.com,Raleigh,NC,United States,2024-01-01,Organic Search,Silver
CUST-00885,Chloe,Allen,chloe.allen832@example.com,Portland,OR,United States,2024-11-29,Email Marketing,Silver
CUST-00886,Sophia,Jackson,sophia.jackson929@example.com,Minneapolis,MN,United States,2023-06-30,Social Media (Instagram/TikTok),Silver
CUST-00887,Benjamin,Miller,benjamin.miller181@example.com,Columbus,OH,United States,2025-06-06,Affiliate Referral,Silver
CUST-00888,James,Green,james.green77@example.com,San Antonio,TX,United States,2026-03-04,Paid Search (Google),Silver
CUST-00889,Jack,Miller,jack.miller220@example.com,San Francisco,CA,United States,2026-05-10,Email Marketing,Silver
CUST-00890,Mia,Mitchell,mia.mitchell712@example.com,Phoenix,AZ,United States,2022-07-19,Email Marketing,Silver
CUST-00891,David,Williams,david.williams99@example.com,Chicago,IL,United States,2022-09-20,Paid Search (Google),Silver
CUST-00892,Jackson,Scott,jackson.scott82@example.com,Nashville,TN,United States,2023-09-10,Social Media (Instagram/TikTok),Silver
CUST-00893,John,Harris,john.harris471@example.com,Minneapolis,MN,United States,2024-09-06,Email Marketing,Silver
CUST-00894,Samuel,Johnson,samuel.johnson408@example.com,Las Vegas,NV,United States,2023-01-29,Affiliate Referral,Silver
CUST-00895,James,Adams,james.adams747@example.com,Charlotte,NC,United States,2022-10-08,Affiliate Referral,Silver
CUST-00896,Sophia,Hall,sophia.hall878@example.com,Chicago,IL,United States,2024-06-02,Affiliate Referral,Silver
CUST-00897,Amelia,Jackson,amelia.jackson815@example.com,Las Vegas,NV,United States,2024-02-08,Affiliate Referral,Silver
CUST-00898,Charlotte,Jackson,charlotte.jackson793@example.com,Atlanta,GA,United States,2024-07-21,Email Marketing,Silver
CUST-00899,Olivia,Walker,olivia.walker170@example.com,San Francisco,CA,United States,2023-08-25,Paid Search (Google),Silver
CUST-00900,Wyatt,Wright,wyatt.wright312@example.com,Minneapolis,MN,United States,2023-03-23,Social Media (Instagram/TikTok),Silver
CUST-00901,Chloe,Smith,chloe.smith576@example.com,Tampa,FL,United States,2025-07-11,Paid Search (Google),Silver
CUST-00902,Harper,Williams,harper.williams15@example.com,Nashville,TN,United States,2025-10-04,Email Marketing,Silver
CUST-00903,Benjamin,Martin,benjamin.martin225@example.com,Raleigh,NC,United States,2024-05-05,Paid Search (Google),Silver
CUST-00904,John,Adams,john.adams881@example.com,Portland,OR,United States,2023-03-19,Paid Search (Google),Silver
CUST-00905,Elizabeth,Anderson,elizabeth.anderson641@example.com,Kansas City,MO,United States,2023-10-31,Paid Search (Google),Silver
CUST-00906,Lucas,Lopez,lucas.lopez697@example.com,Indianapolis,IN,United States,2025-08-05,Organic Search,Silver
CUST-00907,Lily,Adams,lily.adams572@example.com,Chicago,IL,United States,2024-01-17,Organic Search,Silver
CUST-00908,Jackson,Miller,jackson.miller212@example.com,Raleigh,NC,United States,2025-09-02,Email Marketing,Silver
CUST-00909,David,Thompson,david.thompson141@example.com,Las Vegas,NV,United States,2026-02-02,Paid Search (Google),Silver
CUST-00910,Elijah,Jackson,elijah.jackson644@example.com,Chicago,IL,United States,2023-07-02,Social Media (Instagram/TikTok),Silver
CUST-00911,Grayson,Lewis,grayson.lewis346@example.com,Charlotte,NC,United States,2026-02-10,Social Media (Instagram/TikTok),Silver
CUST-00912,Abigail,Torres,abigail.torres590@example.com,Seattle,WA,United States,2024-03-09,Email Marketing,Silver
CUST-00913,Emily,Smith,emily.smith330@example.com,San Diego,CA,United States,2023-08-28,Email Marketing,Silver
CUST-00914,Aria,White,aria.white147@example.com,Las Vegas,NV,United States,2024-04-10,Email Marketing,Silver
CUST-00915,Lily,Lewis,lily.lewis377@example.com,Columbus,OH,United States,2024-02-16,Email Marketing,Silver
CUST-00916,Amelia,Lopez,amelia.lopez671@example.com,Charlotte,NC,United States,2022-11-15,Social Media (Instagram/TikTok),Silver
CUST-00917,Evelyn,Wright,evelyn.wright211@example.com,Dallas,TX,United States,2025-12-05,Organic Search,Silver
CUST-00918,Mia,Johnson,mia.johnson879@example.com,Portland,OR,United States,2025-12-15,Organic Search,Silver
CUST-00919,Layla,Roberts,layla.roberts614@example.com,San Antonio,TX,United States,2022-08-15,Affiliate Referral,Silver
CUST-00920,Camila,Wright,camila.wright925@example.com,San Francisco,CA,United States,2025-01-22,Paid Search (Google),Silver
CUST-00921,Carter,Sanchez,carter.sanchez238@example.com,Columbus,OH,United States,2025-09-20,Social Media (Instagram/TikTok),Silver
CUST-00922,Evelyn,Robinson,evelyn.robinson523@example.com,Portland,OR,United States,2022-12-03,Email Marketing,Silver
CUST-00923,Carter,Allen,carter.allen20@example.com,Las Vegas,NV,United States,2023-10-03,Affiliate Referral,Silver
CUST-00924,Emily,Carter,emily.carter536@example.com,Phoenix,AZ,United States,2024-11-30,Paid Search (Google),Silver
CUST-00925,Ethan,Torres,ethan.torres981@example.com,Nashville,TN,United States,2026-02-10,Paid Search (Google),Silver
CUST-00926,Eleanor,Thompson,eleanor.thompson51@example.com,San Diego,CA,United States,2025-02-23,Paid Search (Google),Silver
CUST-00927,William,Taylor,william.taylor388@example.com,San Diego,CA,United States,2022-08-27,Paid Search (Google),Silver
CUST-00928,Carter,Harris,carter.harris490@example.com,Atlanta,GA,United States,2022-09-04,Organic Search,Silver
CUST-00929,Madison,Miller,madison.miller730@example.com,Portland,OR,United States,2025-12-19,Social Media (Instagram/TikTok),Silver
CUST-00930,Camila,Nguyen,camila.nguyen567@example.com,Nashville,TN,United States,2023-05-23,Email Marketing,Silver
CUST-00931,Owen,White,owen.white611@example.com,Minneapolis,MN,United States,2022-11-07,Affiliate Referral,Silver
CUST-00932,Jackson,Harris,jackson.harris939@example.com,San Diego,CA,United States,2025-04-23,Email Marketing,Silver
CUST-00933,Grace,Thompson,grace.thompson508@example.com,Indianapolis,IN,United States,2025-02-12,Affiliate Referral,Silver
CUST-00934,James,Allen,james.allen913@example.com,Phoenix,AZ,United States,2024-11-17,Paid Search (Google),Silver
CUST-00935,Avery,Jones,avery.jones536@example.com,Minneapolis,MN,United States,2023-12-28,Paid Search (Google),Silver
CUST-00936,Abigail,Lopez,abigail.lopez171@example.com,Seattle,WA,United States,2025-10-15,Organic Search,Silver
CUST-00937,Avery,Clark,avery.clark840@example.com,San Jose,CA,United States,2023-01-19,Email Marketing,Silver
CUST-00938,Eleanor,Walker,eleanor.walker225@example.com,Nashville,TN,United States,2023-04-27,Email Marketing,Silver
CUST-00939,Liam,Thomas,liam.thomas54@example.com,Phoenix,AZ,United States,2025-08-18,Affiliate Referral,Silver
CUST-00940,Alexander,Rodriguez,alexander.rodriguez654@example.com,Portland,OR,United States,2022-08-20,Affiliate Referral,Silver
CUST-00941,Logan,Brown,logan.brown180@example.com,Dallas,TX,United States,2023-06-04,Affiliate Referral,Silver
CUST-00942,Layla,Hill,layla.hill587@example.com,Minneapolis,MN,United States,2022-07-09,Social Media (Instagram/TikTok),Silver
CUST-00943,Benjamin,Wilson,benjamin.wilson469@example.com,Charlotte,NC,United States,2025-01-21,Email Marketing,Silver
CUST-00944,Emily,Anderson,emily.anderson860@example.com,Boston,MA,United States,2025-10-13,Paid Search (Google),Silver
CUST-00945,Elizabeth,Flores,elizabeth.flores685@example.com,Portland,OR,United States,2023-11-24,Paid Search (Google),Silver
CUST-00946,Luna,Robinson,luna.robinson620@example.com,Nashville,TN,United States,2022-10-19,Paid Search (Google),Silver
CUST-00947,Owen,Harris,owen.harris145@example.com,Houston,TX,United States,2022-07-04,Paid Search (Google),Silver
CUST-00948,Riley,Martinez,riley.martinez630@example.com,Houston,TX,United States,2023-05-30,Email Marketing,Silver
CUST-00949,Noah,Wright,noah.wright525@example.com,Columbus,OH,United States,2023-01-27,Organic Search,Silver
CUST-00950,Eleanor,Nelson,eleanor.nelson143@example.com,Charlotte,NC,United States,2025-06-09,Organic Search,Silver
CUST-00951,Zoey,King,zoey.king440@example.com,Seattle,WA,United States,2022-08-28,Affiliate Referral,Silver
CUST-00952,Jack,Anderson,jack.anderson970@example.com,Indianapolis,IN,United States,2025-02-12,Email Marketing,Silver
CUST-00953,Joseph,Nguyen,joseph.nguyen833@example.com,Raleigh,NC,United States,2026-04-27,Affiliate Referral,Silver
CUST-00954,Elijah,Ramirez,elijah.ramirez147@example.com,Dallas,TX,United States,2025-02-02,Paid Search (Google),Silver
CUST-00955,Benjamin,Jackson,benjamin.jackson622@example.com,San Francisco,CA,United States,2024-09-14,Social Media (Instagram/TikTok),Silver
CUST-00956,Jacob,Smith,jacob.smith736@example.com,Raleigh,NC,United States,2022-06-15,Affiliate Referral,Silver
CUST-00957,Harper,King,harper.king17@example.com,Denver,CO,United States,2026-01-31,Paid Search (Google),Silver
CUST-00958,Samuel,Clark,samuel.clark380@example.com,Houston,TX,United States,2023-04-13,Email Marketing,Silver
CUST-00959,Jackson,Taylor,jackson.taylor885@example.com,San Francisco,CA,United States,2024-10-15,Affiliate Referral,Silver
CUST-00960,Carter,Flores,carter.flores292@example.com,Las Vegas,NV,United States,2024-08-22,Paid Search (Google),Silver
CUST-00961,John,Scott,john.scott812@example.com,San Francisco,CA,United States,2025-02-13,Paid Search (Google),Silver
CUST-00962,Chloe,Scott,chloe.scott578@example.com,Miami,FL,United States,2023-11-02,Social Media (Instagram/TikTok),Silver
CUST-00963,Joseph,Roberts,joseph.roberts732@example.com,Denver,CO,United States,2023-03-10,Organic Search,Silver
CUST-00964,Avery,Lewis,avery.lewis811@example.com,Salt Lake City,UT,United States,2023-04-28,Organic Search,Silver
CUST-00965,Ella,Allen,ella.allen420@example.com,Indianapolis,IN,United States,2024-04-24,Affiliate Referral,Silver
CUST-00966,Oliver,Hernandez,oliver.hernandez408@example.com,Minneapolis,MN,United States,2022-06-11,Organic Search,Silver
CUST-00967,Logan,Walker,logan.walker958@example.com,Charlotte,NC,United States,2024-11-08,Organic Search,Silver
CUST-00968,William,Taylor,william.taylor237@example.com,Seattle,WA,United States,2022-11-11,Affiliate Referral,Silver
CUST-00969,Noah,Campbell,noah.campbell403@example.com,Denver,CO,United States,2025-11-09,Affiliate Referral,Silver
CUST-00970,Aiden,Rivera,aiden.rivera996@example.com,Charlotte,NC,United States,2022-09-26,Paid Search (Google),Silver
CUST-00971,Hannah,Lewis,hannah.lewis20@example.com,San Antonio,TX,United States,2026-02-05,Affiliate Referral,Silver
CUST-00972,Aiden,Gonzalez,aiden.gonzalez44@example.com,Indianapolis,IN,United States,2025-10-10,Affiliate Referral,Silver
CUST-00973,Avery,Flores,avery.flores183@example.com,Las Vegas,NV,United States,2022-08-13,Social Media (Instagram/TikTok),Silver
CUST-00974,Henry,Adams,henry.adams10@example.com,Philadelphia,PA,United States,2022-11-25,Social Media (Instagram/TikTok),Silver
CUST-00975,Layla,Thompson,layla.thompson695@example.com,Denver,CO,United States,2024-09-08,Affiliate Referral,Silver
CUST-00976,Mila,King,mila.king25@example.com,Raleigh,NC,United States,2026-05-12,Organic Search,Silver
CUST-00977,Charlotte,Scott,charlotte.scott301@example.com,Raleigh,NC,United States,2025-07-20,Affiliate Referral,Silver
CUST-00978,Joseph,Thompson,joseph.thompson996@example.com,Kansas City,MO,United States,2023-12-19,Paid Search (Google),Silver
CUST-00979,Jacob,Robinson,jacob.robinson962@example.com,Denver,CO,United States,2025-08-21,Organic Search,Silver
CUST-00980,Camila,Lopez,camila.lopez426@example.com,Portland,OR,United States,2023-01-05,Affiliate Referral,Silver
CUST-00981,Mia,Allen,mia.allen311@example.com,San Jose,CA,United States,2023-01-26,Affiliate Referral,Silver
CUST-00982,Jackson,Wright,jackson.wright842@example.com,Indianapolis,IN,United States,2025-08-21,Social Media (Instagram/TikTok),Silver
CUST-00983,Luke,Harris,luke.harris586@example.com,Miami,FL,United States,2023-10-12,Social Media (Instagram/TikTok),Silver
CUST-00984,Jayden,Baker,jayden.baker481@example.com,Nashville,TN,United States,2022-07-27,Email Marketing,Silver
CUST-00985,Lucas,Taylor,lucas.taylor79@example.com,Denver,CO,United States,2025-12-19,Paid Search (Google),Silver
CUST-00986,Avery,Lee,avery.lee432@example.com,Seattle,WA,United States,2025-04-23,Affiliate Referral,Silver
CUST-00987,Emma,Hall,emma.hall862@example.com,Dallas,TX,United States,2023-10-22,Social Media (Instagram/TikTok),Silver
CUST-00988,Charlotte,Sanchez,charlotte.sanchez699@example.com,Raleigh,NC,United States,2024-05-01,Organic Search,Silver
CUST-00989,Ethan,Walker,ethan.walker331@example.com,Seattle,WA,United States,2023-08-22,Affiliate Referral,Silver
CUST-00990,Sebastian,Lopez,sebastian.lopez979@example.com,Raleigh,NC,United States,2026-03-31,Paid Search (Google),Silver
CUST-00991,Hannah,Mitchell,hannah.mitchell214@example.com,San Diego,CA,United States,2023-10-09,Social Media (Instagram/TikTok),Silver
CUST-00992,Michael,Anderson,michael.anderson217@example.com,Kansas City,MO,United States,2023-10-25,Affiliate Referral,Silver
CUST-00993,Grace,Martinez,grace.martinez807@example.com,Houston,TX,United States,2023-02-01,Organic Search,Silver
CUST-00994,Hannah,Flores,hannah.flores16@example.com,Columbus,OH,United States,2025-06-13,Organic Search,Silver
CUST-00995,Eleanor,White,eleanor.white645@example.com,San Jose,CA,United States,2025-03-05,Affiliate Referral,Silver
CUST-00996,Aria,Young,aria.young197@example.com,Columbus,OH,United States,2025-04-12,Social Media (Instagram/TikTok),Silver
CUST-00997,Wyatt,Anderson,wyatt.anderson778@example.com,Nashville,TN,United States,2023-02-18,Organic Search,Silver
CUST-00998,Jack,Walker,jack.walker972@example.com,San Francisco,CA,United States,2022-08-06,Affiliate Referral,Silver
CUST-00999,Joseph,Sanchez,joseph.sanchez891@example.com,Las Vegas,NV,United States,2023-05-24,Email Marketing,Silver
CUST-01000,Harper,Hall,harper.hall540@example.com,Atlanta,GA,United States,2024-03-08,Organic Search,Silver
CUST-01001,Emma,Baker,emma.baker225@example.com,Denver,CO,United States,2025-09-02,Organic Search,Silver
CUST-01002,Madison,White,madison.white637@example.com,Tampa,FL,United States,2023-11-14,Paid Search (Google),Silver
CUST-01003,Camila,Thomas,camila.thomas285@example.com,Miami,FL,United States,2025-11-07,Social Media (Instagram/TikTok),Silver
CUST-01004,Carter,Lopez,carter.lopez520@example.com,Boston,MA,United States,2023-08-06,Email Marketing,Silver
CUST-01005,Chloe,White,chloe.white884@example.com,Denver,CO,United States,2023-12-25,Email Marketing,Silver
CUST-01006,Elizabeth,Torres,elizabeth.torres144@example.com,Nashville,TN,United States,2026-04-05,Paid Search (Google),Silver
CUST-01007,Elijah,Campbell,elijah.campbell286@example.com,Indianapolis,IN,United States,2023-09-26,Affiliate Referral,Silver
CUST-01008,Zoey,Harris,zoey.harris210@example.com,Phoenix,AZ,United States,2023-04-03,Email Marketing,Silver
CUST-01009,Emma,Lopez,emma.lopez441@example.com,Miami,FL,United States,2023-03-03,Affiliate Referral,Silver
CUST-01010,Samuel,Young,samuel.young317@example.com,Dallas,TX,United States,2025-07-26,Affiliate Referral,Silver
CUST-01011,Oliver,Sanchez,oliver.sanchez111@example.com,Salt Lake City,UT,United States,2023-05-01,Organic Search,Silver
CUST-01012,Ella,Taylor,ella.taylor497@example.com,Kansas City,MO,United States,2025-12-11,Organic Search,Silver
CUST-01013,Nora,Mitchell,nora.mitchell352@example.com,Dallas,TX,United States,2024-06-09,Social Media (Instagram/TikTok),Silver
CUST-01014,Jackson,Thompson,jackson.thompson30@example.com,Boston,MA,United States,2023-02-04,Social Media (Instagram/TikTok),Silver
CUST-01015,Mila,Torres,mila.torres599@example.com,Minneapolis,MN,United States,2026-01-20,Affiliate Referral,Silver
CUST-01016,Ethan,Roberts,ethan.roberts301@example.com,Seattle,WA,United States,2024-03-27,Affiliate Referral,Silver
CUST-01017,Grayson,Roberts,grayson.roberts764@example.com,Atlanta,GA,United States,2022-11-08,Email Marketing,Silver
CUST-01018,Aiden,Robinson,aiden.robinson656@example.com,Phoenix,AZ,United States,2023-05-10,Social Media (Instagram/TikTok),Silver
CUST-01019,Riley,Green,riley.green637@example.com,Nashville,TN,United States,2024-09-06,Organic Search,Silver
CUST-01020,Benjamin,Hernandez,benjamin.hernandez361@example.com,San Diego,CA,United States,2024-03-04,Social Media (Instagram/TikTok),Silver
CUST-01021,Scarlett,Rivera,scarlett.rivera283@example.com,Charlotte,NC,United States,2026-01-11,Email Marketing,Silver
CUST-01022,Sebastian,Lewis,sebastian.lewis809@example.com,Tampa,FL,United States,2024-06-13,Affiliate Referral,Silver
CUST-01023,Nora,Clark,nora.clark181@example.com,Philadelphia,PA,United States,2022-07-18,Paid Search (Google),Silver
CUST-01024,Henry,Nelson,henry.nelson267@example.com,Raleigh,NC,United States,2026-05-06,Organic Search,Silver
CUST-01025,Michael,Hernandez,michael.hernandez416@example.com,Houston,TX,United States,2022-12-13,Organic Search,Silver
CUST-01026,Dylan,Scott,dylan.scott65@example.com,New York,NY,United States,2024-08-22,Affiliate Referral,Silver
CUST-01027,Benjamin,Miller,benjamin.miller278@example.com,Charlotte,NC,United States,2023-04-15,Organic Search,Silver
CUST-01028,Penelope,Martin,penelope.martin244@example.com,San Diego,CA,United States,2024-01-03,Email Marketing,Silver
CUST-01029,Mason,Rodriguez,mason.rodriguez549@example.com,Kansas City,MO,United States,2023-05-16,Organic Search,Silver
CUST-01030,Noah,Nelson,noah.nelson375@example.com,Tampa,FL,United States,2024-03-28,Email Marketing,Silver
CUST-01031,Lily,Wright,lily.wright967@example.com,Dallas,TX,United States,2025-06-28,Email Marketing,Silver
CUST-01032,Evelyn,Hall,evelyn.hall562@example.com,Philadelphia,PA,United States,2025-09-23,Affiliate Referral,Silver
CUST-01033,Jayden,Green,jayden.green776@example.com,Minneapolis,MN,United States,2025-07-30,Email Marketing,Silver
CUST-01034,Victoria,Thompson,victoria.thompson503@example.com,San Francisco,CA,United States,2023-09-09,Organic Search,Silver
CUST-01035,Luke,Martin,luke.martin384@example.com,Boston,MA,United States,2023-11-15,Paid Search (Google),Silver
CUST-01036,Matthew,Smith,matthew.smith10@example.com,Portland,OR,United States,2023-03-07,Social Media (Instagram/TikTok),Silver
CUST-01037,Aiden,Walker,aiden.walker557@example.com,New York,NY,United States,2026-04-09,Email Marketing,Silver
CUST-01038,Eleanor,Martin,eleanor.martin19@example.com,Columbus,OH,United States,2024-10-29,Social Media (Instagram/TikTok),Silver
CUST-01039,Avery,Smith,avery.smith571@example.com,Seattle,WA,United States,2023-06-22,Email Marketing,Silver
CUST-01040,Zoey,Sanchez,zoey.sanchez265@example.com,Philadelphia,PA,United States,2026-01-13,Email Marketing,Silver
CUST-01041,Owen,Anderson,owen.anderson279@example.com,Chicago,IL,United States,2024-10-12,Paid Search (Google),Silver
CUST-01042,Sebastian,Jackson,sebastian.jackson674@example.com,Raleigh,NC,United States,2025-05-25,Social Media (Instagram/TikTok),Silver
CUST-01043,John,Gonzalez,john.gonzalez883@example.com,Chicago,IL,United States,2023-06-09,Paid Search (Google),Silver
CUST-01044,Scarlett,Davis,scarlett.davis662@example.com,Atlanta,GA,United States,2025-11-17,Email Marketing,Silver
CUST-01045,Sebastian,Hall,sebastian.hall647@example.com,Miami,FL,United States,2023-06-20,Social Media (Instagram/TikTok),Silver
CUST-01046,Liam,Martinez,liam.martinez60@example.com,San Francisco,CA,United States,2022-07-16,Paid Search (Google),Silver
CUST-01047,Amelia,Jackson,amelia.jackson285@example.com,Phoenix,AZ,United States,2024-11-14,Organic Search,Silver
CUST-01048,Avery,Garcia,avery.garcia164@example.com,New York,NY,United States,2025-03-07,Paid Search (Google),Silver
CUST-01049,Luna,Clark,luna.clark329@example.com,Indianapolis,IN,United States,2025-03-17,Social Media (Instagram/TikTok),Silver
CUST-01050,Lily,Hall,lily.hall820@example.com,Los Angeles,CA,United States,2024-04-07,Organic Search,Silver
CUST-01051,Logan,Brown,logan.brown282@example.com,Columbus,OH,United States,2024-08-12,Organic Search,Silver
CUST-01052,Dylan,Lopez,dylan.lopez206@example.com,Kansas City,MO,United States,2023-10-26,Email Marketing,Silver
CUST-01053,Emma,Davis,emma.davis796@example.com,Salt Lake City,UT,United States,2023-10-23,Email Marketing,Silver
CUST-01054,Luke,Thomas,luke.thomas765@example.com,Los Angeles,CA,United States,2023-07-13,Email Marketing,Silver
CUST-01055,Elijah,King,elijah.king691@example.com,San Antonio,TX,United States,2025-01-24,Email Marketing,Silver
CUST-01056,Victoria,Lee,victoria.lee172@example.com,Minneapolis,MN,United States,2022-08-26,Affiliate Referral,Silver
CUST-01057,Harper,Taylor,harper.taylor502@example.com,Minneapolis,MN,United States,2024-02-02,Paid Search (Google),Silver
CUST-01058,Carter,Brown,carter.brown894@example.com,Las Vegas,NV,United States,2023-08-21,Organic Search,Silver
CUST-01059,Henry,Green,henry.green454@example.com,San Jose,CA,United States,2022-07-01,Paid Search (Google),Silver
CUST-01060,Aria,Nguyen,aria.nguyen132@example.com,Denver,CO,United States,2023-10-11,Organic Search,Silver
CUST-01061,Sophia,Nguyen,sophia.nguyen812@example.com,Salt Lake City,UT,United States,2025-01-29,Affiliate Referral,Silver
CUST-01062,Abigail,White,abigail.white799@example.com,Chicago,IL,United States,2023-10-23,Paid Search (Google),Silver
CUST-01063,Hannah,Garcia,hannah.garcia712@example.com,Charlotte,NC,United States,2024-04-24,Organic Search,Silver
CUST-01064,Isabella,Thompson,isabella.thompson670@example.com,Phoenix,AZ,United States,2026-05-07,Affiliate Referral,Silver
CUST-01065,Amelia,Rodriguez,amelia.rodriguez509@example.com,San Diego,CA,United States,2024-03-10,Affiliate Referral,Silver
CUST-01066,Joseph,Lewis,joseph.lewis760@example.com,San Antonio,TX,United States,2022-07-14,Email Marketing,Silver
CUST-01067,Grace,Campbell,grace.campbell147@example.com,Dallas,TX,United States,2022-08-20,Email Marketing,Silver
CUST-01068,Luke,Scott,luke.scott311@example.com,San Francisco,CA,United States,2026-04-28,Email Marketing,Silver
CUST-01069,Jacob,Torres,jacob.torres201@example.com,San Francisco,CA,United States,2024-05-13,Social Media (Instagram/TikTok),Silver
CUST-01070,Lily,Moore,lily.moore898@example.com,Kansas City,MO,United States,2025-10-09,Affiliate Referral,Silver
CUST-01071,Alexander,Jones,alexander.jones553@example.com,Phoenix,AZ,United States,2024-12-07,Social Media (Instagram/TikTok),Silver
CUST-01072,Camila,Wright,camila.wright385@example.com,Atlanta,GA,United States,2022-06-02,Affiliate Referral,Silver
CUST-01073,Owen,Campbell,owen.campbell199@example.com,New York,NY,United States,2025-11-21,Social Media (Instagram/TikTok),Silver
CUST-01074,Henry,Lee,henry.lee748@example.com,Chicago,IL,United States,2026-02-08,Affiliate Referral,Silver
CUST-01075,Penelope,Gonzalez,penelope.gonzalez546@example.com,Las Vegas,NV,United States,2025-03-15,Affiliate Referral,Silver
CUST-01076,Abigail,Flores,abigail.flores299@example.com,San Jose,CA,United States,2024-09-17,Social Media (Instagram/TikTok),Silver
CUST-01077,Lucas,Miller,lucas.miller545@example.com,Las Vegas,NV,United States,2022-10-15,Organic Search,Silver
CUST-01078,Mason,Lopez,mason.lopez904@example.com,Los Angeles,CA,United States,2023-07-19,Organic Search,Silver
CUST-01079,Grayson,Gonzalez,grayson.gonzalez111@example.com,Los Angeles,CA,United States,2025-08-13,Email Marketing,Silver
CUST-01080,Grayson,King,grayson.king648@example.com,Salt Lake City,UT,United States,2025-09-21,Social Media (Instagram/TikTok),Silver
CUST-01081,Oliver,White,oliver.white236@example.com,Charlotte,NC,United States,2022-10-24,Organic Search,Silver
CUST-01082,Michael,Adams,michael.adams513@example.com,Kansas City,MO,United States,2022-11-11,Email Marketing,Silver
CUST-01083,Isabella,White,isabella.white581@example.com,Raleigh,NC,United States,2024-09-29,Social Media (Instagram/TikTok),Silver
CUST-01084,Isabella,Flores,isabella.flores282@example.com,Portland,OR,United States,2022-08-23,Organic Search,Silver
CUST-01085,Matthew,Jones,matthew.jones977@example.com,San Antonio,TX,United States,2025-04-29,Organic Search,Silver
CUST-01086,Elijah,Campbell,elijah.campbell246@example.com,San Francisco,CA,United States,2024-07-29,Paid Search (Google),Silver
CUST-01087,Jacob,King,jacob.king682@example.com,San Diego,CA,United States,2025-08-11,Paid Search (Google),Silver
CUST-01088,Riley,Mitchell,riley.mitchell118@example.com,Columbus,OH,United States,2025-12-29,Affiliate Referral,Silver
CUST-01089,Grace,Baker,grace.baker479@example.com,Salt Lake City,UT,United States,2026-02-22,Email Marketing,Silver
CUST-01090,Amelia,Hernandez,amelia.hernandez821@example.com,Philadelphia,PA,United States,2025-07-01,Email Marketing,Silver
CUST-01091,Luna,Nelson,luna.nelson171@example.com,San Francisco,CA,United States,2025-10-11,Email Marketing,Silver
CUST-01092,Grace,Lee,grace.lee573@example.com,San Jose,CA,United States,2024-07-01,Email Marketing,Silver
CUST-01093,Zoey,Campbell,zoey.campbell341@example.com,Charlotte,NC,United States,2023-10-06,Affiliate Referral,Silver
CUST-01094,Ella,Harris,ella.harris794@example.com,San Francisco,CA,United States,2023-11-03,Social Media (Instagram/TikTok),Silver
CUST-01095,Nora,Lewis,nora.lewis992@example.com,Denver,CO,United States,2022-06-01,Organic Search,Silver
CUST-01096,Aiden,Hill,aiden.hill26@example.com,Portland,OR,United States,2023-03-04,Social Media (Instagram/TikTok),Silver
CUST-01097,James,Martin,james.martin237@example.com,San Antonio,TX,United States,2024-03-06,Organic Search,Silver
CUST-01098,Aria,Scott,aria.scott533@example.com,San Francisco,CA,United States,2025-08-12,Affiliate Referral,Silver
CUST-01099,Abigail,Miller,abigail.miller48@example.com,Atlanta,GA,United States,2024-05-29,Paid Search (Google),Silver
CUST-01100,Evelyn,Taylor,evelyn.taylor385@example.com,Nashville,TN,United States,2023-10-25,Paid Search (Google),Silver
CUST-01101,Jackson,Martin,jackson.martin104@example.com,Nashville,TN,United States,2024-08-27,Affiliate Referral,Silver
CUST-01102,Ella,Campbell,ella.campbell89@example.com,Raleigh,NC,United States,2024-03-26,Email Marketing,Silver
CUST-01103,Ethan,Young,ethan.young855@example.com,Salt Lake City,UT,United States,2026-05-10,Affiliate Referral,Silver
CUST-01104,Elijah,Hill,elijah.hill667@example.com,Austin,TX,United States,2022-08-16,Affiliate Referral,Silver
CUST-01105,Owen,Garcia,owen.garcia808@example.com,Los Angeles,CA,United States,2024-04-15,Social Media (Instagram/TikTok),Silver
CUST-01106,Zoey,Clark,zoey.clark962@example.com,Tampa,FL,United States,2023-02-02,Paid Search (Google),Silver
CUST-01107,Emma,Green,emma.green806@example.com,Minneapolis,MN,United States,2024-07-23,Organic Search,Silver
CUST-01108,Victoria,King,victoria.king52@example.com,San Jose,CA,United States,2025-06-10,Affiliate Referral,Silver
CUST-01109,Abigail,Lee,abigail.lee524@example.com,Salt Lake City,UT,United States,2023-08-27,Paid Search (Google),Silver
CUST-01110,Oliver,Baker,oliver.baker759@example.com,Denver,CO,United States,2024-11-29,Affiliate Referral,Silver
CUST-01111,Charlotte,Anderson,charlotte.anderson452@example.com,Austin,TX,United States,2024-08-16,Paid Search (Google),Silver
CUST-01112,Mason,Perez,mason.perez94@example.com,Miami,FL,United States,2025-08-14,Organic Search,Silver
CUST-01113,Layla,Taylor,layla.taylor97@example.com,Denver,CO,United States,2025-03-24,Email Marketing,Silver
CUST-01114,Mason,Carter,mason.carter148@example.com,Miami,FL,United States,2025-07-20,Paid Search (Google),Silver
CUST-01115,Grayson,Sanchez,grayson.sanchez677@example.com,Nashville,TN,United States,2023-07-07,Affiliate Referral,Silver
CUST-01116,Sofia,Thomas,sofia.thomas83@example.com,Dallas,TX,United States,2024-10-28,Social Media (Instagram/TikTok),Silver
CUST-01117,Charlotte,Davis,charlotte.davis697@example.com,Boston,MA,United States,2024-10-15,Social Media (Instagram/TikTok),Silver
CUST-01118,Joseph,Gonzalez,joseph.gonzalez338@example.com,Seattle,WA,United States,2025-09-29,Organic Search,Silver
CUST-01119,Victoria,Hernandez,victoria.hernandez368@example.com,Charlotte,NC,United States,2024-11-22,Affiliate Referral,Silver
CUST-01120,Logan,Lewis,logan.lewis55@example.com,Kansas City,MO,United States,2023-09-22,Paid Search (Google),Silver
CUST-01121,Chloe,Martinez,chloe.martinez785@example.com,Raleigh,NC,United States,2022-11-23,Organic Search,Silver
CUST-01122,Oliver,Thomas,oliver.thomas981@example.com,Charlotte,NC,United States,2023-03-30,Social Media (Instagram/TikTok),Silver
CUST-01123,Emma,Perez,emma.perez720@example.com,Indianapolis,IN,United States,2023-01-14,Social Media (Instagram/TikTok),Silver
CUST-01124,Nora,Walker,nora.walker33@example.com,San Jose,CA,United States,2023-08-03,Affiliate Referral,Silver
CUST-01125,Ella,Wilson,ella.wilson569@example.com,Portland,OR,United States,2023-11-12,Affiliate Referral,Silver
CUST-01126,Eleanor,Flores,eleanor.flores757@example.com,Phoenix,AZ,United States,2026-04-24,Organic Search,Silver
CUST-01127,Owen,Nguyen,owen.nguyen937@example.com,Las Vegas,NV,United States,2025-05-14,Organic Search,Silver
CUST-01128,Jackson,Hernandez,jackson.hernandez71@example.com,Austin,TX,United States,2023-07-17,Affiliate Referral,Silver
CUST-01129,Sebastian,Brown,sebastian.brown486@example.com,Minneapolis,MN,United States,2022-06-18,Organic Search,Silver
CUST-01130,Penelope,Nelson,penelope.nelson287@example.com,Las Vegas,NV,United States,2026-02-11,Social Media (Instagram/TikTok),Silver
CUST-01131,Amelia,Johnson,amelia.johnson309@example.com,Tampa,FL,United States,2026-01-20,Email Marketing,Silver
CUST-01132,Avery,Harris,avery.harris530@example.com,Salt Lake City,UT,United States,2022-12-21,Social Media (Instagram/TikTok),Silver
CUST-01133,Grayson,Hill,grayson.hill554@example.com,Chicago,IL,United States,2023-06-17,Paid Search (Google),Silver
CUST-01134,Jayden,Scott,jayden.scott958@example.com,Salt Lake City,UT,United States,2022-07-15,Organic Search,Silver
CUST-01135,Sofia,King,sofia.king322@example.com,San Jose,CA,United States,2025-02-28,Email Marketing,Silver
CUST-01136,Alexander,Johnson,alexander.johnson365@example.com,Las Vegas,NV,United States,2024-05-21,Social Media (Instagram/TikTok),Silver
CUST-01137,Matthew,Thomas,matthew.thomas523@example.com,Dallas,TX,United States,2022-10-05,Social Media (Instagram/TikTok),Silver
CUST-01138,Penelope,Johnson,penelope.johnson976@example.com,San Francisco,CA,United States,2023-12-26,Paid Search (Google),Silver
CUST-01139,Abigail,Perez,abigail.perez928@example.com,Denver,CO,United States,2026-02-05,Paid Search (Google),Silver
CUST-01140,Charlotte,Campbell,charlotte.campbell401@example.com,Portland,OR,United States,2026-03-20,Affiliate Referral,Silver
CUST-01141,Avery,Clark,avery.clark256@example.com,Nashville,TN,United States,2023-04-09,Email Marketing,Silver
CUST-01142,Victoria,Hill,victoria.hill347@example.com,Atlanta,GA,United States,2025-06-15,Paid Search (Google),Silver
CUST-01143,Michael,Adams,michael.adams151@example.com,Nashville,TN,United States,2025-06-13,Paid Search (Google),Silver
CUST-01144,Evelyn,Martin,evelyn.martin715@example.com,Salt Lake City,UT,United States,2025-05-08,Paid Search (Google),Silver
CUST-01145,Zoey,Roberts,zoey.roberts158@example.com,Minneapolis,MN,United States,2025-07-31,Paid Search (Google),Silver
CUST-01146,Samuel,Jones,samuel.jones580@example.com,San Francisco,CA,United States,2023-01-29,Paid Search (Google),Silver
CUST-01147,Samuel,Martinez,samuel.martinez754@example.com,New York,NY,United States,2024-03-14,Email Marketing,Silver
CUST-01148,John,Martin,john.martin463@example.com,Raleigh,NC,United States,2025-12-26,Social Media (Instagram/TikTok),Silver
CUST-01149,Abigail,Roberts,abigail.roberts202@example.com,Houston,TX,United States,2023-02-25,Paid Search (Google),Silver
CUST-01150,Olivia,Carter,olivia.carter636@example.com,Charlotte,NC,United States,2023-11-29,Affiliate Referral,Silver
CUST-01151,Avery,Hill,avery.hill247@example.com,San Diego,CA,United States,2026-04-08,Organic Search,Silver
CUST-01152,Grace,Garcia,grace.garcia714@example.com,Columbus,OH,United States,2025-02-01,Paid Search (Google),Silver
CUST-01153,Dylan,Rivera,dylan.rivera675@example.com,Seattle,WA,United States,2023-06-12,Email Marketing,Silver
CUST-01154,Grayson,Walker,grayson.walker150@example.com,Philadelphia,PA,United States,2023-07-01,Paid Search (Google),Silver
CUST-01155,Noah,Clark,noah.clark792@example.com,New York,NY,United States,2023-12-05,Email Marketing,Silver
CUST-01156,Daniel,Mitchell,daniel.mitchell697@example.com,San Antonio,TX,United States,2023-07-24,Organic Search,Silver
CUST-01157,Ethan,Lewis,ethan.lewis897@example.com,Charlotte,NC,United States,2025-02-28,Social Media (Instagram/TikTok),Silver
CUST-01158,Jayden,Thomas,jayden.thomas447@example.com,Denver,CO,United States,2022-08-25,Affiliate Referral,Silver
CUST-01159,Owen,Campbell,owen.campbell330@example.com,Denver,CO,United States,2025-11-04,Affiliate Referral,Silver
CUST-01160,Noah,King,noah.king121@example.com,Atlanta,GA,United States,2024-12-22,Organic Search,Silver
CUST-01161,Sofia,King,sofia.king560@example.com,Denver,CO,United States,2022-08-20,Affiliate Referral,Silver
CUST-01162,Penelope,King,penelope.king793@example.com,Minneapolis,MN,United States,2022-09-09,Paid Search (Google),Silver
CUST-01163,Scarlett,Lewis,scarlett.lewis417@example.com,Austin,TX,United States,2024-01-07,Email Marketing,Silver
CUST-01164,Emily,Ramirez,emily.ramirez311@example.com,Charlotte,NC,United States,2022-09-20,Affiliate Referral,Silver
CUST-01165,Logan,Robinson,logan.robinson859@example.com,Minneapolis,MN,United States,2024-12-12,Organic Search,Silver
CUST-01166,Lucas,Lopez,lucas.lopez807@example.com,Nashville,TN,United States,2026-04-26,Affiliate Referral,Silver
CUST-01167,Evelyn,Sanchez,evelyn.sanchez433@example.com,San Jose,CA,United States,2024-12-10,Organic Search,Silver
CUST-01168,Ethan,Robinson,ethan.robinson614@example.com,Salt Lake City,UT,United States,2023-07-19,Email Marketing,Silver
CUST-01169,Charlotte,Taylor,charlotte.taylor341@example.com,Salt Lake City,UT,United States,2026-01-19,Paid Search (Google),Silver
CUST-01170,Harper,Garcia,harper.garcia126@example.com,Salt Lake City,UT,United States,2024-12-07,Social Media (Instagram/TikTok),Silver
CUST-01171,Benjamin,King,benjamin.king734@example.com,Denver,CO,United States,2025-04-13,Affiliate Referral,Silver
CUST-01172,Alexander,Harris,alexander.harris573@example.com,Denver,CO,United States,2022-08-29,Paid Search (Google),Silver
CUST-01173,David,Torres,david.torres902@example.com,Las Vegas,NV,United States,2023-04-04,Paid Search (Google),Silver
CUST-01174,Logan,Lopez,logan.lopez797@example.com,Salt Lake City,UT,United States,2022-09-14,Email Marketing,Silver
CUST-01175,Victoria,Martin,victoria.martin757@example.com,Columbus,OH,United States,2024-11-30,Social Media (Instagram/TikTok),Silver
CUST-01176,Elizabeth,Davis,elizabeth.davis930@example.com,Phoenix,AZ,United States,2023-07-21,Organic Search,Silver
CUST-01177,Jackson,Smith,jackson.smith479@example.com,Miami,FL,United States,2025-03-18,Affiliate Referral,Silver
CUST-01178,James,Hill,james.hill913@example.com,Miami,FL,United States,2023-10-01,Paid Search (Google),Silver
CUST-01179,Dylan,Robinson,dylan.robinson429@example.com,Atlanta,GA,United States,2022-11-10,Affiliate Referral,Silver
CUST-01180,James,Thomas,james.thomas913@example.com,San Francisco,CA,United States,2023-12-22,Affiliate Referral,Silver
CUST-01181,Michael,Brown,michael.brown199@example.com,Phoenix,AZ,United States,2022-09-21,Social Media (Instagram/TikTok),Silver
CUST-01182,Noah,Martinez,noah.martinez884@example.com,Los Angeles,CA,United States,2026-02-26,Affiliate Referral,Silver
CUST-01183,Matthew,Perez,matthew.perez952@example.com,Chicago,IL,United States,2022-09-09,Organic Search,Silver
CUST-01184,Riley,Lopez,riley.lopez175@example.com,Las Vegas,NV,United States,2024-01-04,Affiliate Referral,Silver
CUST-01185,Ethan,Robinson,ethan.robinson777@example.com,Nashville,TN,United States,2024-06-07,Organic Search,Silver
CUST-01186,Charlotte,Roberts,charlotte.roberts316@example.com,San Jose,CA,United States,2024-06-24,Email Marketing,Silver
CUST-01187,William,Carter,william.carter447@example.com,Kansas City,MO,United States,2025-07-02,Organic Search,Silver
CUST-01188,Scarlett,Walker,scarlett.walker147@example.com,Houston,TX,United States,2026-04-23,Social Media (Instagram/TikTok),Silver
CUST-01189,David,King,david.king433@example.com,Portland,OR,United States,2023-08-04,Paid Search (Google),Silver
CUST-01190,Isabella,Miller,isabella.miller595@example.com,Raleigh,NC,United States,2025-12-10,Affiliate Referral,Silver
CUST-01191,Charlotte,Walker,charlotte.walker751@example.com,Salt Lake City,UT,United States,2025-10-21,Social Media (Instagram/TikTok),Silver
CUST-01192,Jack,Hill,jack.hill878@example.com,San Jose,CA,United States,2023-11-14,Affiliate Referral,Silver
CUST-01193,Grace,Rodriguez,grace.rodriguez639@example.com,Nashville,TN,United States,2025-03-13,Affiliate Referral,Silver
CUST-01194,Hannah,Young,hannah.young837@example.com,Philadelphia,PA,United States,2025-10-31,Paid Search (Google),Silver
CUST-01195,Scarlett,Gonzalez,scarlett.gonzalez11@example.com,Houston,TX,United States,2022-07-20,Email Marketing,Silver
CUST-01196,Harper,Mitchell,harper.mitchell878@example.com,San Antonio,TX,United States,2025-11-12,Email Marketing,Silver
CUST-01197,John,Williams,john.williams351@example.com,Seattle,WA,United States,2025-07-22,Paid Search (Google),Silver
CUST-01198,Emma,Green,emma.green216@example.com,Salt Lake City,UT,United States,2023-12-29,Social Media (Instagram/TikTok),Silver
CUST-01199,William,Martin,william.martin317@example.com,Portland,OR,United States,2025-07-01,Social Media (Instagram/TikTok),Silver
CUST-01200,James,Davis,james.davis712@example.com,San Jose,CA,United States,2024-04-30,Email Marketing,Silver
CUST-01201,Olivia,Lopez,olivia.lopez208@example.com,San Jose,CA,United States,2024-04-23,Email Marketing,Silver
CUST-01202,Dylan,Williams,dylan.williams671@example.com,Phoenix,AZ,United States,2025-02-11,Paid Search (Google),Silver
CUST-01203,Jayden,Wright,jayden.wright927@example.com,San Jose,CA,United States,2025-01-03,Email Marketing,Silver
CUST-01204,Isabella,King,isabella.king316@example.com,Nashville,TN,United States,2026-03-20,Social Media (Instagram/TikTok),Silver
CUST-01205,Liam,Wilson,liam.wilson601@example.com,Las Vegas,NV,United States,2024-04-10,Social Media (Instagram/TikTok),Silver
CUST-01206,William,Martinez,william.martinez297@example.com,Kansas City,MO,United States,2022-08-03,Social Media (Instagram/TikTok),Silver
CUST-01207,Owen,Green,owen.green557@example.com,Kansas City,MO,United States,2023-05-06,Affiliate Referral,Silver
CUST-01208,Penelope,Lopez,penelope.lopez619@example.com,Houston,TX,United States,2024-02-22,Social Media (Instagram/TikTok),Silver
CUST-01209,Noah,Moore,noah.moore433@example.com,Chicago,IL,United States,2025-03-14,Paid Search (Google),Silver
CUST-01210,Chloe,Lewis,chloe.lewis859@example.com,Austin,TX,United States,2023-08-17,Affiliate Referral,Silver
CUST-01211,Matthew,Lopez,matthew.lopez124@example.com,Seattle,WA,United States,2022-08-16,Paid Search (Google),Silver
CUST-01212,Charlotte,Lewis,charlotte.lewis528@example.com,New York,NY,United States,2025-02-13,Affiliate Referral,Silver
CUST-01213,Abigail,Gonzalez,abigail.gonzalez358@example.com,Miami,FL,United States,2025-05-08,Social Media (Instagram/TikTok),Silver
CUST-01214,Madison,Martinez,madison.martinez797@example.com,Tampa,FL,United States,2022-12-19,Affiliate Referral,Silver
CUST-01215,Mason,Wilson,mason.wilson751@example.com,Los Angeles,CA,United States,2024-12-27,Email Marketing,Silver
CUST-01216,Lucas,Smith,lucas.smith328@example.com,Los Angeles,CA,United States,2026-04-08,Affiliate Referral,Silver
CUST-01217,Charlotte,Perez,charlotte.perez488@example.com,Los Angeles,CA,United States,2022-12-29,Affiliate Referral,Silver
CUST-01218,Victoria,Johnson,victoria.johnson601@example.com,Columbus,OH,United States,2024-03-01,Paid Search (Google),Silver
CUST-01219,Madison,Gonzalez,madison.gonzalez207@example.com,Austin,TX,United States,2023-12-19,Affiliate Referral,Silver
CUST-01220,Samuel,Roberts,samuel.roberts461@example.com,Las Vegas,NV,United States,2023-01-27,Social Media (Instagram/TikTok),Silver
CUST-01221,Abigail,Hernandez,abigail.hernandez290@example.com,Houston,TX,United States,2022-07-02,Affiliate Referral,Silver
CUST-01222,Amelia,Wilson,amelia.wilson565@example.com,Seattle,WA,United States,2025-06-30,Social Media (Instagram/TikTok),Silver
CUST-01223,Sebastian,Martinez,sebastian.martinez975@example.com,Salt Lake City,UT,United States,2024-01-02,Affiliate Referral,Silver
CUST-01224,Sofia,Hernandez,sofia.hernandez82@example.com,Austin,TX,United States,2025-11-07,Social Media (Instagram/TikTok),Silver
CUST-01225,Luke,Brown,luke.brown143@example.com,New York,NY,United States,2025-01-20,Organic Search,Silver
CUST-01226,Amelia,Harris,amelia.harris65@example.com,Chicago,IL,United States,2024-10-21,Email Marketing,Silver
CUST-01227,Ethan,Rivera,ethan.rivera620@example.com,Nashville,TN,United States,2025-12-11,Email Marketing,Silver
CUST-01228,Grace,Martin,grace.martin350@example.com,Kansas City,MO,United States,2023-07-11,Affiliate Referral,Silver
CUST-01229,Benjamin,Carter,benjamin.carter792@example.com,Atlanta,GA,United States,2025-08-06,Paid Search (Google),Silver
CUST-01230,Charlotte,Hall,charlotte.hall489@example.com,Houston,TX,United States,2024-12-20,Social Media (Instagram/TikTok),Silver
CUST-01231,Lily,Walker,lily.walker247@example.com,San Diego,CA,United States,2023-03-22,Affiliate Referral,Silver
CUST-01232,Camila,White,camila.white411@example.com,Philadelphia,PA,United States,2026-05-03,Social Media (Instagram/TikTok),Silver
CUST-01233,Madison,Robinson,madison.robinson509@example.com,New York,NY,United States,2022-10-12,Email Marketing,Silver
CUST-01234,Lucas,Thompson,lucas.thompson500@example.com,Atlanta,GA,United States,2023-05-16,Social Media (Instagram/TikTok),Silver
CUST-01235,Joseph,Hill,joseph.hill598@example.com,Phoenix,AZ,United States,2025-04-06,Organic Search,Silver
CUST-01236,Layla,Rivera,layla.rivera825@example.com,Houston,TX,United States,2024-03-29,Affiliate Referral,Silver
CUST-01237,Mia,Martin,mia.martin555@example.com,Atlanta,GA,United States,2024-08-29,Affiliate Referral,Silver
CUST-01238,John,Thomas,john.thomas645@example.com,San Diego,CA,United States,2025-06-27,Paid Search (Google),Silver
CUST-01239,Eleanor,Harris,eleanor.harris77@example.com,San Jose,CA,United States,2023-08-01,Affiliate Referral,Silver
CUST-01240,Zoey,Ramirez,zoey.ramirez590@example.com,Indianapolis,IN,United States,2024-05-01,Affiliate Referral,Silver
CUST-01241,Henry,Lopez,henry.lopez688@example.com,Las Vegas,NV,United States,2022-11-07,Affiliate Referral,Silver
CUST-01242,Grayson,Davis,grayson.davis616@example.com,Charlotte,NC,United States,2025-01-04,Social Media (Instagram/TikTok),Silver
CUST-01243,Elijah,Lewis,elijah.lewis190@example.com,Austin,TX,United States,2024-09-09,Organic Search,Silver
CUST-01244,Amelia,Baker,amelia.baker843@example.com,Charlotte,NC,United States,2024-07-16,Social Media (Instagram/TikTok),Silver
CUST-01245,Hannah,Adams,hannah.adams686@example.com,Los Angeles,CA,United States,2022-12-03,Paid Search (Google),Silver
CUST-01246,Evelyn,Nguyen,evelyn.nguyen934@example.com,Columbus,OH,United States,2025-12-24,Organic Search,Silver
CUST-01247,Logan,Nelson,logan.nelson162@example.com,Atlanta,GA,United States,2025-05-24,Social Media (Instagram/TikTok),Silver
CUST-01248,Penelope,Flores,penelope.flores601@example.com,Atlanta,GA,United States,2023-07-06,Paid Search (Google),Silver
CUST-01249,Samuel,Martin,samuel.martin593@example.com,Indianapolis,IN,United States,2026-03-23,Social Media (Instagram/TikTok),Silver
CUST-01250,Zoey,Rivera,zoey.rivera947@example.com,Seattle,WA,United States,2022-11-30,Affiliate Referral,Silver
CUST-01251,Emma,Flores,emma.flores532@example.com,Denver,CO,United States,2023-02-17,Social Media (Instagram/TikTok),Silver
CUST-01252,Isabella,White,isabella.white932@example.com,San Francisco,CA,United States,2022-09-17,Organic Search,Silver
CUST-01253,Grace,Davis,grace.davis891@example.com,Austin,TX,United States,2022-08-03,Paid Search (Google),Silver
CUST-01254,Zoey,Hall,zoey.hall614@example.com,Denver,CO,United States,2025-12-02,Social Media (Instagram/TikTok),Silver
CUST-01255,Owen,Sanchez,owen.sanchez400@example.com,Boston,MA,United States,2025-06-21,Paid Search (Google),Silver
CUST-01256,Ethan,Walker,ethan.walker152@example.com,San Antonio,TX,United States,2025-07-12,Email Marketing,Silver
CUST-01257,Carter,Clark,carter.clark167@example.com,Austin,TX,United States,2026-03-04,Paid Search (Google),Silver
CUST-01258,Evelyn,Smith,evelyn.smith83@example.com,Minneapolis,MN,United States,2022-07-03,Paid Search (Google),Silver
CUST-01259,Grayson,Nelson,grayson.nelson457@example.com,Phoenix,AZ,United States,2022-11-21,Paid Search (Google),Silver
CUST-01260,Riley,Robinson,riley.robinson925@example.com,Indianapolis,IN,United States,2026-04-25,Affiliate Referral,Silver
CUST-01261,Jack,Flores,jack.flores194@example.com,Atlanta,GA,United States,2025-04-09,Email Marketing,Silver
CUST-01262,Nora,Harris,nora.harris373@example.com,San Diego,CA,United States,2023-06-16,Email Marketing,Silver
CUST-01263,James,Torres,james.torres520@example.com,Tampa,FL,United States,2023-09-28,Affiliate Referral,Silver
CUST-01264,Sebastian,Clark,sebastian.clark958@example.com,San Francisco,CA,United States,2025-08-24,Social Media (Instagram/TikTok),Silver
CUST-01265,Noah,Williams,noah.williams591@example.com,Miami,FL,United States,2026-05-14,Social Media (Instagram/TikTok),Silver
CUST-01266,Lucas,Nguyen,lucas.nguyen503@example.com,Salt Lake City,UT,United States,2022-11-11,Paid Search (Google),Silver
CUST-01267,Aria,Robinson,aria.robinson539@example.com,Chicago,IL,United States,2025-05-07,Affiliate Referral,Silver
CUST-01268,Charlotte,Thomas,charlotte.thomas493@example.com,Minneapolis,MN,United States,2026-02-19,Organic Search,Silver
CUST-01269,Victoria,Flores,victoria.flores64@example.com,San Jose,CA,United States,2025-05-31,Organic Search,Silver
CUST-01270,Dylan,Robinson,dylan.robinson534@example.com,Miami,FL,United States,2025-08-19,Social Media (Instagram/TikTok),Silver
CUST-01271,Riley,Thompson,riley.thompson993@example.com,Indianapolis,IN,United States,2024-01-25,Social Media (Instagram/TikTok),Silver
CUST-01272,Emily,Williams,emily.williams721@example.com,Charlotte,NC,United States,2024-02-13,Affiliate Referral,Silver
CUST-01273,Camila,Brown,camila.brown654@example.com,Miami,FL,United States,2025-08-28,Paid Search (Google),Silver
CUST-01274,Oliver,Nelson,oliver.nelson308@example.com,Indianapolis,IN,United States,2025-11-30,Organic Search,Silver
CUST-01275,Aiden,Young,aiden.young94@example.com,Phoenix,AZ,United States,2025-04-01,Organic Search,Silver
CUST-01276,Aria,Taylor,aria.taylor145@example.com,Charlotte,NC,United States,2023-12-28,Social Media (Instagram/TikTok),Silver
CUST-01277,Jackson,Smith,jackson.smith769@example.com,Houston,TX,United States,2025-10-19,Paid Search (Google),Silver
CUST-01278,Abigail,Nelson,abigail.nelson467@example.com,Seattle,WA,United States,2023-05-26,Social Media (Instagram/TikTok),Silver
CUST-01279,Henry,Young,henry.young195@example.com,Indianapolis,IN,United States,2025-05-16,Organic Search,Silver
CUST-01280,Luna,Garcia,luna.garcia158@example.com,Charlotte,NC,United States,2023-04-12,Email Marketing,Silver
CUST-01281,John,Roberts,john.roberts402@example.com,San Diego,CA,United States,2026-02-13,Email Marketing,Silver
CUST-01282,Emily,Wilson,emily.wilson601@example.com,Raleigh,NC,United States,2024-05-07,Organic Search,Silver
CUST-01283,Camila,Carter,camila.carter849@example.com,Houston,TX,United States,2022-09-16,Paid Search (Google),Silver
CUST-01284,Lily,Sanchez,lily.sanchez497@example.com,Austin,TX,United States,2025-01-31,Affiliate Referral,Silver
CUST-01285,Avery,Harris,avery.harris709@example.com,Salt Lake City,UT,United States,2024-08-07,Email Marketing,Silver
CUST-01286,Camila,Martinez,camila.martinez553@example.com,Tampa,FL,United States,2024-11-07,Organic Search,Silver
CUST-01287,Aiden,Lewis,aiden.lewis401@example.com,Las Vegas,NV,United States,2024-03-08,Affiliate Referral,Silver
CUST-01288,Sophia,Miller,sophia.miller949@example.com,San Francisco,CA,United States,2025-12-27,Social Media (Instagram/TikTok),Silver
CUST-01289,Zoey,Flores,zoey.flores950@example.com,Minneapolis,MN,United States,2023-12-11,Social Media (Instagram/TikTok),Silver
CUST-01290,Sebastian,Moore,sebastian.moore831@example.com,Houston,TX,United States,2023-11-05,Affiliate Referral,Silver
CUST-01291,Wyatt,Robinson,wyatt.robinson801@example.com,Las Vegas,NV,United States,2023-10-09,Affiliate Referral,Silver
CUST-01292,Jacob,King,jacob.king355@example.com,Las Vegas,NV,United States,2026-04-14,Paid Search (Google),Silver
CUST-01293,Samuel,Scott,samuel.scott20@example.com,Las Vegas,NV,United States,2022-06-18,Organic Search,Silver
CUST-01294,Emma,Clark,emma.clark110@example.com,Portland,OR,United States,2022-12-30,Email Marketing,Silver
CUST-01295,Joseph,Anderson,joseph.anderson752@example.com,Austin,TX,United States,2023-10-29,Paid Search (Google),Silver
CUST-01296,Noah,Johnson,noah.johnson644@example.com,Chicago,IL,United States,2022-09-25,Affiliate Referral,Silver
CUST-01297,Ella,Hill,ella.hill663@example.com,Houston,TX,United States,2026-05-21,Organic Search,Silver
CUST-01298,Charlotte,Hill,charlotte.hill143@example.com,Denver,CO,United States,2026-02-04,Affiliate Referral,Silver
CUST-01299,Elizabeth,Davis,elizabeth.davis722@example.com,Philadelphia,PA,United States,2023-11-01,Social Media (Instagram/TikTok),Silver
CUST-01300,Lily,Nelson,lily.nelson968@example.com,Chicago,IL,United States,2025-12-30,Email Marketing,Silver
CUST-01301,Aria,Roberts,aria.roberts447@example.com,Salt Lake City,UT,United States,2026-02-27,Social Media (Instagram/TikTok),Silver
CUST-01302,Jackson,Hernandez,jackson.hernandez809@example.com,Chicago,IL,United States,2023-12-20,Organic Search,Silver
CUST-01303,Owen,Harris,owen.harris350@example.com,Los Angeles,CA,United States,2023-11-11,Social Media (Instagram/TikTok),Silver
CUST-01304,Ethan,Lewis,ethan.lewis81@example.com,Miami,FL,United States,2023-07-16,Affiliate Referral,Silver
CUST-01305,Wyatt,Lopez,wyatt.lopez670@example.com,Miami,FL,United States,2023-01-09,Paid Search (Google),Silver
CUST-01306,Zoey,Wilson,zoey.wilson638@example.com,Minneapolis,MN,United States,2023-01-04,Email Marketing,Silver
CUST-01307,Camila,Miller,camila.miller45@example.com,Chicago,IL,United States,2022-10-23,Affiliate Referral,Silver
CUST-01308,Jackson,Roberts,jackson.roberts466@example.com,New York,NY,United States,2025-03-16,Paid Search (Google),Silver
CUST-01309,James,Williams,james.williams690@example.com,Denver,CO,United States,2023-11-28,Paid Search (Google),Silver
CUST-01310,David,Sanchez,david.sanchez598@example.com,New York,NY,United States,2025-04-21,Email Marketing,Silver
CUST-01311,Eleanor,Ramirez,eleanor.ramirez423@example.com,Tampa,FL,United States,2022-10-22,Affiliate Referral,Silver
CUST-01312,Daniel,Smith,daniel.smith403@example.com,Salt Lake City,UT,United States,2025-02-12,Organic Search,Silver
CUST-01313,Grace,Perez,grace.perez708@example.com,Austin,TX,United States,2024-08-29,Organic Search,Silver
CUST-01314,Charlotte,White,charlotte.white557@example.com,Tampa,FL,United States,2024-04-27,Organic Search,Silver
CUST-01315,Jayden,Carter,jayden.carter794@example.com,Austin,TX,United States,2026-01-17,Paid Search (Google),Silver
CUST-01316,Ethan,Scott,ethan.scott50@example.com,Denver,CO,United States,2026-02-13,Paid Search (Google),Silver
CUST-01317,Matthew,Hall,matthew.hall409@example.com,Houston,TX,United States,2025-12-13,Social Media (Instagram/TikTok),Silver
CUST-01318,Grayson,Garcia,grayson.garcia916@example.com,Minneapolis,MN,United States,2024-11-13,Paid Search (Google),Silver
CUST-01319,Evelyn,Williams,evelyn.williams207@example.com,New York,NY,United States,2025-09-27,Paid Search (Google),Silver
CUST-01320,Grayson,Harris,grayson.harris74@example.com,Indianapolis,IN,United States,2025-06-12,Social Media (Instagram/TikTok),Silver
CUST-01321,Hannah,Wright,hannah.wright998@example.com,Kansas City,MO,United States,2024-12-07,Organic Search,Silver
CUST-01322,Noah,Perez,noah.perez67@example.com,San Jose,CA,United States,2022-08-27,Email Marketing,Silver
CUST-01323,Harper,Wilson,harper.wilson836@example.com,Minneapolis,MN,United States,2026-02-26,Affiliate Referral,Silver
CUST-01324,Jayden,Baker,jayden.baker901@example.com,Tampa,FL,United States,2025-06-03,Paid Search (Google),Silver
CUST-01325,Avery,Jones,avery.jones47@example.com,Raleigh,NC,United States,2023-03-17,Email Marketing,Silver
CUST-01326,Liam,Walker,liam.walker938@example.com,Charlotte,NC,United States,2022-09-02,Paid Search (Google),Silver
CUST-01327,Mason,Smith,mason.smith186@example.com,Minneapolis,MN,United States,2022-09-11,Social Media (Instagram/TikTok),Silver
CUST-01328,Elijah,Robinson,elijah.robinson635@example.com,Philadelphia,PA,United States,2025-09-23,Organic Search,Silver
CUST-01329,Amelia,Davis,amelia.davis519@example.com,Charlotte,NC,United States,2025-11-12,Paid Search (Google),Silver
CUST-01330,William,Gonzalez,william.gonzalez446@example.com,San Jose,CA,United States,2026-03-21,Email Marketing,Silver
CUST-01331,Madison,Davis,madison.davis710@example.com,Nashville,TN,United States,2025-06-22,Paid Search (Google),Silver
CUST-01332,Madison,Wilson,madison.wilson792@example.com,Los Angeles,CA,United States,2025-09-27,Paid Search (Google),Silver
CUST-01333,David,Jones,david.jones133@example.com,Dallas,TX,United States,2023-03-17,Email Marketing,Silver
CUST-01334,Emily,Hall,emily.hall388@example.com,San Francisco,CA,United States,2023-05-04,Email Marketing,Silver
CUST-01335,Sofia,Nguyen,sofia.nguyen51@example.com,Phoenix,AZ,United States,2022-12-22,Affiliate Referral,Silver
CUST-01336,Owen,Roberts,owen.roberts171@example.com,New York,NY,United States,2025-02-22,Organic Search,Silver
CUST-01337,James,Smith,james.smith193@example.com,Chicago,IL,United States,2026-05-18,Affiliate Referral,Silver
CUST-01338,Aiden,Clark,aiden.clark720@example.com,Indianapolis,IN,United States,2025-01-30,Paid Search (Google),Silver
CUST-01339,Michael,Martinez,michael.martinez665@example.com,Dallas,TX,United States,2025-05-07,Email Marketing,Silver
CUST-01340,John,Thomas,john.thomas970@example.com,Philadelphia,PA,United States,2025-11-02,Organic Search,Silver
CUST-01341,Elizabeth,Rivera,elizabeth.rivera521@example.com,Charlotte,NC,United States,2022-11-28,Social Media (Instagram/TikTok),Silver
CUST-01342,Joseph,Clark,joseph.clark14@example.com,San Francisco,CA,United States,2023-09-26,Paid Search (Google),Silver
CUST-01343,Harper,King,harper.king107@example.com,Charlotte,NC,United States,2024-06-11,Affiliate Referral,Silver
CUST-01344,Daniel,Robinson,daniel.robinson798@example.com,Minneapolis,MN,United States,2026-02-10,Paid Search (Google),Silver
CUST-01345,Aria,Brown,aria.brown208@example.com,Houston,TX,United States,2023-04-02,Email Marketing,Silver
CUST-01346,Hannah,Lopez,hannah.lopez173@example.com,Las Vegas,NV,United States,2022-08-28,Organic Search,Silver
CUST-01347,Carter,Jackson,carter.jackson224@example.com,Boston,MA,United States,2023-10-28,Social Media (Instagram/TikTok),Silver
CUST-01348,Jayden,Williams,jayden.williams116@example.com,Raleigh,NC,United States,2022-09-16,Affiliate Referral,Silver
CUST-01349,Ethan,Hernandez,ethan.hernandez814@example.com,New York,NY,United States,2025-02-18,Affiliate Referral,Silver
CUST-01350,Lucas,Jones,lucas.jones926@example.com,San Diego,CA,United States,2024-11-27,Affiliate Referral,Silver
CUST-01351,Madison,Clark,madison.clark213@example.com,Raleigh,NC,United States,2026-03-18,Social Media (Instagram/TikTok),Silver
CUST-01352,Avery,Roberts,avery.roberts122@example.com,San Jose,CA,United States,2023-09-10,Organic Search,Silver
CUST-01353,Henry,Mitchell,henry.mitchell432@example.com,Tampa,FL,United States,2023-07-15,Email Marketing,Silver
CUST-01354,Daniel,Jones,daniel.jones492@example.com,Nashville,TN,United States,2025-02-17,Organic Search,Silver
CUST-01355,Zoey,Martinez,zoey.martinez231@example.com,Charlotte,NC,United States,2024-12-18,Paid Search (Google),Silver
CUST-01356,Penelope,White,penelope.white149@example.com,Atlanta,GA,United States,2023-07-03,Social Media (Instagram/TikTok),Silver
CUST-01357,Sebastian,Gonzalez,sebastian.gonzalez353@example.com,Phoenix,AZ,United States,2022-08-05,Affiliate Referral,Silver
CUST-01358,Isabella,Moore,isabella.moore149@example.com,Houston,TX,United States,2025-01-09,Email Marketing,Silver
CUST-01359,Riley,Hernandez,riley.hernandez788@example.com,San Jose,CA,United States,2023-08-25,Social Media (Instagram/TikTok),Silver
CUST-01360,Alexander,Green,alexander.green985@example.com,Charlotte,NC,United States,2023-05-15,Affiliate Referral,Silver
CUST-01361,Avery,Garcia,avery.garcia431@example.com,Tampa,FL,United States,2025-05-04,Email Marketing,Silver
CUST-01362,Ella,Nguyen,ella.nguyen494@example.com,Kansas City,MO,United States,2025-01-03,Social Media (Instagram/TikTok),Silver
CUST-01363,Emma,Campbell,emma.campbell448@example.com,Raleigh,NC,United States,2023-10-19,Paid Search (Google),Silver
CUST-01364,Madison,Ramirez,madison.ramirez603@example.com,San Diego,CA,United States,2025-09-24,Paid Search (Google),Silver
CUST-01365,James,Clark,james.clark55@example.com,Los Angeles,CA,United States,2025-01-19,Affiliate Referral,Silver
CUST-01366,Noah,Ramirez,noah.ramirez553@example.com,Denver,CO,United States,2025-02-06,Organic Search,Silver
CUST-01367,Nora,Young,nora.young256@example.com,Chicago,IL,United States,2025-07-18,Organic Search,Silver
CUST-01368,John,Wilson,john.wilson145@example.com,Seattle,WA,United States,2024-01-27,Paid Search (Google),Silver
CUST-01369,Charlotte,Johnson,charlotte.johnson501@example.com,Las Vegas,NV,United States,2024-02-15,Paid Search (Google),Silver
CUST-01370,Jayden,Torres,jayden.torres775@example.com,Nashville,TN,United States,2022-07-20,Email Marketing,Silver
CUST-01371,Lily,Roberts,lily.roberts151@example.com,Tampa,FL,United States,2026-05-11,Email Marketing,Silver
CUST-01372,Elizabeth,White,elizabeth.white651@example.com,Atlanta,GA,United States,2026-05-12,Organic Search,Silver
CUST-01373,Mia,Harris,mia.harris924@example.com,Salt Lake City,UT,United States,2024-04-12,Affiliate Referral,Silver
CUST-01374,Noah,Jackson,noah.jackson446@example.com,Columbus,OH,United States,2023-12-05,Affiliate Referral,Silver
CUST-01375,Michael,Baker,michael.baker92@example.com,Charlotte,NC,United States,2024-04-18,Organic Search,Silver
CUST-01376,Carter,Brown,carter.brown123@example.com,Denver,CO,United States,2024-06-18,Email Marketing,Silver
CUST-01377,Sophia,White,sophia.white385@example.com,Philadelphia,PA,United States,2026-01-18,Affiliate Referral,Silver
CUST-01378,William,Scott,william.scott736@example.com,Columbus,OH,United States,2023-07-25,Paid Search (Google),Silver
CUST-01379,David,Thomas,david.thomas562@example.com,Houston,TX,United States,2026-01-20,Email Marketing,Silver
CUST-01380,Michael,Carter,michael.carter772@example.com,Columbus,OH,United States,2023-09-05,Social Media (Instagram/TikTok),Silver
CUST-01381,Grace,Moore,grace.moore525@example.com,Las Vegas,NV,United States,2024-10-14,Social Media (Instagram/TikTok),Silver
CUST-01382,Oliver,Jones,oliver.jones391@example.com,Seattle,WA,United States,2024-12-13,Email Marketing,Silver
CUST-01383,Harper,Walker,harper.walker736@example.com,San Francisco,CA,United States,2026-03-21,Affiliate Referral,Silver
CUST-01384,Scarlett,Lewis,scarlett.lewis645@example.com,Seattle,WA,United States,2026-03-10,Organic Search,Silver
CUST-01385,Jacob,Robinson,jacob.robinson99@example.com,Chicago,IL,United States,2024-08-09,Paid Search (Google),Silver
CUST-01386,Aiden,Jones,aiden.jones121@example.com,Philadelphia,PA,United States,2023-12-18,Organic Search,Silver
CUST-01387,Logan,Young,logan.young164@example.com,Tampa,FL,United States,2023-07-24,Affiliate Referral,Silver
CUST-01388,Liam,Jackson,liam.jackson436@example.com,Las Vegas,NV,United States,2025-06-13,Paid Search (Google),Silver
CUST-01389,Dylan,Thompson,dylan.thompson440@example.com,Atlanta,GA,United States,2026-01-11,Organic Search,Silver
CUST-01390,Scarlett,Gonzalez,scarlett.gonzalez74@example.com,New York,NY,United States,2023-09-19,Affiliate Referral,Silver
CUST-01391,David,Clark,david.clark602@example.com,San Jose,CA,United States,2026-02-02,Social Media (Instagram/TikTok),Silver
CUST-01392,Grayson,Nguyen,grayson.nguyen691@example.com,Salt Lake City,UT,United States,2025-05-21,Affiliate Referral,Silver
CUST-01393,Luke,Robinson,luke.robinson321@example.com,Nashville,TN,United States,2023-02-26,Social Media (Instagram/TikTok),Silver
CUST-01394,Emily,Taylor,emily.taylor242@example.com,Miami,FL,United States,2024-07-01,Social Media (Instagram/TikTok),Silver
CUST-01395,Oliver,Martinez,oliver.martinez371@example.com,Austin,TX,United States,2024-12-20,Paid Search (Google),Silver
CUST-01396,Alexander,Rivera,alexander.rivera558@example.com,Austin,TX,United States,2023-06-09,Paid Search (Google),Silver
CUST-01397,Abigail,Hernandez,abigail.hernandez253@example.com,Houston,TX,United States,2022-08-24,Social Media (Instagram/TikTok),Silver
CUST-01398,Mason,Lewis,mason.lewis276@example.com,Seattle,WA,United States,2023-06-13,Paid Search (Google),Silver
CUST-01399,Noah,Nelson,noah.nelson334@example.com,Seattle,WA,United States,2023-03-30,Social Media (Instagram/TikTok),Silver
CUST-01400,Nora,Wright,nora.wright176@example.com,San Francisco,CA,United States,2024-02-08,Organic Search,Silver
CUST-01401,Olivia,Sanchez,olivia.sanchez963@example.com,Miami,FL,United States,2023-03-25,Email Marketing,Silver
CUST-01402,Samuel,Martinez,samuel.martinez14@example.com,Raleigh,NC,United States,2025-06-23,Affiliate Referral,Silver
CUST-01403,David,Adams,david.adams732@example.com,Austin,TX,United States,2025-01-26,Social Media (Instagram/TikTok),Silver
CUST-01404,Logan,Torres,logan.torres756@example.com,Atlanta,GA,United States,2024-04-24,Organic Search,Silver
CUST-01405,Eleanor,Williams,eleanor.williams152@example.com,Las Vegas,NV,United States,2025-07-03,Organic Search,Silver
CUST-01406,Victoria,Johnson,victoria.johnson421@example.com,Charlotte,NC,United States,2023-08-26,Email Marketing,Silver
CUST-01407,Grace,Garcia,grace.garcia344@example.com,Los Angeles,CA,United States,2025-10-28,Paid Search (Google),Silver
CUST-01408,Daniel,Roberts,daniel.roberts294@example.com,San Antonio,TX,United States,2022-07-17,Organic Search,Silver
CUST-01409,Nora,Baker,nora.baker697@example.com,Chicago,IL,United States,2025-04-14,Email Marketing,Silver
CUST-01410,Jacob,Young,jacob.young335@example.com,Charlotte,NC,United States,2025-10-22,Affiliate Referral,Silver
CUST-01411,Isabella,Nelson,isabella.nelson379@example.com,Denver,CO,United States,2023-03-30,Email Marketing,Silver
CUST-01412,Chloe,Harris,chloe.harris391@example.com,New York,NY,United States,2024-01-04,Social Media (Instagram/TikTok),Silver
CUST-01413,Joseph,Martin,joseph.martin466@example.com,Tampa,FL,United States,2025-07-23,Organic Search,Silver
CUST-01414,Ella,Campbell,ella.campbell919@example.com,Atlanta,GA,United States,2024-09-29,Email Marketing,Silver
CUST-01415,Aiden,Hernandez,aiden.hernandez835@example.com,Raleigh,NC,United States,2024-10-16,Email Marketing,Silver
CUST-01416,Evelyn,Nguyen,evelyn.nguyen622@example.com,Chicago,IL,United States,2023-03-22,Paid Search (Google),Silver
CUST-01417,Matthew,Walker,matthew.walker898@example.com,Portland,OR,United States,2024-04-17,Organic Search,Silver
CUST-01418,Owen,Garcia,owen.garcia16@example.com,Boston,MA,United States,2025-12-30,Social Media (Instagram/TikTok),Silver
CUST-01419,Riley,Lopez,riley.lopez579@example.com,Atlanta,GA,United States,2026-05-25,Affiliate Referral,Silver
CUST-01420,Evelyn,Gonzalez,evelyn.gonzalez200@example.com,Kansas City,MO,United States,2024-07-21,Social Media (Instagram/TikTok),Silver
CUST-01421,Grayson,Williams,grayson.williams852@example.com,Kansas City,MO,United States,2024-02-09,Affiliate Referral,Silver
CUST-01422,Matthew,Young,matthew.young582@example.com,Raleigh,NC,United States,2025-01-05,Paid Search (Google),Silver
CUST-01423,Olivia,Smith,olivia.smith167@example.com,Dallas,TX,United States,2024-02-05,Email Marketing,Silver
CUST-01424,Harper,Adams,harper.adams691@example.com,Austin,TX,United States,2024-10-02,Paid Search (Google),Silver
CUST-01425,Grayson,Hall,grayson.hall670@example.com,San Diego,CA,United States,2022-07-29,Organic Search,Silver
CUST-01426,Aria,Young,aria.young78@example.com,Charlotte,NC,United States,2024-06-10,Affiliate Referral,Silver
CUST-01427,Eleanor,Torres,eleanor.torres456@example.com,Tampa,FL,United States,2023-11-11,Email Marketing,Silver
CUST-01428,Harper,White,harper.white534@example.com,Raleigh,NC,United States,2025-08-22,Organic Search,Silver
CUST-01429,Camila,Hernandez,camila.hernandez605@example.com,Los Angeles,CA,United States,2023-03-27,Social Media (Instagram/TikTok),Silver
CUST-01430,Lily,Hall,lily.hall148@example.com,Seattle,WA,United States,2023-05-01,Organic Search,Silver
CUST-01431,Sebastian,White,sebastian.white439@example.com,Minneapolis,MN,United States,2024-05-30,Organic Search,Silver
CUST-01432,Scarlett,Jackson,scarlett.jackson552@example.com,Minneapolis,MN,United States,2022-11-05,Affiliate Referral,Silver
CUST-01433,Jacob,Roberts,jacob.roberts653@example.com,Philadelphia,PA,United States,2022-12-11,Affiliate Referral,Silver
CUST-01434,Emily,Wright,emily.wright340@example.com,Tampa,FL,United States,2024-03-09,Social Media (Instagram/TikTok),Silver
CUST-01435,Sebastian,Baker,sebastian.baker724@example.com,Salt Lake City,UT,United States,2024-06-12,Organic Search,Silver
CUST-01436,Grace,Martinez,grace.martinez23@example.com,Phoenix,AZ,United States,2025-04-27,Social Media (Instagram/TikTok),Silver
CUST-01437,Chloe,Roberts,chloe.roberts506@example.com,Boston,MA,United States,2024-04-27,Paid Search (Google),Silver
CUST-01438,Amelia,Wilson,amelia.wilson168@example.com,Portland,OR,United States,2023-08-27,Paid Search (Google),Silver
CUST-01439,Lucas,Clark,lucas.clark481@example.com,Chicago,IL,United States,2023-01-25,Paid Search (Google),Silver
CUST-01440,Liam,Walker,liam.walker366@example.com,Austin,TX,United States,2026-04-16,Social Media (Instagram/TikTok),Silver
CUST-01441,Evelyn,Lewis,evelyn.lewis921@example.com,Charlotte,NC,United States,2025-05-07,Social Media (Instagram/TikTok),Silver
CUST-01442,Ethan,Rivera,ethan.rivera321@example.com,New York,NY,United States,2023-01-29,Paid Search (Google),Silver
CUST-01443,Mason,Hall,mason.hall155@example.com,Salt Lake City,UT,United States,2023-09-08,Social Media (Instagram/TikTok),Silver
CUST-01444,Mason,Wilson,mason.wilson143@example.com,Chicago,IL,United States,2024-10-18,Organic Search,Silver
CUST-01445,Mia,Johnson,mia.johnson803@example.com,Miami,FL,United States,2024-10-31,Organic Search,Silver
CUST-01446,Mila,Miller,mila.miller43@example.com,Indianapolis,IN,United States,2026-02-11,Affiliate Referral,Silver
CUST-01447,Isabella,Walker,isabella.walker131@example.com,Dallas,TX,United States,2022-08-28,Organic Search,Silver
CUST-01448,Matthew,Nelson,matthew.nelson20@example.com,Columbus,OH,United States,2022-12-15,Organic Search,Silver
CUST-01449,Michael,Nguyen,michael.nguyen932@example.com,San Antonio,TX,United States,2023-06-14,Social Media (Instagram/TikTok),Silver
CUST-01450,Olivia,Garcia,olivia.garcia159@example.com,Tampa,FL,United States,2023-12-21,Affiliate Referral,Silver
CUST-01451,Joseph,Thompson,joseph.thompson174@example.com,Tampa,FL,United States,2025-03-22,Affiliate Referral,Silver
CUST-01452,Henry,Allen,henry.allen593@example.com,Chicago,IL,United States,2022-12-20,Affiliate Referral,Silver
CUST-01453,Emma,King,emma.king232@example.com,Salt Lake City,UT,United States,2023-06-28,Social Media (Instagram/TikTok),Silver
CUST-01454,Emily,Carter,emily.carter560@example.com,New York,NY,United States,2022-12-20,Paid Search (Google),Silver
CUST-01455,Dylan,White,dylan.white724@example.com,Nashville,TN,United States,2023-06-15,Email Marketing,Silver
CUST-01456,Amelia,Lopez,amelia.lopez864@example.com,Seattle,WA,United States,2024-07-17,Email Marketing,Silver
CUST-01457,Ella,Allen,ella.allen243@example.com,Boston,MA,United States,2023-01-18,Social Media (Instagram/TikTok),Silver
CUST-01458,Harper,Robinson,harper.robinson122@example.com,Portland,OR,United States,2023-03-06,Email Marketing,Silver
CUST-01459,Carter,Rivera,carter.rivera305@example.com,San Francisco,CA,United States,2022-08-23,Organic Search,Silver
CUST-01460,Madison,Young,madison.young128@example.com,Denver,CO,United States,2024-01-02,Email Marketing,Silver
CUST-01461,Victoria,Baker,victoria.baker871@example.com,Atlanta,GA,United States,2023-09-06,Affiliate Referral,Silver
CUST-01462,John,Jackson,john.jackson885@example.com,Boston,MA,United States,2023-06-22,Organic Search,Silver
CUST-01463,Dylan,Baker,dylan.baker386@example.com,Philadelphia,PA,United States,2022-06-27,Email Marketing,Silver
CUST-01464,Amelia,Sanchez,amelia.sanchez458@example.com,Portland,OR,United States,2026-02-08,Organic Search,Silver
CUST-01465,Harper,Martinez,harper.martinez414@example.com,Denver,CO,United States,2026-04-24,Affiliate Referral,Silver
CUST-01466,Amelia,Mitchell,amelia.mitchell957@example.com,Philadelphia,PA,United States,2022-10-11,Social Media (Instagram/TikTok),Silver
CUST-01467,Mila,Perez,mila.perez215@example.com,Charlotte,NC,United States,2024-09-05,Organic Search,Silver
CUST-01468,Avery,Ramirez,avery.ramirez752@example.com,Miami,FL,United States,2023-12-23,Affiliate Referral,Silver
CUST-01469,Sebastian,Carter,sebastian.carter818@example.com,Indianapolis,IN,United States,2026-01-09,Email Marketing,Silver
CUST-01470,Grace,Walker,grace.walker692@example.com,Charlotte,NC,United States,2024-09-06,Email Marketing,Silver
CUST-01471,Aria,Martinez,aria.martinez796@example.com,Atlanta,GA,United States,2023-01-08,Organic Search,Silver
CUST-01472,Jackson,Young,jackson.young519@example.com,San Diego,CA,United States,2025-12-08,Paid Search (Google),Silver
CUST-01473,Olivia,Miller,olivia.miller765@example.com,Los Angeles,CA,United States,2022-10-18,Email Marketing,Silver
CUST-01474,Olivia,Lopez,olivia.lopez401@example.com,Charlotte,NC,United States,2026-03-23,Social Media (Instagram/TikTok),Silver
CUST-01475,Abigail,Martin,abigail.martin646@example.com,Charlotte,NC,United States,2022-12-15,Organic Search,Silver
CUST-01476,Hannah,Robinson,hannah.robinson216@example.com,Austin,TX,United States,2026-02-15,Email Marketing,Silver
CUST-01477,Grayson,Allen,grayson.allen277@example.com,San Francisco,CA,United States,2024-05-04,Affiliate Referral,Silver
CUST-01478,Liam,Carter,liam.carter42@example.com,Boston,MA,United States,2023-01-30,Email Marketing,Silver
CUST-01479,Nora,Lee,nora.lee883@example.com,Denver,CO,United States,2024-11-23,Email Marketing,Silver
CUST-01480,Noah,Williams,noah.williams191@example.com,San Francisco,CA,United States,2026-02-10,Social Media (Instagram/TikTok),Silver
CUST-01481,Emily,Young,emily.young451@example.com,Phoenix,AZ,United States,2024-03-01,Email Marketing,Silver
CUST-01482,Grayson,Carter,grayson.carter122@example.com,Nashville,TN,United States,2026-03-14,Email Marketing,Silver
CUST-01483,Dylan,Walker,dylan.walker585@example.com,Tampa,FL,United States,2023-04-17,Affiliate Referral,Silver
CUST-01484,Isabella,Sanchez,isabella.sanchez279@example.com,Miami,FL,United States,2025-09-23,Email Marketing,Silver
CUST-01485,Grace,Roberts,grace.roberts301@example.com,San Jose,CA,United States,2022-10-04,Organic Search,Silver
CUST-01486,Sophia,Rodriguez,sophia.rodriguez867@example.com,Seattle,WA,United States,2024-05-15,Affiliate Referral,Silver
CUST-01487,Olivia,Carter,olivia.carter922@example.com,Minneapolis,MN,United States,2024-04-29,Email Marketing,Silver
CUST-01488,Elijah,Ramirez,elijah.ramirez363@example.com,Seattle,WA,United States,2024-09-21,Social Media (Instagram/TikTok),Silver
CUST-01489,Isabella,Nelson,isabella.nelson260@example.com,San Diego,CA,United States,2023-09-24,Social Media (Instagram/TikTok),Silver
CUST-01490,Benjamin,Hall,benjamin.hall77@example.com,Tampa,FL,United States,2024-02-15,Organic Search,Silver
CUST-01491,Luna,Hernandez,luna.hernandez30@example.com,San Francisco,CA,United States,2024-03-29,Organic Search,Silver
CUST-01492,Jayden,Nelson,jayden.nelson894@example.com,Boston,MA,United States,2025-08-07,Affiliate Referral,Silver
CUST-01493,Riley,Moore,riley.moore30@example.com,Salt Lake City,UT,United States,2025-01-17,Affiliate Referral,Silver
CUST-01494,Liam,Lee,liam.lee396@example.com,Nashville,TN,United States,2024-08-08,Social Media (Instagram/TikTok),Silver
CUST-01495,Elijah,Young,elijah.young112@example.com,Salt Lake City,UT,United States,2026-03-14,Paid Search (Google),Silver
CUST-01496,Luna,Young,luna.young524@example.com,Indianapolis,IN,United States,2026-02-26,Social Media (Instagram/TikTok),Silver
CUST-01497,Emily,Flores,emily.flores316@example.com,Seattle,WA,United States,2024-11-09,Paid Search (Google),Silver
CUST-01498,Hannah,Green,hannah.green877@example.com,Indianapolis,IN,United States,2022-11-02,Affiliate Referral,Silver
CUST-01499,Ella,Jackson,ella.jackson281@example.com,Los Angeles,CA,United States,2024-01-30,Affiliate Referral,Silver
CUST-01500,Layla,Anderson,layla.anderson649@example.com,Raleigh,NC,United States,2022-12-06,Affiliate Referral,Silver
CUST-01501,Elijah,Nguyen,elijah.nguyen354@example.com,Dallas,TX,United States,2022-10-16,Affiliate Referral,Standard
CUST-01502,Dylan,Ramirez,dylan.ramirez224@example.com,Seattle,WA,United States,2022-11-05,Social Media (Instagram/TikTok),Standard
CUST-01503,Matthew,Ramirez,matthew.ramirez689@example.com,San Francisco,CA,United States,2024-03-03,Paid Search (Google),Standard
CUST-01504,Riley,Sanchez,riley.sanchez267@example.com,Charlotte,NC,United States,2025-04-21,Email Marketing,Standard
CUST-01505,Elizabeth,Johnson,elizabeth.johnson652@example.com,Salt Lake City,UT,United States,2025-04-23,Paid Search (Google),Standard
CUST-01506,Hannah,Wilson,hannah.wilson686@example.com,Kansas City,MO,United States,2025-01-13,Social Media (Instagram/TikTok),Standard
CUST-01507,Zoey,Torres,zoey.torres754@example.com,Minneapolis,MN,United States,2022-10-01,Affiliate Referral,Standard
CUST-01508,Mila,White,mila.white483@example.com,Phoenix,AZ,United States,2023-10-06,Paid Search (Google),Standard
CUST-01509,Matthew,Ramirez,matthew.ramirez430@example.com,San Jose,CA,United States,2022-10-10,Paid Search (Google),Standard
CUST-01510,John,Moore,john.moore853@example.com,Austin,TX,United States,2026-01-14,Paid Search (Google),Standard
CUST-01511,Jackson,Baker,jackson.baker625@example.com,San Diego,CA,United States,2024-09-09,Paid Search (Google),Standard
CUST-01512,Lucas,Martinez,lucas.martinez206@example.com,New York,NY,United States,2023-10-16,Social Media (Instagram/TikTok),Standard
CUST-01513,Lily,Young,lily.young583@example.com,Boston,MA,United States,2024-10-12,Organic Search,Standard
CUST-01514,Mila,Hernandez,mila.hernandez289@example.com,Phoenix,AZ,United States,2022-07-30,Social Media (Instagram/TikTok),Standard
CUST-01515,Aria,Nelson,aria.nelson573@example.com,Philadelphia,PA,United States,2026-01-10,Organic Search,Standard
CUST-01516,Grayson,Johnson,grayson.johnson66@example.com,Tampa,FL,United States,2022-11-19,Social Media (Instagram/TikTok),Standard
CUST-01517,Matthew,Jones,matthew.jones932@example.com,Boston,MA,United States,2024-06-14,Organic Search,Standard
CUST-01518,Wyatt,Campbell,wyatt.campbell872@example.com,Phoenix,AZ,United States,2023-09-27,Organic Search,Standard
CUST-01519,Harper,King,harper.king690@example.com,Kansas City,MO,United States,2025-09-01,Affiliate Referral,Standard
CUST-01520,Jackson,Young,jackson.young915@example.com,Chicago,IL,United States,2023-10-01,Affiliate Referral,Standard
CUST-01521,Harper,Roberts,harper.roberts836@example.com,San Jose,CA,United States,2024-04-05,Affiliate Referral,Standard
CUST-01522,Penelope,Mitchell,penelope.mitchell771@example.com,San Diego,CA,United States,2024-10-14,Paid Search (Google),Standard
CUST-01523,Logan,Miller,logan.miller189@example.com,San Antonio,TX,United States,2023-12-15,Email Marketing,Standard
CUST-01524,John,Taylor,john.taylor893@example.com,Nashville,TN,United States,2022-09-23,Email Marketing,Standard
CUST-01525,Chloe,Hall,chloe.hall981@example.com,Houston,TX,United States,2024-03-10,Affiliate Referral,Standard
CUST-01526,Jack,Walker,jack.walker709@example.com,San Diego,CA,United States,2023-12-21,Paid Search (Google),Standard
CUST-01527,Carter,Walker,carter.walker742@example.com,Seattle,WA,United States,2024-02-22,Organic Search,Standard
CUST-01528,Noah,Mitchell,noah.mitchell688@example.com,Indianapolis,IN,United States,2022-09-20,Paid Search (Google),Standard
CUST-01529,Jackson,Scott,jackson.scott403@example.com,Austin,TX,United States,2025-12-30,Social Media (Instagram/TikTok),Standard
CUST-01530,Harper,Wright,harper.wright897@example.com,San Diego,CA,United States,2024-11-23,Email Marketing,Standard
CUST-01531,Emma,Sanchez,emma.sanchez959@example.com,Dallas,TX,United States,2024-02-07,Organic Search,Standard
CUST-01532,Henry,Martin,henry.martin225@example.com,Tampa,FL,United States,2023-04-25,Email Marketing,Standard
CUST-01533,Samuel,Roberts,samuel.roberts669@example.com,Boston,MA,United States,2022-08-09,Social Media (Instagram/TikTok),Standard
CUST-01534,Benjamin,Roberts,benjamin.roberts973@example.com,Miami,FL,United States,2025-01-20,Email Marketing,Standard
CUST-01535,David,Rivera,david.rivera442@example.com,Kansas City,MO,United States,2022-12-23,Paid Search (Google),Standard
CUST-01536,Camila,Allen,camila.allen77@example.com,Seattle,WA,United States,2024-10-09,Affiliate Referral,Standard
CUST-01537,Madison,Robinson,madison.robinson721@example.com,New York,NY,United States,2022-09-15,Paid Search (Google),Standard
CUST-01538,Luke,Adams,luke.adams149@example.com,New York,NY,United States,2024-08-29,Paid Search (Google),Standard
CUST-01539,Victoria,Lee,victoria.lee599@example.com,Chicago,IL,United States,2023-01-13,Paid Search (Google),Standard
CUST-01540,Sofia,King,sofia.king740@example.com,Columbus,OH,United States,2026-01-20,Paid Search (Google),Standard
CUST-01541,John,Lee,john.lee472@example.com,Miami,FL,United States,2023-03-01,Social Media (Instagram/TikTok),Standard
CUST-01542,Ethan,Baker,ethan.baker617@example.com,Kansas City,MO,United States,2024-04-01,Social Media (Instagram/TikTok),Standard
CUST-01543,Mila,Garcia,mila.garcia434@example.com,Seattle,WA,United States,2023-06-08,Email Marketing,Standard
CUST-01544,Owen,Torres,owen.torres239@example.com,New York,NY,United States,2022-07-18,Affiliate Referral,Standard
CUST-01545,Avery,Garcia,avery.garcia483@example.com,San Antonio,TX,United States,2023-11-19,Paid Search (Google),Standard
CUST-01546,Oliver,Sanchez,oliver.sanchez642@example.com,Boston,MA,United States,2025-10-12,Social Media (Instagram/TikTok),Standard
CUST-01547,Abigail,Garcia,abigail.garcia991@example.com,Seattle,WA,United States,2023-05-15,Affiliate Referral,Standard
CUST-01548,Harper,Smith,harper.smith745@example.com,Portland,OR,United States,2024-11-08,Email Marketing,Standard
CUST-01549,Hannah,Davis,hannah.davis239@example.com,Salt Lake City,UT,United States,2023-07-22,Paid Search (Google),Standard
CUST-01550,Sebastian,Jackson,sebastian.jackson774@example.com,Miami,FL,United States,2024-07-22,Paid Search (Google),Standard
CUST-01551,Zoey,Wilson,zoey.wilson624@example.com,San Antonio,TX,United States,2024-01-01,Paid Search (Google),Standard
CUST-01552,Riley,Lopez,riley.lopez428@example.com,Indianapolis,IN,United States,2023-03-26,Organic Search,Standard
CUST-01553,Scarlett,Taylor,scarlett.taylor251@example.com,Charlotte,NC,United States,2024-12-10,Paid Search (Google),Standard
CUST-01554,Chloe,Nguyen,chloe.nguyen710@example.com,Minneapolis,MN,United States,2024-12-25,Organic Search,Standard
CUST-01555,Emma,Walker,emma.walker146@example.com,Tampa,FL,United States,2024-03-24,Email Marketing,Standard
CUST-01556,Ella,Rivera,ella.rivera402@example.com,Salt Lake City,UT,United States,2024-10-14,Affiliate Referral,Standard
CUST-01557,Jackson,Jones,jackson.jones107@example.com,San Francisco,CA,United States,2022-09-29,Organic Search,Standard
CUST-01558,David,Thomas,david.thomas492@example.com,Seattle,WA,United States,2025-10-24,Affiliate Referral,Standard
CUST-01559,Sophia,Smith,sophia.smith269@example.com,Portland,OR,United States,2025-11-21,Email Marketing,Standard
CUST-01560,Matthew,Sanchez,matthew.sanchez697@example.com,Seattle,WA,United States,2023-02-26,Affiliate Referral,Standard
CUST-01561,Sophia,Nguyen,sophia.nguyen193@example.com,Dallas,TX,United States,2023-05-14,Affiliate Referral,Standard
CUST-01562,Hannah,Perez,hannah.perez908@example.com,Atlanta,GA,United States,2023-02-26,Organic Search,Standard
CUST-01563,Samuel,Rivera,samuel.rivera553@example.com,Boston,MA,United States,2023-03-18,Social Media (Instagram/TikTok),Standard
CUST-01564,Lucas,Lee,lucas.lee55@example.com,Phoenix,AZ,United States,2025-03-19,Social Media (Instagram/TikTok),Standard
CUST-01565,Carter,Ramirez,carter.ramirez299@example.com,Dallas,TX,United States,2025-11-07,Social Media (Instagram/TikTok),Standard
CUST-01566,Samuel,Ramirez,samuel.ramirez924@example.com,Philadelphia,PA,United States,2024-03-08,Email Marketing,Standard
CUST-01567,Abigail,Scott,abigail.scott883@example.com,Las Vegas,NV,United States,2025-12-25,Email Marketing,Standard
CUST-01568,Oliver,Gonzalez,oliver.gonzalez162@example.com,Los Angeles,CA,United States,2023-09-14,Paid Search (Google),Standard
CUST-01569,Noah,Walker,noah.walker276@example.com,Philadelphia,PA,United States,2026-05-16,Email Marketing,Standard
CUST-01570,Zoey,Davis,zoey.davis926@example.com,Miami,FL,United States,2022-08-23,Email Marketing,Standard
CUST-01571,Grace,Rivera,grace.rivera584@example.com,Miami,FL,United States,2024-12-24,Email Marketing,Standard
CUST-01572,Lucas,Campbell,lucas.campbell897@example.com,Phoenix,AZ,United States,2023-02-09,Social Media (Instagram/TikTok),Standard
CUST-01573,Charlotte,Wilson,charlotte.wilson899@example.com,Austin,TX,United States,2023-06-05,Paid Search (Google),Standard
CUST-01574,Sebastian,Torres,sebastian.torres922@example.com,Las Vegas,NV,United States,2025-09-12,Paid Search (Google),Standard
CUST-01575,James,King,james.king795@example.com,Nashville,TN,United States,2023-06-05,Email Marketing,Standard
CUST-01576,Mia,Thomas,mia.thomas796@example.com,Miami,FL,United States,2026-03-18,Organic Search,Standard
CUST-01577,David,Johnson,david.johnson301@example.com,Las Vegas,NV,United States,2026-03-25,Organic Search,Standard
CUST-01578,Wyatt,White,wyatt.white614@example.com,Houston,TX,United States,2024-03-24,Paid Search (Google),Standard
CUST-01579,Olivia,Garcia,olivia.garcia481@example.com,Kansas City,MO,United States,2026-05-20,Email Marketing,Standard
CUST-01580,Jayden,Green,jayden.green988@example.com,Dallas,TX,United States,2025-09-29,Organic Search,Standard
CUST-01581,David,Williams,david.williams681@example.com,Charlotte,NC,United States,2024-12-14,Social Media (Instagram/TikTok),Standard
CUST-01582,Mason,Wilson,mason.wilson893@example.com,Los Angeles,CA,United States,2026-01-09,Social Media (Instagram/TikTok),Standard
CUST-01583,Madison,Brown,madison.brown771@example.com,Chicago,IL,United States,2025-06-25,Affiliate Referral,Standard
CUST-01584,Owen,Garcia,owen.garcia418@example.com,Dallas,TX,United States,2023-05-31,Paid Search (Google),Standard
CUST-01585,Layla,Garcia,layla.garcia31@example.com,Tampa,FL,United States,2023-08-01,Paid Search (Google),Standard
CUST-01586,Penelope,Roberts,penelope.roberts422@example.com,Austin,TX,United States,2026-01-16,Paid Search (Google),Standard
CUST-01587,Harper,Martin,harper.martin512@example.com,Indianapolis,IN,United States,2024-11-02,Social Media (Instagram/TikTok),Standard
CUST-01588,Mason,Thompson,mason.thompson691@example.com,Houston,TX,United States,2024-06-22,Affiliate Referral,Standard
CUST-01589,Mila,Young,mila.young466@example.com,Denver,CO,United States,2025-01-31,Social Media (Instagram/TikTok),Standard
CUST-01590,Jack,Garcia,jack.garcia784@example.com,Boston,MA,United States,2024-06-24,Affiliate Referral,Standard
CUST-01591,Elizabeth,Ramirez,elizabeth.ramirez655@example.com,Boston,MA,United States,2022-12-08,Organic Search,Standard
CUST-01592,Luna,Robinson,luna.robinson702@example.com,San Diego,CA,United States,2026-01-17,Paid Search (Google),Standard
CUST-01593,Hannah,King,hannah.king654@example.com,Minneapolis,MN,United States,2025-05-10,Organic Search,Standard
CUST-01594,Scarlett,Robinson,scarlett.robinson457@example.com,Chicago,IL,United States,2025-02-03,Social Media (Instagram/TikTok),Standard
CUST-01595,Abigail,Rodriguez,abigail.rodriguez710@example.com,Austin,TX,United States,2023-10-23,Affiliate Referral,Standard
CUST-01596,Jack,Jackson,jack.jackson592@example.com,Los Angeles,CA,United States,2025-07-03,Organic Search,Standard
CUST-01597,Sophia,Allen,sophia.allen120@example.com,Portland,OR,United States,2024-10-18,Email Marketing,Standard
CUST-01598,Elijah,Robinson,elijah.robinson686@example.com,Raleigh,NC,United States,2025-08-08,Social Media (Instagram/TikTok),Standard
CUST-01599,Grace,Taylor,grace.taylor609@example.com,Chicago,IL,United States,2025-03-28,Organic Search,Standard
CUST-01600,Lucas,Mitchell,lucas.mitchell687@example.com,Atlanta,GA,United States,2023-06-03,Paid Search (Google),Standard
CUST-01601,Wyatt,Williams,wyatt.williams95@example.com,Boston,MA,United States,2026-05-13,Social Media (Instagram/TikTok),Standard
CUST-01602,Samuel,Nguyen,samuel.nguyen751@example.com,Atlanta,GA,United States,2026-03-04,Email Marketing,Standard
CUST-01603,Camila,Perez,camila.perez999@example.com,Tampa,FL,United States,2023-06-19,Paid Search (Google),Standard
CUST-01604,Elizabeth,Garcia,elizabeth.garcia774@example.com,Charlotte,NC,United States,2023-11-14,Organic Search,Standard
CUST-01605,Zoey,Wright,zoey.wright28@example.com,New York,NY,United States,2024-08-17,Organic Search,Standard
CUST-01606,Emma,Hernandez,emma.hernandez681@example.com,Miami,FL,United States,2024-12-29,Email Marketing,Standard
CUST-01607,Grayson,Martin,grayson.martin643@example.com,Kansas City,MO,United States,2025-11-15,Social Media (Instagram/TikTok),Standard
CUST-01608,Wyatt,Martin,wyatt.martin99@example.com,Phoenix,AZ,United States,2023-03-04,Organic Search,Standard
CUST-01609,Jacob,Davis,jacob.davis845@example.com,New York,NY,United States,2026-04-26,Paid Search (Google),Standard
CUST-01610,Olivia,Wilson,olivia.wilson502@example.com,Minneapolis,MN,United States,2023-03-25,Paid Search (Google),Standard
CUST-01611,Zoey,Green,zoey.green888@example.com,Indianapolis,IN,United States,2025-06-08,Paid Search (Google),Standard
CUST-01612,Charlotte,Martin,charlotte.martin798@example.com,Atlanta,GA,United States,2023-03-31,Email Marketing,Standard
CUST-01613,Jack,Johnson,jack.johnson129@example.com,Philadelphia,PA,United States,2023-04-09,Email Marketing,Standard
CUST-01614,Grayson,Walker,grayson.walker30@example.com,Tampa,FL,United States,2024-12-07,Affiliate Referral,Standard
CUST-01615,Sofia,Gonzalez,sofia.gonzalez311@example.com,Nashville,TN,United States,2024-08-11,Organic Search,Standard
CUST-01616,David,Smith,david.smith115@example.com,Minneapolis,MN,United States,2026-05-31,Email Marketing,Standard
CUST-01617,Riley,Young,riley.young764@example.com,Nashville,TN,United States,2025-10-03,Affiliate Referral,Standard
CUST-01618,Scarlett,Williams,scarlett.williams509@example.com,Denver,CO,United States,2025-02-20,Affiliate Referral,Standard
CUST-01619,Grayson,Anderson,grayson.anderson741@example.com,Los Angeles,CA,United States,2025-05-17,Organic Search,Standard
CUST-01620,Jack,Torres,jack.torres333@example.com,San Francisco,CA,United States,2022-10-09,Social Media (Instagram/TikTok),Standard
CUST-01621,Riley,Walker,riley.walker129@example.com,Miami,FL,United States,2025-11-27,Social Media (Instagram/TikTok),Standard
CUST-01622,Nora,Hall,nora.hall456@example.com,New York,NY,United States,2023-04-27,Social Media (Instagram/TikTok),Standard
CUST-01623,Jacob,Walker,jacob.walker362@example.com,Atlanta,GA,United States,2023-09-19,Affiliate Referral,Standard
CUST-01624,Daniel,Nguyen,daniel.nguyen940@example.com,Las Vegas,NV,United States,2024-04-25,Affiliate Referral,Standard
CUST-01625,Lily,Rodriguez,lily.rodriguez914@example.com,Austin,TX,United States,2026-05-27,Email Marketing,Standard
CUST-01626,Riley,Baker,riley.baker678@example.com,Raleigh,NC,United States,2024-06-07,Email Marketing,Standard
CUST-01627,Alexander,Flores,alexander.flores222@example.com,Austin,TX,United States,2026-04-15,Organic Search,Standard
CUST-01628,Eleanor,Rodriguez,eleanor.rodriguez187@example.com,San Antonio,TX,United States,2023-04-17,Affiliate Referral,Standard
CUST-01629,Grayson,Miller,grayson.miller822@example.com,Boston,MA,United States,2025-03-08,Social Media (Instagram/TikTok),Standard
CUST-01630,Henry,Wilson,henry.wilson580@example.com,Los Angeles,CA,United States,2022-07-08,Social Media (Instagram/TikTok),Standard
CUST-01631,Camila,Thompson,camila.thompson703@example.com,Philadelphia,PA,United States,2023-05-24,Affiliate Referral,Standard
CUST-01632,Noah,Jones,noah.jones355@example.com,Boston,MA,United States,2023-01-20,Affiliate Referral,Standard
CUST-01633,Avery,Davis,avery.davis585@example.com,San Diego,CA,United States,2025-02-21,Social Media (Instagram/TikTok),Standard
CUST-01634,Luna,Thompson,luna.thompson797@example.com,Los Angeles,CA,United States,2025-07-15,Social Media (Instagram/TikTok),Standard
CUST-01635,Abigail,Hall,abigail.hall904@example.com,Portland,OR,United States,2025-10-20,Organic Search,Standard
CUST-01636,Oliver,Lewis,oliver.lewis828@example.com,Atlanta,GA,United States,2023-01-14,Organic Search,Standard
CUST-01637,Amelia,Scott,amelia.scott52@example.com,Portland,OR,United States,2023-01-02,Paid Search (Google),Standard
CUST-01638,Harper,Wilson,harper.wilson942@example.com,Seattle,WA,United States,2023-04-18,Social Media (Instagram/TikTok),Standard
CUST-01639,Luke,Carter,luke.carter528@example.com,Miami,FL,United States,2022-12-21,Paid Search (Google),Standard
CUST-01640,Carter,Perez,carter.perez848@example.com,Phoenix,AZ,United States,2023-02-07,Paid Search (Google),Standard
CUST-01641,Luke,Clark,luke.clark797@example.com,Columbus,OH,United States,2022-06-14,Paid Search (Google),Standard
CUST-01642,Dylan,Perez,dylan.perez303@example.com,Portland,OR,United States,2023-05-17,Organic Search,Standard
CUST-01643,Sebastian,White,sebastian.white742@example.com,Columbus,OH,United States,2024-09-27,Social Media (Instagram/TikTok),Standard
CUST-01644,Sofia,Martinez,sofia.martinez781@example.com,Columbus,OH,United States,2025-05-20,Email Marketing,Standard
CUST-01645,Avery,Rodriguez,avery.rodriguez831@example.com,Boston,MA,United States,2024-09-24,Email Marketing,Standard
CUST-01646,Jayden,King,jayden.king823@example.com,Las Vegas,NV,United States,2024-06-10,Organic Search,Standard
CUST-01647,Luke,Martinez,luke.martinez798@example.com,New York,NY,United States,2025-04-25,Organic Search,Standard
CUST-01648,Benjamin,Perez,benjamin.perez332@example.com,Denver,CO,United States,2023-05-03,Email Marketing,Standard
CUST-01649,Isabella,Sanchez,isabella.sanchez787@example.com,Los Angeles,CA,United States,2026-02-12,Paid Search (Google),Standard
CUST-01650,Isabella,Green,isabella.green740@example.com,Indianapolis,IN,United States,2026-02-12,Affiliate Referral,Standard
CUST-01651,Scarlett,Clark,scarlett.clark421@example.com,Las Vegas,NV,United States,2026-05-06,Affiliate Referral,Standard
CUST-01652,Matthew,Campbell,matthew.campbell770@example.com,San Jose,CA,United States,2024-05-05,Organic Search,Standard
CUST-01653,Aria,King,aria.king635@example.com,Phoenix,AZ,United States,2026-05-05,Email Marketing,Standard
CUST-01654,Nora,Adams,nora.adams220@example.com,San Francisco,CA,United States,2025-11-30,Affiliate Referral,Standard
CUST-01655,Luke,Hall,luke.hall363@example.com,Indianapolis,IN,United States,2026-01-19,Email Marketing,Standard
CUST-01656,Mila,Martin,mila.martin96@example.com,Los Angeles,CA,United States,2025-06-05,Social Media (Instagram/TikTok),Standard
CUST-01657,Penelope,Campbell,penelope.campbell746@example.com,Raleigh,NC,United States,2023-02-14,Affiliate Referral,Standard
CUST-01658,Aiden,Wilson,aiden.wilson105@example.com,Portland,OR,United States,2025-07-05,Social Media (Instagram/TikTok),Standard
CUST-01659,Luna,Carter,luna.carter660@example.com,Philadelphia,PA,United States,2022-07-18,Organic Search,Standard
CUST-01660,Camila,Thomas,camila.thomas862@example.com,Columbus,OH,United States,2024-02-13,Email Marketing,Standard
CUST-01661,Lucas,Campbell,lucas.campbell71@example.com,Kansas City,MO,United States,2024-07-03,Social Media (Instagram/TikTok),Standard
CUST-01662,Grace,Davis,grace.davis58@example.com,Columbus,OH,United States,2026-01-24,Organic Search,Standard
CUST-01663,Nora,Martin,nora.martin596@example.com,Raleigh,NC,United States,2022-06-11,Email Marketing,Standard
CUST-01664,Luna,Thomas,luna.thomas834@example.com,Raleigh,NC,United States,2025-09-04,Affiliate Referral,Standard
CUST-01665,Avery,Thompson,avery.thompson316@example.com,Austin,TX,United States,2026-02-25,Affiliate Referral,Standard
CUST-01666,Evelyn,Rivera,evelyn.rivera396@example.com,Portland,OR,United States,2023-10-21,Organic Search,Standard
CUST-01667,Madison,King,madison.king606@example.com,San Antonio,TX,United States,2024-06-09,Email Marketing,Standard
CUST-01668,Elijah,Martinez,elijah.martinez738@example.com,Boston,MA,United States,2024-09-21,Organic Search,Standard
CUST-01669,Charlotte,Brown,charlotte.brown445@example.com,Phoenix,AZ,United States,2025-01-31,Paid Search (Google),Standard
CUST-01670,Nora,Jones,nora.jones388@example.com,Las Vegas,NV,United States,2025-05-13,Email Marketing,Standard
CUST-01671,Wyatt,Taylor,wyatt.taylor608@example.com,Miami,FL,United States,2025-12-25,Email Marketing,Standard
CUST-01672,Luke,Hall,luke.hall963@example.com,Miami,FL,United States,2024-10-01,Paid Search (Google),Standard
CUST-01673,Logan,Allen,logan.allen140@example.com,Miami,FL,United States,2026-05-27,Email Marketing,Standard
CUST-01674,Mason,Rivera,mason.rivera535@example.com,Tampa,FL,United States,2025-05-19,Organic Search,Standard
CUST-01675,Ella,Robinson,ella.robinson494@example.com,Los Angeles,CA,United States,2023-04-18,Affiliate Referral,Standard
CUST-01676,Chloe,Davis,chloe.davis626@example.com,Tampa,FL,United States,2024-09-14,Organic Search,Standard
CUST-01677,Harper,White,harper.white595@example.com,Austin,TX,United States,2022-08-22,Affiliate Referral,Standard
CUST-01678,Abigail,Davis,abigail.davis390@example.com,Austin,TX,United States,2024-07-06,Social Media (Instagram/TikTok),Standard
CUST-01679,Scarlett,Young,scarlett.young38@example.com,Indianapolis,IN,United States,2023-03-20,Paid Search (Google),Standard
CUST-01680,Riley,Brown,riley.brown969@example.com,Austin,TX,United States,2024-01-02,Paid Search (Google),Standard
CUST-01681,Elizabeth,Mitchell,elizabeth.mitchell510@example.com,New York,NY,United States,2023-02-06,Affiliate Referral,Standard
CUST-01682,Joseph,Jones,joseph.jones901@example.com,Los Angeles,CA,United States,2024-10-03,Email Marketing,Standard
CUST-01683,Victoria,Torres,victoria.torres473@example.com,San Jose,CA,United States,2024-07-12,Email Marketing,Standard
CUST-01684,Mason,Carter,mason.carter151@example.com,Portland,OR,United States,2025-12-25,Email Marketing,Standard
CUST-01685,Nora,Nelson,nora.nelson469@example.com,Phoenix,AZ,United States,2024-03-28,Organic Search,Standard
CUST-01686,John,Harris,john.harris248@example.com,Denver,CO,United States,2024-04-25,Affiliate Referral,Standard
CUST-01687,Sophia,Nelson,sophia.nelson921@example.com,Atlanta,GA,United States,2023-12-21,Organic Search,Standard
CUST-01688,Emily,Rivera,emily.rivera35@example.com,Nashville,TN,United States,2025-12-12,Social Media (Instagram/TikTok),Standard
CUST-01689,Harper,Adams,harper.adams582@example.com,Chicago,IL,United States,2023-06-30,Affiliate Referral,Standard
CUST-01690,Oliver,Torres,oliver.torres544@example.com,San Antonio,TX,United States,2025-01-30,Affiliate Referral,Standard
CUST-01691,Liam,Davis,liam.davis684@example.com,San Francisco,CA,United States,2023-06-04,Organic Search,Standard
CUST-01692,Aria,Wilson,aria.wilson261@example.com,Kansas City,MO,United States,2026-05-16,Affiliate Referral,Standard
CUST-01693,Luke,Garcia,luke.garcia836@example.com,San Francisco,CA,United States,2025-10-25,Social Media (Instagram/TikTok),Standard
CUST-01694,Layla,Nguyen,layla.nguyen56@example.com,Miami,FL,United States,2022-07-18,Social Media (Instagram/TikTok),Standard
CUST-01695,Zoey,Lopez,zoey.lopez434@example.com,New York,NY,United States,2025-05-17,Social Media (Instagram/TikTok),Standard
CUST-01696,Owen,Taylor,owen.taylor103@example.com,Houston,TX,United States,2022-12-21,Affiliate Referral,Standard
CUST-01697,Emily,Jackson,emily.jackson157@example.com,Philadelphia,PA,United States,2023-11-06,Organic Search,Standard
CUST-01698,Abigail,Martin,abigail.martin985@example.com,Boston,MA,United States,2026-03-21,Paid Search (Google),Standard
CUST-01699,Isabella,Flores,isabella.flores994@example.com,San Jose,CA,United States,2023-06-07,Organic Search,Standard
CUST-01700,Isabella,Martin,isabella.martin409@example.com,Houston,TX,United States,2024-03-17,Paid Search (Google),Standard
CUST-01701,John,Lee,john.lee274@example.com,Denver,CO,United States,2023-02-03,Organic Search,Standard
CUST-01702,Mila,Thomas,mila.thomas780@example.com,Charlotte,NC,United States,2025-09-13,Paid Search (Google),Standard
CUST-01703,Hannah,Allen,hannah.allen780@example.com,Portland,OR,United States,2024-07-28,Organic Search,Standard
CUST-01704,Sebastian,Brown,sebastian.brown335@example.com,Atlanta,GA,United States,2025-07-07,Email Marketing,Standard
CUST-01705,William,Walker,william.walker39@example.com,Boston,MA,United States,2025-12-19,Paid Search (Google),Standard
CUST-01706,Liam,Moore,liam.moore577@example.com,Nashville,TN,United States,2026-03-14,Organic Search,Standard
CUST-01707,Sofia,Carter,sofia.carter578@example.com,Minneapolis,MN,United States,2023-02-13,Social Media (Instagram/TikTok),Standard
CUST-01708,John,Lewis,john.lewis95@example.com,Tampa,FL,United States,2025-12-24,Affiliate Referral,Standard
CUST-01709,Michael,Martinez,michael.martinez392@example.com,San Francisco,CA,United States,2023-05-11,Paid Search (Google),Standard
CUST-01710,Jack,Scott,jack.scott472@example.com,Los Angeles,CA,United States,2022-06-03,Email Marketing,Standard
CUST-01711,Scarlett,Adams,scarlett.adams181@example.com,New York,NY,United States,2022-10-02,Email Marketing,Standard
CUST-01712,Sebastian,Hill,sebastian.hill266@example.com,Kansas City,MO,United States,2026-03-24,Email Marketing,Standard
CUST-01713,Joseph,Green,joseph.green227@example.com,Nashville,TN,United States,2025-04-11,Social Media (Instagram/TikTok),Standard
CUST-01714,Sophia,Hernandez,sophia.hernandez766@example.com,San Francisco,CA,United States,2025-07-28,Organic Search,Standard
CUST-01715,Matthew,Garcia,matthew.garcia414@example.com,Salt Lake City,UT,United States,2023-02-07,Paid Search (Google),Standard
CUST-01716,Aria,Ramirez,aria.ramirez225@example.com,Charlotte,NC,United States,2025-03-30,Social Media (Instagram/TikTok),Standard
CUST-01717,Luna,Green,luna.green277@example.com,Columbus,OH,United States,2026-05-20,Email Marketing,Standard
CUST-01718,Sebastian,Thomas,sebastian.thomas688@example.com,San Jose,CA,United States,2024-04-30,Paid Search (Google),Standard
CUST-01719,Jayden,Hill,jayden.hill346@example.com,New York,NY,United States,2026-04-17,Paid Search (Google),Standard
CUST-01720,James,Hill,james.hill497@example.com,New York,NY,United States,2022-06-20,Paid Search (Google),Standard
CUST-01721,John,Scott,john.scott926@example.com,Salt Lake City,UT,United States,2026-05-11,Email Marketing,Standard
CUST-01722,Wyatt,Wright,wyatt.wright93@example.com,Indianapolis,IN,United States,2026-01-20,Organic Search,Standard
CUST-01723,Olivia,Nelson,olivia.nelson465@example.com,Las Vegas,NV,United States,2023-02-08,Social Media (Instagram/TikTok),Standard
CUST-01724,Owen,Hill,owen.hill376@example.com,Denver,CO,United States,2023-05-29,Organic Search,Standard
CUST-01725,Harper,Robinson,harper.robinson389@example.com,San Antonio,TX,United States,2024-11-27,Organic Search,Standard
CUST-01726,Daniel,Mitchell,daniel.mitchell30@example.com,Columbus,OH,United States,2023-12-28,Social Media (Instagram/TikTok),Standard
CUST-01727,Jacob,Garcia,jacob.garcia845@example.com,Charlotte,NC,United States,2025-12-02,Social Media (Instagram/TikTok),Standard
CUST-01728,Daniel,Anderson,daniel.anderson515@example.com,Seattle,WA,United States,2022-08-15,Social Media (Instagram/TikTok),Standard
CUST-01729,Hannah,Rivera,hannah.rivera733@example.com,Charlotte,NC,United States,2023-08-03,Organic Search,Standard
CUST-01730,Mila,Green,mila.green415@example.com,Houston,TX,United States,2023-12-21,Affiliate Referral,Standard
CUST-01731,Hannah,Hernandez,hannah.hernandez575@example.com,San Antonio,TX,United States,2026-02-11,Affiliate Referral,Standard
CUST-01732,Ethan,Jones,ethan.jones612@example.com,Phoenix,AZ,United States,2022-10-12,Paid Search (Google),Standard
CUST-01733,Camila,Torres,camila.torres886@example.com,San Diego,CA,United States,2025-05-07,Social Media (Instagram/TikTok),Standard
CUST-01734,Jacob,Baker,jacob.baker33@example.com,Salt Lake City,UT,United States,2026-03-20,Affiliate Referral,Standard
CUST-01735,Jackson,Baker,jackson.baker583@example.com,Atlanta,GA,United States,2022-06-05,Email Marketing,Standard
CUST-01736,Oliver,Lee,oliver.lee452@example.com,Tampa,FL,United States,2024-09-11,Social Media (Instagram/TikTok),Standard
CUST-01737,Harper,Baker,harper.baker540@example.com,Atlanta,GA,United States,2025-03-11,Social Media (Instagram/TikTok),Standard
CUST-01738,Sophia,Campbell,sophia.campbell239@example.com,Los Angeles,CA,United States,2023-12-22,Email Marketing,Standard
CUST-01739,Nora,Lee,nora.lee15@example.com,Denver,CO,United States,2023-07-04,Social Media (Instagram/TikTok),Standard
CUST-01740,Benjamin,Torres,benjamin.torres837@example.com,New York,NY,United States,2023-09-06,Email Marketing,Standard
CUST-01741,Mia,Thomas,mia.thomas211@example.com,Philadelphia,PA,United States,2024-04-05,Social Media (Instagram/TikTok),Standard
CUST-01742,William,Green,william.green650@example.com,Houston,TX,United States,2022-07-28,Email Marketing,Standard
CUST-01743,Zoey,Johnson,zoey.johnson616@example.com,Indianapolis,IN,United States,2025-12-04,Social Media (Instagram/TikTok),Standard
CUST-01744,Jackson,Thomas,jackson.thomas120@example.com,Miami,FL,United States,2023-10-02,Social Media (Instagram/TikTok),Standard
CUST-01745,Oliver,Perez,oliver.perez542@example.com,Indianapolis,IN,United States,2023-09-28,Organic Search,Standard
CUST-01746,Luke,Carter,luke.carter107@example.com,Minneapolis,MN,United States,2024-12-01,Affiliate Referral,Standard
CUST-01747,Harper,Garcia,harper.garcia72@example.com,Los Angeles,CA,United States,2024-07-12,Social Media (Instagram/TikTok),Standard
CUST-01748,William,Rodriguez,william.rodriguez73@example.com,Indianapolis,IN,United States,2024-11-22,Organic Search,Standard
CUST-01749,Matthew,Flores,matthew.flores651@example.com,Boston,MA,United States,2022-10-13,Organic Search,Standard
CUST-01750,Isabella,Scott,isabella.scott63@example.com,Austin,TX,United States,2024-07-21,Email Marketing,Standard
CUST-01751,Elijah,Flores,elijah.flores780@example.com,Boston,MA,United States,2023-09-21,Affiliate Referral,Standard
CUST-01752,Emma,Robinson,emma.robinson403@example.com,Atlanta,GA,United States,2024-10-24,Affiliate Referral,Standard
CUST-01753,Elijah,Perez,elijah.perez676@example.com,Las Vegas,NV,United States,2022-07-24,Email Marketing,Standard
CUST-01754,David,Nguyen,david.nguyen207@example.com,Houston,TX,United States,2022-12-28,Organic Search,Standard
CUST-01755,William,Nguyen,william.nguyen818@example.com,Kansas City,MO,United States,2023-07-02,Affiliate Referral,Standard
CUST-01756,Mason,Green,mason.green531@example.com,Dallas,TX,United States,2024-05-28,Email Marketing,Standard
CUST-01757,Eleanor,Campbell,eleanor.campbell645@example.com,Atlanta,GA,United States,2023-06-16,Paid Search (Google),Standard
CUST-01758,Evelyn,Williams,evelyn.williams71@example.com,Phoenix,AZ,United States,2024-02-29,Affiliate Referral,Standard
CUST-01759,Zoey,Allen,zoey.allen992@example.com,Minneapolis,MN,United States,2024-06-02,Social Media (Instagram/TikTok),Standard
CUST-01760,Logan,Martinez,logan.martinez490@example.com,Austin,TX,United States,2025-10-18,Social Media (Instagram/TikTok),Standard
CUST-01761,Scarlett,White,scarlett.white18@example.com,Portland,OR,United States,2025-09-14,Paid Search (Google),Standard
CUST-01762,Isabella,Thomas,isabella.thomas529@example.com,Kansas City,MO,United States,2025-07-20,Organic Search,Standard
CUST-01763,Jack,Thompson,jack.thompson210@example.com,San Antonio,TX,United States,2026-01-02,Paid Search (Google),Standard
CUST-01764,William,Perez,william.perez203@example.com,Las Vegas,NV,United States,2025-01-30,Email Marketing,Standard
CUST-01765,David,Nguyen,david.nguyen589@example.com,San Jose,CA,United States,2025-11-13,Social Media (Instagram/TikTok),Standard
CUST-01766,Riley,Perez,riley.perez176@example.com,Houston,TX,United States,2024-12-17,Organic Search,Standard
CUST-01767,Hannah,Anderson,hannah.anderson952@example.com,New York,NY,United States,2025-12-30,Paid Search (Google),Standard
CUST-01768,Avery,Robinson,avery.robinson648@example.com,San Antonio,TX,United States,2023-10-03,Email Marketing,Standard
CUST-01769,David,Mitchell,david.mitchell394@example.com,San Antonio,TX,United States,2024-08-28,Paid Search (Google),Standard
CUST-01770,James,White,james.white20@example.com,Chicago,IL,United States,2024-06-02,Organic Search,Standard
CUST-01771,Lucas,Martinez,lucas.martinez307@example.com,Atlanta,GA,United States,2023-07-04,Affiliate Referral,Standard
CUST-01772,Carter,Williams,carter.williams40@example.com,San Antonio,TX,United States,2023-07-11,Social Media (Instagram/TikTok),Standard
CUST-01773,Ethan,Anderson,ethan.anderson916@example.com,Dallas,TX,United States,2023-05-23,Social Media (Instagram/TikTok),Standard
CUST-01774,Sofia,Lopez,sofia.lopez210@example.com,New York,NY,United States,2023-05-27,Social Media (Instagram/TikTok),Standard
CUST-01775,Elijah,Johnson,elijah.johnson861@example.com,Las Vegas,NV,United States,2023-03-09,Email Marketing,Standard
CUST-01776,Lucas,Perez,lucas.perez968@example.com,San Antonio,TX,United States,2024-02-15,Email Marketing,Standard
CUST-01777,Henry,White,henry.white838@example.com,Seattle,WA,United States,2026-02-13,Paid Search (Google),Standard
CUST-01778,Zoey,Rivera,zoey.rivera76@example.com,Houston,TX,United States,2023-03-23,Paid Search (Google),Standard
CUST-01779,Jacob,Gonzalez,jacob.gonzalez555@example.com,Denver,CO,United States,2026-04-23,Social Media (Instagram/TikTok),Standard
CUST-01780,Samuel,Hill,samuel.hill449@example.com,Minneapolis,MN,United States,2023-10-14,Organic Search,Standard
CUST-01781,Jacob,Wright,jacob.wright311@example.com,Indianapolis,IN,United States,2023-04-01,Social Media (Instagram/TikTok),Standard
CUST-01782,Sofia,Brown,sofia.brown654@example.com,Indianapolis,IN,United States,2023-12-26,Paid Search (Google),Standard
CUST-01783,Grayson,Wilson,grayson.wilson754@example.com,Chicago,IL,United States,2025-01-19,Affiliate Referral,Standard
CUST-01784,William,Hernandez,william.hernandez530@example.com,Denver,CO,United States,2026-01-12,Affiliate Referral,Standard
CUST-01785,Chloe,Young,chloe.young541@example.com,Atlanta,GA,United States,2023-06-02,Social Media (Instagram/TikTok),Standard
CUST-01786,Chloe,King,chloe.king721@example.com,Miami,FL,United States,2025-03-10,Email Marketing,Standard
CUST-01787,Sebastian,Nguyen,sebastian.nguyen420@example.com,Minneapolis,MN,United States,2025-09-08,Organic Search,Standard
CUST-01788,Michael,Anderson,michael.anderson926@example.com,San Antonio,TX,United States,2024-12-12,Paid Search (Google),Standard
CUST-01789,Wyatt,Wilson,wyatt.wilson323@example.com,Boston,MA,United States,2024-07-12,Affiliate Referral,Standard
CUST-01790,Alexander,White,alexander.white270@example.com,San Francisco,CA,United States,2022-11-21,Paid Search (Google),Standard
CUST-01791,Benjamin,Jackson,benjamin.jackson465@example.com,Portland,OR,United States,2024-05-21,Paid Search (Google),Standard
CUST-01792,Sophia,Robinson,sophia.robinson534@example.com,Charlotte,NC,United States,2024-04-19,Email Marketing,Standard
CUST-01793,Nora,Robinson,nora.robinson452@example.com,Boston,MA,United States,2024-06-22,Email Marketing,Standard
CUST-01794,Samuel,Moore,samuel.moore401@example.com,New York,NY,United States,2023-06-03,Email Marketing,Standard
CUST-01795,Avery,Taylor,avery.taylor670@example.com,Chicago,IL,United States,2024-06-05,Organic Search,Standard
CUST-01796,Scarlett,Allen,scarlett.allen535@example.com,San Francisco,CA,United States,2026-01-09,Organic Search,Standard
CUST-01797,Aria,Anderson,aria.anderson110@example.com,Houston,TX,United States,2022-10-25,Social Media (Instagram/TikTok),Standard
CUST-01798,Noah,Wright,noah.wright215@example.com,San Jose,CA,United States,2023-07-08,Social Media (Instagram/TikTok),Standard
CUST-01799,Jackson,Martin,jackson.martin773@example.com,Kansas City,MO,United States,2026-03-31,Social Media (Instagram/TikTok),Standard
CUST-01800,Jacob,Rivera,jacob.rivera628@example.com,Phoenix,AZ,United States,2025-06-17,Social Media (Instagram/TikTok),Standard
CUST-01801,Emma,Roberts,emma.roberts316@example.com,Austin,TX,United States,2024-05-10,Email Marketing,Standard
CUST-01802,Layla,Nguyen,layla.nguyen785@example.com,Minneapolis,MN,United States,2022-06-25,Email Marketing,Standard
CUST-01803,Abigail,Sanchez,abigail.sanchez243@example.com,San Diego,CA,United States,2023-08-04,Email Marketing,Standard
CUST-01804,Avery,King,avery.king611@example.com,Indianapolis,IN,United States,2025-07-06,Email Marketing,Standard
CUST-01805,Lily,Perez,lily.perez820@example.com,Chicago,IL,United States,2024-03-03,Paid Search (Google),Standard
CUST-01806,Jack,Roberts,jack.roberts974@example.com,Salt Lake City,UT,United States,2024-10-03,Paid Search (Google),Standard
CUST-01807,Luke,Lewis,luke.lewis883@example.com,San Francisco,CA,United States,2022-08-01,Social Media (Instagram/TikTok),Standard
CUST-01808,Evelyn,Torres,evelyn.torres904@example.com,Phoenix,AZ,United States,2024-02-16,Organic Search,Standard
CUST-01809,Hannah,Nelson,hannah.nelson864@example.com,Seattle,WA,United States,2024-04-26,Paid Search (Google),Standard
CUST-01810,Riley,Ramirez,riley.ramirez712@example.com,Columbus,OH,United States,2024-09-04,Affiliate Referral,Standard
CUST-01811,Matthew,Lee,matthew.lee611@example.com,New York,NY,United States,2025-08-06,Organic Search,Standard
CUST-01812,Evelyn,Martinez,evelyn.martinez985@example.com,San Jose,CA,United States,2025-08-07,Affiliate Referral,Standard
CUST-01813,Wyatt,Harris,wyatt.harris219@example.com,Denver,CO,United States,2022-10-09,Affiliate Referral,Standard
CUST-01814,Penelope,Gonzalez,penelope.gonzalez496@example.com,Houston,TX,United States,2024-04-04,Affiliate Referral,Standard
CUST-01815,Nora,Green,nora.green926@example.com,Austin,TX,United States,2022-12-08,Paid Search (Google),Standard
CUST-01816,Amelia,Baker,amelia.baker576@example.com,Philadelphia,PA,United States,2022-08-05,Affiliate Referral,Standard
CUST-01817,Grayson,Johnson,grayson.johnson201@example.com,San Antonio,TX,United States,2022-10-21,Email Marketing,Standard
CUST-01818,Aiden,Wilson,aiden.wilson248@example.com,Austin,TX,United States,2026-02-10,Affiliate Referral,Standard
CUST-01819,William,Robinson,william.robinson68@example.com,Seattle,WA,United States,2025-04-27,Organic Search,Standard
CUST-01820,Emily,Lee,emily.lee890@example.com,Boston,MA,United States,2024-08-09,Paid Search (Google),Standard
CUST-01821,Lucas,Rodriguez,lucas.rodriguez559@example.com,Boston,MA,United States,2025-02-04,Organic Search,Standard
CUST-01822,Penelope,Wilson,penelope.wilson143@example.com,Tampa,FL,United States,2023-07-27,Social Media (Instagram/TikTok),Standard
CUST-01823,Zoey,Rivera,zoey.rivera690@example.com,Miami,FL,United States,2023-04-22,Affiliate Referral,Standard
CUST-01824,Victoria,Nguyen,victoria.nguyen217@example.com,Portland,OR,United States,2026-04-03,Email Marketing,Standard
CUST-01825,Aria,Gonzalez,aria.gonzalez17@example.com,Phoenix,AZ,United States,2024-11-29,Organic Search,Standard
CUST-01826,Layla,Hill,layla.hill836@example.com,San Diego,CA,United States,2025-05-12,Social Media (Instagram/TikTok),Standard
CUST-01827,Grayson,Robinson,grayson.robinson483@example.com,Nashville,TN,United States,2022-08-20,Organic Search,Standard
CUST-01828,Aiden,Adams,aiden.adams912@example.com,Atlanta,GA,United States,2024-05-11,Social Media (Instagram/TikTok),Standard
CUST-01829,Wyatt,Flores,wyatt.flores853@example.com,Indianapolis,IN,United States,2023-05-25,Email Marketing,Standard
CUST-01830,Sofia,Lopez,sofia.lopez931@example.com,Charlotte,NC,United States,2024-11-01,Email Marketing,Standard
CUST-01831,Penelope,Nelson,penelope.nelson197@example.com,Salt Lake City,UT,United States,2025-08-08,Organic Search,Standard
CUST-01832,Wyatt,Hall,wyatt.hall978@example.com,Los Angeles,CA,United States,2023-10-04,Paid Search (Google),Standard
CUST-01833,Aria,Green,aria.green560@example.com,Austin,TX,United States,2026-02-25,Organic Search,Standard
CUST-01834,Ella,Young,ella.young431@example.com,Columbus,OH,United States,2025-07-07,Organic Search,Standard
CUST-01835,Chloe,Jones,chloe.jones783@example.com,Houston,TX,United States,2025-03-30,Social Media (Instagram/TikTok),Standard
CUST-01836,John,Lewis,john.lewis178@example.com,Dallas,TX,United States,2023-07-30,Affiliate Referral,Standard
CUST-01837,Sophia,Robinson,sophia.robinson37@example.com,Chicago,IL,United States,2025-12-30,Email Marketing,Standard
CUST-01838,Owen,Perez,owen.perez773@example.com,Denver,CO,United States,2023-07-04,Email Marketing,Standard
CUST-01839,Noah,Smith,noah.smith266@example.com,Houston,TX,United States,2026-05-23,Paid Search (Google),Standard
CUST-01840,Madison,Nelson,madison.nelson776@example.com,Atlanta,GA,United States,2025-02-17,Email Marketing,Standard
CUST-01841,William,Garcia,william.garcia571@example.com,Las Vegas,NV,United States,2023-10-10,Email Marketing,Standard
CUST-01842,Evelyn,Walker,evelyn.walker850@example.com,Dallas,TX,United States,2023-04-27,Paid Search (Google),Standard
CUST-01843,Liam,Hill,liam.hill112@example.com,Philadelphia,PA,United States,2024-01-24,Organic Search,Standard
CUST-01844,Wyatt,Hernandez,wyatt.hernandez89@example.com,Las Vegas,NV,United States,2022-06-23,Social Media (Instagram/TikTok),Standard
CUST-01845,Abigail,Lewis,abigail.lewis376@example.com,Philadelphia,PA,United States,2023-08-18,Organic Search,Standard
CUST-01846,Ella,Lewis,ella.lewis723@example.com,Los Angeles,CA,United States,2025-12-22,Affiliate Referral,Standard
CUST-01847,Amelia,Harris,amelia.harris716@example.com,Austin,TX,United States,2024-11-26,Organic Search,Standard
CUST-01848,James,Brown,james.brown800@example.com,Denver,CO,United States,2023-07-19,Paid Search (Google),Standard
CUST-01849,Chloe,Thomas,chloe.thomas214@example.com,Chicago,IL,United States,2022-07-03,Email Marketing,Standard
CUST-01850,Olivia,Smith,olivia.smith355@example.com,Kansas City,MO,United States,2023-06-29,Organic Search,Standard
CUST-01851,Daniel,Miller,daniel.miller826@example.com,Kansas City,MO,United States,2026-02-20,Paid Search (Google),Standard
CUST-01852,Emily,Williams,emily.williams435@example.com,Portland,OR,United States,2023-01-07,Social Media (Instagram/TikTok),Standard
CUST-01853,Madison,Scott,madison.scott651@example.com,San Antonio,TX,United States,2025-12-01,Paid Search (Google),Standard
CUST-01854,Wyatt,Ramirez,wyatt.ramirez133@example.com,San Diego,CA,United States,2023-08-12,Organic Search,Standard
CUST-01855,Grace,Lee,grace.lee187@example.com,New York,NY,United States,2024-09-01,Social Media (Instagram/TikTok),Standard
CUST-01856,Emma,Harris,emma.harris227@example.com,Atlanta,GA,United States,2023-08-25,Organic Search,Standard
CUST-01857,Aria,Adams,aria.adams648@example.com,Seattle,WA,United States,2022-08-29,Organic Search,Standard
CUST-01858,Ella,Clark,ella.clark318@example.com,Columbus,OH,United States,2025-10-09,Email Marketing,Standard
CUST-01859,Amelia,Rivera,amelia.rivera559@example.com,Indianapolis,IN,United States,2025-08-09,Paid Search (Google),Standard
CUST-01860,Jackson,Miller,jackson.miller624@example.com,San Jose,CA,United States,2025-12-14,Email Marketing,Standard
CUST-01861,Evelyn,Perez,evelyn.perez189@example.com,Minneapolis,MN,United States,2026-04-09,Social Media (Instagram/TikTok),Standard
CUST-01862,Eleanor,Jones,eleanor.jones353@example.com,New York,NY,United States,2025-10-29,Affiliate Referral,Standard
CUST-01863,Nora,Harris,nora.harris533@example.com,Minneapolis,MN,United States,2023-09-20,Affiliate Referral,Standard
CUST-01864,Emma,Anderson,emma.anderson31@example.com,Charlotte,NC,United States,2023-02-10,Social Media (Instagram/TikTok),Standard
CUST-01865,Henry,Mitchell,henry.mitchell448@example.com,Columbus,OH,United States,2023-10-12,Affiliate Referral,Standard
CUST-01866,Benjamin,Brown,benjamin.brown150@example.com,Seattle,WA,United States,2025-03-18,Social Media (Instagram/TikTok),Standard
CUST-01867,Mila,Martinez,mila.martinez394@example.com,San Antonio,TX,United States,2026-01-05,Organic Search,Standard
CUST-01868,Henry,Campbell,henry.campbell622@example.com,Atlanta,GA,United States,2024-04-04,Paid Search (Google),Standard
CUST-01869,Aria,Lee,aria.lee669@example.com,Indianapolis,IN,United States,2022-08-21,Affiliate Referral,Standard
CUST-01870,Riley,Adams,riley.adams842@example.com,Austin,TX,United States,2022-07-19,Paid Search (Google),Standard
CUST-01871,David,Perez,david.perez258@example.com,San Antonio,TX,United States,2025-06-09,Organic Search,Standard
CUST-01872,Sofia,Baker,sofia.baker722@example.com,Raleigh,NC,United States,2023-08-30,Affiliate Referral,Standard
CUST-01873,Owen,King,owen.king339@example.com,Philadelphia,PA,United States,2024-11-22,Organic Search,Standard
CUST-01874,William,Young,william.young81@example.com,San Antonio,TX,United States,2022-09-15,Paid Search (Google),Standard
CUST-01875,Michael,Rodriguez,michael.rodriguez103@example.com,Philadelphia,PA,United States,2025-09-26,Affiliate Referral,Standard
CUST-01876,Michael,Thomas,michael.thomas529@example.com,Chicago,IL,United States,2024-10-20,Email Marketing,Standard
CUST-01877,Victoria,Hernandez,victoria.hernandez748@example.com,San Antonio,TX,United States,2023-10-15,Email Marketing,Standard
CUST-01878,Ethan,Hill,ethan.hill264@example.com,Austin,TX,United States,2024-01-06,Affiliate Referral,Standard
CUST-01879,Nora,Green,nora.green216@example.com,Dallas,TX,United States,2025-02-10,Organic Search,Standard
CUST-01880,Carter,Sanchez,carter.sanchez396@example.com,Philadelphia,PA,United States,2025-01-20,Email Marketing,Standard
CUST-01881,Jack,Allen,jack.allen634@example.com,Raleigh,NC,United States,2024-11-04,Paid Search (Google),Standard
CUST-01882,Eleanor,Johnson,eleanor.johnson790@example.com,Denver,CO,United States,2024-10-23,Organic Search,Standard
CUST-01883,Matthew,Hill,matthew.hill560@example.com,Phoenix,AZ,United States,2025-07-07,Paid Search (Google),Standard
CUST-01884,Jackson,Harris,jackson.harris484@example.com,Austin,TX,United States,2024-12-15,Social Media (Instagram/TikTok),Standard
CUST-01885,Owen,Scott,owen.scott630@example.com,Miami,FL,United States,2022-10-26,Social Media (Instagram/TikTok),Standard
CUST-01886,Evelyn,Rivera,evelyn.rivera490@example.com,San Antonio,TX,United States,2023-04-13,Paid Search (Google),Standard
CUST-01887,James,Smith,james.smith892@example.com,Portland,OR,United States,2024-07-06,Email Marketing,Standard
CUST-01888,Layla,Clark,layla.clark972@example.com,Denver,CO,United States,2024-07-04,Email Marketing,Standard
CUST-01889,Grayson,Martin,grayson.martin666@example.com,Nashville,TN,United States,2022-10-24,Email Marketing,Standard
CUST-01890,Noah,Davis,noah.davis404@example.com,Nashville,TN,United States,2023-04-29,Paid Search (Google),Standard
CUST-01891,Zoey,Taylor,zoey.taylor799@example.com,Columbus,OH,United States,2024-05-14,Affiliate Referral,Standard
CUST-01892,Grayson,Green,grayson.green715@example.com,Seattle,WA,United States,2026-04-27,Organic Search,Standard
CUST-01893,Penelope,Ramirez,penelope.ramirez763@example.com,San Diego,CA,United States,2023-10-10,Email Marketing,Standard
CUST-01894,Noah,White,noah.white656@example.com,Salt Lake City,UT,United States,2026-03-17,Organic Search,Standard
CUST-01895,Logan,Taylor,logan.taylor629@example.com,Atlanta,GA,United States,2026-03-26,Paid Search (Google),Standard
CUST-01896,Jackson,Thomas,jackson.thomas626@example.com,Nashville,TN,United States,2026-02-17,Paid Search (Google),Standard
CUST-01897,Emma,Davis,emma.davis799@example.com,Chicago,IL,United States,2026-01-10,Email Marketing,Standard
CUST-01898,Wyatt,Rivera,wyatt.rivera610@example.com,Chicago,IL,United States,2025-04-27,Paid Search (Google),Standard
CUST-01899,Jack,Hernandez,jack.hernandez859@example.com,Boston,MA,United States,2023-10-31,Social Media (Instagram/TikTok),Standard
CUST-01900,Owen,Nguyen,owen.nguyen325@example.com,Raleigh,NC,United States,2024-09-20,Organic Search,Standard
CUST-01901,Amelia,Green,amelia.green596@example.com,Columbus,OH,United States,2024-05-06,Paid Search (Google),Standard
CUST-01902,Sebastian,Mitchell,sebastian.mitchell224@example.com,Raleigh,NC,United States,2024-08-24,Social Media (Instagram/TikTok),Standard
CUST-01903,James,Hernandez,james.hernandez845@example.com,Miami,FL,United States,2022-06-04,Organic Search,Standard
CUST-01904,William,Roberts,william.roberts723@example.com,Boston,MA,United States,2025-05-11,Email Marketing,Standard
CUST-01905,Aiden,Campbell,aiden.campbell451@example.com,Philadelphia,PA,United States,2023-05-28,Social Media (Instagram/TikTok),Standard
CUST-01906,Elizabeth,Rivera,elizabeth.rivera147@example.com,San Antonio,TX,United States,2025-02-21,Paid Search (Google),Standard
CUST-01907,Lucas,Lewis,lucas.lewis590@example.com,Kansas City,MO,United States,2023-08-10,Paid Search (Google),Standard
CUST-01908,Mila,Brown,mila.brown777@example.com,Philadelphia,PA,United States,2023-06-28,Social Media (Instagram/TikTok),Standard
CUST-01909,John,Lewis,john.lewis651@example.com,Charlotte,NC,United States,2023-01-10,Paid Search (Google),Standard
CUST-01910,Benjamin,Jackson,benjamin.jackson97@example.com,Denver,CO,United States,2023-02-11,Social Media (Instagram/TikTok),Standard
CUST-01911,William,Perez,william.perez40@example.com,Nashville,TN,United States,2023-09-24,Email Marketing,Standard
CUST-01912,Grayson,Baker,grayson.baker788@example.com,Houston,TX,United States,2022-06-20,Organic Search,Standard
CUST-01913,Sebastian,Carter,sebastian.carter988@example.com,New York,NY,United States,2026-02-22,Affiliate Referral,Standard
CUST-01914,Sophia,Miller,sophia.miller226@example.com,Portland,OR,United States,2022-06-15,Email Marketing,Standard
CUST-01915,Sebastian,Young,sebastian.young494@example.com,Columbus,OH,United States,2024-04-21,Affiliate Referral,Standard
CUST-01916,Jack,Perez,jack.perez389@example.com,Las Vegas,NV,United States,2024-05-03,Social Media (Instagram/TikTok),Standard
CUST-01917,Henry,White,henry.white691@example.com,Denver,CO,United States,2024-07-15,Affiliate Referral,Standard
CUST-01918,Isabella,Thompson,isabella.thompson904@example.com,San Jose,CA,United States,2022-12-23,Organic Search,Standard
CUST-01919,Jayden,Hall,jayden.hall421@example.com,Raleigh,NC,United States,2023-03-12,Organic Search,Standard
CUST-01920,Harper,King,harper.king296@example.com,Salt Lake City,UT,United States,2023-10-23,Social Media (Instagram/TikTok),Standard
CUST-01921,Nora,Flores,nora.flores712@example.com,Las Vegas,NV,United States,2025-01-29,Affiliate Referral,Standard
CUST-01922,John,Nelson,john.nelson202@example.com,New York,NY,United States,2025-12-28,Social Media (Instagram/TikTok),Standard
CUST-01923,Liam,Green,liam.green378@example.com,Tampa,FL,United States,2022-09-02,Social Media (Instagram/TikTok),Standard
CUST-01924,Luke,Anderson,luke.anderson631@example.com,Miami,FL,United States,2024-08-28,Affiliate Referral,Standard
CUST-01925,Benjamin,Thompson,benjamin.thompson448@example.com,Miami,FL,United States,2026-02-08,Organic Search,Standard
CUST-01926,Penelope,Jackson,penelope.jackson631@example.com,San Antonio,TX,United States,2026-05-29,Paid Search (Google),Standard
CUST-01927,Noah,Rodriguez,noah.rodriguez519@example.com,Indianapolis,IN,United States,2022-11-26,Social Media (Instagram/TikTok),Standard
CUST-01928,Lily,Hernandez,lily.hernandez927@example.com,Atlanta,GA,United States,2023-01-23,Email Marketing,Standard
CUST-01929,Henry,Thomas,henry.thomas226@example.com,Philadelphia,PA,United States,2026-02-11,Organic Search,Standard
CUST-01930,Amelia,Ramirez,amelia.ramirez742@example.com,New York,NY,United States,2023-04-25,Social Media (Instagram/TikTok),Standard
CUST-01931,Penelope,Roberts,penelope.roberts297@example.com,San Diego,CA,United States,2023-11-10,Email Marketing,Standard
CUST-01932,Harper,Nelson,harper.nelson149@example.com,San Francisco,CA,United States,2025-12-19,Email Marketing,Standard
CUST-01933,Charlotte,Hall,charlotte.hall350@example.com,Tampa,FL,United States,2023-09-02,Affiliate Referral,Standard
CUST-01934,William,Adams,william.adams361@example.com,Denver,CO,United States,2024-07-21,Affiliate Referral,Standard
CUST-01935,Zoey,Anderson,zoey.anderson238@example.com,Dallas,TX,United States,2023-01-23,Social Media (Instagram/TikTok),Standard
CUST-01936,Charlotte,Davis,charlotte.davis101@example.com,San Jose,CA,United States,2025-09-25,Paid Search (Google),Standard
CUST-01937,Lucas,Torres,lucas.torres386@example.com,Phoenix,AZ,United States,2024-03-03,Email Marketing,Standard
CUST-01938,James,Martin,james.martin73@example.com,Nashville,TN,United States,2025-06-01,Paid Search (Google),Standard
CUST-01939,Penelope,Ramirez,penelope.ramirez337@example.com,Columbus,OH,United States,2024-06-17,Paid Search (Google),Standard
CUST-01940,Daniel,Miller,daniel.miller414@example.com,New York,NY,United States,2025-06-07,Email Marketing,Standard
CUST-01941,Samuel,Martinez,samuel.martinez845@example.com,Austin,TX,United States,2023-08-23,Email Marketing,Standard
CUST-01942,Jayden,Martinez,jayden.martinez625@example.com,Austin,TX,United States,2023-03-26,Organic Search,Standard
CUST-01943,Samuel,Martin,samuel.martin524@example.com,Salt Lake City,UT,United States,2023-02-08,Social Media (Instagram/TikTok),Standard
CUST-01944,Eleanor,Green,eleanor.green858@example.com,San Antonio,TX,United States,2025-03-10,Social Media (Instagram/TikTok),Standard
CUST-01945,Owen,Brown,owen.brown839@example.com,San Jose,CA,United States,2023-04-09,Paid Search (Google),Standard
CUST-01946,Daniel,Hall,daniel.hall763@example.com,Los Angeles,CA,United States,2023-06-02,Email Marketing,Standard
CUST-01947,Wyatt,Martin,wyatt.martin844@example.com,Las Vegas,NV,United States,2023-04-23,Organic Search,Standard
CUST-01948,Wyatt,Perez,wyatt.perez442@example.com,Las Vegas,NV,United States,2025-01-25,Social Media (Instagram/TikTok),Standard
CUST-01949,Wyatt,Sanchez,wyatt.sanchez83@example.com,Portland,OR,United States,2024-01-01,Social Media (Instagram/TikTok),Standard
CUST-01950,Jacob,Hall,jacob.hall886@example.com,San Francisco,CA,United States,2024-08-15,Organic Search,Standard
CUST-01951,Mason,Lee,mason.lee780@example.com,Indianapolis,IN,United States,2025-09-01,Organic Search,Standard
CUST-01952,Matthew,Robinson,matthew.robinson680@example.com,Philadelphia,PA,United States,2025-08-26,Paid Search (Google),Standard
CUST-01953,Luke,Hall,luke.hall504@example.com,Austin,TX,United States,2023-03-24,Paid Search (Google),Standard
CUST-01954,Ella,Mitchell,ella.mitchell210@example.com,Raleigh,NC,United States,2026-01-24,Organic Search,Standard
CUST-01955,Carter,Campbell,carter.campbell886@example.com,Nashville,TN,United States,2022-12-26,Paid Search (Google),Standard
CUST-01956,Owen,Ramirez,owen.ramirez705@example.com,Kansas City,MO,United States,2023-05-11,Organic Search,Standard
CUST-01957,Elijah,Thompson,elijah.thompson495@example.com,Philadelphia,PA,United States,2022-09-16,Organic Search,Standard
CUST-01958,Luna,Nguyen,luna.nguyen454@example.com,Phoenix,AZ,United States,2025-12-06,Email Marketing,Standard
CUST-01959,Sofia,Williams,sofia.williams131@example.com,San Diego,CA,United States,2024-08-21,Email Marketing,Standard
CUST-01960,Matthew,Hall,matthew.hall620@example.com,Philadelphia,PA,United States,2026-01-27,Email Marketing,Standard
CUST-01961,Charlotte,Roberts,charlotte.roberts484@example.com,Tampa,FL,United States,2026-01-22,Email Marketing,Standard
CUST-01962,Aria,Green,aria.green678@example.com,Atlanta,GA,United States,2024-06-22,Organic Search,Standard
CUST-01963,Harper,Davis,harper.davis94@example.com,Houston,TX,United States,2025-02-26,Affiliate Referral,Standard
CUST-01964,Daniel,Johnson,daniel.johnson610@example.com,Nashville,TN,United States,2025-08-16,Email Marketing,Standard
CUST-01965,Aria,Hall,aria.hall773@example.com,Houston,TX,United States,2025-09-27,Paid Search (Google),Standard
CUST-01966,Penelope,Walker,penelope.walker670@example.com,Salt Lake City,UT,United States,2024-11-05,Social Media (Instagram/TikTok),Standard
CUST-01967,Mason,Miller,mason.miller343@example.com,Chicago,IL,United States,2026-06-01,Affiliate Referral,Standard
CUST-01968,Elizabeth,Sanchez,elizabeth.sanchez842@example.com,Salt Lake City,UT,United States,2022-07-11,Email Marketing,Standard
CUST-01969,Grayson,Jones,grayson.jones541@example.com,Kansas City,MO,United States,2025-09-10,Affiliate Referral,Standard
CUST-01970,Harper,Carter,harper.carter781@example.com,San Antonio,TX,United States,2026-02-08,Organic Search,Standard
CUST-01971,Elizabeth,Hill,elizabeth.hill721@example.com,Philadelphia,PA,United States,2022-06-11,Affiliate Referral,Standard
CUST-01972,Nora,Lee,nora.lee135@example.com,Los Angeles,CA,United States,2023-02-19,Affiliate Referral,Standard
CUST-01973,Michael,Adams,michael.adams175@example.com,Chicago,IL,United States,2025-07-26,Social Media (Instagram/TikTok),Standard
CUST-01974,Noah,Garcia,noah.garcia137@example.com,Portland,OR,United States,2024-02-02,Social Media (Instagram/TikTok),Standard
CUST-01975,Emily,Ramirez,emily.ramirez977@example.com,Las Vegas,NV,United States,2022-06-01,Paid Search (Google),Standard
CUST-01976,Matthew,Williams,matthew.williams978@example.com,Portland,OR,United States,2024-01-22,Affiliate Referral,Standard
CUST-01977,Luke,Rodriguez,luke.rodriguez600@example.com,Miami,FL,United States,2026-04-24,Social Media (Instagram/TikTok),Standard
CUST-01978,Grace,Hill,grace.hill561@example.com,Portland,OR,United States,2023-08-04,Organic Search,Standard
CUST-01979,Sophia,Thomas,sophia.thomas47@example.com,San Antonio,TX,United States,2023-03-18,Social Media (Instagram/TikTok),Standard
CUST-01980,Ella,Rodriguez,ella.rodriguez626@example.com,San Francisco,CA,United States,2023-08-17,Affiliate Referral,Standard
CUST-01981,Grace,Moore,grace.moore141@example.com,Raleigh,NC,United States,2025-11-26,Email Marketing,Standard
CUST-01982,Mia,Scott,mia.scott271@example.com,Dallas,TX,United States,2024-07-21,Paid Search (Google),Standard
CUST-01983,Layla,Robinson,layla.robinson95@example.com,Dallas,TX,United States,2026-03-17,Email Marketing,Standard
CUST-01984,Logan,Wright,logan.wright218@example.com,Chicago,IL,United States,2025-12-11,Social Media (Instagram/TikTok),Standard
CUST-01985,Jacob,Rivera,jacob.rivera391@example.com,Nashville,TN,United States,2026-02-06,Affiliate Referral,Standard
CUST-01986,Alexander,Clark,alexander.clark851@example.com,Phoenix,AZ,United States,2024-03-09,Email Marketing,Standard
CUST-01987,Owen,Johnson,owen.johnson997@example.com,Charlotte,NC,United States,2023-10-20,Organic Search,Standard
CUST-01988,Sebastian,Davis,sebastian.davis554@example.com,Houston,TX,United States,2026-04-01,Affiliate Referral,Standard
CUST-01989,John,Jones,john.jones347@example.com,Minneapolis,MN,United States,2022-11-30,Social Media (Instagram/TikTok),Standard
CUST-01990,David,Roberts,david.roberts289@example.com,Phoenix,AZ,United States,2023-09-06,Social Media (Instagram/TikTok),Standard
CUST-01991,Emma,Miller,emma.miller396@example.com,San Diego,CA,United States,2024-07-15,Organic Search,Standard
CUST-01992,Harper,Lopez,harper.lopez549@example.com,Raleigh,NC,United States,2024-02-18,Affiliate Referral,Standard
CUST-01993,Grayson,Miller,grayson.miller551@example.com,Seattle,WA,United States,2026-05-05,Affiliate Referral,Standard
CUST-01994,Aiden,Scott,aiden.scott287@example.com,Charlotte,NC,United States,2022-12-20,Organic Search,Standard
CUST-01995,Emily,Lee,emily.lee979@example.com,Columbus,OH,United States,2024-08-06,Paid Search (Google),Standard
CUST-01996,Joseph,Mitchell,joseph.mitchell704@example.com,Indianapolis,IN,United States,2025-05-24,Affiliate Referral,Standard
CUST-01997,Layla,Walker,layla.walker616@example.com,Phoenix,AZ,United States,2023-11-13,Organic Search,Standard
CUST-01998,Abigail,Nelson,abigail.nelson139@example.com,Phoenix,AZ,United States,2024-07-15,Affiliate Referral,Standard
CUST-01999,Sebastian,Brown,sebastian.brown950@example.com,Raleigh,NC,United States,2025-12-31,Social Media (Instagram/TikTok),Standard
CUST-02000,Sofia,Baker,sofia.baker633@example.com,Boston,MA,United States,2026-05-18,Email Marketing,Standard
CUST-02001,Elizabeth,Lewis,elizabeth.lewis372@example.com,Indianapolis,IN,United States,2025-01-15,Affiliate Referral,Standard
CUST-02002,Aiden,Moore,aiden.moore985@example.com,Boston,MA,United States,2025-05-02,Paid Search (Google),Standard
CUST-02003,Victoria,Green,victoria.green888@example.com,Chicago,IL,United States,2024-02-16,Email Marketing,Standard
CUST-02004,Samuel,Garcia,samuel.garcia659@example.com,Chicago,IL,United States,2022-11-05,Paid Search (Google),Standard
CUST-02005,Charlotte,Hernandez,charlotte.hernandez599@example.com,Los Angeles,CA,United States,2022-11-21,Social Media (Instagram/TikTok),Standard
CUST-02006,Hannah,Smith,hannah.smith995@example.com,Boston,MA,United States,2026-03-18,Affiliate Referral,Standard
CUST-02007,Evelyn,Walker,evelyn.walker519@example.com,Portland,OR,United States,2026-04-04,Affiliate Referral,Standard
CUST-02008,Harper,Sanchez,harper.sanchez24@example.com,Charlotte,NC,United States,2023-06-25,Organic Search,Standard
CUST-02009,Jack,Hall,jack.hall557@example.com,Raleigh,NC,United States,2024-05-07,Paid Search (Google),Standard
CUST-02010,Sophia,Hill,sophia.hill469@example.com,Philadelphia,PA,United States,2026-03-13,Affiliate Referral,Standard
CUST-02011,Daniel,Lopez,daniel.lopez86@example.com,Seattle,WA,United States,2023-03-01,Affiliate Referral,Standard
CUST-02012,Grace,Brown,grace.brown442@example.com,Miami,FL,United States,2024-07-16,Paid Search (Google),Standard
CUST-02013,Chloe,Davis,chloe.davis356@example.com,Las Vegas,NV,United States,2023-10-25,Affiliate Referral,Standard
CUST-02014,Harper,Jackson,harper.jackson316@example.com,Miami,FL,United States,2024-01-23,Social Media (Instagram/TikTok),Standard
CUST-02015,Ella,Smith,ella.smith765@example.com,Minneapolis,MN,United States,2025-08-08,Email Marketing,Standard
CUST-02016,Ella,Martin,ella.martin961@example.com,Minneapolis,MN,United States,2025-04-21,Organic Search,Standard
CUST-02017,Lily,Flores,lily.flores878@example.com,Miami,FL,United States,2022-09-26,Social Media (Instagram/TikTok),Standard
CUST-02018,James,Flores,james.flores481@example.com,San Jose,CA,United States,2024-02-02,Social Media (Instagram/TikTok),Standard
CUST-02019,Amelia,Smith,amelia.smith368@example.com,Raleigh,NC,United States,2023-06-17,Email Marketing,Standard
CUST-02020,Grace,Smith,grace.smith113@example.com,Boston,MA,United States,2025-03-04,Paid Search (Google),Standard
CUST-02021,Benjamin,King,benjamin.king536@example.com,Phoenix,AZ,United States,2024-09-19,Organic Search,Standard
CUST-02022,Grayson,Smith,grayson.smith169@example.com,Columbus,OH,United States,2026-02-04,Social Media (Instagram/TikTok),Standard
CUST-02023,Daniel,Walker,daniel.walker414@example.com,Seattle,WA,United States,2024-02-03,Social Media (Instagram/TikTok),Standard
CUST-02024,Jack,Lopez,jack.lopez559@example.com,Indianapolis,IN,United States,2023-12-04,Organic Search,Standard
CUST-02025,Luke,Nelson,luke.nelson869@example.com,Atlanta,GA,United States,2023-04-28,Paid Search (Google),Standard
CUST-02026,Grace,Mitchell,grace.mitchell454@example.com,New York,NY,United States,2024-06-05,Paid Search (Google),Standard
CUST-02027,Lucas,Gonzalez,lucas.gonzalez301@example.com,Los Angeles,CA,United States,2023-03-01,Email Marketing,Standard
CUST-02028,Riley,Mitchell,riley.mitchell349@example.com,Los Angeles,CA,United States,2023-04-25,Paid Search (Google),Standard
CUST-02029,Eleanor,Nelson,eleanor.nelson282@example.com,Houston,TX,United States,2024-10-10,Email Marketing,Standard
CUST-02030,Hannah,Baker,hannah.baker741@example.com,Phoenix,AZ,United States,2024-03-27,Email Marketing,Standard
CUST-02031,Penelope,Rodriguez,penelope.rodriguez122@example.com,Houston,TX,United States,2022-07-14,Paid Search (Google),Standard
CUST-02032,Abigail,Thompson,abigail.thompson522@example.com,New York,NY,United States,2026-04-02,Paid Search (Google),Standard
CUST-02033,Oliver,Baker,oliver.baker859@example.com,San Jose,CA,United States,2024-10-27,Affiliate Referral,Standard
CUST-02034,Emma,Ramirez,emma.ramirez501@example.com,Austin,TX,United States,2023-12-30,Email Marketing,Standard
CUST-02035,Benjamin,Carter,benjamin.carter449@example.com,San Diego,CA,United States,2025-11-16,Paid Search (Google),Standard
CUST-02036,Elizabeth,Thomas,elizabeth.thomas297@example.com,Columbus,OH,United States,2023-01-22,Social Media (Instagram/TikTok),Standard
CUST-02037,Sofia,Nelson,sofia.nelson850@example.com,Boston,MA,United States,2023-07-12,Email Marketing,Standard
CUST-02038,Amelia,Hall,amelia.hall757@example.com,Portland,OR,United States,2025-11-03,Paid Search (Google),Standard
CUST-02039,Jacob,Nguyen,jacob.nguyen654@example.com,Minneapolis,MN,United States,2023-04-01,Paid Search (Google),Standard
CUST-02040,Harper,Rodriguez,harper.rodriguez420@example.com,Los Angeles,CA,United States,2023-12-13,Paid Search (Google),Standard
CUST-02041,Logan,Ramirez,logan.ramirez28@example.com,Charlotte,NC,United States,2023-07-14,Organic Search,Standard
CUST-02042,Oliver,Harris,oliver.harris427@example.com,Portland,OR,United States,2024-02-18,Paid Search (Google),Standard
CUST-02043,Daniel,Perez,daniel.perez446@example.com,Miami,FL,United States,2022-10-04,Affiliate Referral,Standard
CUST-02044,Jack,Adams,jack.adams62@example.com,Austin,TX,United States,2023-01-12,Social Media (Instagram/TikTok),Standard
CUST-02045,Carter,Moore,carter.moore975@example.com,Seattle,WA,United States,2026-05-28,Email Marketing,Standard
CUST-02046,Sofia,Lee,sofia.lee926@example.com,Los Angeles,CA,United States,2023-06-08,Organic Search,Standard
CUST-02047,James,Brown,james.brown686@example.com,Raleigh,NC,United States,2024-03-20,Paid Search (Google),Standard
CUST-02048,Aiden,Walker,aiden.walker296@example.com,Charlotte,NC,United States,2022-12-24,Email Marketing,Standard
CUST-02049,Elizabeth,Taylor,elizabeth.taylor981@example.com,Miami,FL,United States,2024-06-14,Social Media (Instagram/TikTok),Standard
CUST-02050,Matthew,Davis,matthew.davis109@example.com,Las Vegas,NV,United States,2022-06-28,Affiliate Referral,Standard
CUST-02051,Mason,Perez,mason.perez379@example.com,Raleigh,NC,United States,2024-06-10,Affiliate Referral,Standard
CUST-02052,Chloe,Thomas,chloe.thomas675@example.com,Dallas,TX,United States,2023-08-05,Affiliate Referral,Standard
CUST-02053,Penelope,Garcia,penelope.garcia918@example.com,Houston,TX,United States,2023-02-23,Affiliate Referral,Standard
CUST-02054,Harper,Williams,harper.williams610@example.com,Minneapolis,MN,United States,2023-06-26,Paid Search (Google),Standard
CUST-02055,Nora,Miller,nora.miller86@example.com,San Francisco,CA,United States,2025-11-19,Social Media (Instagram/TikTok),Standard
CUST-02056,Matthew,Campbell,matthew.campbell495@example.com,Columbus,OH,United States,2023-07-19,Affiliate Referral,Standard
CUST-02057,Abigail,Williams,abigail.williams140@example.com,San Antonio,TX,United States,2024-10-04,Affiliate Referral,Standard
CUST-02058,Jackson,Carter,jackson.carter883@example.com,Tampa,FL,United States,2025-07-22,Social Media (Instagram/TikTok),Standard
CUST-02059,Carter,Lewis,carter.lewis654@example.com,Salt Lake City,UT,United States,2023-01-27,Email Marketing,Standard
CUST-02060,William,Walker,william.walker439@example.com,Portland,OR,United States,2025-03-28,Organic Search,Standard
CUST-02061,Emily,Hill,emily.hill290@example.com,Salt Lake City,UT,United States,2023-02-20,Social Media (Instagram/TikTok),Standard
CUST-02062,Sophia,Torres,sophia.torres72@example.com,Indianapolis,IN,United States,2026-04-21,Paid Search (Google),Standard
CUST-02063,Wyatt,Young,wyatt.young711@example.com,San Francisco,CA,United States,2025-04-17,Organic Search,Standard
CUST-02064,Emily,Lewis,emily.lewis778@example.com,Portland,OR,United States,2024-07-26,Affiliate Referral,Standard
CUST-02065,Penelope,Sanchez,penelope.sanchez631@example.com,Dallas,TX,United States,2023-07-29,Paid Search (Google),Standard
CUST-02066,James,Hernandez,james.hernandez595@example.com,San Antonio,TX,United States,2025-09-25,Organic Search,Standard
CUST-02067,Jayden,Allen,jayden.allen734@example.com,Raleigh,NC,United States,2025-05-11,Social Media (Instagram/TikTok),Standard
CUST-02068,Matthew,Anderson,matthew.anderson313@example.com,Salt Lake City,UT,United States,2023-12-02,Affiliate Referral,Standard
CUST-02069,Harper,Hernandez,harper.hernandez239@example.com,Los Angeles,CA,United States,2025-05-28,Paid Search (Google),Standard
CUST-02070,Scarlett,Williams,scarlett.williams664@example.com,Phoenix,AZ,United States,2023-12-21,Paid Search (Google),Standard
CUST-02071,Sebastian,Brown,sebastian.brown667@example.com,San Diego,CA,United States,2023-08-05,Affiliate Referral,Standard
CUST-02072,Lucas,Smith,lucas.smith674@example.com,Seattle,WA,United States,2025-12-17,Affiliate Referral,Standard
CUST-02073,Chloe,Lee,chloe.lee95@example.com,Salt Lake City,UT,United States,2025-06-29,Social Media (Instagram/TikTok),Standard
CUST-02074,Evelyn,Clark,evelyn.clark929@example.com,Charlotte,NC,United States,2024-01-25,Social Media (Instagram/TikTok),Standard
CUST-02075,Isabella,Green,isabella.green845@example.com,New York,NY,United States,2024-05-29,Paid Search (Google),Standard
CUST-02076,Aria,Lopez,aria.lopez272@example.com,New York,NY,United States,2025-06-05,Affiliate Referral,Standard
CUST-02077,Amelia,Campbell,amelia.campbell773@example.com,Salt Lake City,UT,United States,2024-07-22,Social Media (Instagram/TikTok),Standard
CUST-02078,Michael,Lewis,michael.lewis235@example.com,San Jose,CA,United States,2023-12-03,Paid Search (Google),Standard
CUST-02079,Wyatt,Martinez,wyatt.martinez466@example.com,San Diego,CA,United States,2024-11-05,Social Media (Instagram/TikTok),Standard
CUST-02080,Logan,Walker,logan.walker105@example.com,Miami,FL,United States,2023-06-07,Email Marketing,Standard
CUST-02081,Elizabeth,Lopez,elizabeth.lopez203@example.com,Nashville,TN,United States,2025-03-01,Paid Search (Google),Standard
CUST-02082,Aiden,Johnson,aiden.johnson327@example.com,Philadelphia,PA,United States,2023-05-30,Email Marketing,Standard
CUST-02083,Jacob,Jones,jacob.jones156@example.com,Chicago,IL,United States,2024-10-21,Paid Search (Google),Standard
CUST-02084,Jayden,Adams,jayden.adams422@example.com,Houston,TX,United States,2025-05-14,Paid Search (Google),Standard
CUST-02085,Emma,Hill,emma.hill112@example.com,Denver,CO,United States,2024-07-26,Organic Search,Standard
CUST-02086,Lucas,Smith,lucas.smith791@example.com,Kansas City,MO,United States,2026-01-10,Organic Search,Standard
CUST-02087,Mason,Thomas,mason.thomas798@example.com,Chicago,IL,United States,2023-12-01,Paid Search (Google),Standard
CUST-02088,Emma,Smith,emma.smith990@example.com,Indianapolis,IN,United States,2023-01-04,Affiliate Referral,Standard
CUST-02089,Luna,Rivera,luna.rivera97@example.com,San Antonio,TX,United States,2023-03-13,Email Marketing,Standard
CUST-02090,Luke,Hernandez,luke.hernandez324@example.com,San Jose,CA,United States,2025-02-05,Paid Search (Google),Standard
CUST-02091,Sofia,Brown,sofia.brown566@example.com,Salt Lake City,UT,United States,2023-11-30,Affiliate Referral,Standard
CUST-02092,Harper,Johnson,harper.johnson854@example.com,Los Angeles,CA,United States,2022-12-28,Affiliate Referral,Standard
CUST-02093,Scarlett,Miller,scarlett.miller533@example.com,Kansas City,MO,United States,2024-09-28,Paid Search (Google),Standard
CUST-02094,James,Anderson,james.anderson34@example.com,San Diego,CA,United States,2024-10-22,Email Marketing,Standard
CUST-02095,Logan,Thompson,logan.thompson681@example.com,Austin,TX,United States,2023-09-06,Email Marketing,Standard
CUST-02096,Lucas,Young,lucas.young183@example.com,Houston,TX,United States,2023-09-03,Organic Search,Standard
CUST-02097,Aiden,Thompson,aiden.thompson88@example.com,Charlotte,NC,United States,2024-04-14,Organic Search,Standard
CUST-02098,Carter,Garcia,carter.garcia927@example.com,Los Angeles,CA,United States,2025-10-21,Paid Search (Google),Standard
CUST-02099,Ethan,Ramirez,ethan.ramirez553@example.com,San Jose,CA,United States,2025-10-11,Paid Search (Google),Standard
CUST-02100,Jack,Martinez,jack.martinez924@example.com,Las Vegas,NV,United States,2026-04-08,Social Media (Instagram/TikTok),Standard
CUST-02101,Aiden,Thompson,aiden.thompson906@example.com,Houston,TX,United States,2023-12-08,Email Marketing,Standard
CUST-02102,Chloe,Taylor,chloe.taylor840@example.com,Salt Lake City,UT,United States,2022-11-04,Organic Search,Standard
CUST-02103,Abigail,Roberts,abigail.roberts681@example.com,Phoenix,AZ,United States,2024-03-17,Paid Search (Google),Standard
CUST-02104,Penelope,Lewis,penelope.lewis748@example.com,Indianapolis,IN,United States,2025-02-04,Organic Search,Standard
CUST-02105,Lucas,Torres,lucas.torres447@example.com,Raleigh,NC,United States,2023-12-23,Paid Search (Google),Standard
CUST-02106,Charlotte,Lee,charlotte.lee140@example.com,Philadelphia,PA,United States,2024-07-28,Social Media (Instagram/TikTok),Standard
CUST-02107,Samuel,Young,samuel.young444@example.com,Miami,FL,United States,2026-04-21,Email Marketing,Standard
CUST-02108,David,Rodriguez,david.rodriguez831@example.com,Minneapolis,MN,United States,2023-10-17,Email Marketing,Standard
CUST-02109,Riley,Scott,riley.scott519@example.com,San Francisco,CA,United States,2025-05-29,Email Marketing,Standard
CUST-02110,Avery,Harris,avery.harris95@example.com,Nashville,TN,United States,2024-10-11,Affiliate Referral,Standard
CUST-02111,Daniel,Hall,daniel.hall99@example.com,San Diego,CA,United States,2024-06-10,Organic Search,Standard
CUST-02112,Michael,Johnson,michael.johnson381@example.com,San Francisco,CA,United States,2025-01-26,Paid Search (Google),Standard
CUST-02113,Lucas,Brown,lucas.brown943@example.com,Seattle,WA,United States,2024-06-09,Paid Search (Google),Standard
CUST-02114,Scarlett,Robinson,scarlett.robinson157@example.com,Kansas City,MO,United States,2025-07-04,Email Marketing,Standard
CUST-02115,Sofia,Wilson,sofia.wilson857@example.com,San Diego,CA,United States,2022-09-23,Paid Search (Google),Standard
CUST-02116,Harper,Hall,harper.hall730@example.com,Phoenix,AZ,United States,2024-07-13,Organic Search,Standard
CUST-02117,Jack,White,jack.white65@example.com,Salt Lake City,UT,United States,2023-01-04,Affiliate Referral,Standard
CUST-02118,Mia,Walker,mia.walker867@example.com,Charlotte,NC,United States,2023-04-20,Organic Search,Standard
CUST-02119,Logan,White,logan.white154@example.com,Chicago,IL,United States,2023-10-15,Organic Search,Standard
CUST-02120,Emma,Torres,emma.torres861@example.com,Kansas City,MO,United States,2024-09-30,Paid Search (Google),Standard
CUST-02121,Elizabeth,Walker,elizabeth.walker771@example.com,Phoenix,AZ,United States,2025-05-16,Social Media (Instagram/TikTok),Standard
CUST-02122,Dylan,Clark,dylan.clark749@example.com,San Jose,CA,United States,2024-11-26,Organic Search,Standard
CUST-02123,Aiden,Davis,aiden.davis169@example.com,Los Angeles,CA,United States,2026-01-06,Organic Search,Standard
CUST-02124,Ethan,Allen,ethan.allen174@example.com,New York,NY,United States,2024-08-20,Email Marketing,Standard
CUST-02125,Jayden,Scott,jayden.scott738@example.com,Kansas City,MO,United States,2023-11-11,Affiliate Referral,Standard
CUST-02126,Victoria,Rivera,victoria.rivera242@example.com,Boston,MA,United States,2023-04-18,Social Media (Instagram/TikTok),Standard
CUST-02127,Charlotte,King,charlotte.king396@example.com,Phoenix,AZ,United States,2023-08-08,Email Marketing,Standard
CUST-02128,Isabella,Anderson,isabella.anderson411@example.com,Philadelphia,PA,United States,2025-07-20,Affiliate Referral,Standard
CUST-02129,Mia,Hall,mia.hall489@example.com,Miami,FL,United States,2024-03-03,Email Marketing,Standard
CUST-02130,Owen,Hernandez,owen.hernandez65@example.com,Indianapolis,IN,United States,2024-06-30,Email Marketing,Standard
CUST-02131,Jacob,Moore,jacob.moore121@example.com,Houston,TX,United States,2022-11-07,Social Media (Instagram/TikTok),Standard
CUST-02132,David,Johnson,david.johnson255@example.com,Austin,TX,United States,2023-04-30,Affiliate Referral,Standard
CUST-02133,Amelia,Jones,amelia.jones226@example.com,Charlotte,NC,United States,2022-06-23,Social Media (Instagram/TikTok),Standard
CUST-02134,Jacob,Scott,jacob.scott216@example.com,Minneapolis,MN,United States,2022-08-06,Paid Search (Google),Standard
CUST-02135,Sebastian,Garcia,sebastian.garcia593@example.com,Nashville,TN,United States,2022-08-31,Affiliate Referral,Standard
CUST-02136,Eleanor,Williams,eleanor.williams59@example.com,San Jose,CA,United States,2022-12-08,Social Media (Instagram/TikTok),Standard
CUST-02137,Emma,Thompson,emma.thompson779@example.com,Austin,TX,United States,2024-08-24,Affiliate Referral,Standard
CUST-02138,Jacob,Lee,jacob.lee779@example.com,Denver,CO,United States,2024-05-29,Paid Search (Google),Standard
CUST-02139,Elijah,Perez,elijah.perez427@example.com,Raleigh,NC,United States,2025-03-28,Organic Search,Standard
CUST-02140,Abigail,Johnson,abigail.johnson611@example.com,Indianapolis,IN,United States,2024-07-22,Email Marketing,Standard
CUST-02141,Noah,Jackson,noah.jackson175@example.com,Phoenix,AZ,United States,2026-03-29,Email Marketing,Standard
CUST-02142,Benjamin,Green,benjamin.green105@example.com,Salt Lake City,UT,United States,2023-09-18,Paid Search (Google),Standard
CUST-02143,Logan,Roberts,logan.roberts745@example.com,Philadelphia,PA,United States,2025-03-24,Affiliate Referral,Standard
CUST-02144,Luna,Lewis,luna.lewis814@example.com,Phoenix,AZ,United States,2024-04-25,Social Media (Instagram/TikTok),Standard
CUST-02145,Carter,Flores,carter.flores886@example.com,Boston,MA,United States,2022-08-21,Email Marketing,Standard
CUST-02146,Henry,Wilson,henry.wilson635@example.com,Charlotte,NC,United States,2022-11-01,Paid Search (Google),Standard
CUST-02147,Hannah,Miller,hannah.miller834@example.com,New York,NY,United States,2023-03-20,Social Media (Instagram/TikTok),Standard
CUST-02148,Charlotte,Young,charlotte.young106@example.com,Atlanta,GA,United States,2024-03-04,Paid Search (Google),Standard
CUST-02149,Scarlett,Hernandez,scarlett.hernandez79@example.com,Dallas,TX,United States,2025-08-24,Social Media (Instagram/TikTok),Standard
CUST-02150,Grace,Garcia,grace.garcia82@example.com,Philadelphia,PA,United States,2026-05-26,Email Marketing,Standard
CUST-02151,Camila,Walker,camila.walker272@example.com,Columbus,OH,United States,2024-11-22,Paid Search (Google),Standard
CUST-02152,Harper,Torres,harper.torres509@example.com,Los Angeles,CA,United States,2024-06-14,Social Media (Instagram/TikTok),Standard
CUST-02153,Layla,Clark,layla.clark887@example.com,Charlotte,NC,United States,2026-03-25,Paid Search (Google),Standard
CUST-02154,Luke,White,luke.white534@example.com,Tampa,FL,United States,2025-12-01,Social Media (Instagram/TikTok),Standard
CUST-02155,Chloe,Garcia,chloe.garcia708@example.com,Boston,MA,United States,2025-04-02,Email Marketing,Standard
CUST-02156,Camila,Baker,camila.baker53@example.com,Charlotte,NC,United States,2026-01-09,Organic Search,Standard
CUST-02157,Sofia,Hall,sofia.hall850@example.com,San Francisco,CA,United States,2022-06-17,Paid Search (Google),Standard
CUST-02158,Amelia,Jackson,amelia.jackson394@example.com,Philadelphia,PA,United States,2025-08-11,Email Marketing,Standard
CUST-02159,Mia,Anderson,mia.anderson407@example.com,Tampa,FL,United States,2025-01-02,Organic Search,Standard
CUST-02160,Joseph,Robinson,joseph.robinson489@example.com,Minneapolis,MN,United States,2025-05-31,Email Marketing,Standard
CUST-02161,Amelia,Garcia,amelia.garcia194@example.com,Raleigh,NC,United States,2023-01-08,Email Marketing,Standard
CUST-02162,Zoey,Gonzalez,zoey.gonzalez421@example.com,San Jose,CA,United States,2022-10-11,Social Media (Instagram/TikTok),Standard
CUST-02163,Luna,Hill,luna.hill507@example.com,San Antonio,TX,United States,2026-05-09,Email Marketing,Standard
CUST-02164,Lucas,Moore,lucas.moore475@example.com,Los Angeles,CA,United States,2025-06-21,Paid Search (Google),Standard
CUST-02165,Dylan,Martinez,dylan.martinez665@example.com,San Antonio,TX,United States,2024-03-17,Affiliate Referral,Standard
CUST-02166,Noah,Hill,noah.hill802@example.com,Denver,CO,United States,2022-10-06,Social Media (Instagram/TikTok),Standard
CUST-02167,Zoey,Walker,zoey.walker228@example.com,Los Angeles,CA,United States,2023-08-08,Organic Search,Standard
CUST-02168,Jack,Moore,jack.moore268@example.com,Minneapolis,MN,United States,2023-05-27,Organic Search,Standard
CUST-02169,Logan,Jones,logan.jones290@example.com,Denver,CO,United States,2022-11-15,Social Media (Instagram/TikTok),Standard
CUST-02170,Nora,Clark,nora.clark547@example.com,San Antonio,TX,United States,2026-03-03,Social Media (Instagram/TikTok),Standard
CUST-02171,Elizabeth,Brown,elizabeth.brown104@example.com,Boston,MA,United States,2024-05-01,Social Media (Instagram/TikTok),Standard
CUST-02172,Emily,Gonzalez,emily.gonzalez367@example.com,Boston,MA,United States,2025-02-11,Email Marketing,Standard
CUST-02173,Alexander,Hall,alexander.hall457@example.com,Seattle,WA,United States,2026-04-20,Affiliate Referral,Standard
CUST-02174,Penelope,Smith,penelope.smith584@example.com,Indianapolis,IN,United States,2025-10-05,Paid Search (Google),Standard
CUST-02175,Mia,Campbell,mia.campbell693@example.com,Nashville,TN,United States,2025-11-14,Paid Search (Google),Standard
CUST-02176,Madison,Nelson,madison.nelson853@example.com,Raleigh,NC,United States,2024-03-10,Organic Search,Standard
CUST-02177,Abigail,Robinson,abigail.robinson966@example.com,Phoenix,AZ,United States,2025-03-19,Social Media (Instagram/TikTok),Standard
CUST-02178,Lucas,Baker,lucas.baker426@example.com,Dallas,TX,United States,2025-05-02,Organic Search,Standard
CUST-02179,Nora,Rodriguez,nora.rodriguez659@example.com,Atlanta,GA,United States,2025-12-30,Affiliate Referral,Standard
CUST-02180,Elijah,Williams,elijah.williams233@example.com,Raleigh,NC,United States,2023-06-20,Email Marketing,Standard
CUST-02181,Emily,Hill,emily.hill396@example.com,San Antonio,TX,United States,2024-05-13,Paid Search (Google),Standard
CUST-02182,Jacob,Baker,jacob.baker600@example.com,New York,NY,United States,2024-06-28,Social Media (Instagram/TikTok),Standard
CUST-02183,Liam,Martin,liam.martin928@example.com,Austin,TX,United States,2025-03-25,Organic Search,Standard
CUST-02184,Hannah,Adams,hannah.adams476@example.com,Boston,MA,United States,2024-09-18,Social Media (Instagram/TikTok),Standard
CUST-02185,Grace,Wright,grace.wright446@example.com,Portland,OR,United States,2024-04-18,Organic Search,Standard
CUST-02186,Ethan,Robinson,ethan.robinson448@example.com,Seattle,WA,United States,2023-05-29,Affiliate Referral,Standard
CUST-02187,Alexander,Wright,alexander.wright456@example.com,Denver,CO,United States,2024-01-05,Email Marketing,Standard
CUST-02188,Aiden,Hall,aiden.hall645@example.com,Tampa,FL,United States,2022-12-21,Organic Search,Standard
CUST-02189,Amelia,Garcia,amelia.garcia675@example.com,New York,NY,United States,2025-11-14,Email Marketing,Standard
CUST-02190,Amelia,Young,amelia.young777@example.com,Columbus,OH,United States,2025-11-29,Affiliate Referral,Standard
CUST-02191,Elijah,Green,elijah.green464@example.com,Portland,OR,United States,2025-09-03,Organic Search,Standard
CUST-02192,Scarlett,Clark,scarlett.clark226@example.com,San Diego,CA,United States,2024-12-18,Affiliate Referral,Standard
CUST-02193,Owen,Davis,owen.davis210@example.com,Tampa,FL,United States,2025-01-17,Organic Search,Standard
CUST-02194,Joseph,Robinson,joseph.robinson432@example.com,Kansas City,MO,United States,2026-01-11,Email Marketing,Standard
CUST-02195,James,White,james.white810@example.com,San Diego,CA,United States,2025-04-05,Social Media (Instagram/TikTok),Standard
CUST-02196,Sebastian,Nelson,sebastian.nelson280@example.com,Austin,TX,United States,2024-09-27,Paid Search (Google),Standard
CUST-02197,James,Clark,james.clark43@example.com,New York,NY,United States,2022-07-24,Paid Search (Google),Standard
CUST-02198,Chloe,King,chloe.king849@example.com,Raleigh,NC,United States,2025-10-11,Social Media (Instagram/TikTok),Standard
CUST-02199,David,Hernandez,david.hernandez992@example.com,Nashville,TN,United States,2024-10-28,Paid Search (Google),Standard
CUST-02200,Wyatt,Gonzalez,wyatt.gonzalez641@example.com,Minneapolis,MN,United States,2024-08-14,Organic Search,Standard
CUST-02201,Jack,Rodriguez,jack.rodriguez971@example.com,Minneapolis,MN,United States,2024-08-08,Paid Search (Google),Standard
CUST-02202,Layla,Lee,layla.lee539@example.com,Philadelphia,PA,United States,2024-11-12,Paid Search (Google),Standard
CUST-02203,Elijah,Rivera,elijah.rivera830@example.com,Phoenix,AZ,United States,2025-03-29,Organic Search,Standard
CUST-02204,Wyatt,Carter,wyatt.carter652@example.com,Dallas,TX,United States,2025-07-07,Paid Search (Google),Standard
CUST-02205,Madison,Wilson,madison.wilson105@example.com,Chicago,IL,United States,2022-07-23,Email Marketing,Standard
CUST-02206,Emma,Green,emma.green798@example.com,Nashville,TN,United States,2023-04-10,Organic Search,Standard
CUST-02207,Benjamin,Torres,benjamin.torres401@example.com,New York,NY,United States,2023-02-23,Email Marketing,Standard
CUST-02208,Grace,Lopez,grace.lopez255@example.com,Minneapolis,MN,United States,2023-08-29,Social Media (Instagram/TikTok),Standard
CUST-02209,Jacob,Wright,jacob.wright870@example.com,San Diego,CA,United States,2024-07-14,Social Media (Instagram/TikTok),Standard
CUST-02210,Oliver,Moore,oliver.moore94@example.com,Phoenix,AZ,United States,2025-12-06,Organic Search,Standard
CUST-02211,Amelia,Davis,amelia.davis480@example.com,Charlotte,NC,United States,2023-02-07,Organic Search,Standard
CUST-02212,Logan,Jackson,logan.jackson278@example.com,Philadelphia,PA,United States,2022-12-08,Organic Search,Standard
CUST-02213,Hannah,White,hannah.white944@example.com,Kansas City,MO,United States,2023-07-31,Email Marketing,Standard
CUST-02214,Elijah,Young,elijah.young824@example.com,New York,NY,United States,2024-09-25,Organic Search,Standard
CUST-02215,Grayson,Green,grayson.green88@example.com,San Antonio,TX,United States,2026-04-08,Email Marketing,Standard
CUST-02216,Owen,Lee,owen.lee658@example.com,Atlanta,GA,United States,2023-04-26,Paid Search (Google),Standard
CUST-02217,Matthew,Smith,matthew.smith935@example.com,Philadelphia,PA,United States,2026-02-10,Affiliate Referral,Standard
CUST-02218,Noah,Davis,noah.davis361@example.com,Seattle,WA,United States,2025-02-16,Affiliate Referral,Standard
CUST-02219,James,Hernandez,james.hernandez544@example.com,Raleigh,NC,United States,2023-11-04,Organic Search,Standard
CUST-02220,Jacob,Hill,jacob.hill40@example.com,San Francisco,CA,United States,2022-07-18,Affiliate Referral,Standard
CUST-02221,Abigail,Wilson,abigail.wilson897@example.com,Seattle,WA,United States,2023-01-22,Paid Search (Google),Standard
CUST-02222,Olivia,Lee,olivia.lee151@example.com,San Diego,CA,United States,2022-11-18,Paid Search (Google),Standard
CUST-02223,Sebastian,Moore,sebastian.moore503@example.com,San Antonio,TX,United States,2022-12-06,Social Media (Instagram/TikTok),Standard
CUST-02224,Scarlett,Robinson,scarlett.robinson773@example.com,Indianapolis,IN,United States,2025-03-12,Email Marketing,Standard
CUST-02225,Layla,Gonzalez,layla.gonzalez266@example.com,Philadelphia,PA,United States,2023-07-11,Social Media (Instagram/TikTok),Standard
CUST-02226,Wyatt,Miller,wyatt.miller607@example.com,Indianapolis,IN,United States,2025-09-16,Social Media (Instagram/TikTok),Standard
CUST-02227,Emily,Wilson,emily.wilson986@example.com,Raleigh,NC,United States,2025-02-24,Email Marketing,Standard
CUST-02228,Nora,Ramirez,nora.ramirez620@example.com,Raleigh,NC,United States,2023-12-09,Social Media (Instagram/TikTok),Standard
CUST-02229,Amelia,Hill,amelia.hill402@example.com,Boston,MA,United States,2023-07-15,Affiliate Referral,Standard
CUST-02230,Grace,White,grace.white929@example.com,Minneapolis,MN,United States,2022-10-10,Email Marketing,Standard
CUST-02231,Emily,Williams,emily.williams991@example.com,Portland,OR,United States,2023-11-01,Affiliate Referral,Standard
CUST-02232,John,Jackson,john.jackson628@example.com,Kansas City,MO,United States,2026-01-12,Affiliate Referral,Standard
CUST-02233,Grace,Sanchez,grace.sanchez40@example.com,Houston,TX,United States,2023-06-04,Social Media (Instagram/TikTok),Standard
CUST-02234,Jack,Lopez,jack.lopez376@example.com,San Diego,CA,United States,2022-10-27,Paid Search (Google),Standard
CUST-02235,Chloe,White,chloe.white158@example.com,Columbus,OH,United States,2024-03-05,Organic Search,Standard
CUST-02236,Emma,Lee,emma.lee714@example.com,New York,NY,United States,2024-04-04,Paid Search (Google),Standard
CUST-02237,Lily,Torres,lily.torres824@example.com,San Jose,CA,United States,2023-09-20,Affiliate Referral,Standard
CUST-02238,William,Harris,william.harris300@example.com,Charlotte,NC,United States,2023-08-09,Affiliate Referral,Standard
CUST-02239,Ella,Miller,ella.miller584@example.com,Dallas,TX,United States,2025-10-27,Organic Search,Standard
CUST-02240,Riley,Baker,riley.baker784@example.com,Boston,MA,United States,2024-03-12,Social Media (Instagram/TikTok),Standard
CUST-02241,Mila,Gonzalez,mila.gonzalez60@example.com,Indianapolis,IN,United States,2025-03-08,Email Marketing,Standard
CUST-02242,Sophia,Moore,sophia.moore441@example.com,Houston,TX,United States,2023-02-10,Email Marketing,Standard
CUST-02243,Emily,Hill,emily.hill344@example.com,Nashville,TN,United States,2024-07-24,Paid Search (Google),Standard
CUST-02244,Liam,Jackson,liam.jackson28@example.com,Minneapolis,MN,United States,2025-08-23,Organic Search,Standard
CUST-02245,Lily,Jackson,lily.jackson144@example.com,Kansas City,MO,United States,2024-09-02,Organic Search,Standard
CUST-02246,Sophia,Perez,sophia.perez670@example.com,New York,NY,United States,2022-10-21,Email Marketing,Standard
CUST-02247,Elijah,Clark,elijah.clark750@example.com,Austin,TX,United States,2023-12-15,Social Media (Instagram/TikTok),Standard
CUST-02248,Joseph,Sanchez,joseph.sanchez91@example.com,San Francisco,CA,United States,2024-03-03,Email Marketing,Standard
CUST-02249,Oliver,Sanchez,oliver.sanchez315@example.com,Salt Lake City,UT,United States,2024-12-17,Email Marketing,Standard
CUST-02250,Harper,White,harper.white970@example.com,Charlotte,NC,United States,2022-12-28,Organic Search,Standard
CUST-02251,Daniel,Brown,daniel.brown855@example.com,New York,NY,United States,2023-03-12,Organic Search,Standard
CUST-02252,Madison,Hall,madison.hall751@example.com,Boston,MA,United States,2023-09-07,Paid Search (Google),Standard
CUST-02253,Charlotte,Gonzalez,charlotte.gonzalez751@example.com,Indianapolis,IN,United States,2024-06-25,Affiliate Referral,Standard
CUST-02254,James,Hall,james.hall898@example.com,Los Angeles,CA,United States,2023-11-14,Organic Search,Standard
CUST-02255,Lucas,Brown,lucas.brown979@example.com,Austin,TX,United States,2022-11-01,Social Media (Instagram/TikTok),Standard
CUST-02256,David,Hall,david.hall637@example.com,Indianapolis,IN,United States,2024-07-17,Social Media (Instagram/TikTok),Standard
CUST-02257,Emily,Rodriguez,emily.rodriguez607@example.com,Atlanta,GA,United States,2023-02-01,Paid Search (Google),Standard
CUST-02258,Samuel,Martinez,samuel.martinez781@example.com,Nashville,TN,United States,2024-09-24,Email Marketing,Standard
CUST-02259,Harper,King,harper.king550@example.com,San Diego,CA,United States,2025-08-27,Email Marketing,Standard
CUST-02260,Grayson,Moore,grayson.moore339@example.com,Columbus,OH,United States,2025-02-13,Paid Search (Google),Standard
CUST-02261,Charlotte,Taylor,charlotte.taylor794@example.com,Austin,TX,United States,2026-05-27,Organic Search,Standard
CUST-02262,Grace,Scott,grace.scott865@example.com,Tampa,FL,United States,2023-10-10,Paid Search (Google),Standard
CUST-02263,Mia,Jones,mia.jones516@example.com,Los Angeles,CA,United States,2023-08-10,Organic Search,Standard
CUST-02264,Ella,Robinson,ella.robinson848@example.com,Denver,CO,United States,2023-06-20,Email Marketing,Standard
CUST-02265,Amelia,Perez,amelia.perez223@example.com,Kansas City,MO,United States,2025-09-22,Affiliate Referral,Standard
CUST-02266,Samuel,Carter,samuel.carter977@example.com,Austin,TX,United States,2026-05-22,Email Marketing,Standard
CUST-02267,Abigail,Allen,abigail.allen118@example.com,Phoenix,AZ,United States,2023-08-23,Social Media (Instagram/TikTok),Standard
CUST-02268,Penelope,Lewis,penelope.lewis898@example.com,Charlotte,NC,United States,2025-04-17,Paid Search (Google),Standard
CUST-02269,Layla,Gonzalez,layla.gonzalez80@example.com,Dallas,TX,United States,2024-10-14,Paid Search (Google),Standard
CUST-02270,Victoria,Torres,victoria.torres673@example.com,Houston,TX,United States,2023-03-29,Email Marketing,Standard
CUST-02271,Amelia,Mitchell,amelia.mitchell122@example.com,San Diego,CA,United States,2022-07-04,Email Marketing,Standard
CUST-02272,Elizabeth,Moore,elizabeth.moore39@example.com,Miami,FL,United States,2026-02-15,Affiliate Referral,Standard
CUST-02273,Nora,Thompson,nora.thompson281@example.com,Houston,TX,United States,2025-07-02,Organic Search,Standard
CUST-02274,Grace,Ramirez,grace.ramirez227@example.com,Phoenix,AZ,United States,2024-08-21,Affiliate Referral,Standard
CUST-02275,Zoey,Allen,zoey.allen351@example.com,Los Angeles,CA,United States,2024-11-20,Social Media (Instagram/TikTok),Standard
CUST-02276,Chloe,Miller,chloe.miller60@example.com,Minneapolis,MN,United States,2024-07-23,Email Marketing,Standard
CUST-02277,Jacob,Jackson,jacob.jackson203@example.com,Denver,CO,United States,2023-05-28,Affiliate Referral,Standard
CUST-02278,Aria,King,aria.king632@example.com,Miami,FL,United States,2025-04-28,Email Marketing,Standard
CUST-02279,Amelia,Baker,amelia.baker61@example.com,Minneapolis,MN,United States,2023-10-23,Organic Search,Standard
CUST-02280,Daniel,Davis,daniel.davis64@example.com,Los Angeles,CA,United States,2025-08-22,Social Media (Instagram/TikTok),Standard
CUST-02281,Henry,Jones,henry.jones554@example.com,Houston,TX,United States,2023-12-17,Paid Search (Google),Standard
CUST-02282,Layla,Sanchez,layla.sanchez412@example.com,Houston,TX,United States,2023-08-25,Social Media (Instagram/TikTok),Standard
CUST-02283,Hannah,Wilson,hannah.wilson185@example.com,Indianapolis,IN,United States,2023-07-22,Social Media (Instagram/TikTok),Standard
CUST-02284,Aiden,Rivera,aiden.rivera620@example.com,Austin,TX,United States,2022-06-07,Organic Search,Standard
CUST-02285,Elizabeth,Allen,elizabeth.allen939@example.com,Salt Lake City,UT,United States,2025-11-26,Email Marketing,Standard
CUST-02286,Victoria,Hall,victoria.hall254@example.com,Philadelphia,PA,United States,2024-03-07,Organic Search,Standard
CUST-02287,Emily,Lopez,emily.lopez350@example.com,Atlanta,GA,United States,2023-03-18,Organic Search,Standard
CUST-02288,Dylan,Ramirez,dylan.ramirez352@example.com,New York,NY,United States,2023-05-30,Social Media (Instagram/TikTok),Standard
CUST-02289,Mia,Hernandez,mia.hernandez705@example.com,Columbus,OH,United States,2022-06-20,Affiliate Referral,Standard
CUST-02290,Grace,Walker,grace.walker607@example.com,New York,NY,United States,2025-02-25,Paid Search (Google),Standard
CUST-02291,Dylan,Davis,dylan.davis56@example.com,Kansas City,MO,United States,2022-07-06,Affiliate Referral,Standard
CUST-02292,Scarlett,Anderson,scarlett.anderson547@example.com,Portland,OR,United States,2023-05-09,Paid Search (Google),Standard
CUST-02293,Elijah,Miller,elijah.miller321@example.com,Indianapolis,IN,United States,2024-04-18,Email Marketing,Standard
CUST-02294,Grayson,Mitchell,grayson.mitchell369@example.com,San Francisco,CA,United States,2023-11-10,Email Marketing,Standard
CUST-02295,Jackson,White,jackson.white479@example.com,New York,NY,United States,2024-05-23,Social Media (Instagram/TikTok),Standard
CUST-02296,David,King,david.king803@example.com,Las Vegas,NV,United States,2025-10-03,Email Marketing,Standard
CUST-02297,Lucas,Moore,lucas.moore712@example.com,Portland,OR,United States,2026-01-01,Organic Search,Standard
CUST-02298,Logan,Clark,logan.clark886@example.com,San Diego,CA,United States,2026-02-10,Paid Search (Google),Standard
CUST-02299,Grace,Young,grace.young41@example.com,San Diego,CA,United States,2025-08-26,Email Marketing,Standard
CUST-02300,Carter,Wilson,carter.wilson772@example.com,Chicago,IL,United States,2023-07-02,Email Marketing,Standard
CUST-02301,Amelia,Moore,amelia.moore908@example.com,Minneapolis,MN,United States,2026-03-22,Affiliate Referral,Standard
CUST-02302,Nora,King,nora.king189@example.com,Dallas,TX,United States,2026-03-22,Social Media (Instagram/TikTok),Standard
CUST-02303,David,Sanchez,david.sanchez613@example.com,Boston,MA,United States,2023-12-18,Social Media (Instagram/TikTok),Standard
CUST-02304,Jacob,Williams,jacob.williams603@example.com,Portland,OR,United States,2026-05-08,Social Media (Instagram/TikTok),Standard
CUST-02305,Harper,Ramirez,harper.ramirez824@example.com,Atlanta,GA,United States,2025-08-04,Social Media (Instagram/TikTok),Standard
CUST-02306,Aiden,Davis,aiden.davis18@example.com,Miami,FL,United States,2026-04-04,Paid Search (Google),Standard
CUST-02307,Lily,Baker,lily.baker163@example.com,Portland,OR,United States,2024-01-15,Affiliate Referral,Standard
CUST-02308,Alexander,Martin,alexander.martin508@example.com,Austin,TX,United States,2022-10-11,Social Media (Instagram/TikTok),Standard
CUST-02309,Emma,Robinson,emma.robinson51@example.com,San Antonio,TX,United States,2024-01-01,Affiliate Referral,Standard
CUST-02310,Harper,Brown,harper.brown510@example.com,Austin,TX,United States,2022-06-11,Email Marketing,Standard
CUST-02311,Grace,Nelson,grace.nelson864@example.com,New York,NY,United States,2022-09-11,Social Media (Instagram/TikTok),Standard
CUST-02312,Evelyn,Thompson,evelyn.thompson909@example.com,Austin,TX,United States,2025-03-25,Affiliate Referral,Standard
CUST-02313,Abigail,Garcia,abigail.garcia740@example.com,Dallas,TX,United States,2023-03-20,Paid Search (Google),Standard
CUST-02314,Zoey,Nguyen,zoey.nguyen950@example.com,Chicago,IL,United States,2024-01-17,Paid Search (Google),Standard
CUST-02315,Noah,Walker,noah.walker965@example.com,Seattle,WA,United States,2023-10-23,Email Marketing,Standard
CUST-02316,Jack,Sanchez,jack.sanchez935@example.com,Houston,TX,United States,2023-11-18,Social Media (Instagram/TikTok),Standard
CUST-02317,Victoria,Lopez,victoria.lopez587@example.com,Boston,MA,United States,2026-03-22,Social Media (Instagram/TikTok),Standard
CUST-02318,Evelyn,Baker,evelyn.baker796@example.com,San Antonio,TX,United States,2023-10-26,Paid Search (Google),Standard
CUST-02319,Riley,Scott,riley.scott214@example.com,Austin,TX,United States,2024-02-15,Organic Search,Standard
CUST-02320,Matthew,Torres,matthew.torres959@example.com,Minneapolis,MN,United States,2024-12-31,Affiliate Referral,Standard
CUST-02321,Elizabeth,Harris,elizabeth.harris811@example.com,Kansas City,MO,United States,2024-11-11,Organic Search,Standard
CUST-02322,Evelyn,King,evelyn.king462@example.com,Salt Lake City,UT,United States,2024-03-03,Affiliate Referral,Standard
CUST-02323,Grace,Robinson,grace.robinson372@example.com,Boston,MA,United States,2025-01-11,Email Marketing,Standard
CUST-02324,John,Robinson,john.robinson38@example.com,San Francisco,CA,United States,2022-07-25,Email Marketing,Standard
CUST-02325,Charlotte,Carter,charlotte.carter153@example.com,Charlotte,NC,United States,2024-02-10,Paid Search (Google),Standard
CUST-02326,Chloe,Rodriguez,chloe.rodriguez645@example.com,San Francisco,CA,United States,2025-08-02,Social Media (Instagram/TikTok),Standard
CUST-02327,Oliver,Carter,oliver.carter875@example.com,Denver,CO,United States,2023-02-13,Email Marketing,Standard
CUST-02328,James,Robinson,james.robinson836@example.com,Columbus,OH,United States,2025-04-26,Email Marketing,Standard
CUST-02329,Oliver,Garcia,oliver.garcia66@example.com,Dallas,TX,United States,2026-01-21,Organic Search,Standard
CUST-02330,David,Hill,david.hill109@example.com,Kansas City,MO,United States,2024-01-17,Affiliate Referral,Standard
CUST-02331,Eleanor,Hall,eleanor.hall349@example.com,Tampa,FL,United States,2022-10-03,Organic Search,Standard
CUST-02332,Oliver,Hall,oliver.hall219@example.com,Portland,OR,United States,2023-03-23,Affiliate Referral,Standard
CUST-02333,Hannah,Rodriguez,hannah.rodriguez238@example.com,Las Vegas,NV,United States,2026-01-01,Paid Search (Google),Standard
CUST-02334,Matthew,Green,matthew.green328@example.com,Raleigh,NC,United States,2022-06-14,Email Marketing,Standard
CUST-02335,Mila,Davis,mila.davis78@example.com,New York,NY,United States,2023-04-10,Affiliate Referral,Standard
CUST-02336,Harper,King,harper.king109@example.com,San Diego,CA,United States,2023-07-24,Organic Search,Standard
CUST-02337,Dylan,Johnson,dylan.johnson862@example.com,Portland,OR,United States,2024-11-25,Email Marketing,Standard
CUST-02338,Isabella,Davis,isabella.davis317@example.com,Denver,CO,United States,2025-02-15,Paid Search (Google),Standard
CUST-02339,Henry,Wright,henry.wright276@example.com,Kansas City,MO,United States,2025-11-06,Email Marketing,Standard
CUST-02340,Harper,Ramirez,harper.ramirez159@example.com,Minneapolis,MN,United States,2022-07-15,Paid Search (Google),Standard
CUST-02341,Logan,Mitchell,logan.mitchell683@example.com,San Diego,CA,United States,2023-05-16,Affiliate Referral,Standard
CUST-02342,Mila,Walker,mila.walker501@example.com,Austin,TX,United States,2024-01-14,Organic Search,Standard
CUST-02343,Hannah,White,hannah.white693@example.com,Dallas,TX,United States,2024-08-10,Email Marketing,Standard
CUST-02344,Amelia,Robinson,amelia.robinson436@example.com,Kansas City,MO,United States,2024-10-18,Paid Search (Google),Standard
CUST-02345,Olivia,Jackson,olivia.jackson478@example.com,Houston,TX,United States,2025-07-30,Email Marketing,Standard
CUST-02346,Emma,Nguyen,emma.nguyen320@example.com,Los Angeles,CA,United States,2026-01-12,Affiliate Referral,Standard
CUST-02347,Luke,Williams,luke.williams939@example.com,Seattle,WA,United States,2023-03-13,Email Marketing,Standard
CUST-02348,Jayden,Moore,jayden.moore19@example.com,Philadelphia,PA,United States,2024-06-02,Affiliate Referral,Standard
CUST-02349,Michael,Thompson,michael.thompson934@example.com,Salt Lake City,UT,United States,2025-05-11,Email Marketing,Standard
CUST-02350,William,Lopez,william.lopez681@example.com,Phoenix,AZ,United States,2024-05-21,Affiliate Referral,Standard
CUST-02351,Luna,Robinson,luna.robinson742@example.com,Tampa,FL,United States,2023-03-14,Social Media (Instagram/TikTok),Standard
CUST-02352,Matthew,Sanchez,matthew.sanchez79@example.com,Kansas City,MO,United States,2026-01-12,Email Marketing,Standard
CUST-02353,Owen,Walker,owen.walker630@example.com,Las Vegas,NV,United States,2023-06-05,Affiliate Referral,Standard
CUST-02354,Camila,Rodriguez,camila.rodriguez724@example.com,San Jose,CA,United States,2025-09-18,Affiliate Referral,Standard
CUST-02355,Joseph,Nguyen,joseph.nguyen642@example.com,Kansas City,MO,United States,2024-09-04,Organic Search,Standard
CUST-02356,Sophia,Johnson,sophia.johnson882@example.com,Raleigh,NC,United States,2023-04-22,Paid Search (Google),Standard
CUST-02357,Elijah,Nelson,elijah.nelson118@example.com,Miami,FL,United States,2026-03-23,Email Marketing,Standard
CUST-02358,Madison,Carter,madison.carter247@example.com,Columbus,OH,United States,2023-09-28,Organic Search,Standard
CUST-02359,Ethan,Campbell,ethan.campbell923@example.com,Denver,CO,United States,2024-10-08,Organic Search,Standard
CUST-02360,Isabella,Flores,isabella.flores266@example.com,Houston,TX,United States,2022-08-16,Organic Search,Standard
CUST-02361,Luke,Carter,luke.carter393@example.com,Charlotte,NC,United States,2025-12-14,Organic Search,Standard
CUST-02362,Ethan,Lee,ethan.lee120@example.com,Salt Lake City,UT,United States,2024-12-07,Email Marketing,Standard
CUST-02363,Evelyn,Green,evelyn.green597@example.com,San Francisco,CA,United States,2023-07-15,Paid Search (Google),Standard
CUST-02364,Jackson,Young,jackson.young458@example.com,Las Vegas,NV,United States,2024-01-07,Paid Search (Google),Standard
CUST-02365,Mila,Mitchell,mila.mitchell175@example.com,Boston,MA,United States,2025-05-18,Paid Search (Google),Standard
CUST-02366,Charlotte,Nguyen,charlotte.nguyen34@example.com,Minneapolis,MN,United States,2026-03-01,Organic Search,Standard
CUST-02367,Michael,Williams,michael.williams839@example.com,Phoenix,AZ,United States,2022-06-11,Social Media (Instagram/TikTok),Standard
CUST-02368,John,Torres,john.torres569@example.com,Tampa,FL,United States,2022-10-26,Social Media (Instagram/TikTok),Standard
CUST-02369,Elizabeth,Baker,elizabeth.baker757@example.com,Raleigh,NC,United States,2026-01-06,Affiliate Referral,Standard
CUST-02370,Hannah,Gonzalez,hannah.gonzalez862@example.com,San Antonio,TX,United States,2025-08-12,Email Marketing,Standard
CUST-02371,Grace,Thompson,grace.thompson643@example.com,San Francisco,CA,United States,2023-03-10,Organic Search,Standard
CUST-02372,Luke,Ramirez,luke.ramirez650@example.com,Denver,CO,United States,2022-10-24,Affiliate Referral,Standard
CUST-02373,Benjamin,Rodriguez,benjamin.rodriguez811@example.com,Portland,OR,United States,2024-02-01,Organic Search,Standard
CUST-02374,Harper,Young,harper.young246@example.com,Los Angeles,CA,United States,2025-10-14,Affiliate Referral,Standard
CUST-02375,David,Johnson,david.johnson239@example.com,Kansas City,MO,United States,2024-01-15,Social Media (Instagram/TikTok),Standard
CUST-02376,Penelope,Rivera,penelope.rivera376@example.com,Chicago,IL,United States,2023-04-20,Social Media (Instagram/TikTok),Standard
CUST-02377,Mia,Wright,mia.wright599@example.com,San Diego,CA,United States,2025-04-26,Affiliate Referral,Standard
CUST-02378,Victoria,Sanchez,victoria.sanchez643@example.com,Los Angeles,CA,United States,2025-06-23,Organic Search,Standard
CUST-02379,Dylan,Taylor,dylan.taylor678@example.com,New York,NY,United States,2022-08-06,Social Media (Instagram/TikTok),Standard
CUST-02380,Riley,Taylor,riley.taylor215@example.com,San Jose,CA,United States,2022-09-30,Paid Search (Google),Standard
CUST-02381,Michael,Scott,michael.scott846@example.com,Raleigh,NC,United States,2024-04-06,Organic Search,Standard
CUST-02382,Henry,Young,henry.young84@example.com,Indianapolis,IN,United States,2025-07-29,Affiliate Referral,Standard
CUST-02383,Noah,Thompson,noah.thompson82@example.com,Boston,MA,United States,2025-10-08,Affiliate Referral,Standard
CUST-02384,Benjamin,Scott,benjamin.scott500@example.com,Phoenix,AZ,United States,2023-12-07,Organic Search,Standard
CUST-02385,Amelia,Williams,amelia.williams518@example.com,Portland,OR,United States,2023-09-05,Social Media (Instagram/TikTok),Standard
CUST-02386,Zoey,Walker,zoey.walker320@example.com,Indianapolis,IN,United States,2023-09-10,Organic Search,Standard
CUST-02387,Isabella,Johnson,isabella.johnson802@example.com,Indianapolis,IN,United States,2023-07-07,Affiliate Referral,Standard
CUST-02388,Owen,Baker,owen.baker710@example.com,Raleigh,NC,United States,2022-07-08,Affiliate Referral,Standard
CUST-02389,Eleanor,Brown,eleanor.brown406@example.com,Columbus,OH,United States,2024-07-12,Paid Search (Google),Standard
CUST-02390,Zoey,Hall,zoey.hall447@example.com,San Francisco,CA,United States,2023-03-10,Organic Search,Standard
CUST-02391,Luke,Davis,luke.davis928@example.com,Charlotte,NC,United States,2024-06-23,Social Media (Instagram/TikTok),Standard
CUST-02392,Jacob,Perez,jacob.perez457@example.com,Los Angeles,CA,United States,2023-10-01,Paid Search (Google),Standard
CUST-02393,Charlotte,Nguyen,charlotte.nguyen20@example.com,San Diego,CA,United States,2024-09-23,Affiliate Referral,Standard
CUST-02394,Sophia,Smith,sophia.smith904@example.com,Raleigh,NC,United States,2023-10-25,Organic Search,Standard
CUST-02395,Mia,Brown,mia.brown139@example.com,Atlanta,GA,United States,2023-06-05,Social Media (Instagram/TikTok),Standard
CUST-02396,Sophia,Lee,sophia.lee368@example.com,Charlotte,NC,United States,2026-02-01,Paid Search (Google),Standard
CUST-02397,Scarlett,Rodriguez,scarlett.rodriguez630@example.com,Denver,CO,United States,2025-02-05,Organic Search,Standard
CUST-02398,Mia,Jones,mia.jones266@example.com,San Francisco,CA,United States,2023-07-27,Email Marketing,Standard
CUST-02399,Grace,Anderson,grace.anderson464@example.com,Salt Lake City,UT,United States,2024-02-10,Social Media (Instagram/TikTok),Standard
CUST-02400,Scarlett,Adams,scarlett.adams260@example.com,Portland,OR,United States,2023-11-30,Social Media (Instagram/TikTok),Standard
CUST-02401,Amelia,Brown,amelia.brown364@example.com,Boston,MA,United States,2026-05-15,Affiliate Referral,Standard
CUST-02402,Grayson,Moore,grayson.moore90@example.com,San Antonio,TX,United States,2023-03-08,Affiliate Referral,Standard
CUST-02403,Avery,Martin,avery.martin769@example.com,San Francisco,CA,United States,2023-08-06,Organic Search,Standard
CUST-02404,Chloe,Campbell,chloe.campbell845@example.com,Indianapolis,IN,United States,2023-03-18,Organic Search,Standard
CUST-02405,Henry,Hall,henry.hall460@example.com,Minneapolis,MN,United States,2024-12-16,Organic Search,Standard
CUST-02406,Liam,Young,liam.young866@example.com,Los Angeles,CA,United States,2023-12-06,Social Media (Instagram/TikTok),Standard
CUST-02407,Penelope,Martin,penelope.martin857@example.com,Chicago,IL,United States,2022-10-01,Social Media (Instagram/TikTok),Standard
CUST-02408,Penelope,Young,penelope.young29@example.com,Tampa,FL,United States,2024-07-23,Email Marketing,Standard
CUST-02409,Luke,Williams,luke.williams239@example.com,San Antonio,TX,United States,2024-07-16,Paid Search (Google),Standard
CUST-02410,Zoey,Wright,zoey.wright63@example.com,Las Vegas,NV,United States,2024-02-15,Organic Search,Standard
CUST-02411,Joseph,Johnson,joseph.johnson941@example.com,Charlotte,NC,United States,2024-04-19,Social Media (Instagram/TikTok),Standard
CUST-02412,Ella,Carter,ella.carter38@example.com,San Jose,CA,United States,2025-11-24,Email Marketing,Standard
CUST-02413,Jack,Campbell,jack.campbell960@example.com,Raleigh,NC,United States,2022-09-25,Organic Search,Standard
CUST-02414,Penelope,Campbell,penelope.campbell964@example.com,Las Vegas,NV,United States,2024-01-10,Affiliate Referral,Standard
CUST-02415,Lily,Ramirez,lily.ramirez596@example.com,Raleigh,NC,United States,2025-08-07,Affiliate Referral,Standard
CUST-02416,Camila,Hernandez,camila.hernandez993@example.com,Denver,CO,United States,2025-01-13,Paid Search (Google),Standard
CUST-02417,Mason,Smith,mason.smith297@example.com,Indianapolis,IN,United States,2026-03-29,Social Media (Instagram/TikTok),Standard
CUST-02418,Benjamin,Thomas,benjamin.thomas799@example.com,San Francisco,CA,United States,2024-01-27,Social Media (Instagram/TikTok),Standard
CUST-02419,Wyatt,Williams,wyatt.williams640@example.com,Dallas,TX,United States,2024-06-10,Social Media (Instagram/TikTok),Standard
CUST-02420,Jackson,Adams,jackson.adams839@example.com,Columbus,OH,United States,2025-10-28,Organic Search,Standard
CUST-02421,Harper,Martin,harper.martin592@example.com,Las Vegas,NV,United States,2024-03-19,Social Media (Instagram/TikTok),Standard
CUST-02422,Ethan,Lewis,ethan.lewis483@example.com,New York,NY,United States,2024-11-17,Organic Search,Standard
CUST-02423,Lily,Williams,lily.williams999@example.com,Seattle,WA,United States,2025-02-08,Affiliate Referral,Standard
CUST-02424,Ella,Clark,ella.clark69@example.com,Nashville,TN,United States,2022-11-10,Social Media (Instagram/TikTok),Standard
CUST-02425,Samuel,Jones,samuel.jones461@example.com,Philadelphia,PA,United States,2023-11-11,Social Media (Instagram/TikTok),Standard
CUST-02426,Camila,Young,camila.young140@example.com,San Diego,CA,United States,2025-12-12,Paid Search (Google),Standard
CUST-02427,Logan,Flores,logan.flores681@example.com,Los Angeles,CA,United States,2023-09-20,Organic Search,Standard
CUST-02428,Noah,Lopez,noah.lopez710@example.com,Portland,OR,United States,2024-11-18,Affiliate Referral,Standard
CUST-02429,Samuel,Williams,samuel.williams576@example.com,Salt Lake City,UT,United States,2023-09-10,Organic Search,Standard
CUST-02430,Camila,Taylor,camila.taylor26@example.com,Las Vegas,NV,United States,2024-05-24,Affiliate Referral,Standard
CUST-02431,Sophia,Hill,sophia.hill250@example.com,Seattle,WA,United States,2023-01-10,Organic Search,Standard
CUST-02432,Luke,Davis,luke.davis533@example.com,Chicago,IL,United States,2023-09-29,Paid Search (Google),Standard
CUST-02433,Madison,Torres,madison.torres390@example.com,Kansas City,MO,United States,2026-03-26,Email Marketing,Standard
CUST-02434,Mia,Adams,mia.adams446@example.com,Austin,TX,United States,2023-03-21,Organic Search,Standard
CUST-02435,Madison,Hill,madison.hill817@example.com,Seattle,WA,United States,2024-04-17,Email Marketing,Standard
CUST-02436,Chloe,Walker,chloe.walker975@example.com,Austin,TX,United States,2025-11-25,Organic Search,Standard
CUST-02437,Alexander,White,alexander.white55@example.com,Austin,TX,United States,2023-04-04,Affiliate Referral,Standard
CUST-02438,Olivia,Miller,olivia.miller633@example.com,San Antonio,TX,United States,2024-03-03,Affiliate Referral,Standard
CUST-02439,Joseph,Wilson,joseph.wilson397@example.com,Kansas City,MO,United States,2025-09-06,Organic Search,Standard
CUST-02440,Abigail,Harris,abigail.harris790@example.com,Minneapolis,MN,United States,2022-11-08,Organic Search,Standard
CUST-02441,Daniel,Torres,daniel.torres525@example.com,Nashville,TN,United States,2025-12-12,Affiliate Referral,Standard
CUST-02442,Riley,Wright,riley.wright760@example.com,Houston,TX,United States,2025-05-16,Organic Search,Standard
CUST-02443,Dylan,Nelson,dylan.nelson547@example.com,Portland,OR,United States,2024-11-20,Social Media (Instagram/TikTok),Standard
CUST-02444,Sebastian,Gonzalez,sebastian.gonzalez866@example.com,Nashville,TN,United States,2024-01-22,Paid Search (Google),Standard
CUST-02445,David,Thomas,david.thomas828@example.com,Columbus,OH,United States,2024-06-11,Paid Search (Google),Standard
CUST-02446,Jayden,Lee,jayden.lee776@example.com,Houston,TX,United States,2026-04-20,Paid Search (Google),Standard
CUST-02447,Luke,Campbell,luke.campbell990@example.com,Boston,MA,United States,2024-06-11,Organic Search,Standard
CUST-02448,Grace,Scott,grace.scott527@example.com,Chicago,IL,United States,2024-06-11,Email Marketing,Standard
CUST-02449,Avery,Lewis,avery.lewis815@example.com,Boston,MA,United States,2023-09-14,Affiliate Referral,Standard
CUST-02450,Mason,Wright,mason.wright260@example.com,Columbus,OH,United States,2024-09-12,Affiliate Referral,Standard
CUST-02451,Evelyn,Hill,evelyn.hill276@example.com,Indianapolis,IN,United States,2024-01-09,Social Media (Instagram/TikTok),Standard
CUST-02452,Samuel,Davis,samuel.davis93@example.com,Boston,MA,United States,2024-10-10,Affiliate Referral,Standard
CUST-02453,Logan,Torres,logan.torres516@example.com,Minneapolis,MN,United States,2023-07-11,Paid Search (Google),Standard
CUST-02454,Jayden,Smith,jayden.smith180@example.com,Houston,TX,United States,2024-10-05,Social Media (Instagram/TikTok),Standard
CUST-02455,Dylan,Mitchell,dylan.mitchell113@example.com,Phoenix,AZ,United States,2022-08-09,Email Marketing,Standard
CUST-02456,Olivia,Hall,olivia.hall180@example.com,Chicago,IL,United States,2023-02-27,Affiliate Referral,Standard
CUST-02457,Penelope,Ramirez,penelope.ramirez372@example.com,Phoenix,AZ,United States,2024-09-01,Affiliate Referral,Standard
CUST-02458,Henry,Rivera,henry.rivera310@example.com,Houston,TX,United States,2024-04-20,Social Media (Instagram/TikTok),Standard
CUST-02459,Amelia,Campbell,amelia.campbell56@example.com,Chicago,IL,United States,2024-05-27,Email Marketing,Standard
CUST-02460,John,Green,john.green470@example.com,Raleigh,NC,United States,2024-11-09,Social Media (Instagram/TikTok),Standard
CUST-02461,Eleanor,Hall,eleanor.hall147@example.com,Raleigh,NC,United States,2023-06-11,Affiliate Referral,Standard
CUST-02462,Benjamin,Martinez,benjamin.martinez927@example.com,New York,NY,United States,2025-09-28,Affiliate Referral,Standard
CUST-02463,Chloe,Baker,chloe.baker674@example.com,Atlanta,GA,United States,2024-07-16,Social Media (Instagram/TikTok),Standard
CUST-02464,Luke,Lopez,luke.lopez530@example.com,Raleigh,NC,United States,2025-09-17,Social Media (Instagram/TikTok),Standard
CUST-02465,Elijah,Anderson,elijah.anderson314@example.com,Miami,FL,United States,2024-04-29,Organic Search,Standard
CUST-02466,Jack,Jackson,jack.jackson340@example.com,Denver,CO,United States,2024-03-14,Paid Search (Google),Standard
CUST-02467,Logan,Williams,logan.williams843@example.com,Raleigh,NC,United States,2023-08-06,Email Marketing,Standard
CUST-02468,Aria,Torres,aria.torres910@example.com,Charlotte,NC,United States,2024-03-05,Organic Search,Standard
CUST-02469,Joseph,Jackson,joseph.jackson179@example.com,Houston,TX,United States,2024-01-11,Social Media (Instagram/TikTok),Standard
CUST-02470,Grayson,Lewis,grayson.lewis239@example.com,Philadelphia,PA,United States,2024-01-12,Social Media (Instagram/TikTok),Standard
CUST-02471,Amelia,Anderson,amelia.anderson692@example.com,Dallas,TX,United States,2023-03-16,Organic Search,Standard
CUST-02472,Michael,Scott,michael.scott868@example.com,Portland,OR,United States,2023-05-12,Organic Search,Standard
CUST-02473,Sophia,Wright,sophia.wright560@example.com,Indianapolis,IN,United States,2023-07-05,Organic Search,Standard
CUST-02474,Grayson,Johnson,grayson.johnson388@example.com,San Antonio,TX,United States,2023-12-30,Affiliate Referral,Standard
CUST-02475,Jack,Campbell,jack.campbell465@example.com,Portland,OR,United States,2023-02-14,Email Marketing,Standard
CUST-02476,Scarlett,Davis,scarlett.davis743@example.com,Salt Lake City,UT,United States,2023-02-01,Email Marketing,Standard
CUST-02477,Zoey,Young,zoey.young279@example.com,Chicago,IL,United States,2023-03-08,Social Media (Instagram/TikTok),Standard
CUST-02478,Lucas,Thompson,lucas.thompson832@example.com,Chicago,IL,United States,2023-08-30,Organic Search,Standard
CUST-02479,Madison,Hernandez,madison.hernandez529@example.com,San Jose,CA,United States,2023-12-18,Email Marketing,Standard
CUST-02480,Mia,Rivera,mia.rivera714@example.com,San Jose,CA,United States,2022-08-18,Email Marketing,Standard
CUST-02481,Elijah,Rivera,elijah.rivera823@example.com,Portland,OR,United States,2024-03-12,Paid Search (Google),Standard
CUST-02482,Noah,Green,noah.green652@example.com,New York,NY,United States,2023-10-17,Paid Search (Google),Standard
CUST-02483,Owen,Anderson,owen.anderson699@example.com,San Antonio,TX,United States,2023-11-26,Email Marketing,Standard
CUST-02484,Abigail,Young,abigail.young843@example.com,Philadelphia,PA,United States,2025-03-14,Social Media (Instagram/TikTok),Standard
CUST-02485,Mason,Gonzalez,mason.gonzalez660@example.com,Chicago,IL,United States,2025-04-23,Paid Search (Google),Standard
CUST-02486,James,Ramirez,james.ramirez78@example.com,Miami,FL,United States,2025-07-17,Affiliate Referral,Standard
CUST-02487,Michael,Rivera,michael.rivera192@example.com,Los Angeles,CA,United States,2024-10-04,Social Media (Instagram/TikTok),Standard
CUST-02488,Owen,Green,owen.green607@example.com,San Diego,CA,United States,2025-12-28,Social Media (Instagram/TikTok),Standard
CUST-02489,Eleanor,King,eleanor.king682@example.com,Philadelphia,PA,United States,2024-02-05,Paid Search (Google),Standard
CUST-02490,Scarlett,Nelson,scarlett.nelson506@example.com,Miami,FL,United States,2025-12-12,Email Marketing,Standard
CUST-02491,Grace,Wright,grace.wright502@example.com,Austin,TX,United States,2022-12-15,Paid Search (Google),Standard
CUST-02492,Lucas,Carter,lucas.carter792@example.com,Austin,TX,United States,2024-10-07,Email Marketing,Standard
CUST-02493,Madison,Thomas,madison.thomas688@example.com,Boston,MA,United States,2023-01-24,Paid Search (Google),Standard
CUST-02494,Lily,Lee,lily.lee686@example.com,Houston,TX,United States,2024-05-12,Email Marketing,Standard
CUST-02495,Mason,Roberts,mason.roberts913@example.com,Miami,FL,United States,2025-02-26,Affiliate Referral,Standard
CUST-02496,John,Baker,john.baker250@example.com,New York,NY,United States,2024-01-17,Social Media (Instagram/TikTok),Standard
CUST-02497,Ella,Clark,ella.clark72@example.com,San Francisco,CA,United States,2024-03-23,Social Media (Instagram/TikTok),Standard
CUST-02498,Samuel,Clark,samuel.clark410@example.com,Indianapolis,IN,United States,2024-11-22,Email Marketing,Standard
CUST-02499,Layla,Taylor,layla.taylor944@example.com,Los Angeles,CA,United States,2023-12-02,Email Marketing,Standard
CUST-02500,Daniel,Perez,daniel.perez661@example.com,Kansas City,MO,United States,2022-09-02,Social Media (Instagram/TikTok),Standard
